Timestamp,Air Temperature (OW),Relative Humidity (OW),Solar Radiation (OW),Wind Speed (OW),Berry Temperature
2023-07-16 00:00:00,23.35,37.85,0,1.65,20.6302222222222
2023-07-16 00:15:00,22.9,38.2,0,2.2,20.2382222222222
2023-07-16 00:30:00,23.4,36.1,0,2.1,20.0877777777778
2023-07-16 00:45:00,23.1,36.3,0,2,20.0362222222222
2023-07-16 01:00:00,23.5,35.5,0,2.2,19.9515555555556
2023-07-16 01:15:00,23.8,34.1,0,2.2,19.5053333333333
2023-07-16 01:30:00,23.3,35.6,0,1.7,18.9466666666667
2023-07-16 01:45:00,22.6,38,0,1.5,18.248
2023-07-16 02:00:00,20.1,46.5,0,0.8,17.49
2023-07-16 02:15:00,20,44.6,0,1,17.014
2023-07-16 02:30:00,19,48.6,0,1.1,16.6097777777778
2023-07-16 02:45:00,19.7,45.4,0,1,16.5257777777778
2023-07-16 03:00:00,19.8,46.8,0,1.2,16.2037777777778
2023-07-16 03:15:00,18.1,53.6,0,1.1,15.9348888888889
2023-07-16 03:30:00,17,58.1,0,0.9,15.7382222222222
2023-07-16 03:45:00,16,62.7,0,1.3,15.6042222222222
2023-07-16 04:00:00,15.8,63.4,0,1.2,15.3331111111111
2023-07-16 04:15:00,15.7,64.4,0,1.3,15.2037777777778
2023-07-16 04:30:00,15.7,64.3,0,0.9,14.9857777777778
2023-07-16 04:45:00,15.7,63.3,0,0.9,14.8491111111111
2023-07-16 05:00:00,16,62,0,1.1,14.6864444444444
2023-07-16 05:15:00,16.5,60.9,1,1.2,14.7773333333333
2023-07-16 05:30:00,17.3,58.7,4,1.6,14.6693333333333
2023-07-16 05:45:00,16.5,62.9,17,1.2,14.8153333333333
2023-07-16 06:00:00,17.1,61.6,34,1,15.0408888888889
2023-07-16 06:15:00,18.8,56,52,1.6,15.8557777777778
2023-07-16 06:30:00,19.4,56,84,1.3,16.6364444444444
2023-07-16 06:45:00,20.3,55.4,121,1.1,17.7848888888889
2023-07-16 07:00:00,21.3,55.1,151,0.9,19.0964444444444
2023-07-16 07:15:00,22.5,51.6,190,1,20.514
2023-07-16 07:30:00,23.5,49.2,228,1.1,21.7722222222222
2023-07-16 07:45:00,23.9,44.5,255,1.7,22.6306666666667
2023-07-16 08:00:00,24.5,42.6,269,1.4,23.3702222222222
2023-07-16 08:15:00,24.9,41.8,335,1.6,24.0531111111111
2023-07-16 08:30:00,25,42.3,372,1.4,24.9913333333333
2023-07-16 08:45:00,25.6,40.8,417,1.5,26.5184444444444
2023-07-16 09:00:00,26.1,40.3,458,1.3,27.852
2023-07-16 09:15:00,26.3,39.7,463,1.4,29.1737777777778
2023-07-16 09:30:00,26.9,39.2,468,1.5,30.1713333333333
2023-07-16 09:45:00,27.2,39.3,550,1.3,31.3922222222222
2023-07-16 10:00:00,27.9,38,622,1.4,32.6786666666667
2023-07-16 10:15:00,28.7,34.5,633,1.5,33.6975555555556
2023-07-16 10:30:00,29.2,32,660,1.5,34.506
2023-07-16 10:45:00,29.5,32.8,702,1.6,34.8373333333333
2023-07-16 11:00:00,30.1,30.4,705,1.7,35.1842222222222
2023-07-16 11:15:00,30.4,29.7,752,1.9,35.4371111111111
2023-07-16 11:30:00,31.2,30.5,770,1.6,35.3315555555556
2023-07-16 11:45:00,31.9,29.4,776,1.8,35.4006666666667
2023-07-16 12:00:00,32.1,29.8,780,1.8,35.4777777777778
2023-07-16 12:15:00,32.4,28.4,805,1.9,35.6802222222222
2023-07-16 12:30:00,33.2,26.4,821,1.8,35.8593333333333
2023-07-16 12:45:00,33.4,23.7,852,1.7,36.2446666666667
2023-07-16 13:00:00,34.4,21.6,770,1.4,36.7802222222222
2023-07-16 13:15:00,34.4,22.7,786,1.8,38.038
2023-07-16 13:30:00,34.9,22.6,857,1.6,39.264
2023-07-16 13:45:00,35.3,22.2,855,1.7,39.3395555555556
2023-07-16 14:00:00,35.3,21.6,832,1.4,39.9482222222222
2023-07-16 14:15:00,35.7,21,800,1.3,40.8817777777778
2023-07-16 14:30:00,36.2,20.8,739,1.5,41.2755555555556
2023-07-16 14:45:00,35.8,19.9,532,1.4,41.254
2023-07-16 15:00:00,36,17.7,728,1.3,42.1142222222222
2023-07-16 15:15:00,36.3,16.3,725,1.3,42.9628888888889
2023-07-16 15:30:00,36.4,17.6,704,1.3,42.8546666666667
2023-07-16 15:45:00,35.8,22.3,725,0.9,43.4595555555556
2023-07-16 16:00:00,36,23,697,0.8,43.672
2023-07-16 16:15:00,36.4,21.7,649,0.7,43.91
2023-07-16 16:30:00,35.6,25.9,641,1.1,44.2871111111111
2023-07-16 16:45:00,35.9,25.1,603,1.2,43.7164444444444
2023-07-16 17:00:00,35.9,24.7,565,1.2,43.4215555555556
2023-07-16 17:15:00,35.8,26,519,0.9,42.5057777777778
2023-07-16 17:30:00,35.4,26.3,473,1.2,41.7993333333333
2023-07-16 17:45:00,35.1,26.5,430,1,41.356
2023-07-16 18:00:00,34.6,29.2,390,1,39.8604444444444
2023-07-16 18:15:00,35.8,23,353,0.8,38.3502222222222
2023-07-16 18:30:00,36.4,23.4,314,1.3,37.2753333333333
2023-07-16 18:45:00,36.4,19.5,273,2.3,36.4728888888889
2023-07-16 19:00:00,35.7,21.7,232,2.3,36.2082222222222
2023-07-16 19:15:00,35.3,22,194,1.9,34.6273333333333
2023-07-16 19:30:00,34.3,25.2,157,2,32.8435555555556
2023-07-16 19:45:00,33.1,27.7,121,1.7,31.1637777777778
2023-07-16 20:00:00,31.9,28.7,89,1.7,30.4844444444444
2023-07-16 20:15:00,32.2,25.2,55,2.4,29.7708888888889
2023-07-16 20:30:00,30.7,25.7,35,2.1,29.0006666666667
2023-07-16 20:45:00,29.9,24,8,2.2,28.838
2023-07-16 21:00:00,29.6,22.6,2,2.1,27.8348888888889
2023-07-16 21:15:00,28.2,25.8,0,1.7,27.4271111111111
2023-07-16 21:30:00,28.2,26.7,0,2.2,26.466
2023-07-16 21:45:00,26.6,31.4,0,1.9,25.6297777777778
2023-07-16 22:00:00,25.7,34,0,1.6,23.71
2023-07-16 22:15:00,24.3,37.3,0,0.6,22.4837777777778
2023-07-16 22:30:00,23.3,40.2,0,1.3,22.2362222222222
2023-07-16 22:45:00,23.3,42.7,0,2.2,22.8224444444444
2023-07-16 23:00:00,23,45.2,0,2.3,22.8537777777778
2023-07-16 23:15:00,23.6,44.6,0,2.6,22.7802222222222
2023-07-16 23:30:00,23.3,45.7,0,2.1,21.9522222222222
2023-07-16 23:45:00,22.6,46.8,0,0.9,20.4397777777778
2023-07-17 00:00:00,22.4,47.45,0,1.45,21.2288888888889
2023-07-17 00:15:00,22.2,48.1,0,2,20.7695555555556
2023-07-17 00:30:00,22.4,46.1,0,1.1,19.3771111111111
2023-07-17 00:45:00,21.8,46.9,0,0.7,18.0482222222222
2023-07-17 01:00:00,21,49.2,0,1.1,17.2695555555556
2023-07-17 01:15:00,20.4,50.3,0,0.9,16.6662222222222
2023-07-17 01:30:00,18.7,57.2,0,1.3,16.1837777777778
2023-07-17 01:45:00,19,54.6,0,1,15.7457777777778
2023-07-17 02:00:00,18.2,56.7,0,1.2,15.7871111111111
2023-07-17 02:15:00,18,58.1,0,1.5,15.8344444444444
2023-07-17 02:30:00,17.7,60,0,1.6,15.8842222222222
2023-07-17 02:45:00,18.4,57.5,0,1.7,14.9931111111111
2023-07-17 03:00:00,17.5,60.8,0,1.1,14.9666666666667
2023-07-17 03:15:00,17.4,61.5,0,1.2,15.3155555555556
2023-07-17 03:30:00,16.9,64.5,0,1.1,14.8977777777778
2023-07-17 03:45:00,15.6,70,0,0.9,14.41
2023-07-17 04:00:00,15.6,71.1,0,1.2,14.3971111111111
2023-07-17 04:15:00,15.6,70.9,0,0.8,14.1744444444444
2023-07-17 04:30:00,15,74.4,0,0.8,13.9386666666667
2023-07-17 04:45:00,14.6,76.7,0,1,13.6237777777778
2023-07-17 05:00:00,14.4,76.9,0,1.2,13.5644444444444
2023-07-17 05:15:00,14.2,78.1,0,0.7,13.1364444444444
2023-07-17 05:30:00,14.7,76.4,3,0.9,13.4328888888889
2023-07-17 05:45:00,15.8,73.6,15,1.3,14.2644444444444
2023-07-17 06:00:00,16.6,72.3,36,1.4,15.2306666666667
2023-07-17 06:15:00,17.4,71.1,53,1.4,15.8553333333333
2023-07-17 06:30:00,18,69.8,86,1.4,16.5068888888889
2023-07-17 06:45:00,18.6,67.7,119,0.9,17.5355555555556
2023-07-17 07:00:00,19.4,65.2,148,1.7,18.3677777777778
2023-07-17 07:15:00,19.7,65.2,189,2.6,19.0657777777778
2023-07-17 07:30:00,20,64,228,3.5,19.6313333333333
2023-07-17 07:45:00,20.4,62.5,253,3.3,20.0995555555556
2023-07-17 08:00:00,20.7,60.2,271,3.7,20.5251111111111
2023-07-17 08:15:00,21.1,56.6,339,4.5,20.9191111111111
2023-07-17 08:30:00,21.3,53.3,391,5.3,21.8146666666667
2023-07-17 08:45:00,21.9,49.9,429,4.6,22.7693333333333
2023-07-17 09:00:00,22.1,47.2,469,5,23.7113333333333
2023-07-17 09:15:00,22.6,45.1,486,4.8,24.6077777777778
2023-07-17 09:30:00,22.8,43.9,477,4.7,25.446
2023-07-17 09:45:00,23.2,42.3,572,5,26.0468888888889
2023-07-17 10:00:00,23.5,41.9,616,4.7,26.7386666666667
2023-07-17 10:15:00,23.7,40.9,649,4.4,27.5644444444444
2023-07-17 10:30:00,24.3,40,679,3.7,27.9371111111111
2023-07-17 10:45:00,24.2,40.8,708,4.1,28.038
2023-07-17 11:00:00,24.9,40,734,4,28.01
2023-07-17 11:15:00,25.3,39.3,760,4.4,28.2484444444444
2023-07-17 11:30:00,25.3,38.8,781,3.7,28.5142222222222
2023-07-17 11:45:00,25.7,37.9,799,3.8,28.3493333333333
2023-07-17 12:00:00,25.7,36.8,815,3.8,28.3542222222222
2023-07-17 12:15:00,26.1,36,826,2.9,28.7215555555556
2023-07-17 12:30:00,25.9,36,835,2.7,28.2655555555556
2023-07-17 12:45:00,26.3,34.2,840,2.8,28.5348888888889
2023-07-17 13:00:00,26.7,33.5,768,3.5,29.5884444444444
2023-07-17 13:15:00,26.6,34.1,786,3.1,30.5255555555556
2023-07-17 13:30:00,27.1,33.1,846,3.7,31.4186666666667
2023-07-17 13:45:00,27.5,30.3,844,3.2,31.658
2023-07-17 14:00:00,27.7,29.5,818,3.8,31.7157777777778
2023-07-17 14:15:00,27.6,29.8,771,3.9,32.09
2023-07-17 14:30:00,27.7,29.3,710,3.9,32.3164444444444
2023-07-17 14:45:00,28,28.3,665,4.1,32.6244444444444
2023-07-17 15:00:00,28.5,27.8,700,4.1,32.6844444444444
2023-07-17 15:15:00,27.9,27.4,713,4.3,32.8255555555556
2023-07-17 15:30:00,28.2,27.1,716,3.8,33.2608888888889
2023-07-17 15:45:00,28.3,27.1,708,4.1,33.3171111111111
2023-07-17 16:00:00,28.7,27.2,680,4.1,33.2053333333333
2023-07-17 16:15:00,28.4,26.7,649,3.8,33.352
2023-07-17 16:30:00,28.4,27.5,617,3.8,33.4626666666667
2023-07-17 16:45:00,28.6,27.2,582,2.9,33.2286666666667
2023-07-17 17:00:00,28.6,28.1,547,3.6,33.0006666666667
2023-07-17 17:15:00,28.4,28.1,508,3.2,32.3708888888889
2023-07-17 17:30:00,28,29.1,470,3.5,31.9286666666667
2023-07-17 17:45:00,27.8,29.8,430,3.2,31.2828888888889
2023-07-17 18:00:00,27.9,29.5,390,3.1,30.7142222222222
2023-07-17 18:15:00,27.6,30.7,348,3.2,29.8082222222222
2023-07-17 18:30:00,27.2,31.3,307,3.6,28.7931111111111
2023-07-17 18:45:00,26.9,31.4,267,3.8,28.4688888888889
2023-07-17 19:00:00,26.5,31.6,228,3.7,28.1913333333333
2023-07-17 19:15:00,26.4,32.1,188,2.7,27.2602222222222
2023-07-17 19:30:00,25.9,32.8,154,2.9,26.506
2023-07-17 19:45:00,25.5,34.1,118,2.5,25.0791111111111
2023-07-17 20:00:00,25.2,35.1,87,2.5,24.3293333333333
2023-07-17 20:15:00,24,37.1,59,2.5,23.7348888888889
2023-07-17 20:30:00,23,36.6,33,3.5,23.0353333333333
2023-07-17 20:45:00,22.3,37.6,8,3.6,22.4822222222222
2023-07-17 21:00:00,21.8,38.2,2,3.7,21.8257777777778
2023-07-17 21:15:00,21.4,39.3,0,3.4,21.4268888888889
2023-07-17 21:30:00,21.3,39.5,0,3.4,21.2566666666667
2023-07-17 21:45:00,21.2,39.4,0,3,21.0493333333333
2023-07-17 22:00:00,20.9,39.6,0,2.8,20.6493333333333
2023-07-17 22:15:00,20.4,40.3,0,2.7,20.1353333333333
2023-07-17 22:30:00,20.1,40.7,0,3.3,19.3255555555556
2023-07-17 22:45:00,19.9,40.5,0,2.9,19.7757777777778
2023-07-17 23:00:00,19.9,39,0,2.8,19.6671111111111
2023-07-17 23:15:00,19.8,39.3,0,2.6,19.0406666666667
2023-07-17 23:30:00,19.3,39.6,0,2.2,18.6557777777778
2023-07-17 23:45:00,18.6,43.8,0,3.4,17.822
2023-07-18 00:00:00,17.95,46.75,0,2.85,17.2591111111111
2023-07-18 00:15:00,17.3,49.7,0,2.3,16.9384444444444
2023-07-18 00:30:00,17,50.8,0,1.9,15.8644444444444
2023-07-18 00:45:00,16,54.7,0,0.8,14.4475555555556
2023-07-18 01:00:00,14.1,63.2,0,0.9,13.442
2023-07-18 01:15:00,13.7,64.4,0,0.9,12.8522222222222
2023-07-18 01:30:00,13.6,64.7,0,1,12.9848888888889
2023-07-18 01:45:00,13.5,65.1,0,1.4,12.7386666666667
2023-07-18 02:00:00,13.4,64.4,0,1.8,12.6404444444444
2023-07-18 02:15:00,13.5,64.3,0,1.7,12.3397777777778
2023-07-18 02:30:00,13.6,62.6,0,1.8,12.1593333333333
2023-07-18 02:45:00,13.6,62.2,0,2,12.0813333333333
2023-07-18 03:00:00,13.5,62.7,0,2,11.7408888888889
2023-07-18 03:15:00,13.5,63.2,0,1.8,11.5635555555556
2023-07-18 03:30:00,13.2,63.9,0,1.6,11.3688888888889
2023-07-18 03:45:00,13,64.9,0,1.7,11.2993333333333
2023-07-18 04:00:00,12.6,66.6,0,1.8,11.1055555555556
2023-07-18 04:15:00,12.2,67.3,0,1.8,10.8993333333333
2023-07-18 04:30:00,11.6,69.1,0,1.5,10.7197777777778
2023-07-18 04:45:00,10.6,73.9,0,1.1,10.5062222222222
2023-07-18 05:00:00,10.4,74.7,0,0.9,10.1362222222222
2023-07-18 05:15:00,10.5,75,0,1.1,9.80355555555556
2023-07-18 05:30:00,10.2,77.9,4,1.2,9.96844444444445
2023-07-18 05:45:00,10.4,77.6,15,1.1,10.1373333333333
2023-07-18 06:00:00,11.1,76.2,34,0.7,10.4462222222222
2023-07-18 06:15:00,11.9,75.6,50,0.7,11.1475555555556
2023-07-18 06:30:00,12.9,74.7,85,0.7,12.0928888888889
2023-07-18 06:45:00,14.1,74,119,0.5,13.1071111111111
2023-07-18 07:00:00,15.7,67,149,0.3,14.5148888888889
2023-07-18 07:15:00,16.6,64,188,0.9,15.7853333333333
2023-07-18 07:30:00,17.2,62.6,225,1,16.692
2023-07-18 07:45:00,17.6,61.3,249,1.4,17.3746666666667
2023-07-18 08:00:00,17.9,61.3,266,1.5,18.1517777777778
2023-07-18 08:15:00,18,61.6,334,1.5,18.7597777777778
2023-07-18 08:30:00,18.3,60.3,383,1.6,19.8211111111111
2023-07-18 08:45:00,18.9,57.7,422,1.5,21.3571111111111
2023-07-18 09:00:00,19.5,56.6,462,1.3,22.3611111111111
2023-07-18 09:15:00,20,55.4,476,1.7,23.7164444444444
2023-07-18 09:30:00,20.6,52.7,472,1.4,24.958
2023-07-18 09:45:00,21.4,49.7,567,1.5,26.0128888888889
2023-07-18 10:00:00,22.4,47.6,607,1.3,27.076
2023-07-18 10:15:00,22.6,46.7,641,1.5,27.8364444444444
2023-07-18 10:30:00,23,45.5,672,1.5,28.5791111111111
2023-07-18 10:45:00,23.4,43.9,701,1.8,28.978
2023-07-18 11:00:00,23.6,43.8,726,1.6,29.6053333333333
2023-07-18 11:15:00,24.2,41.1,751,1.6,29.5308888888889
2023-07-18 11:30:00,24.3,39.1,773,1.3,29.6711111111111
2023-07-18 11:45:00,24.6,38.9,792,1.6,29.78
2023-07-18 12:00:00,25.1,37.1,808,1.9,29.5753333333333
2023-07-18 12:15:00,25.2,37,821,2.1,29.5788888888889
2023-07-18 12:30:00,25.8,35,832,2.2,29.7686666666667
2023-07-18 12:45:00,25.6,36.2,837,2.2,30.2862222222222
2023-07-18 13:00:00,26,33.8,765,2.2,30.7208888888889
2023-07-18 13:15:00,26,34.2,784,1.9,32.1851111111111
2023-07-18 13:30:00,26.1,33.8,844,1.7,33.1011111111111
2023-07-18 13:45:00,26.7,32.3,841,1.5,33.7604444444444
2023-07-18 14:00:00,26.7,33.3,813,1.9,34.2795555555556
2023-07-18 14:15:00,26.9,32.5,766,2.3,34.5746666666667
2023-07-18 14:30:00,27.5,31.7,706,1.9,35.0526666666667
2023-07-18 14:45:00,27.8,31,660,2.2,35.4388888888889
2023-07-18 15:00:00,27.7,32.3,692,1.8,35.7217777777778
2023-07-18 15:15:00,28,30.9,707,2,36.0753333333333
2023-07-18 15:30:00,27.9,31.4,709,1.8,36.5686666666667
2023-07-18 15:45:00,27.9,30.8,705,1.7,36.718
2023-07-18 16:00:00,28,29.8,678,1.5,36.2828888888889
2023-07-18 16:15:00,28.1,31.1,647,1.5,36.9513333333333
2023-07-18 16:30:00,28.3,29.5,616,1.5,36.7513333333333
2023-07-18 16:45:00,28.3,29.8,582,1.4,36.4411111111111
2023-07-18 17:00:00,28.1,30.6,545,1.5,36.8444444444444
2023-07-18 17:15:00,28.4,28.9,508,1,36.5095555555556
2023-07-18 17:30:00,28.5,28.6,470,1.1,35.9464444444444
2023-07-18 17:45:00,28.4,31,430,1.1,35.5942222222222
2023-07-18 18:00:00,28,32.6,391,1.3,35.0233333333333
2023-07-18 18:15:00,28,33.2,351,1.2,33.8482222222222
2023-07-18 18:30:00,27.8,34.4,310,1.1,32.5075555555556
2023-07-18 18:45:00,27.5,36.5,269,1,32.144
2023-07-18 19:00:00,27.2,36.6,229,0.9,31.6791111111111
2023-07-18 19:15:00,27.1,37.3,189,0.8,30.3846666666667
2023-07-18 19:30:00,26.7,38.9,153,0.6,28.6273333333333
2023-07-18 19:45:00,26.3,41.1,118,0.5,25.4546666666667
2023-07-18 20:00:00,24.3,50.6,87,0.8,23.6086666666667
2023-07-18 20:15:00,22.8,53,58,1,21.6833333333333
2023-07-18 20:30:00,21.6,51.5,30,0.9,20.6091111111111
2023-07-18 20:45:00,20.4,53,7,1.1,19.8813333333333
2023-07-18 21:00:00,19.1,53.9,2,1.2,19.2655555555556
2023-07-18 21:15:00,19.5,47,0,2.1,18.884
2023-07-18 21:30:00,19.7,42,0,2.2,18.6706666666667
2023-07-18 21:45:00,19.5,41.6,0,2.5,18.2375555555556
2023-07-18 22:00:00,19.3,42.6,0,2,17.8613333333333
2023-07-18 22:15:00,19.5,41.7,0,2.4,17.6526666666667
2023-07-18 22:30:00,19.6,41.4,0,2.5,17.4937777777778
2023-07-18 22:45:00,19.7,41,0,2.5,17.492
2023-07-18 23:00:00,19.7,40.9,0,2.7,17.7493333333333
2023-07-18 23:15:00,19.8,40.3,0,2.7,18.0613333333333
2023-07-18 23:30:00,20.4,38.7,0,2.6,18.1304444444444
2023-07-18 23:45:00,20.7,37.5,0,2.5,17.2675555555556
2023-07-19 00:00:00,19.05,42.9,0,1.65,15.624
2023-07-19 00:15:00,17.4,48.3,0,0.8,15.0157777777778
2023-07-19 00:30:00,16.9,48.4,0,1.5,16.38
2023-07-19 00:45:00,18.3,40.9,0,1.6,16.7731111111111
2023-07-19 01:00:00,17.5,42.9,0,1,15.5142222222222
2023-07-19 01:15:00,16.9,45,0,1,15.3206666666667
2023-07-19 01:30:00,16.8,45.4,0,1.5,14.6117777777778
2023-07-19 01:45:00,17,44.2,0,1.2,14.278
2023-07-19 02:00:00,15.3,52,0,1.4,14.046
2023-07-19 02:15:00,14.8,54.7,0,1.2,13.7484444444444
2023-07-19 02:30:00,14.9,53.5,0,1.1,13.9173333333333
2023-07-19 02:45:00,15.2,50.4,0,1.2,13.7811111111111
2023-07-19 03:00:00,15.2,49.4,0,1.4,13.6811111111111
2023-07-19 03:15:00,15,49.6,0,1.2,12.8182222222222
2023-07-19 03:30:00,13.6,55.6,0,1.1,12.8075555555556
2023-07-19 03:45:00,13.2,56.9,0,1.3,12.6544444444444
2023-07-19 04:00:00,13.1,58.1,0,0.8,12.6188888888889
2023-07-19 04:15:00,14.9,49.2,0,1.7,12.5451111111111
2023-07-19 04:30:00,14.7,49.7,0,1.3,12.146
2023-07-19 04:45:00,13.1,56.4,0,0.9,11.6931111111111
2023-07-19 05:00:00,12.6,58.5,0,1,11.4988888888889
2023-07-19 05:15:00,12.2,60.7,0,1.3,11.5402222222222
2023-07-19 05:30:00,11.9,63.5,3,1.3,11.712
2023-07-19 05:45:00,11.8,65.3,12,1.1,11.7348888888889
2023-07-19 06:00:00,12.8,63,31,1.4,11.7357777777778
2023-07-19 06:15:00,13.4,63.2,49,0.7,12.4477777777778
2023-07-19 06:30:00,14.3,64.6,83,0.8,13.244
2023-07-19 06:45:00,15.4,67.2,116,0.9,14.8671111111111
2023-07-19 07:00:00,17.8,57.6,146,1,16.8288888888889
2023-07-19 07:15:00,19.6,52.3,185,1.3,18.4524444444444
2023-07-19 07:30:00,21,52.2,222,1.2,19.6782222222222
2023-07-19 07:45:00,22.4,46.5,245,1.8,20.4662222222222
2023-07-19 08:00:00,22.7,43.2,265,2.4,21.0288888888889
2023-07-19 08:15:00,22.6,44,334,2.4,21.702
2023-07-19 08:30:00,23,44.4,381,2.2,22.4775555555556
2023-07-19 08:45:00,23.3,43.7,419,2.5,23.6464444444444
2023-07-19 09:00:00,23.7,43.5,459,2.1,24.6642222222222
2023-07-19 09:15:00,24.3,42.6,471,1.7,25.9208888888889
2023-07-19 09:30:00,24.4,43.4,472,2,27.1873333333333
2023-07-19 09:45:00,24.7,43.9,563,2.1,27.7982222222222
2023-07-19 10:00:00,25.1,44.1,604,1.9,28.3575555555556
2023-07-19 10:15:00,25.7,42.8,638,1.8,29.3153333333333
2023-07-19 10:30:00,26.1,42.8,668,2,29.9508888888889
2023-07-19 10:45:00,26.7,41.2,697,1.7,30.3471111111111
2023-07-19 11:00:00,27.3,38.9,722,1.8,30.8222222222222
2023-07-19 11:15:00,27.9,38.4,745,1.6,31.0244444444444
2023-07-19 11:30:00,28.3,35.4,767,1.5,31.2022222222222
2023-07-19 11:45:00,29,33.6,787,1.5,31.1084444444444
2023-07-19 12:00:00,29.4,33.6,802,1.5,31.4157777777778
2023-07-19 12:15:00,30.1,33,815,1.5,31.6622222222222
2023-07-19 12:30:00,30.1,33.1,825,1.2,32.4411111111111
2023-07-19 12:45:00,30.6,31.6,834,1.2,33.1931111111111
2023-07-19 13:00:00,30.9,31.3,759,1.2,34.2824444444444
2023-07-19 13:15:00,31.5,28.8,779,1.5,35.7953333333333
2023-07-19 13:30:00,32.6,26.2,841,1.8,37.0826666666667
2023-07-19 13:45:00,32.8,26.5,837,2.6,38.0586666666667
2023-07-19 14:00:00,32.8,24,814,2.9,38.2002222222222
2023-07-19 14:15:00,32.9,23.6,766,1.6,38.6255555555556
2023-07-19 14:30:00,33.2,21.8,707,1.8,39.2982222222222
2023-07-19 14:45:00,33.6,21.4,660,1.9,39.6997777777778
2023-07-19 15:00:00,33.3,23.2,690,2.3,39.9091111111111
2023-07-19 15:15:00,32.6,26.9,704,2.3,40.324
2023-07-19 15:30:00,33.8,23.1,707,2.2,40.3366666666667
2023-07-19 15:45:00,33.4,24.4,703,1.7,40.9324444444444
2023-07-19 16:00:00,34.2,22.6,675,2.1,40.6704444444444
2023-07-19 16:15:00,34.3,20.8,647,2.4,40.8497777777778
2023-07-19 16:30:00,34.2,21.7,613,2.1,40.9395555555556
2023-07-19 16:45:00,34.3,21.4,579,2.2,40.6506666666667
2023-07-19 17:00:00,34.4,20.8,543,1.7,40.1768888888889
2023-07-19 17:15:00,34.2,21,506,2.4,40.2777777777778
2023-07-19 17:30:00,34.4,20.9,467,1.8,39.256
2023-07-19 17:45:00,34.6,20,424,1.6,37.8708888888889
2023-07-19 18:00:00,34.7,19.9,380,1.1,36.8073333333333
2023-07-19 18:15:00,33.6,26.4,340,1.5,36.5808888888889
2023-07-19 18:30:00,33,31.3,303,1,35.0184444444444
2023-07-19 18:45:00,32.5,33.8,251,1.2,33.8351111111111
2023-07-19 19:00:00,32.1,34.1,200,1.9,33.0346666666667
2023-07-19 19:15:00,31.4,35.4,155,2,31.2364444444444
2023-07-19 19:30:00,30.9,35.9,117,1.8,29.4624444444444
2023-07-19 19:45:00,29.9,38.9,88,1.7,27.7622222222222
2023-07-19 20:00:00,28.3,43.3,51,1.2,26.732
2023-07-19 20:15:00,27.8,41.7,43,1.4,26.0522222222222
2023-07-19 20:30:00,26.8,40.3,24,1.4,24.5975555555556
2023-07-19 20:45:00,26.4,34.2,7,1.7,24.51
2023-07-19 21:00:00,27.1,29.4,1,2.1,24.6346666666667
2023-07-19 21:15:00,26.8,29.5,0,2,24.0668888888889
2023-07-19 21:30:00,26.5,29.6,0,2.1,23.5248888888889
2023-07-19 21:45:00,26.5,29.5,0,2,23.3106666666667
2023-07-19 22:00:00,26.3,29.8,0,2.1,21.1588888888889
2023-07-19 22:15:00,25.8,30.5,0,2,19.7755555555556
2023-07-19 22:30:00,24.7,32.8,0,1.4,18.8662222222222
2023-07-19 22:45:00,22.6,38.4,0,0.6,17.9953333333333
2023-07-19 23:00:00,21.8,40.2,0,0.4,17.5857777777778
2023-07-19 23:15:00,21.8,38.7,0,0.8,17.3435555555556
2023-07-19 23:30:00,21.4,39.4,0,0.9,17.7577777777778
2023-07-19 23:45:00,20.4,43.8,0,1.1,18.6013333333333
2023-07-20 00:00:00,20.05,44.7,0,1,18.6257777777778
2023-07-20 00:15:00,19.7,45.6,0,0.9,18.2733333333333
2023-07-20 00:30:00,18.8,48.5,0,1.3,18.1322222222222
2023-07-20 00:45:00,18.8,49.1,0,1.4,18.052
2023-07-20 01:00:00,18.8,48.1,0,1.3,17.4411111111111
2023-07-20 01:15:00,18.4,49.2,0,1,17.1697777777778
2023-07-20 01:30:00,18.1,49.9,0,1.1,17.2204444444444
2023-07-20 01:45:00,18.3,49.4,0,1,16.604
2023-07-20 02:00:00,18,50.3,0,1.2,16.6146666666667
2023-07-20 02:15:00,16.9,55.5,0,0.7,16.1968888888889
2023-07-20 02:30:00,16.4,58,0,1,15.826
2023-07-20 02:45:00,16.1,58.3,0,0.4,15.0971111111111
2023-07-20 03:00:00,16.4,57.6,0,1,15.2253333333333
2023-07-20 03:15:00,16.2,57.7,0,1.1,14.9022222222222
2023-07-20 03:30:00,16.4,56.2,0,1.4,14.6473333333333
2023-07-20 03:45:00,15.8,60,0,1.1,14.9795555555556
2023-07-20 04:00:00,15.7,60,0,1.1,14.9586666666667
2023-07-20 04:15:00,15.7,61,0,0.8,15.0928888888889
2023-07-20 04:30:00,16.9,53.6,0,1.1,14.868
2023-07-20 04:45:00,18.1,48.1,0,1.6,14.4764444444444
2023-07-20 05:00:00,17.1,53,0,0.6,14.2657777777778
2023-07-20 05:15:00,17.4,52.2,0,1,13.8626666666667
2023-07-20 05:30:00,18.1,48.8,3,1.2,13.904
2023-07-20 05:45:00,17.7,49.4,11,1.6,14.0673333333333
2023-07-20 06:00:00,18.4,48,27,1.1,14.2024444444444
2023-07-20 06:15:00,18.9,49.8,44,1.5,14.786
2023-07-20 06:30:00,19.6,49.9,75,0.9,15.5564444444444
2023-07-20 06:45:00,19.7,52.7,106,0.8,16.7682222222222
2023-07-20 07:00:00,20.7,51.3,135,0.9,18.254
2023-07-20 07:15:00,21.5,51.1,171,1.2,19.6875555555556
2023-07-20 07:30:00,22.3,49,207,1,20.9946666666667
2023-07-20 07:45:00,23.1,48.8,230,1,22.136
2023-07-20 08:00:00,24.5,43.3,254,1.5,22.7522222222222
2023-07-20 08:15:00,25.3,40.1,317,1.9,23.486
2023-07-20 08:30:00,25.7,39.4,362,2.1,24.3228888888889
2023-07-20 08:45:00,25.8,39.5,402,1.9,25.1995555555556
2023-07-20 09:00:00,26.3,41,442,1.6,26.1146666666667
2023-07-20 09:15:00,26.4,40.7,454,1.6,26.9302222222222
2023-07-20 09:30:00,27.2,40,461,1.6,27.9082222222222
2023-07-20 09:45:00,27.3,40.2,550,1.8,28.9406666666667
2023-07-20 10:00:00,27.9,39.7,588,1.6,30.1206666666667
2023-07-20 10:15:00,28.3,39.6,621,1.4,31.0944444444444
2023-07-20 10:30:00,28.8,38.6,651,1.1,31.0984444444444
2023-07-20 10:45:00,29.4,37.2,682,1.2,31.9542222222222
2023-07-20 11:00:00,29.6,35.7,709,1.2,32.8913333333333
2023-07-20 11:15:00,30.3,35.8,733,1.4,33.5877777777778
2023-07-20 11:30:00,30.9,36.5,756,1.2,34.3104444444444
2023-07-20 11:45:00,31.3,35.8,774,1.2,35.3348888888889
2023-07-20 12:00:00,32,35.5,789,1.3,36.2544444444444
2023-07-20 12:15:00,32.5,34.2,803,1.8,36.6517777777778
2023-07-20 12:30:00,33,33.7,814,1.6,36.6211111111111
2023-07-20 12:45:00,33.7,31.1,820,2.2,36.4677777777778
2023-07-20 13:00:00,33.6,29.9,748,2,36.1746666666667
2023-07-20 13:15:00,33.9,29.9,768,2.3,35.9935555555556
2023-07-20 13:30:00,33.9,29.7,826,2.2,36.022
2023-07-20 13:45:00,33.9,30,820,2.2,36.2268888888889
2023-07-20 14:00:00,34.1,28.7,795,2.3,37.1902222222222
2023-07-20 14:15:00,34.5,29.5,751,1.8,38.0386666666667
2023-07-20 14:30:00,34.4,29.3,703,2,38.9542222222222
2023-07-20 14:45:00,34.7,28.3,671,1.8,39.5757777777778
2023-07-20 15:00:00,34.9,28.7,681,1.9,40.1726666666667
2023-07-20 15:15:00,35,29.4,705,1.6,40.62
2023-07-20 15:30:00,35.1,29.4,654,1.7,40.0202222222222
2023-07-20 15:45:00,34.6,30.2,482,1.3,38.7451111111111
2023-07-20 16:00:00,33.1,36.4,404,0.9,39.6946666666667
2023-07-20 16:15:00,34.1,36.5,661,1,40.4202222222222
2023-07-20 16:30:00,34.5,35.6,608,1.1,40.9642222222222
2023-07-20 16:45:00,34.8,34.3,554,0.9,40.9026666666667
2023-07-20 17:00:00,34.9,32.5,514,0.8,40.8728888888889
2023-07-20 17:15:00,34.8,32.2,472,0.8,40.6751111111111
2023-07-20 17:30:00,34.9,32.2,439,0.8,39.94
2023-07-20 17:45:00,34.9,33.1,405,0.7,39.1702222222222
2023-07-20 18:00:00,34.9,31.9,363,0.8,38.1193333333333
2023-07-20 18:15:00,34.5,31.3,327,1,37.4944444444444
2023-07-20 18:30:00,34.5,31.2,285,0.8,36.7666666666667
2023-07-20 18:45:00,34.4,32.4,247,0.9,36.2346666666667
2023-07-20 19:00:00,34.1,35.7,211,0.7,34.9237777777778
2023-07-20 19:15:00,34,35,174,0.6,33.4957777777778
2023-07-20 19:30:00,32.2,45.4,134,0.8,31.8673333333333
2023-07-20 19:45:00,30.6,48.9,100,1.1,29.7244444444444
2023-07-20 20:00:00,29.4,47,71,1,27.8742222222222
2023-07-20 20:15:00,28.2,46.2,45,1.1,26.046
2023-07-20 20:30:00,27.5,41.9,24,1.3,24.6077777777778
2023-07-20 20:45:00,26.6,40.8,7,1.3,23.5275555555556
2023-07-20 21:00:00,26,39.9,2,1.1,23.1926666666667
2023-07-20 21:15:00,24.9,42.6,0,1.3,23.2333333333333
2023-07-20 21:30:00,25.9,36.3,0,1.7,23.0864444444444
2023-07-20 21:45:00,26,35,0,1.4,22.3942222222222
2023-07-20 22:00:00,25.1,38.1,0,1.6,22.7333333333333
2023-07-20 22:15:00,24.4,39.6,0,1.4,22.3193333333333
2023-07-20 22:30:00,24,40.2,0,1,21.8093333333333
2023-07-20 22:45:00,23.4,40.9,0,0.9,20.9806666666667
2023-07-20 23:00:00,23.7,40.7,0,0.9,20.2926666666667
2023-07-20 23:15:00,24.2,39.3,0,0.9,20.2891111111111
2023-07-20 23:30:00,24.4,37.6,0,1.9,21.936
2023-07-20 23:45:00,26.2,34.1,0,2,23.6866666666667
2023-07-21 00:00:00,26.05,37.6,0,1.85,23.7051111111111
2023-07-21 00:15:00,25.9,41.1,0,1.7,22.62
2023-07-21 00:30:00,24.6,45,0,1,21.4802222222222
2023-07-21 00:45:00,23.4,49,0,1,20.0602222222222
2023-07-21 01:00:00,22.3,51.1,0,1,19.0513333333333
2023-07-21 01:15:00,21.4,54.7,0,1.2,18.9322222222222
2023-07-21 01:30:00,21.2,57.1,0,1.2,18.5891111111111
2023-07-21 01:45:00,20.3,60.6,0,1,17.7966666666667
2023-07-21 02:00:00,19.8,62.1,0,1,17.2517777777778
2023-07-21 02:15:00,19.3,64.6,0,0.9,16.9997777777778
2023-07-21 02:30:00,19.3,65.6,0,1.2,16.8286666666667
2023-07-21 02:45:00,19.8,63.9,0,1.1,16.3484444444444
2023-07-21 03:00:00,19,69.4,0,0.7,15.9746666666667
2023-07-21 03:15:00,18.8,70.8,0,0.7,15.6691111111111
2023-07-21 03:30:00,18.8,70.5,0,0.7,15.4053333333333
2023-07-21 03:45:00,17.4,76.7,0,0.9,15.3884444444444
2023-07-21 04:00:00,16.4,81.2,0,0.9,15.5484444444444
2023-07-21 04:15:00,16.2,81,0,0.8,15.6251111111111
2023-07-21 04:30:00,16.2,81,0,0.9,15.572
2023-07-21 04:45:00,16.2,80.9,0,0.8,15.6748888888889
2023-07-21 05:00:00,16.9,78.6,0,1.2,15.6595555555556
2023-07-21 05:15:00,16.2,81,0,1.1,15.5571111111111
2023-07-21 05:30:00,16,80.7,2,1,15.3868888888889
2023-07-21 05:45:00,15.7,80.4,9,0.8,15.3326666666667
2023-07-21 06:00:00,16,79.8,24,1.1,15.51
2023-07-21 06:15:00,16.4,80.5,43,1,15.8995555555556
2023-07-21 06:30:00,17.3,80.4,74,0.9,16.5504444444444
2023-07-21 06:45:00,18.3,81.5,105,0.7,17.3333333333333
2023-07-21 07:00:00,20,77.3,134,0.6,18.4455555555556
2023-07-21 07:15:00,21.7,71.5,170,0.6,19.7464444444444
2023-07-21 07:30:00,22.6,64.1,206,0.8,20.9973333333333
2023-07-21 07:45:00,23.1,61.1,227,0.9,21.9244444444444
2023-07-21 08:00:00,23.6,59.8,253,0.9,22.8428888888889
2023-07-21 08:15:00,23.8,59,318,1.5,23.444
2023-07-21 08:30:00,24,58.5,362,1.8,24.224
2023-07-21 08:45:00,24.7,56.9,401,1.6,24.9717777777778
2023-07-21 09:00:00,25.1,55.5,440,1.7,25.8495555555556
2023-07-21 09:15:00,25.5,53.6,451,1.8,26.8897777777778
2023-07-21 09:30:00,25.9,52.3,464,1.8,27.8795555555556
2023-07-21 09:45:00,26.5,49.9,549,1.4,28.8591111111111
2023-07-21 10:00:00,27.4,47.7,586,1.7,29.7197777777778
2023-07-21 10:15:00,27.6,47.3,620,1.9,30.482
2023-07-21 10:30:00,28.2,45.6,653,1.7,31.2746666666667
2023-07-21 10:45:00,28.6,44.5,684,1.8,31.8737777777778
2023-07-21 11:00:00,29.1,44.2,711,1.4,32.3217777777778
2023-07-21 11:15:00,29.3,44.2,738,1.5,32.73
2023-07-21 11:30:00,29.9,42.6,761,1.3,32.8095555555556
2023-07-21 11:45:00,30.7,39.5,781,1.8,32.998
2023-07-21 12:00:00,30.6,39.2,797,1.8,32.8364444444444
2023-07-21 12:15:00,31.2,38,811,1.6,32.8224444444444
2023-07-21 12:30:00,31.5,33.9,825,1.8,32.7493333333333
2023-07-21 12:45:00,32,32.6,830,1.6,32.8511111111111
2023-07-21 13:00:00,32.6,32.9,748,1.6,32.9635555555555
2023-07-21 13:15:00,33,31.6,771,2,33.2871111111111
2023-07-21 13:30:00,33.2,27.6,840,1.8,33.7326666666667
2023-07-21 13:45:00,33.4,29,835,1.8,34.6348888888889
2023-07-21 14:00:00,33.7,29.3,812,1.7,35.7702222222222
2023-07-21 14:15:00,34,30.1,769,1.5,36.6586666666667
2023-07-21 14:30:00,33.9,30.7,707,1,37.7044444444444
2023-07-21 14:45:00,34.2,30.8,654,1.1,38.4026666666667
2023-07-21 15:00:00,33.8,33.5,683,1.1,39.2062222222222
2023-07-21 15:15:00,34.5,31.7,699,1,39.9135555555556
2023-07-21 15:30:00,34.7,30.8,699,1.1,40.4642222222222
2023-07-21 15:45:00,34.9,28.8,698,1.2,41.382
2023-07-21 16:00:00,34.6,28.5,672,1.5,41.8406666666667
2023-07-21 16:15:00,35,25.7,645,1.6,41.4466666666667
2023-07-21 16:30:00,34.6,25.8,612,1.7,40.8984444444444
2023-07-21 16:45:00,34.4,27.5,576,1.3,40.7331111111111
2023-07-21 17:00:00,34.1,28.2,539,1.6,40.1031111111111
2023-07-21 17:15:00,34,28,501,1.7,39.3186666666667
2023-07-21 17:30:00,34.2,28.2,460,1.7,38.3113333333333
2023-07-21 17:45:00,34.5,25.9,420,2,37.632
2023-07-21 18:00:00,34.2,25.3,380,1.2,36.9362222222222
2023-07-21 18:15:00,34.5,25.7,337,0.7,35.9651111111111
2023-07-21 18:30:00,34.8,26,295,1,35.8391111111111
2023-07-21 18:45:00,36.1,20.8,255,1.7,34.9231111111111
2023-07-21 19:00:00,35.4,22.6,216,2,34.1986666666667
2023-07-21 19:15:00,34.6,26.7,178,1.6,32.896
2023-07-21 19:30:00,33.7,28.7,141,1.6,30.9746666666667
2023-07-21 19:45:00,32.4,32.5,108,1.5,29.4333333333333
2023-07-21 20:00:00,31.8,32.1,80,1.5,27.6148888888889
2023-07-21 20:15:00,30.3,34.7,53,1.4,26.4206666666667
2023-07-21 20:30:00,29,36.9,27,1.5,26.4524444444444
2023-07-21 20:45:00,29,34.2,5,2.1,26.2657777777778
2023-07-21 21:00:00,27.8,32.4,1,1.6,25.4717777777778
2023-07-21 21:15:00,27.1,32.1,0,1.6,25.2617777777778
2023-07-21 21:30:00,26.7,31.5,0,1.9,24.6573333333333
2023-07-21 21:45:00,26.4,31.8,0,1.9,24.3651111111111
2023-07-21 22:00:00,26.6,31.2,0,1.9,23.9415555555556
2023-07-21 22:15:00,26.3,32,0,2.3,23.3197777777778
2023-07-21 22:30:00,25.7,34.4,0,1.8,22.4166666666667
2023-07-21 22:45:00,24.5,36.4,0,1.5,20.726
2023-07-21 23:00:00,22.6,42.1,0,1.2,19.2633333333333
2023-07-21 23:15:00,21,48.5,0,0.8,17.9904444444444
2023-07-21 23:30:00,19.3,54.3,0,1,17.3824444444444
2023-07-21 23:45:00,18.4,57.7,0,1.2,17.2771111111111
2023-07-22 00:00:00,18.25,57.9,0,1.2,17.3393333333333
2023-07-22 00:15:00,18.1,58.1,0,1.2,16.6886666666667
2023-07-22 00:30:00,17.7,59.4,0,0.9,15.6651111111111
2023-07-22 00:45:00,17.8,59.2,0,1.1,15.2164444444444
2023-07-22 01:00:00,17.3,61.1,0,0.9,14.4737777777778
2023-07-22 01:15:00,16.3,63.9,0,1,14.1802222222222
2023-07-22 01:30:00,17.8,56.5,0,1.2,14.1893333333333
2023-07-22 01:45:00,17.2,58.7,0,1.1,14.1802222222222
2023-07-22 02:00:00,16.9,55.9,0,1.2,13.8408888888889
2023-07-22 02:15:00,16.5,53.6,0,1.3,13.8264444444444
2023-07-22 02:30:00,16.1,54,0,1.1,13.1722222222222
2023-07-22 02:45:00,17.5,46.8,0,1.5,13.6646666666667
2023-07-22 03:00:00,17.8,45.5,0,1.9,13.7677777777778
2023-07-22 03:15:00,17.3,46.1,0,2.1,13.8251111111111
2023-07-22 03:30:00,18,43.1,0,2.3,13.7213333333333
2023-07-22 03:45:00,17.3,46,0,1.7,13.2288888888889
2023-07-22 04:00:00,15,55.8,0,1.1,13.13
2023-07-22 04:15:00,14.7,57.5,0,0.8,13.0688888888889
2023-07-22 04:30:00,13.8,62.6,0,1.2,12.8328888888889
2023-07-22 04:45:00,13.5,64.8,0,1.1,12.7737777777778
2023-07-22 05:00:00,13.5,63.7,0,0.9,12.5651111111111
2023-07-22 05:15:00,13.4,65,0,1,12.4102222222222
2023-07-22 05:30:00,13.6,64.5,2,0.9,12.2582222222222
2023-07-22 05:45:00,13.3,65.6,9,0.7,12.2557777777778
2023-07-22 06:00:00,14.6,61,30,1.1,12.602
2023-07-22 06:15:00,16,57,47,1.4,13.176
2023-07-22 06:30:00,16.6,57.4,82,0.9,13.8435555555556
2023-07-22 06:45:00,17.1,61.3,113,0.6,14.8342222222222
2023-07-22 07:00:00,18.1,65.6,142,0.7,15.9142222222222
2023-07-22 07:15:00,20.1,59.5,180,0.6,17.6264444444444
2023-07-22 07:30:00,21.8,50.4,217,1.4,19.3651111111111
2023-07-22 07:45:00,22.4,48.7,236,2,20.4615555555556
2023-07-22 08:00:00,23.1,47.9,263,1.9,21.3495555555555
2023-07-22 08:15:00,23.3,49.4,332,2,22.198
2023-07-22 08:30:00,23.7,47.4,376,2.4,22.9217777777778
2023-07-22 08:45:00,23.9,48.8,415,2.2,23.3468888888889
2023-07-22 09:00:00,24.4,46.4,455,2.4,24.1626666666667
2023-07-22 09:15:00,25,45.4,457,2.1,25.3491111111111
2023-07-22 09:30:00,25.5,44.1,473,2.4,26.5875555555556
2023-07-22 09:45:00,26.3,41.7,564,2.4,27.6895555555556
2023-07-22 10:00:00,27.1,39.6,601,2.5,28.5497777777778
2023-07-22 10:15:00,27.6,37.1,636,2.3,29.2533333333333
2023-07-22 10:30:00,27.9,35,668,2.5,29.9493333333333
2023-07-22 10:45:00,28.1,33.8,696,2.1,30.6326666666667
2023-07-22 11:00:00,28.3,32.5,724,2.1,31.2162222222222
2023-07-22 11:15:00,28.8,31.6,748,1.8,31.7875555555556
2023-07-22 11:30:00,29,31.4,757,2.1,32.2977777777778
2023-07-22 11:45:00,29.4,31.3,789,2.2,32.9462222222222
2023-07-22 12:00:00,29.5,31,806,2.3,33.2971111111111
2023-07-22 12:15:00,30.3,29.4,820,2.1,33.4211111111111
2023-07-22 12:30:00,30.9,27.6,832,2.1,33.0433333333333
2023-07-22 12:45:00,31.3,25.3,835,2,32.7664444444444
2023-07-22 13:00:00,31.6,25.2,750,2.3,32.1997777777778
2023-07-22 13:15:00,32.1,25.4,774,2.3,32.2728888888889
2023-07-22 13:30:00,32.1,24.6,844,2.5,32.5333333333333
2023-07-22 13:45:00,32.3,24.6,839,2.2,32.3524444444444
2023-07-22 14:00:00,32.9,24.1,816,2.2,32.8984444444444
2023-07-22 14:15:00,33,22.5,769,2.5,33.8708888888889
2023-07-22 14:30:00,33.3,21.7,710,2.6,34.826
2023-07-22 14:45:00,33.3,22.3,656,2.1,35.9975555555556
2023-07-22 15:00:00,33.4,21.6,683,1.8,37.2
2023-07-22 15:15:00,33.7,19.9,698,1.7,37.8453333333333
2023-07-22 15:30:00,33.6,22,699,2.2,38.1391111111111
2023-07-22 15:45:00,34,22.4,694,2.4,38.8268888888889
2023-07-22 16:00:00,34,22.8,668,2.8,39.1302222222222
2023-07-22 16:15:00,34,23.3,638,2.9,39.194
2023-07-22 16:30:00,34.3,23.1,604,2.4,39.1862222222222
2023-07-22 16:45:00,34.4,22.9,563,1.8,38.608
2023-07-22 17:00:00,34.6,21.8,521,1.9,38.4055555555556
2023-07-22 17:15:00,34.4,22,448,1.1,37.7486666666667
2023-07-22 17:30:00,33.3,25.9,412,0.9,37.5064444444444
2023-07-22 17:45:00,33.1,28.5,384,0.7,36.4728888888889
2023-07-22 18:00:00,33.6,24.9,343,0.6,35.5175555555556
2023-07-22 18:15:00,33.7,26.9,296,1,34.8028888888889
2023-07-22 18:30:00,33.3,29.5,258,0.8,34.2577777777778
2023-07-22 18:45:00,33.4,25.2,220,0.8,33.5333333333333
2023-07-22 19:00:00,32.5,31.8,179,0.4,32.264
2023-07-22 19:15:00,31.8,34,139,0.5,30.7006666666667
2023-07-22 19:30:00,30.6,40.7,110,0.5,28.906
2023-07-22 19:45:00,28,48.3,82,0.8,27.058
2023-07-22 20:00:00,26.6,51,55,0.9,25.2644444444444
2023-07-22 20:15:00,25.5,50.8,32,0.9,24.0331111111111
2023-07-22 20:30:00,24.1,53.3,15,0.9,23.1806666666667
2023-07-22 20:45:00,23.5,53.8,4,1.1,22.7695555555556
2023-07-22 21:00:00,22.8,52.2,0,1.1,22.4188888888889
2023-07-22 21:15:00,22.6,48.3,0,1.4,21.8535555555556
2023-07-22 21:30:00,22.7,45.7,0,1.7,21.452
2023-07-22 21:45:00,23.5,39.4,0,1.8,21.3208888888889
2023-07-22 22:00:00,23.6,38.2,0,1.7,21.1831111111111
2023-07-22 22:15:00,23,40.2,0,1.7,20.7773333333333
2023-07-22 22:30:00,23.2,38.4,0,1.5,19.7364444444444
2023-07-22 22:45:00,21.5,44,0,1.3,19.2615555555556
2023-07-22 23:00:00,20.4,48.3,0,1.1,19.0542222222222
2023-07-22 23:15:00,20.4,47.8,0,1.2,18.6991111111111
2023-07-22 23:30:00,19.8,49.9,0,0.9,18.0353333333333
2023-07-22 23:45:00,19.1,52.6,0,1.1,17.4566666666667
2023-07-23 00:00:00,18.6,55.3,0,1.1,17.0511111111111
2023-07-23 00:15:00,18.1,58,0,1.1,16.5473333333333
2023-07-23 00:30:00,18,59.9,0,1.1,16.2693333333333
2023-07-23 00:45:00,18,60.2,0,1.1,15.996
2023-07-23 01:00:00,17.5,62.9,0,1.2,15.6964444444444
2023-07-23 01:15:00,16.9,66.6,0,1.2,15.508
2023-07-23 01:30:00,17,66.5,0,0.9,15.3982222222222
2023-07-23 01:45:00,16.4,68.4,0,1.1,15.0435555555556
2023-07-23 02:00:00,16.2,68.8,0,1,14.9664444444444
2023-07-23 02:15:00,15.8,71.5,0,1.1,14.7733333333333
2023-07-23 02:30:00,15.9,71.4,0,1,14.716
2023-07-23 02:45:00,15.5,74.3,0,1.1,14.5851111111111
2023-07-23 03:00:00,15.9,69.9,0,1.2,14.7151111111111
2023-07-23 03:15:00,15.7,70.3,0,1.2,14.758
2023-07-23 03:30:00,15.7,68.9,0,1.3,14.5877777777778
2023-07-23 03:45:00,15.8,67.1,0,1,14.4702222222222
2023-07-23 04:00:00,15.7,67.3,0,0.8,14.2291111111111
2023-07-23 04:15:00,15.9,66,0,1.2,14.0075555555556
2023-07-23 04:30:00,15.6,67.1,0,1.1,13.9517777777778
2023-07-23 04:45:00,15,70.7,0,1.1,13.6326666666667
2023-07-23 05:00:00,15,72.3,0,1.3,13.4171111111111
2023-07-23 05:15:00,15.2,72.2,0,1.1,13.2833333333333
2023-07-23 05:30:00,15,73.6,2,1.2,13.4075555555556
2023-07-23 05:45:00,14.9,74.5,7,1.2,13.6211111111111
2023-07-23 06:00:00,14.9,75.2,25,0.9,13.91
2023-07-23 06:15:00,15.8,72,43,0.6,14.2691111111111
2023-07-23 06:30:00,16.5,71.9,76,0.7,14.9633333333333
2023-07-23 06:45:00,17.6,72.3,105,0.6,16.1204444444444
2023-07-23 07:00:00,19.3,68.8,136,0.6,17.1282222222222
2023-07-23 07:15:00,20.9,64.3,170,0.8,18.752
2023-07-23 07:30:00,21.9,58.4,205,1.6,19.9911111111111
2023-07-23 07:45:00,22.3,57.8,224,1.5,20.87
2023-07-23 08:00:00,22.5,57.2,259,1.6,21.7097777777778
2023-07-23 08:15:00,22.9,55.6,324,1.5,22.4313333333333
2023-07-23 08:30:00,23.5,54.4,367,1.8,22.9448888888889
2023-07-23 08:45:00,24.1,52.4,407,1.9,23.4802222222222
2023-07-23 09:00:00,24.5,50.1,446,1.9,24.3146666666667
2023-07-23 09:15:00,24.8,49.4,438,1.9,25.5155555555556
2023-07-23 09:30:00,25.5,49,468,1.7,26.7477777777778
2023-07-23 09:45:00,25.7,47.7,556,1.5,27.9126666666667
2023-07-23 10:00:00,26.2,46.7,590,1.5,28.7977777777778
2023-07-23 10:15:00,26.9,45.9,625,1.3,29.7904444444444
2023-07-23 10:30:00,27.6,44.1,658,1.3,30.6124444444444
2023-07-23 10:45:00,28.1,43.6,683,1.2,31.2913333333333
2023-07-23 11:00:00,28.8,41.5,711,1.1,32.234
2023-07-23 11:15:00,29.4,39,736,1.2,32.9184444444444
2023-07-23 11:30:00,30.1,35.4,759,1.1,33.3904444444444
2023-07-23 11:45:00,30.5,34.4,779,1.1,34.2815555555556
2023-07-23 12:00:00,30.9,34.7,795,1.4,34.6677777777778
2023-07-23 12:15:00,31.3,34.1,807,1.4,34.5182222222222
2023-07-23 12:30:00,31.5,32.9,819,1.6,34.0995555555556
2023-07-23 12:45:00,31.6,32.6,820,1.3,33.7413333333333
2023-07-23 13:00:00,32.1,31.1,739,1.6,33.506
2023-07-23 13:15:00,32.3,30.2,761,1.5,33.5615555555556
2023-07-23 13:30:00,33,28.3,832,1.5,33.8171111111111
2023-07-23 13:45:00,33,28.5,828,1.3,33.4468888888889
2023-07-23 14:00:00,33.3,28.9,802,1.4,33.8597777777778
2023-07-23 14:15:00,33.4,28.5,751,1,35.0328888888889
2023-07-23 14:30:00,33.4,29,705,1.4,35.9288888888889
2023-07-23 14:45:00,33.7,28.6,658,1.2,36.816
2023-07-23 15:00:00,33.8,29.5,679,1.1,37.9502222222222
2023-07-23 15:15:00,33.3,30.9,691,1.3,38.7506666666667
2023-07-23 15:30:00,33.6,30.1,698,1.2,39.2715555555556
2023-07-23 15:45:00,34.1,28.6,668,0.9,39.4917777777778
2023-07-23 16:00:00,33.6,30.1,588,0.9,38.9893333333333
2023-07-23 16:15:00,33.7,29.6,534,0.7,39.154
2023-07-23 16:30:00,33.4,34.4,557,1,38.8824444444444
2023-07-23 16:45:00,33,35.6,498,0.9,39.1151111111111
2023-07-23 17:00:00,33.7,32.3,487,0.7,38.8251111111111
2023-07-23 17:15:00,34.5,27.5,464,1.6,38.5251111111111
2023-07-23 17:30:00,34.5,27.9,436,0.9,38.2864444444444
2023-07-23 17:45:00,33.8,32,394,0.7,37.5491111111111
2023-07-23 18:00:00,33.9,30.1,365,0.7,36.7191111111111
2023-07-23 18:15:00,33.9,29.2,329,0.6,36.1691111111111
2023-07-23 18:30:00,33.9,31.6,286,0.6,35.5542222222222
2023-07-23 18:45:00,34.2,31,250,0.6,34.9204444444444
2023-07-23 19:00:00,33.6,36.3,205,0.7,33.8026666666667
2023-07-23 19:15:00,33.3,39.2,171,0.5,32.3817777777778
2023-07-23 19:30:00,30.9,45.4,137,0.8,30.6437777777778
2023-07-23 19:45:00,29.4,53.9,112,0.8,28.9208888888889
2023-07-23 20:00:00,28.8,56.4,85,0.6,27.2502222222222
2023-07-23 20:15:00,28.4,52.1,52,0.6,25.9202222222222
2023-07-23 20:30:00,26.9,56.2,28,0.8,24.8237777777778
2023-07-23 20:45:00,26.2,54.1,8,0.9,24.3333333333333
2023-07-23 21:00:00,26.4,44.9,1,1.7,25.442
2023-07-23 21:15:00,27.6,38.6,0,2.2,26.4091111111111
2023-07-23 21:30:00,27.9,36,0,2.1,25.7015555555556
2023-07-23 21:45:00,27.1,35.5,0,1.8,25.6042222222222
2023-07-23 22:00:00,27.1,32.1,0,2.3,25.508
2023-07-23 22:15:00,27,30.8,0,2.3,25.7035555555556
2023-07-23 22:30:00,26.8,29.4,0,2,25.3828888888889
2023-07-23 22:45:00,26.5,29.1,0,2.4,25.1437777777778
2023-07-23 23:00:00,26.4,27.7,0,2.3,24.6795555555556
2023-07-23 23:15:00,25.5,29.1,0,2,24.312
2023-07-23 23:30:00,25.7,28.2,0,2.7,23.8402222222222
2023-07-23 23:45:00,24.9,30,0,1.8,22.8373333333333
2023-07-24 00:00:00,23.65,32.65,0,1.6,22.0342222222222
2023-07-24 00:15:00,22.4,35.3,0,1.4,20.554
2023-07-24 00:30:00,21.3,36.6,0,0.9,18.8208888888889
2023-07-24 00:45:00,21.1,37,0,1.2,18.1635555555556
2023-07-24 01:00:00,21.8,36.8,0,1.7,19.7208888888889
2023-07-24 01:15:00,22.5,37,0,2.1,20.4011111111111
2023-07-24 01:30:00,22.4,38.5,0,2.1,20.6071111111111
2023-07-24 01:45:00,21.9,40.3,0,2,20.4117777777778
2023-07-24 02:00:00,21.8,40.2,0,2,20.1726666666667
2023-07-24 02:15:00,21.6,40.4,0,1.8,19.7388888888889
2023-07-24 02:30:00,21,42.5,0,1.9,20.028
2023-07-24 02:45:00,21.3,42.2,0,2.4,20.05
2023-07-24 03:00:00,21.4,42.1,0,2.5,19.6893333333333
2023-07-24 03:15:00,21,43.1,0,2.1,19.4368888888889
2023-07-24 03:30:00,20.7,43.8,0,2.1,18.4073333333333
2023-07-24 03:45:00,19.4,48.2,0,1.4,17.0026666666667
2023-07-24 04:00:00,17.4,56.5,0,1,15.8015555555556
2023-07-24 04:15:00,16.7,59.8,0,1.2,15.4193333333333
2023-07-24 04:30:00,16.4,61.4,0,1.1,15.0373333333333
2023-07-24 04:45:00,16.8,62.3,0,1.2,15.0215555555556
2023-07-24 05:00:00,17.5,60.6,0,1.4,14.4433333333333
2023-07-24 05:15:00,17.6,60.7,0,1,13.9897777777778
2023-07-24 05:30:00,16.3,67.3,1,0.6,13.5248888888889
2023-07-24 05:45:00,15.6,70,4,0.9,13.3291111111111
2023-07-24 06:00:00,15.2,71.8,19,0.9,13.4291111111111
2023-07-24 06:15:00,15.5,72,36,0.7,13.7848888888889
2023-07-24 06:30:00,16.3,69.5,66,0.6,14.4082222222222
2023-07-24 06:45:00,17.1,69.9,93,0.6,15.3162222222222
2023-07-24 07:00:00,18.5,68.4,124,0.5,16.5995555555556
2023-07-24 07:15:00,19.7,61.9,150,0.6,17.8862222222222
2023-07-24 07:30:00,20.5,58.1,180,0.9,19.1853333333333
2023-07-24 07:45:00,21.2,56.6,206,1,20.2333333333333
2023-07-24 08:00:00,21.6,55.1,238,1.3,21.1571111111111
2023-07-24 08:15:00,22.1,54,296,1.6,22.1095555555556
2023-07-24 08:30:00,22.6,52.3,330,1.5,22.896
2023-07-24 08:45:00,23.3,50.3,392,1.4,23.4428888888889
2023-07-24 09:00:00,24,47.2,429,1.2,24.3866666666667
2023-07-24 09:15:00,24.6,44.5,435,1.4,25.3104444444444
2023-07-24 09:30:00,24.8,43.2,474,1.8,26.1764444444444
2023-07-24 09:45:00,25.3,41.3,551,2,27.102
2023-07-24 10:00:00,25.3,41.8,582,2,28.1908888888889
2023-07-24 10:15:00,25.6,41.3,614,1.7,29.0715555555556
2023-07-24 10:30:00,26,40.3,645,1.8,29.5273333333333
2023-07-24 10:45:00,26.7,38.6,678,1.8,30.3268888888889
2023-07-24 11:00:00,27.2,37.5,702,1.7,31.1673333333333
2023-07-24 11:15:00,27.3,34.9,733,2.3,31.5791111111111
2023-07-24 11:30:00,27.7,34.2,762,2.4,32.2237777777778
2023-07-24 11:45:00,28.4,33.3,779,2,32.5133333333333
2023-07-24 12:00:00,28.6,32.4,798,2,33.0317777777778
2023-07-24 12:15:00,28.8,32,787,2.1,33.104
2023-07-24 12:30:00,29.2,31.6,834,2.1,33.1568888888889
2023-07-24 12:45:00,29.5,31.7,827,2.3,32.3755555555556
2023-07-24 13:00:00,29.6,30.2,682,2.3,32.144
2023-07-24 13:15:00,30.1,28.5,798,2.7,32.228
2023-07-24 13:30:00,31.3,26.4,860,3,31.1306666666667
2023-07-24 13:45:00,30.3,27.9,511,2.3,31.3033333333333
2023-07-24 14:00:00,30.8,27.3,715,2.5,32.1711111111111
2023-07-24 14:15:00,31.1,26.7,742,2.3,33.4995555555556
2023-07-24 14:30:00,30.9,27.7,731,1.6,34.6002222222222
2023-07-24 14:45:00,31.5,26.9,668,2.4,35.3713333333333
2023-07-24 15:00:00,31.4,26.4,688,2.7,35.7162222222222
2023-07-24 15:15:00,31.5,27.3,599,3.8,34.8375555555556
2023-07-24 15:30:00,30.7,30.5,549,5.6,32.7482222222222
2023-07-24 15:45:00,28.8,35.4,349,5.8,31.7102222222222
2023-07-24 16:00:00,28.2,34.7,537,7.2,30.5735555555556
2023-07-24 16:15:00,27.5,36.9,409,6.4,29.186
2023-07-24 16:30:00,26.2,40.7,239,5.9,27.7033333333333
2023-07-24 16:45:00,25,42.2,162,6.8,26.6451111111111
2023-07-24 17:00:00,24.6,42.3,163,6.7,25.9946666666667
2023-07-24 17:15:00,24.3,43.8,216,6.3,25.0873333333333
2023-07-24 17:30:00,23.7,45.8,120,6.2,24.6273333333333
2023-07-24 17:45:00,23.3,48.6,228,6.7,24.4202222222222
2023-07-24 18:00:00,23.5,49.1,200,4.9,23.9937777777778
2023-07-24 18:15:00,23.2,50.4,154,4.6,23.6233333333333
2023-07-24 18:30:00,23.1,52.6,139,4.2,23.2102222222222
2023-07-24 18:45:00,22.9,52.8,103,4.7,23.7384444444444
2023-07-24 19:00:00,23.5,51.5,181,3.6,23.646
2023-07-24 19:15:00,24.3,47.4,95,4.3,24.1977777777778
2023-07-24 19:30:00,24.8,46.2,107,4,24.5273333333333
2023-07-24 19:45:00,25,45.8,119,3.8,24.2442222222222
2023-07-24 20:00:00,24.7,47.7,84,2.6,23.2282222222222
2023-07-24 20:15:00,23.5,52.4,44,1.8,22.1044444444444
2023-07-24 20:30:00,22.1,58.7,21,0.9,20.7104444444444
2023-07-24 20:45:00,21.2,63.1,5,0.8,19.8028888888889
2023-07-24 21:00:00,20.2,66.7,0,0.7,18.7917777777778
2023-07-24 21:15:00,20.6,61.5,0,1.6,18.5666666666667
2023-07-24 21:30:00,20.3,60.8,0,1.4,20.1306666666667
2023-07-24 21:45:00,21,55.1,0,3.7,20.5904444444444
2023-07-24 22:00:00,21.3,54,0,4.6,20.2208888888889
2023-07-24 22:15:00,20.8,55.6,0,3,19.7744444444444
2023-07-24 22:30:00,20,57.5,0,1.6,19.4613333333333
2023-07-24 22:45:00,19.8,57.7,0,2.3,19.3251111111111
2023-07-24 23:00:00,19.8,58,0,3,19.0657777777778
2023-07-24 23:15:00,19.7,58.4,0,2.6,18.5746666666667
2023-07-24 23:30:00,18.8,62.2,0,1.7,17.526
2023-07-24 23:45:00,17.7,66,0,1.4,16.6193333333333
2023-07-25 00:00:00,17.75,65.3,0,1.45,16.3564444444444
2023-07-25 00:15:00,17.8,64.6,0,1.5,17.1502222222222
2023-07-25 00:30:00,18.1,63.9,0,1.9,17.5064444444444
2023-07-25 00:45:00,18.1,64.7,0,2,17.8142222222222
2023-07-25 01:00:00,18.6,62.7,0,2.6,17.4062222222222
2023-07-25 01:15:00,18.4,63.6,0,2,17.0306666666667
2023-07-25 01:30:00,17.5,67.2,0,0.8,15.7915555555556
2023-07-25 01:45:00,16.3,72.1,0,1.4,15.1746666666667
2023-07-25 02:00:00,16.5,70.8,0,1.8,14.8226666666667
2023-07-25 02:15:00,16.9,69,0,1.5,14.2357777777778
2023-07-25 02:30:00,16.8,69.4,0,1.2,14.4253333333333
2023-07-25 02:45:00,16.8,70.3,0,1.3,14.1982222222222
2023-07-25 03:00:00,17.5,67.7,0,1.5,13.5962222222222
2023-07-25 03:15:00,16.7,71.1,0,1.3,13.7035555555556
2023-07-25 03:30:00,15.7,75.5,0,1.8,14.354
2023-07-25 03:45:00,16.1,72.7,0,2,14.4186666666667
2023-07-25 04:00:00,16.3,71.8,0,1.9,14.1437777777778
2023-07-25 04:15:00,16.7,71,0,1.8,14.1622222222222
2023-07-25 04:30:00,16.4,72.3,0,1.6,13.3542222222222
2023-07-25 04:45:00,15.1,77.4,0,1.2,12.8966666666667
2023-07-25 05:00:00,14.9,76.8,0,0.9,12.5462222222222
2023-07-25 05:15:00,14.5,78.9,0,1.2,12.406
2023-07-25 05:30:00,15,76.7,1,1,12.3022222222222
2023-07-25 05:45:00,13.8,82.7,6,1,12.5504444444444
2023-07-25 06:00:00,14.6,78.5,24,1.6,12.9168888888889
2023-07-25 06:15:00,15.3,77.4,42,1.7,13.2768888888889
2023-07-25 06:30:00,15.9,77.2,76,1.3,14.1064444444444
2023-07-25 06:45:00,16.5,76.4,108,1.2,15.0135555555556
2023-07-25 07:00:00,17.7,75.1,138,0.6,16.1017777777778
2023-07-25 07:15:00,18.2,76.1,171,0.8,17.2206666666667
2023-07-25 07:30:00,19.2,69.9,209,0.6,18.2866666666667
2023-07-25 07:45:00,20,66.7,224,0.7,19.0337777777778
2023-07-25 08:00:00,20.7,62.9,261,1.2,19.7155555555556
2023-07-25 08:15:00,20.9,60.6,324,2,20.296
2023-07-25 08:30:00,21.1,60.3,366,2.3,20.9933333333333
2023-07-25 08:45:00,21.8,56.9,405,2.5,21.5022222222222
2023-07-25 09:00:00,22,55.7,443,3.1,22.0557777777778
2023-07-25 09:15:00,22.5,53.7,437,3,23.1144444444444
2023-07-25 09:30:00,22.8,52.5,485,3.2,24.1444444444444
2023-07-25 09:45:00,23.2,50,559,3.2,25.0131111111111
2023-07-25 10:00:00,23.6,48.6,594,3.2,25.716
2023-07-25 10:15:00,24.2,45.6,625,2.2,26.616
2023-07-25 10:30:00,24.1,46.3,654,2.5,27.1895555555556
2023-07-25 10:45:00,24.5,44.1,685,3.1,27.2375555555556
2023-07-25 11:00:00,24.7,42.5,714,3.5,27.8473333333333
2023-07-25 11:15:00,25,41.6,737,3,28.1366666666667
2023-07-25 11:30:00,25.3,39.4,758,2.6,28.8371111111111
2023-07-25 11:45:00,25.6,38.5,775,2.7,29.2342222222222
2023-07-25 12:00:00,25.5,39.2,791,2.3,29.4366666666667
2023-07-25 12:15:00,25.9,37.3,806,3.1,29.3293333333333
2023-07-25 12:30:00,26.2,36.4,815,2.9,29.1704444444444
2023-07-25 12:45:00,26.5,34.5,820,3.2,28.8966666666667
2023-07-25 13:00:00,26.7,34,737,2.6,28.1784444444444
2023-07-25 13:15:00,26.7,34.2,760,2.6,28.35
2023-07-25 13:30:00,26.7,33.8,828,2.9,27.97
2023-07-25 13:45:00,27.1,32.5,823,3,27.7786666666667
2023-07-25 14:00:00,27.2,31.9,802,3.2,28.7182222222222
2023-07-25 14:15:00,27,31.9,757,2.7,29.78
2023-07-25 14:30:00,27.5,31.4,704,2.6,30.6095555555556
2023-07-25 14:45:00,27.6,30.6,647,3.2,31.3308888888889
2023-07-25 15:00:00,27.6,30.7,669,2.8,31.6866666666667
2023-07-25 15:15:00,28.1,29.9,686,3,32.27
2023-07-25 15:30:00,28.2,29.3,687,2.9,32.6702222222222
2023-07-25 15:45:00,28.4,28.6,684,2.4,32.9922222222222
2023-07-25 16:00:00,28.7,28.5,659,2.8,33.3902222222222
2023-07-25 16:15:00,28.2,29.7,629,2.9,33.4033333333333
2023-07-25 16:30:00,28.4,28.7,596,2.9,33.0931111111111
2023-07-25 16:45:00,28.4,27.6,561,3.2,32.9646666666667
2023-07-25 17:00:00,28.5,26.8,526,2.8,32.892
2023-07-25 17:15:00,28.4,26.2,489,2.9,33.1404444444444
2023-07-25 17:30:00,28.3,27.1,452,2.6,32.8762222222222
2023-07-25 17:45:00,28.5,26.5,423,2.3,32.218
2023-07-25 18:00:00,28.4,27.5,388,1.9,31.794
2023-07-25 18:15:00,28.4,26.6,338,1.8,31.5271111111111
2023-07-25 18:30:00,28.4,26.7,291,1.8,30.5957777777778
2023-07-25 18:45:00,28.1,28,249,1.9,30.1022222222222
2023-07-25 19:00:00,27.7,28.9,210,1.6,29.5095555555556
2023-07-25 19:15:00,27.3,30.6,172,1.7,27.986
2023-07-25 19:30:00,26.6,33.7,137,1.1,25.6333333333333
2023-07-25 19:45:00,25.5,39,103,1,23.8551111111111
2023-07-25 20:00:00,24.2,42.1,71,1.1,22.7195555555555
2023-07-25 20:15:00,23.7,37.4,44,2.4,22.8524444444444
2023-07-25 20:30:00,23.3,35.2,19,3.3,22.3151111111111
2023-07-25 20:45:00,22.7,35.6,4,3.1,21.6528888888889
2023-07-25 21:00:00,22,36.6,1,2.9,21.2297777777778
2023-07-25 21:15:00,21.4,37.4,0,3.4,20.6182222222222
2023-07-25 21:30:00,21,37.6,0,3.4,19.8968888888889
2023-07-25 21:45:00,20.7,38.1,0,2.7,18.7375555555556
2023-07-25 22:00:00,19.4,42,0,1.6,19.5353333333333
2023-07-25 22:15:00,20.8,37.7,0,2.6,18.2671111111111
2023-07-25 22:30:00,19.3,42.5,0,1.8,16.9602222222222
2023-07-25 22:45:00,19.9,40.4,0,2.3,16.8851111111111
2023-07-25 23:00:00,18.3,46.5,0,1.4,15.7362222222222
2023-07-25 23:15:00,17.6,49.2,0,1.6,15.6555555555556
2023-07-25 23:30:00,17,49.7,0,1.2,14.6388888888889
2023-07-25 23:45:00,16.4,52.6,0,1.6,14.6615555555556
2023-07-26 00:00:00,15.95,54,0,1.45,14.2515555555556
2023-07-26 00:15:00,15.5,55.4,0,1.3,14.0348888888889
2023-07-26 00:30:00,15.3,55.6,0,1.5,13.6644444444444
2023-07-26 00:45:00,14.6,58.6,0,1.6,13.398
2023-07-26 01:00:00,14.6,57.9,0,1.5,12.6855555555556
2023-07-26 01:15:00,14.6,57,0,1.4,12.1237777777778
2023-07-26 01:30:00,15.2,53.7,0,1.3,11.7175555555556
2023-07-26 01:45:00,14.6,56.4,0,1.5,11.0591111111111
2023-07-26 02:00:00,13.6,60.4,0,0.8,10.5897777777778
2023-07-26 02:15:00,12.5,67.1,0,0.8,10.3722222222222
2023-07-26 02:30:00,11.4,72.8,0,1,10.1951111111111
2023-07-26 02:45:00,11.2,74,0,0.8,10.0186666666667
2023-07-26 03:00:00,10.6,76,0,0.7,9.79733333333333
2023-07-26 03:15:00,10.8,73.9,0,1,9.89155555555556
2023-07-26 03:30:00,10.9,72.6,0,1.4,10.274
2023-07-26 03:45:00,12.1,67.4,0,1.7,10.1557777777778
2023-07-26 04:00:00,12.4,66.5,0,1.4,9.94222222222222
2023-07-26 04:15:00,12.3,67.4,0,1.5,9.74333333333333
2023-07-26 04:30:00,10.9,74,0,1.2,9.556
2023-07-26 04:45:00,10.3,74.9,0,0.8,9.24644444444444
2023-07-26 05:00:00,9.8,76.3,0,0.9,8.95
2023-07-26 05:15:00,9.3,79.6,0,1,8.94377777777778
2023-07-26 05:30:00,9.4,79.1,1,0.7,8.93844444444444
2023-07-26 05:45:00,9,81.8,6,1,8.97111111111111
2023-07-26 06:00:00,9.5,80.5,26,0.7,9.12066666666667
2023-07-26 06:15:00,10.2,80.3,42,0.9,9.71955555555556
2023-07-26 06:30:00,11.8,75.1,74,1,10.468
2023-07-26 06:45:00,12.8,75,101,0.7,11.3675555555556
2023-07-26 07:00:00,14.2,71.5,133,0.8,12.8115555555556
2023-07-26 07:15:00,15.6,65.5,166,1.8,14.3464444444444
2023-07-26 07:30:00,16.2,63.7,203,2,15.2591111111111
2023-07-26 07:45:00,16.8,61.4,219,2.1,16.2235555555556
2023-07-26 08:00:00,17.1,60.2,262,2.5,16.896
2023-07-26 08:15:00,17.5,59.6,332,2.3,17.5135555555556
2023-07-26 08:30:00,17.8,59,378,2.3,18.3342222222222
2023-07-26 08:45:00,18.4,56.3,404,1.9,18.9784444444444
2023-07-26 09:00:00,18.9,54.3,440,2.1,19.8551111111111
2023-07-26 09:15:00,19.2,53.4,432,1.9,20.8835555555556
2023-07-26 09:30:00,19.8,51,482,1.8,22.198
2023-07-26 09:45:00,20.1,50.4,556,1.9,23.2315555555556
2023-07-26 10:00:00,20.6,48.7,591,1.7,24.1602222222222
2023-07-26 10:15:00,21,47.9,625,1.7,25.1455555555556
2023-07-26 10:30:00,21.6,45.4,656,1.9,25.638
2023-07-26 10:45:00,21.8,43.8,685,2,26.4511111111111
2023-07-26 11:00:00,22.4,42.3,713,1.7,27.0302222222222
2023-07-26 11:15:00,22.9,40.6,738,1.2,27.7404444444444
2023-07-26 11:30:00,22.9,40.5,760,1.2,28.6042222222222
2023-07-26 11:45:00,23.3,39.6,780,1.2,28.9486666666667
2023-07-26 12:00:00,24.2,38.1,796,1.2,28.8966666666667
2023-07-26 12:15:00,24.3,38,809,1.6,28.9917777777778
2023-07-26 12:30:00,24.6,37,820,1.7,29.1333333333333
2023-07-26 12:45:00,24.6,36.8,826,1.4,28.5071111111111
2023-07-26 13:00:00,25.2,36.4,745,1.4,28.4246666666667
2023-07-26 13:15:00,24.9,36.5,765,1.5,27.8853333333333
2023-07-26 13:30:00,25.6,35.5,832,1.7,27.7648888888889
2023-07-26 13:45:00,26.1,33,830,2.1,27.9342222222222
2023-07-26 14:00:00,26.1,29.6,815,1.9,28.528
2023-07-26 14:15:00,26.5,29.5,768,1.9,29.7077777777778
2023-07-26 14:30:00,26.4,30.1,714,2.2,31.0395555555556
2023-07-26 14:45:00,26.7,28.8,655,1.1,31.7571111111111
2023-07-26 15:00:00,27.1,28.6,676,1.8,32.4975555555556
2023-07-26 15:15:00,27.5,28,696,1.5,32.9055555555556
2023-07-26 15:30:00,27.6,27.5,696,1.8,33.416
2023-07-26 15:45:00,27.5,28,696,1.9,34.5311111111111
2023-07-26 16:00:00,27.3,27.6,672,1.6,34.9242222222222
2023-07-26 16:15:00,27.8,25.9,641,1.5,35.4277777777778
2023-07-26 16:30:00,28.1,23.4,604,1.6,34.9802222222222
2023-07-26 16:45:00,28.3,24.4,569,1.2,34.8602222222222
2023-07-26 17:00:00,28.2,25.3,532,1.8,34.5846666666667
2023-07-26 17:15:00,28.3,24.8,494,2,34.3133333333333
2023-07-26 17:30:00,27.9,27.1,450,1.7,33.9962222222222
2023-07-26 17:45:00,27.7,29.3,411,1.4,33.0228888888889
2023-07-26 18:00:00,26.8,35.1,369,1.8,31.9186666666667
2023-07-26 18:15:00,26.7,35.3,328,2.2,30.9411111111111
2023-07-26 18:30:00,26.7,34,286,2,30.4348888888889
2023-07-26 18:45:00,26.4,37.4,244,2.1,29.5644444444444
2023-07-26 19:00:00,26,38.8,205,1.6,28.9571111111111
2023-07-26 19:15:00,25.5,39.5,168,1.9,27.64
2023-07-26 19:30:00,24.8,41.2,124,2,25.3331111111111
2023-07-26 19:45:00,23.6,43.9,60,1.7,23.7906666666667
2023-07-26 20:00:00,22.8,44.5,52,1.3,22.3411111111111
2023-07-26 20:15:00,21.8,45.4,16,1.3,21.4331111111111
2023-07-26 20:30:00,21,45.7,9,1.1,20.1571111111111
2023-07-26 20:45:00,20.4,46,2,1,19.6444444444444
2023-07-26 21:00:00,20.5,44.9,0,1.6,19.7308888888889
2023-07-26 21:15:00,20.9,43.2,0,1.5,19.7804444444444
2023-07-26 21:30:00,20.8,43.6,0,1.9,19.7437777777778
2023-07-26 21:45:00,20.7,43.2,0,2.1,19.2035555555556
2023-07-26 22:00:00,20.3,43.3,0,2,18.6657777777778
2023-07-26 22:15:00,19.8,43.9,0,2.1,18.4166666666667
2023-07-26 22:30:00,19.5,44.2,0,2.1,17.7497777777778
2023-07-26 22:45:00,19.2,44.9,0,1.7,17.3315555555556
2023-07-26 23:00:00,18.8,46.9,0,1.8,17.2793333333333
2023-07-26 23:15:00,19.2,44.2,0,2.1,17.1153333333333
2023-07-26 23:30:00,19.3,43.9,0,1.6,17.3122222222222
2023-07-26 23:45:00,19.7,42.3,0,1.9,17.392
2023-07-27 00:00:00,19.25,44.4,0,1.75,17.2624444444444
2023-07-27 00:15:00,18.8,46.5,0,1.6,17.142
2023-07-27 00:30:00,18.8,46.1,0,1.5,16.9477777777778
2023-07-27 00:45:00,18.1,48.2,0,1.3,16.5737777777778
2023-07-27 01:00:00,17.6,49.4,0,1.6,16.3684444444444
2023-07-27 01:15:00,17.1,50.7,0,1.3,16.08
2023-07-27 01:30:00,17.5,48.5,0,1.4,15.9775555555556
2023-07-27 01:45:00,17.7,48.1,0,1.1,15.8911111111111
2023-07-27 02:00:00,17.2,51.1,0,1.1,15.8591111111111
2023-07-27 02:15:00,17.7,49.1,0,1.3,15.8864444444444
2023-07-27 02:30:00,17.7,48.7,0,1.3,15.3831111111111
2023-07-27 02:45:00,16.8,52.4,0,0.8,14.3166666666667
2023-07-27 03:00:00,15.9,55.2,0,0.8,13.8986666666667
2023-07-27 03:15:00,15.4,56.3,0,0.8,13.5604444444444
2023-07-27 03:30:00,14.5,61,0,1.2,13.2126666666667
2023-07-27 03:45:00,14,64.6,0,1.1,12.7744444444444
2023-07-27 04:00:00,13.4,67.3,0,0.9,12.3951111111111
2023-07-27 04:15:00,13,69.2,0,1.1,12.226
2023-07-27 04:30:00,12.6,71.1,0,1,12.1502222222222
2023-07-27 04:45:00,12.2,72.3,0,0.9,11.9295555555556
2023-07-27 05:00:00,12,72.8,0,1,11.7495555555556
2023-07-27 05:15:00,11.9,73.5,0,0.8,11.5351111111111
2023-07-27 05:30:00,11.5,75.1,1,1,11.4386666666667
2023-07-27 05:45:00,11.6,75.2,4,1.2,11.4591111111111
2023-07-27 06:00:00,11.9,74.3,11,1.3,11.5504444444444
2023-07-27 06:15:00,12.1,74.9,30,0.6,11.9593333333333
2023-07-27 06:30:00,13.3,72.9,65,0.9,12.4451111111111
2023-07-27 06:45:00,14.7,71.1,95,0.8,13.3357777777778
2023-07-27 07:00:00,16.3,68.1,125,0.7,14.5186666666667
2023-07-27 07:15:00,18,62.3,157,0.5,15.9322222222222
2023-07-27 07:30:00,19.2,54.2,192,0.5,17.2988888888889
2023-07-27 07:45:00,20,50.6,207,0.8,18.3857777777778
2023-07-27 08:00:00,20.7,50.3,250,0.7,19.2197777777778
2023-07-27 08:15:00,20.8,50.3,308,1,19.948
2023-07-27 08:30:00,21,50.3,349,1.3,20.6915555555556
2023-07-27 08:45:00,21.3,50.8,389,1.4,21.3795555555556
2023-07-27 09:00:00,21.8,49.8,426,1.3,22.0368888888889
2023-07-27 09:15:00,22.1,49.6,418,1.4,22.9875555555556
2023-07-27 09:30:00,22.5,48.6,474,1.6,23.9495555555556
2023-07-27 09:45:00,22.9,47.5,543,1.3,24.9946666666667
2023-07-27 10:00:00,23.2,46.9,578,1.3,26.2304444444444
2023-07-27 10:15:00,24,43.9,610,1.2,27.0544444444444
2023-07-27 10:30:00,24.6,41.4,639,1.1,27.9397777777778
2023-07-27 10:45:00,25.5,39.5,668,0.9,28.7411111111111
2023-07-27 11:00:00,25.8,38.9,694,1,29.4833333333333
2023-07-27 11:15:00,25.4,39.6,712,1.5,30.0533333333333
2023-07-27 11:30:00,26.4,37.7,744,1.5,30.5935555555556
2023-07-27 11:45:00,26.4,37.1,760,1.5,30.9944444444444
2023-07-27 12:00:00,26.9,36.9,770,1.6,31.3675555555556
2023-07-27 12:15:00,27.3,36.7,765,1.8,31.3866666666667
2023-07-27 12:30:00,27.3,36.3,781,1.7,31.3831111111111
2023-07-27 12:45:00,27.7,34.2,801,1.4,30.8691111111111
2023-07-27 13:00:00,28.1,32.7,731,1.8,30.4937777777778
2023-07-27 13:15:00,28.3,29.7,752,1.8,30.4226666666667
2023-07-27 13:30:00,28.5,29.5,803,1.9,30.3448888888889
2023-07-27 13:45:00,28.8,27.6,803,1.3,30.2866666666667
2023-07-27 14:00:00,28.9,28.6,782,1.5,30.8544444444444
2023-07-27 14:15:00,29.4,26.9,745,1.4,32.0466666666667
2023-07-27 14:30:00,29.8,27.6,705,1.4,32.9597777777778
2023-07-27 14:45:00,30,26.2,648,1.1,33.6711111111111
2023-07-27 15:00:00,29.9,25.5,663,1.8,34.1522222222222
2023-07-27 15:15:00,30.1,24.7,682,1.3,34.4504444444444
2023-07-27 15:30:00,29.9,26.7,678,1.3,35.2373333333333
2023-07-27 15:45:00,29.9,26.4,675,1.2,35.7582222222222
2023-07-27 16:00:00,30,25.2,653,1,35.9557777777778
2023-07-27 16:15:00,30.1,26.1,620,1.3,36.4144444444444
2023-07-27 16:30:00,30.1,27,590,1.2,36.1431111111111
2023-07-27 16:45:00,30.2,25.4,556,0.8,35.7666666666667
2023-07-27 17:00:00,29.9,28.2,519,1.4,36.0457777777778
2023-07-27 17:15:00,30.1,26.4,479,1.3,35.6011111111111
2023-07-27 17:30:00,30.3,24.5,441,0.9,35.6335555555556
2023-07-27 17:45:00,30.2,25.5,401,1,34.7328888888889
2023-07-27 18:00:00,30.1,25.6,359,1.1,34.0631111111111
2023-07-27 18:15:00,29.8,26,319,1.7,33.4653333333333
2023-07-27 18:30:00,29.8,25.3,279,1.3,32.6766666666667
2023-07-27 18:45:00,29.4,26,238,1.3,31.9382222222222
2023-07-27 19:00:00,28.9,26.9,199,0.9,31.284
2023-07-27 19:15:00,28.5,28.9,162,0.8,29.4668888888889
2023-07-27 19:30:00,27.7,29,127,0.6,26.3144444444444
2023-07-27 19:45:00,27.1,31.1,93,0.4,23.9642222222222
2023-07-27 20:00:00,24.2,43.2,63,1,22.0766666666667
2023-07-27 20:15:00,23.1,47,35,1.1,20.3622222222222
2023-07-27 20:30:00,21.9,44.4,12,1.2,19.4377777777778
2023-07-27 20:45:00,20.4,45.1,3,1.2,19.2922222222222
2023-07-27 21:00:00,20.2,42,0,1.4,19.0142222222222
2023-07-27 21:15:00,19.9,41.1,0,1.9,19.3584444444444
2023-07-27 21:30:00,21.7,31.9,0,2.4,19.9488888888889
2023-07-27 21:45:00,21.4,32.3,0,1.9,19.0866666666667
2023-07-27 22:00:00,21.2,32.5,0,2.2,18.6533333333333
2023-07-27 22:15:00,21.1,31.7,0,1.7,18.4382222222222
2023-07-27 22:30:00,21.1,32.1,0,2.4,18.7922222222222
2023-07-27 22:45:00,22.2,32.6,0,2.3,18.298
2023-07-27 23:00:00,22.4,32.8,0,1.6,16.5511111111111
2023-07-27 23:15:00,19.3,42.1,0,1,16.1355555555556
2023-07-27 23:30:00,17.9,46.1,0,1.3,15.4048888888889
2023-07-27 23:45:00,17.1,48.2,0,1,14.8008888888889
2023-07-28 00:00:00,17.4,49.7,0,1.05,14.0844444444444
2023-07-28 00:15:00,17.7,51.2,0,1.1,13.6557777777778
2023-07-28 00:30:00,18.2,52.7,0,1.1,13.5486666666667
2023-07-28 00:45:00,18.5,53.3,0,1.7,13.9377777777778
2023-07-28 01:00:00,18.2,54.6,0,1.4,15.3168888888889
2023-07-28 01:15:00,18.2,54.9,0,1.6,14.9886666666667
2023-07-28 01:30:00,18.2,55.4,0,1.7,13.9526666666667
2023-07-28 01:45:00,17.2,59.3,0,1.2,13.4395555555556
2023-07-28 02:00:00,16.5,62.6,0,1.4,14.194
2023-07-28 02:15:00,16.9,61.3,0,1.8,13.7062222222222
2023-07-28 02:30:00,17.1,61.6,0,1.6,12.7833333333333
2023-07-28 02:45:00,15.9,66.4,0,1,12.5668888888889
2023-07-28 03:00:00,15.3,67.3,0,1,12.3026666666667
2023-07-28 03:15:00,13.8,73.8,0,0.8,12.0666666666667
2023-07-28 03:30:00,13.4,74.4,0,0.9,12.0277777777778
2023-07-28 03:45:00,14.4,70.2,0,1.1,11.9928888888889
2023-07-28 04:00:00,14.1,71.9,0,1.2,12.2124444444444
2023-07-28 04:15:00,14.5,70.9,0,1.6,12.424
2023-07-28 04:30:00,14.7,70.1,0,1.9,12.292
2023-07-28 04:45:00,14.5,71.5,0,1.8,12.2117777777778
2023-07-28 05:00:00,14.3,71.1,0,1.6,11.9588888888889
2023-07-28 05:15:00,13.9,72.3,0,1.5,11.86
2023-07-28 05:30:00,14.2,71.8,0,1.5,11.8091111111111
2023-07-28 05:45:00,14.2,72.2,4,1.5,11.6202222222222
2023-07-28 06:00:00,13.5,75.5,12,0.7,11.7911111111111
2023-07-28 06:15:00,12.9,78.7,24,0.8,12.2517777777778
2023-07-28 06:30:00,13.1,79.4,39,0.6,12.8748888888889
2023-07-28 06:45:00,14.2,77.9,76,0.7,13.4677777777778
2023-07-28 07:00:00,15,77.1,73,0.8,14.3737777777778
2023-07-28 07:15:00,16,76.6,114,0.4,15.7982222222222
2023-07-28 07:30:00,18,70.3,196,0.5,17.4784444444444
2023-07-28 07:45:00,19.4,61.2,213,0.8,18.3422222222222
2023-07-28 08:00:00,19.7,58,206,1.1,19.0977777777778
2023-07-28 08:15:00,20.1,56.9,315,1.2,19.9613333333333
2023-07-28 08:30:00,20.4,55.9,344,1.3,20.7097777777778
2023-07-28 08:45:00,21,54.6,403,1.4,21.2997777777778
2023-07-28 09:00:00,21.2,54.3,383,1.6,22.0788888888889
2023-07-28 09:15:00,21.6,53.7,427,1.5,22.9942222222222
2023-07-28 09:30:00,22.4,52.1,494,1.4,24.3495555555556
2023-07-28 09:45:00,22.7,50.3,548,1.7,25.3428888888889
2023-07-28 10:00:00,23.1,48.7,578,1.7,26.3368888888889
2023-07-28 10:15:00,23.9,46.7,609,1.4,27.27
2023-07-28 10:30:00,24.3,46.6,640,1.4,28.0711111111111
2023-07-28 10:45:00,24.8,44.6,669,1.7,28.7531111111111
2023-07-28 11:00:00,25.1,42.8,697,1.3,29.2526666666667
2023-07-28 11:15:00,25.8,42.2,721,1.2,29.9475555555556
2023-07-28 11:30:00,25.8,43,744,1.4,30.7408888888889
2023-07-28 11:45:00,26.6,41.6,764,1.4,31.3997777777778
2023-07-28 12:00:00,27,39.9,782,1.4,31.8657777777778
2023-07-28 12:15:00,27.2,39.5,796,1.5,31.9415555555556
2023-07-28 12:30:00,27.5,38,809,1.7,32.1577777777778
2023-07-28 12:45:00,28,34.1,812,1.2,31.5242222222222
2023-07-28 13:00:00,28.4,34,735,1.4,30.9733333333333
2023-07-28 13:15:00,28.7,33.4,757,1.4,30.7666666666667
2023-07-28 13:30:00,29.1,32.1,823,1.4,30.994
2023-07-28 13:45:00,29.1,31.3,818,1.3,31.1906666666667
2023-07-28 14:00:00,29.3,31.4,794,1.7,31.7813333333333
2023-07-28 14:15:00,29.9,28.9,750,1.8,32.6862222222222
2023-07-28 14:30:00,30.2,29,705,1.2,33.64
2023-07-28 14:45:00,30.8,26,647,1.7,34.4035555555555
2023-07-28 15:00:00,30.3,26.4,660,1.2,35.0431111111111
2023-07-28 15:15:00,30.5,27.3,676,1.2,35.5137777777778
2023-07-28 15:30:00,30.2,28.4,676,1.3,36.0082222222222
2023-07-28 15:45:00,30.7,27.2,675,1,36.8637777777778
2023-07-28 16:00:00,30.7,27.9,653,1.5,36.9613333333333
2023-07-28 16:15:00,30.9,25.9,620,0.9,37.428
2023-07-28 16:30:00,31.5,24.1,584,0.9,37.4351111111111
2023-07-28 16:45:00,31.5,25.2,551,0.8,36.9924444444444
2023-07-28 17:00:00,31.7,22.4,517,1.7,36.8753333333333
2023-07-28 17:15:00,31.6,23.4,477,1.3,35.9977777777778
2023-07-28 17:30:00,31.8,23,438,1,35.7633333333333
2023-07-28 17:45:00,31.7,21.8,397,1.6,34.9304444444444
2023-07-28 18:00:00,31.8,21.9,356,1.5,34.4895555555556
2023-07-28 18:15:00,31,23.3,313,1.4,34.1457777777778
2023-07-28 18:30:00,30.9,24,271,1.3,33.2455555555556
2023-07-28 18:45:00,30.9,26,231,1.2,32.6677777777778
2023-07-28 19:00:00,30.6,28,194,1.1,31.3148888888889
2023-07-28 19:15:00,30.2,28.9,159,1.1,29.4784444444444
2023-07-28 19:30:00,29.5,31.2,127,0.8,27.2926666666667
2023-07-28 19:45:00,27.6,40.7,97,0.8,25.2517777777778
2023-07-28 20:00:00,26.2,45.2,69,0.7,23.5117777777778
2023-07-28 20:15:00,24.1,51.2,39,0.8,22.456
2023-07-28 20:30:00,23.1,46.5,15,1,21.68
2023-07-28 20:45:00,23.1,39.6,3,1.5,20.764
2023-07-28 21:00:00,21.4,44.1,0,1.5,20.0522222222222
2023-07-28 21:15:00,21.6,39.7,0,1.5,19.7768888888889
2023-07-28 21:30:00,21.7,39.1,0,1.6,19.4857777777778
2023-07-28 21:45:00,22.3,35.3,0,1.7,18.492
2023-07-28 22:00:00,21.2,37.8,0,1.3,18.5413333333333
2023-07-28 22:15:00,21.7,34.1,0,2,18.7093333333333
2023-07-28 22:30:00,21.8,33.6,0,2.5,18.7504444444444
2023-07-28 22:45:00,21.9,33.8,0,2.4,18.242
2023-07-28 23:00:00,21.7,34.1,0,1.9,18.2397777777778
2023-07-28 23:15:00,21.9,33.4,0,2,18.2231111111111
2023-07-28 23:30:00,22,33.6,0,1.8,16.896
2023-07-28 23:45:00,21.3,35,0,1.4,15.5682222222222
2023-07-29 00:00:00,19.45,41.5,0,1.15,14.7006666666667
2023-07-29 00:15:00,17.6,48,0,0.9,14.0191111111111
2023-07-29 00:30:00,18.9,40.7,0,1,13.5257777777778
2023-07-29 00:45:00,17.5,46.5,0,0.5,13.3604444444444
2023-07-29 01:00:00,18.5,39.7,0,1.2,13.4508888888889
2023-07-29 01:15:00,19.1,36,0,1.3,13.9102222222222
2023-07-29 01:30:00,19.5,34.5,0,1.8,13.8282222222222
2023-07-29 01:45:00,19.2,35.1,0,1.7,13.2153333333333
2023-07-29 02:00:00,19.9,32.4,0,1.9,12.8315555555556
2023-07-29 02:15:00,19.6,33.4,0,1.5,12.3657777777778
2023-07-29 02:30:00,19.1,34.7,0,1,12.0635555555556
2023-07-29 02:45:00,16.7,43.9,0,0.9,12.1202222222222
2023-07-29 03:00:00,17.1,40.6,0,1.1,12.5473333333333
2023-07-29 03:15:00,17.4,40.3,0,1.5,13.5075555555556
2023-07-29 03:30:00,18.3,38.7,0,1.4,12.5828888888889
2023-07-29 03:45:00,17.9,43.1,0,1.3,13.0026666666667
2023-07-29 04:00:00,16.9,47.7,0,1.1,12.6148888888889
2023-07-29 04:15:00,15.7,51.9,0,0.7,13.2344444444444
2023-07-29 04:30:00,15.9,52.3,0,1.4,13.7722222222222
2023-07-29 04:45:00,15.4,57.3,0,1.7,14.0662222222222
2023-07-29 05:00:00,15.4,59.6,0,1.9,14.2513333333333
2023-07-29 05:15:00,15.4,63.5,0,1.6,14.5108888888889
2023-07-29 05:30:00,15.6,65.5,0,1.9,14.37
2023-07-29 05:45:00,15.5,66.8,4,1.7,14.2604444444444
2023-07-29 06:00:00,16.1,66.9,17,1.8,13.9591111111111
2023-07-29 06:15:00,15.9,69.7,27,1.1,14.18
2023-07-29 06:30:00,15.9,70.4,34,1.2,14.5713333333333
2023-07-29 06:45:00,16.3,70,52,1.2,15.0471111111111
2023-07-29 07:00:00,16.7,69.8,72,1.1,15.8386666666667
2023-07-29 07:15:00,17.1,69,95,1.1,16.6357777777778
2023-07-29 07:30:00,17.8,66.6,113,1.3,17.2011111111111
2023-07-29 07:45:00,17.9,67.6,124,1.2,17.8882222222222
2023-07-29 08:00:00,18.6,66.2,158,1.1,18.9526666666667
2023-07-29 08:15:00,19.6,62.9,282,2,19.804
2023-07-29 08:30:00,20.1,62.3,293,2.6,20.5306666666667
2023-07-29 08:45:00,20.5,60.8,335,2.3,21.6155555555556
2023-07-29 09:00:00,21.6,58.1,434,2.4,22.3964444444444
2023-07-29 09:15:00,21.9,57.5,414,2.3,23.5046666666667
2023-07-29 09:30:00,22.5,56,479,2,24.4573333333333
2023-07-29 09:45:00,23.1,54.4,534,2,25.5451111111111
2023-07-29 10:00:00,23.7,53.1,561,2,26.5931111111111
2023-07-29 10:15:00,24.2,51,607,1.7,27.3844444444444
2023-07-29 10:30:00,24.9,49.7,638,1.9,28.4226666666667
2023-07-29 10:45:00,25.4,46.9,654,2.2,29.3173333333333
2023-07-29 11:00:00,26.4,42.2,695,2.4,29.9035555555556
2023-07-29 11:15:00,26.9,37.5,719,2.4,30.6502222222222
2023-07-29 11:30:00,27.3,36.3,740,1.6,31.4457777777778
2023-07-29 11:45:00,27.8,34,760,1.8,31.8753333333333
2023-07-29 12:00:00,28.1,31.4,777,1.9,32.3646666666667
2023-07-29 12:15:00,28.8,29.9,789,1.7,32.5268888888889
2023-07-29 12:30:00,28.8,28.6,799,1.6,32.6231111111111
2023-07-29 12:45:00,29.3,26.5,802,1.7,32.354
2023-07-29 13:00:00,29.5,25.5,725,1.7,31.9137777777778
2023-07-29 13:15:00,29.8,26.2,747,1.4,31.5753333333333
2023-07-29 13:30:00,30.3,25.9,808,1.2,31.4771111111111
2023-07-29 13:45:00,30.4,27.3,805,1.6,31.59
2023-07-29 14:00:00,30.9,26.9,785,1.2,32.4497777777778
2023-07-29 14:15:00,31.2,27,740,1.1,33.6008888888889
2023-07-29 14:30:00,31.5,27.6,690,1.3,34.2531111111111
2023-07-29 14:45:00,31.7,27.3,635,1.3,35.1908888888889
2023-07-29 15:00:00,32,27.9,646,1.3,35.9891111111111
2023-07-29 15:15:00,32.1,27.7,662,1.3,36.4955555555556
2023-07-29 15:30:00,32.1,27.8,662,1.1,36.9864444444444
2023-07-29 15:45:00,32,28.5,656,1,37.7217777777778
2023-07-29 16:00:00,32.2,28.3,633,0.8,38.2153333333333
2023-07-29 16:15:00,32.5,28.7,600,0.7,38.7942222222222
2023-07-29 16:30:00,32.6,30.3,569,0.7,38.6211111111111
2023-07-29 16:45:00,32.7,28.6,538,1.1,38.368
2023-07-29 17:00:00,32.9,26.8,504,1.5,37.9808888888889
2023-07-29 17:15:00,32.7,27.6,463,1.8,37.3715555555556
2023-07-29 17:30:00,32.8,27.9,421,2,36.2355555555556
2023-07-29 17:45:00,32.5,28.6,380,2.7,34.986
2023-07-29 18:00:00,32.6,27.5,339,2.7,34.1853333333333
2023-07-29 18:15:00,32.3,27.5,300,2.6,33.276
2023-07-29 18:30:00,31.9,29.3,260,3,32.5248888888889
2023-07-29 18:45:00,31.9,27.4,222,2.6,31.7368888888889
2023-07-29 19:00:00,31.5,27.3,186,3,31.1255555555556
2023-07-29 19:15:00,31.1,28.5,146,2.1,29.7591111111111
2023-07-29 19:30:00,30.2,29.6,90,2.6,28.1744444444444
2023-07-29 19:45:00,29.2,28.9,44,2.8,27.2613333333333
2023-07-29 20:00:00,28.1,27.2,23,2.9,26.4966666666667
2023-07-29 20:15:00,27.3,24.6,28,2.3,25.7515555555556
2023-07-29 20:30:00,27,22.4,12,2.8,25.1868888888889
2023-07-29 20:45:00,26.4,22.3,2,2.2,23.9637777777778
2023-07-29 21:00:00,24.8,25.9,0,1.6,22.7217777777778
2023-07-29 21:15:00,23.5,27.5,0,1.7,22.0331111111111
2023-07-29 21:30:00,24.3,24.3,0,2.1,22.1933333333333
2023-07-29 21:45:00,23.8,25.1,0,1.9,22.3515555555556
2023-07-29 22:00:00,23.4,25.1,0,1.9,22.5691111111111
2023-07-29 22:15:00,24.3,25.3,0,2.1,21.7006666666667
2023-07-29 22:30:00,22.9,30.8,0,1.4,20.2968888888889
2023-07-29 22:45:00,22.2,34.4,0,1.2,19.2115555555556
2023-07-29 23:00:00,21.2,38.4,0,1,18.0828888888889
2023-07-29 23:15:00,20,43.1,0,1.1,17.8646666666667
2023-07-29 23:30:00,19.3,45.3,0,1.4,17.2491111111111
2023-07-29 23:45:00,20.2,40.5,0,1.7,17.7415555555556
2023-07-30 00:00:00,19.5,41,0,1.6,18.0546666666667
2023-07-30 00:15:00,18.8,41.5,0,1.5,17.1717777777778
2023-07-30 00:30:00,18.2,44.2,0,1.2,15.9471111111111
2023-07-30 00:45:00,16.8,51.5,0,0.8,15.0477777777778
2023-07-30 01:00:00,16.8,52.7,0,1.1,14.4628888888889
2023-07-30 01:15:00,16.4,55.6,0,1.4,15.0428888888889
2023-07-30 01:30:00,16.8,59,0,2,14.7648888888889
2023-07-30 01:45:00,16.1,64.5,0,1.9,14.6424444444444
2023-07-30 02:00:00,16.5,60.2,0,1.8,14.0295555555556
2023-07-30 02:15:00,16.5,59.6,0,1.7,13.4204444444444
2023-07-30 02:30:00,15.7,63.9,0,1.1,13.1755555555556
2023-07-30 02:45:00,15.7,64,0,1.9,13.6413333333333
2023-07-30 03:00:00,15.5,67,0,1.6,13.6724444444444
2023-07-30 03:15:00,15.5,67.1,0,1.7,13.2728888888889
2023-07-30 03:30:00,14.8,70.2,0,0.8,12.4186666666667
2023-07-30 03:45:00,13.2,76,0,0.9,11.7868888888889
2023-07-30 04:00:00,13,75.4,0,0.6,11.396
2023-07-30 04:15:00,13.2,75,0,1.2,11.6406666666667
2023-07-30 04:30:00,12.9,76.3,0,1.6,11.5442222222222
2023-07-30 04:45:00,12.1,80.2,0,1.3,10.9648888888889
2023-07-30 05:00:00,11.7,81,0,1.2,10.7924444444444
2023-07-30 05:15:00,11.1,83.4,0,1,10.8708888888889
2023-07-30 05:30:00,12.4,76.2,0,1.7,10.7082222222222
2023-07-30 05:45:00,12.4,77.8,4,1.3,10.3693333333333
2023-07-30 06:00:00,11.8,80.3,15,1,10.7735555555556
2023-07-30 06:15:00,12.9,74.7,33,1.7,11.19
2023-07-30 06:30:00,13.9,72.9,64,1.6,12.0177777777778
2023-07-30 06:45:00,14.6,72.4,92,1.4,12.8155555555556
2023-07-30 07:00:00,15.7,71,123,1,14.1357777777778
2023-07-30 07:15:00,16.9,68.4,153,1.1,15.5688888888889
2023-07-30 07:30:00,18,63,186,2.1,16.6868888888889
2023-07-30 07:45:00,18.6,60.7,208,2.6,17.4351111111111
2023-07-30 08:00:00,18.7,60.3,259,2.6,18.1413333333333
2023-07-30 08:15:00,19,59.7,310,2.2,18.7902222222222
2023-07-30 08:30:00,19.4,58.2,351,2.9,19.6093333333333
2023-07-30 08:45:00,20.1,56,388,3,20.3091111111111
2023-07-30 09:00:00,20.8,55.2,418,2.8,21.2342222222222
2023-07-30 09:15:00,22,50.5,411,3,22.5146666666667
2023-07-30 09:30:00,22.8,45.4,490,3.5,23.9331111111111
2023-07-30 09:45:00,23.3,43.1,556,3.1,25.1675555555556
2023-07-30 10:00:00,23.8,42.1,628,2.9,26.5286666666667
2023-07-30 10:15:00,24.4,40.8,715,3,27.3973333333333
2023-07-30 10:30:00,24.5,39.4,619,3.1,28.0388888888889
2023-07-30 10:45:00,24.8,37.4,696,3.3,28.2991111111111
2023-07-30 11:00:00,25,37.6,711,3,28.3448888888889
2023-07-30 11:15:00,24.7,36.3,505,2.7,28.6337777777778
2023-07-30 11:30:00,25.6,33.5,625,2.7,28.984
2023-07-30 11:45:00,26.2,30.4,668,3.1,29.2355555555556
2023-07-30 12:00:00,26.3,30.2,674,2.9,29.5933333333333
2023-07-30 12:15:00,26.8,29.1,774,2.4,30.6515555555556
2023-07-30 12:30:00,27.2,29.6,800,2.1,30.3942222222222
2023-07-30 12:45:00,26.8,29.9,655,1.8,30.3684444444444
2023-07-30 13:00:00,26.9,28.4,581,1.4,29.5911111111111
2023-07-30 13:15:00,27.3,28.6,622,1.5,30.1542222222222
2023-07-30 13:30:00,27.9,27.7,725,1.5,30.7651111111111
2023-07-30 13:45:00,27.9,29.3,722,1.4,31.6648888888889
2023-07-30 14:00:00,28.6,28.7,922,1.3,32.434
2023-07-30 14:15:00,29.2,29.3,866,1.4,33.1442222222222
2023-07-30 14:30:00,29.2,29.1,705,1.8,33.5886666666667
2023-07-30 14:45:00,29.7,27.9,639,1.8,34.4393333333333
2023-07-30 15:00:00,29.5,28.2,649,1.2,35.0431111111111
2023-07-30 15:15:00,29.8,27.1,668,1.6,35.5053333333333
2023-07-30 15:30:00,30.2,26.2,669,1.2,35.72
2023-07-30 15:45:00,30.3,25.7,668,1.2,36.3646666666667
2023-07-30 16:00:00,30.4,24.4,647,1.5,37.2075555555556
2023-07-30 16:15:00,30.3,24.3,615,1.5,37.5871111111111
2023-07-30 16:30:00,30.4,23.8,583,1.1,38.1188888888889
2023-07-30 16:45:00,30.7,22.3,548,0.9,37.6208888888889
2023-07-30 17:00:00,30.8,23.4,512,1.1,37.3837777777778
2023-07-30 17:15:00,31.1,22,474,1.3,36.0435555555556
2023-07-30 17:30:00,31,22.1,434,1.8,35.49
2023-07-30 17:45:00,31.1,21.5,395,2.1,34.1571111111111
2023-07-30 18:00:00,30.8,21.1,355,2.5,33.4971111111111
2023-07-30 18:15:00,30.4,21.9,315,2.5,32.7555555555556
2023-07-30 18:30:00,30.5,21.5,277,2.3,31.6971111111111
2023-07-30 18:45:00,30.3,22.3,237,2.6,31.0637777777778
2023-07-30 19:00:00,29.9,21.8,196,2.2,30.2822222222222
2023-07-30 19:15:00,29.1,25,156,1.6,28.4062222222222
2023-07-30 19:30:00,28.2,28,119,1.8,26.2906666666667
2023-07-30 19:45:00,26.8,31.1,83,1.2,24.042
2023-07-30 20:00:00,25.4,34.9,55,0.9,22.5768888888889
2023-07-30 20:15:00,24.2,34,30,1.2,21.2686666666667
2023-07-30 20:30:00,23.3,32.9,10,1.5,20.3711111111111
2023-07-30 20:45:00,22.7,32.9,2,1.8,19.562
2023-07-30 21:00:00,21.9,33.5,0,1.7,18.5326666666667
2023-07-30 21:15:00,21,36.2,0,0.9,17.4506666666667
2023-07-30 21:30:00,21.1,36.6,0,1.8,17.2266666666667
2023-07-30 21:45:00,20,39.3,0,1.3,16.7895555555556
2023-07-30 22:00:00,18.6,43.1,0,1.2,15.6744444444444
2023-07-30 22:15:00,18.1,44.7,0,1.1,15.08
2023-07-30 22:30:00,18.4,42.7,0,1.3,16.4086666666667
2023-07-30 22:45:00,18.8,42.3,0,2.3,17.0151111111111
2023-07-30 23:00:00,19.2,40.9,0,2.3,16.4366666666667
2023-07-30 23:15:00,18.8,41.2,0,1.7,16.7222222222222
2023-07-30 23:30:00,18.2,41.5,0,2,15.6046666666667
2023-07-30 23:45:00,18.5,39.7,0,1.9,14.2488888888889
2023-07-31 00:00:00,18.05,41.4,0,1.75,14.2368888888889
2023-07-31 00:15:00,17.6,43.1,0,1.6,13.258
2023-07-31 00:30:00,15.4,54.6,0,0.8,12.4488888888889
2023-07-31 00:45:00,15.5,56,0,1.4,12.6977777777778
2023-07-31 01:00:00,14.7,61.8,0,1.3,12.3093333333333
2023-07-31 01:15:00,14,63.2,0,1.3,12.0848888888889
2023-07-31 01:30:00,14.1,63.2,0,1.2,11.8071111111111
2023-07-31 01:45:00,14,64.8,0,1.6,11.6382222222222
2023-07-31 02:00:00,14,65.8,0,1.6,11.4131111111111
2023-07-31 02:15:00,13.8,67.7,0,1.4,11.6633333333333
2023-07-31 02:30:00,14.4,64.8,0,2,11.3375555555556
2023-07-31 02:45:00,13.6,69,0,1,10.7444444444444
2023-07-31 03:00:00,12.5,72,0,1.1,10.4342222222222
2023-07-31 03:15:00,11.3,74.1,0,1,10.2375555555556
2023-07-31 03:30:00,11.3,72.7,0,0.9,9.97444444444445
2023-07-31 03:45:00,10.8,73.7,0,1.3,9.87088888888889
2023-07-31 04:00:00,11.3,69.9,0,1,9.83866666666667
2023-07-31 04:15:00,11.3,66.6,0,1.5,9.57355555555555
2023-07-31 04:30:00,10.9,66.4,0,1.6,9.212
2023-07-31 04:45:00,10.9,65.7,0,1,8.76822222222222
2023-07-31 05:00:00,10.7,67,0,1.5,8.92044444444445
2023-07-31 05:15:00,10.9,68.1,0,1.1,8.80955555555556
2023-07-31 05:30:00,9.6,73.3,0,0.8,8.488
2023-07-31 05:45:00,9.6,72.4,4,1.3,8.79377777777778
2023-07-31 06:00:00,9.6,73.5,15,0.9,8.85244444444444
2023-07-31 06:15:00,10.1,73.6,33,0.7,9.25044444444444
2023-07-31 06:30:00,11.8,66.6,62,1.2,9.892
2023-07-31 06:45:00,12.7,67.4,88,1,10.9295555555556
2023-07-31 07:00:00,13.5,67.3,119,1.4,12.5084444444444
2023-07-31 07:15:00,14.6,65.4,144,1.7,13.7844444444444
2023-07-31 07:30:00,15.8,63.8,176,1.7,14.9506666666667
2023-07-31 07:45:00,16.8,60,193,1.8,15.9982222222222
2023-07-31 08:00:00,17.3,58.3,246,1.9,16.7368888888889
2023-07-31 08:15:00,17.6,57.9,302,2.2,17.4715555555556
2023-07-31 08:30:00,17.9,56.1,345,2.4,18.1051111111111
2023-07-31 08:45:00,18.4,54.6,391,1.9,18.7924444444444
2023-07-31 09:00:00,18.9,53.2,420,1.9,19.5564444444444
2023-07-31 09:15:00,19.4,52.7,413,1.8,20.5897777777778
2023-07-31 09:30:00,19.6,50.9,494,2.3,22.0688888888889
2023-07-31 09:45:00,20.2,48.7,544,1.7,23.1831111111111
2023-07-31 10:00:00,20.9,49.1,575,1.3,24.4608888888889
2023-07-31 10:15:00,21.6,46.7,612,1.7,25.7224444444444
2023-07-31 10:30:00,21.9,46.4,640,1.8,26.2455555555556
2023-07-31 10:45:00,22.5,44.6,676,2,27.1586666666667
2023-07-31 11:00:00,22.9,41.9,705,2.2,27.6764444444444
2023-07-31 11:15:00,23.6,38.4,730,2.3,28.5182222222222
2023-07-31 11:30:00,24.4,33.5,752,2,29.1573333333333
2023-07-31 11:45:00,25,30.9,769,2,29.802
2023-07-31 12:00:00,25.9,31,787,2,30.4542222222222
2023-07-31 12:15:00,25.7,32.5,800,2.3,30.626
2023-07-31 12:30:00,26.4,31.6,810,1.7,30.8788888888889
2023-07-31 12:45:00,26.8,31.1,816,1.5,30.5008888888889
2023-07-31 13:00:00,27,30.9,735,1.4,30.0142222222222
2023-07-31 13:15:00,27.3,29.9,758,1.6,30.0262222222222
2023-07-31 13:30:00,27.8,27.7,820,1.3,30.8564444444444
2023-07-31 13:45:00,28.2,26.6,819,1.2,31.7811111111111
2023-07-31 14:00:00,28,29.6,799,1.3,33.3488888888889
2023-07-31 14:15:00,28.3,29.8,753,1.2,34.2313333333333
2023-07-31 14:30:00,28.6,28.9,706,1.2,35.7668888888889
2023-07-31 14:45:00,28.9,29.3,647,1.4,36.6888888888889
2023-07-31 15:00:00,29.4,29.2,655,1.3,36.9897777777778
2023-07-31 15:15:00,29.4,28.4,676,1.4,36.5348888888889
2023-07-31 15:30:00,29.9,26.8,676,1,37.248
2023-07-31 15:45:00,30.1,27.2,674,1,37.9351111111111
2023-07-31 16:00:00,30.6,26,654,0.9,37.7213333333333
2023-07-31 16:15:00,30.6,25.9,623,1,39.7171111111111
2023-07-31 16:30:00,30.7,23.3,590,1.4,40.3264444444444
2023-07-31 16:45:00,30.5,23.9,555,1.3,40.5124444444444
2023-07-31 17:00:00,30.5,24.5,518,0.8,40.2902222222222
2023-07-31 17:15:00,30.7,24.2,478,1.2,40.5004444444444
2023-07-31 17:30:00,30.7,24.6,438,1.4,40.3528888888889
2023-07-31 17:45:00,30.1,26.3,397,1,38.7411111111111
2023-07-31 18:00:00,29.5,29.9,355,1.1,37.4088888888889
2023-07-31 18:15:00,29.5,31.7,314,1,36.4366666666667
2023-07-31 18:30:00,29.3,32,274,1,35.2957777777778
2023-07-31 18:45:00,28.9,32.9,235,1,33.2702222222222
2023-07-31 19:00:00,28.6,34.9,194,0.7,32.4586666666667
2023-07-31 19:15:00,27.9,39.3,157,0.7,29.0911111111111
2023-07-31 19:30:00,26.4,46,122,0.9,26.3288888888889
2023-07-31 19:45:00,25,48.9,88,0.9,24.2215555555556
2023-07-31 20:00:00,23.4,50.2,59,1,22.2091111111111
2023-07-31 20:15:00,22.6,48.6,32,1.1,20.5444444444444
2023-07-31 20:30:00,21.7,46.5,10,1.4,19.4913333333333
2023-07-31 20:45:00,20.2,49.7,2,1.2,18.4953333333333
2023-07-31 21:00:00,19.4,49.1,0,1.5,18.5506666666667
2023-07-31 21:15:00,19.3,46.3,0,1.8,18.4122222222222
2023-07-31 21:30:00,19.8,42.5,0,2,18.4335555555556
2023-07-31 21:45:00,20.9,37.4,0,2.3,19.3162222222222
2023-07-31 22:00:00,21.3,35.9,0,2.1,19.4653333333333
2023-07-31 22:15:00,21.3,35.4,0,1.9,19.4502222222222
2023-07-31 22:30:00,21.2,35.4,0,1.9,19.1748888888889
2023-07-31 22:45:00,21,35.7,0,1.9,18.4655555555556
2023-07-31 23:00:00,20.2,37.4,0,1.5,17.6348888888889
2023-07-31 23:15:00,19.7,38.5,0,1.3,16.5371111111111
2023-07-31 23:30:00,19,40.6,0,1.5,15.2964444444444
2023-07-31 23:45:00,19,40.6,0,1.6,15.206
2023-08-01 00:00:00,18.6,41.3,0,1.75,15.4757777777778
2023-08-01 00:15:00,18.2,42,0,1.9,14.6042222222222
2023-08-01 00:30:00,16.6,47.3,0,0.9,13.8531111111111
2023-08-01 00:45:00,15.1,53.8,0,1.1,13.2875555555556
2023-08-01 01:00:00,14.1,57,0,1.1,12.784
2023-08-01 01:15:00,13.6,59.3,0,1.1,12.4297777777778
2023-08-01 01:30:00,13.6,59.1,0,1.2,12.002
2023-08-01 01:45:00,13.2,62.3,0,1.4,11.9788888888889
2023-08-01 02:00:00,13.4,60.8,0,1.4,11.8051111111111
2023-08-01 02:15:00,13.7,59.1,0,1.1,11.5617777777778
2023-08-01 02:30:00,12.8,63.8,0,1,11.48
2023-08-01 02:45:00,12.2,65,0,1,11.2326666666667
2023-08-01 03:00:00,11.9,66.2,0,1,11.086
2023-08-01 03:15:00,11.5,68.4,0,1,11.0177777777778
2023-08-01 03:30:00,11.6,68.3,0,0.9,10.7642222222222
2023-08-01 03:45:00,11.3,71.8,0,0.9,10.684
2023-08-01 04:00:00,11.2,72.2,0,1,10.4777777777778
2023-08-01 04:15:00,10.8,74.6,0,0.9,10.3362222222222
2023-08-01 04:30:00,10.6,75.3,0,1.1,10.4977777777778
2023-08-01 04:45:00,11.6,70.4,0,1.2,10.5348888888889
2023-08-01 05:00:00,13,66.6,0,1.6,10.4582222222222
2023-08-01 05:15:00,11.5,75.3,0,0.9,10.2051111111111
2023-08-01 05:30:00,11.7,73.6,0,0.8,9.968
2023-08-01 05:45:00,10.8,77.1,3,0.9,9.91222222222222
2023-08-01 06:00:00,10.5,78.5,13,1.1,9.96311111111111
2023-08-01 06:15:00,11,78,32,0.9,10.1726666666667
2023-08-01 06:30:00,11.9,77.4,61,0.9,10.6815555555556
2023-08-01 06:45:00,13,78.1,90,0.8,11.5888888888889
2023-08-01 07:00:00,14.6,73.7,120,0.9,13.0026666666667
2023-08-01 07:15:00,16.5,64.6,150,0.6,14.7873333333333
2023-08-01 07:30:00,17.8,56.6,183,1.2,15.8577777777778
2023-08-01 07:45:00,18.2,53.4,202,1.5,16.7766666666667
2023-08-01 08:00:00,18.7,52,260,1.2,17.7008888888889
2023-08-01 08:15:00,18.7,54,309,1.2,18.4675555555556
2023-08-01 08:30:00,19.3,51.5,348,1.6,19.0324444444444
2023-08-01 08:45:00,19.7,50.6,390,1.8,19.5366666666667
2023-08-01 09:00:00,20.1,49.8,417,1.4,20.5864444444444
2023-08-01 09:15:00,20.7,49.4,412,1.2,21.9211111111111
2023-08-01 09:30:00,21.1,49.2,495,1.3,23.5211111111111
2023-08-01 09:45:00,21.8,48.4,546,1.2,24.6337777777778
2023-08-01 10:00:00,22.3,48.1,581,1.2,25.718
2023-08-01 10:15:00,22.8,46.7,612,1.2,26.9444444444444
2023-08-01 10:30:00,23.1,44.8,634,1.5,27.3671111111111
2023-08-01 10:45:00,24,43.6,674,1.1,27.9646666666667
2023-08-01 11:00:00,24.7,43.7,700,1.1,29.1871111111111
2023-08-01 11:15:00,25.5,41.4,726,1.2,30.1646666666667
2023-08-01 11:30:00,25.8,38.1,750,1.4,30.9042222222222
2023-08-01 11:45:00,26.7,32.8,771,1.2,31.3973333333333
2023-08-01 12:00:00,26.8,30.2,790,1.2,31.6973333333333
2023-08-01 12:15:00,27.3,29.5,805,1.2,32.06
2023-08-01 12:30:00,27.7,30.2,814,1.1,32.3775555555556
2023-08-01 12:45:00,28.3,28.9,817,1.3,31.8566666666667
2023-08-01 13:00:00,28.5,27.4,735,1.1,31.2813333333333
2023-08-01 13:15:00,29,25.6,761,1.1,31.6593333333333
2023-08-01 13:30:00,29.4,24.7,826,1.2,31.806
2023-08-01 13:45:00,29.9,24.1,824,1.4,32.062
2023-08-01 14:00:00,30.4,23.4,805,1.1,33.3508888888889
2023-08-01 14:15:00,30.6,25.2,757,1,34.788
2023-08-01 14:30:00,30.9,26.2,708,1.1,36.1226666666667
2023-08-01 14:45:00,31.2,25.5,649,1.2,37.0688888888889
2023-08-01 15:00:00,31,26.7,656,1.2,37.4431111111111
2023-08-01 15:15:00,31.1,26.7,676,1.3,37.7277777777778
2023-08-01 15:30:00,32.1,23.8,677,1.2,37.8595555555556
2023-08-01 15:45:00,32,23.5,675,1.3,38.5571111111111
2023-08-01 16:00:00,31.9,22.1,656,1,38.914
2023-08-01 16:15:00,32.2,22.7,626,1,39.6586666666667
2023-08-01 16:30:00,32.3,23.9,594,1,40.5968888888889
2023-08-01 16:45:00,32.1,24.7,558,1.5,40.4017777777778
2023-08-01 17:00:00,32.4,23,523,1.7,40.034
2023-08-01 17:15:00,32.3,23.5,483,1.8,39.0677777777778
2023-08-01 17:30:00,32.5,22.9,444,1.9,38.2102222222222
2023-08-01 17:45:00,32.6,22.8,404,1.5,37.4517777777778
2023-08-01 18:00:00,32.4,25,363,1.4,36.3257777777778
2023-08-01 18:15:00,32.5,23.3,321,1.5,35.6468888888889
2023-08-01 18:30:00,32.5,22.4,281,1.6,35.0417777777778
2023-08-01 18:45:00,32.2,22.6,239,1.4,33.6562222222222
2023-08-01 19:00:00,31.6,25.1,199,1,33.4651111111111
2023-08-01 19:15:00,30.6,29.7,161,0.7,30.592
2023-08-01 19:30:00,28.4,40.8,125,0.6,27.8126666666667
2023-08-01 19:45:00,25.9,47.7,91,0.9,25.7208888888889
2023-08-01 20:00:00,24.2,48,61,1.1,23.7073333333333
2023-08-01 20:15:00,22.8,53,32,0.9,22.2655555555556
2023-08-01 20:30:00,21.7,54.5,9,1.3,21.1411111111111
2023-08-01 20:45:00,21.7,48.1,2,1.2,20.6002222222222
2023-08-01 21:00:00,21.2,46.3,0,1.5,20.6586666666667
2023-08-01 21:15:00,21.6,43.3,0,1.9,20.5624444444444
2023-08-01 21:30:00,22.5,38.7,0,2.2,20.6026666666667
2023-08-01 21:45:00,22.9,37.2,0,2.1,20.0944444444444
2023-08-01 22:00:00,22.7,37.4,0,2.1,20.0924444444444
2023-08-01 22:15:00,22.6,37.4,0,2.1,19.8333333333333
2023-08-01 22:30:00,21.4,40.3,0,1.6,19.3848888888889
2023-08-01 22:45:00,20.2,42.8,0,1.6,18.6757777777778
2023-08-01 23:00:00,19.1,46.1,0,1.4,18.46
2023-08-01 23:15:00,18.7,46.6,0,1.5,18.3148888888889
2023-08-01 23:30:00,19,43.6,0,1.7,17.9933333333333
2023-08-01 23:45:00,19.8,40.1,0,1.9,17.8646666666667
2023-08-02 00:00:00,19.4,40.7,0,1.65,17.5404444444444
2023-08-02 00:15:00,19,41.3,0,1.4,17.27
2023-08-02 00:30:00,18.5,42.2,0,1.2,16.7302222222222
2023-08-02 00:45:00,17.9,44.4,0,1.1,15.8417777777778
2023-08-02 01:00:00,16.7,48.5,0,1.3,15.3548888888889
2023-08-02 01:15:00,15.7,54.1,0,1.1,15.192
2023-08-02 01:30:00,15.4,55.5,0,1.1,14.7882222222222
2023-08-02 01:45:00,15,57.3,0,1.2,14.4522222222222
2023-08-02 02:00:00,14.5,59,0,0.7,14.1904444444444
2023-08-02 02:15:00,14,60.7,0,1,14.0353333333333
2023-08-02 02:30:00,13.7,61.5,0,0.9,13.7862222222222
2023-08-02 02:45:00,14.9,57.1,0,1,13.6926666666667
2023-08-02 03:00:00,15.7,56.5,0,1.5,13.7115555555556
2023-08-02 03:15:00,16.3,58.4,0,1.7,13.4422222222222
2023-08-02 03:30:00,16.1,61.4,0,1.4,13.2297777777778
2023-08-02 03:45:00,15.4,64.3,0,1.3,13.3615555555556
2023-08-02 04:00:00,15.5,63.4,0,1.5,13.4348888888889
2023-08-02 04:15:00,14.4,67.5,0,1.2,13.1942222222222
2023-08-02 04:30:00,13.3,71.4,0,1,13.1026666666667
2023-08-02 04:45:00,13.1,73.7,0,1.1,12.946
2023-08-02 05:00:00,13.8,70.8,0,0.9,12.75
2023-08-02 05:15:00,13.2,73.2,0,0.7,12.5462222222222
2023-08-02 05:30:00,12.8,74.5,0,0.7,12.3737777777778
2023-08-02 05:45:00,12.5,76.7,3,1,12.4184444444444
2023-08-02 06:00:00,12.6,77.8,11,1.1,12.3857777777778
2023-08-02 06:15:00,12.8,78.1,29,1,12.616
2023-08-02 06:30:00,13.7,76.7,55,0.8,13.1117777777778
2023-08-02 06:45:00,14.7,75.1,81,0.6,13.976
2023-08-02 07:00:00,15.8,74.5,107,1,15.0911111111111
2023-08-02 07:15:00,17.4,71.8,139,0.8,16.5242222222222
2023-08-02 07:30:00,19.1,66.8,171,0.4,17.6135555555556
2023-08-02 07:45:00,20.1,57.1,190,1.1,18.6375555555556
2023-08-02 08:00:00,20.3,54.8,249,1.3,19.3433333333333
2023-08-02 08:15:00,20.6,51.4,298,1,20.3886666666667
2023-08-02 08:30:00,20.7,51.4,336,1.3,20.736
2023-08-02 08:45:00,21,51.6,380,1.1,21.1222222222222
2023-08-02 09:00:00,21.7,48.6,405,1.7,21.7511111111111
2023-08-02 09:15:00,22.1,45.9,404,1.8,22.9062222222222
2023-08-02 09:30:00,22.5,45.7,479,1.5,24.0657777777778
2023-08-02 09:45:00,23.1,44.3,529,1.4,25.1782222222222
2023-08-02 10:00:00,23.3,43.9,543,1.3,26.1928888888889
2023-08-02 10:15:00,23.9,43.3,592,1.1,27.1575555555556
2023-08-02 10:30:00,24.6,42.7,611,1.1,27.9291111111111
2023-08-02 10:45:00,25,42.8,656,1.3,28.92
2023-08-02 11:00:00,25.7,40.1,687,1.2,29.734
2023-08-02 11:15:00,26.2,39.6,711,1,30.3313333333333
2023-08-02 11:30:00,26.7,37.8,737,1.1,30.9028888888889
2023-08-02 11:45:00,27.2,37,758,1.1,31.0673333333333
2023-08-02 12:00:00,27.9,34.9,770,1.1,31.278
2023-08-02 12:15:00,28.6,29.8,791,1.5,31.7277777777778
2023-08-02 12:30:00,29.1,28.8,805,1.7,31.6904444444444
2023-08-02 12:45:00,29.5,28.6,808,1.8,31.7262222222222
2023-08-02 13:00:00,29.8,28.2,725,1.5,31.5384444444444
2023-08-02 13:15:00,30.6,25.8,754,1.9,31.2628888888889
2023-08-02 13:30:00,31.1,21.8,821,2.2,32.536
2023-08-02 13:45:00,31.2,20.5,814,2.1,34.1066666666667
2023-08-02 14:00:00,31.7,19.2,793,1.7,35.62
2023-08-02 14:15:00,32.1,18.2,747,1.3,36.298
2023-08-02 14:30:00,32.3,18.5,697,1.6,36.8622222222222
2023-08-02 14:45:00,32.5,18.5,636,1.6,37.5986666666667
2023-08-02 15:00:00,32.8,18.2,644,2,38
2023-08-02 15:15:00,33.3,18,664,2.1,37.9068888888889
2023-08-02 15:30:00,33.1,18.8,661,2.1,38.3157777777778
2023-08-02 15:45:00,33.2,19.2,654,2,39.0133333333333
2023-08-02 16:00:00,33.2,19.8,636,1.1,39.6615555555556
2023-08-02 16:15:00,33.1,21.2,605,0.8,41.3602222222222
2023-08-02 16:30:00,33,21.3,576,1,40.9046666666667
2023-08-02 16:45:00,33.3,20.5,541,0.9,41.3542222222222
2023-08-02 17:00:00,33.3,21,506,0.7,41.5022222222222
2023-08-02 17:15:00,33.3,22.8,470,0.7,40.6197777777778
2023-08-02 17:30:00,33.6,21.8,433,0.6,38.9711111111111
2023-08-02 17:45:00,34,22.9,392,1.1,37.6646666666667
2023-08-02 18:00:00,34.1,19.1,351,1.1,37.0211111111111
2023-08-02 18:15:00,34.1,17.8,310,1.2,36.4488888888889
2023-08-02 18:30:00,33.6,20,268,1.1,35.688
2023-08-02 18:45:00,32.9,24,227,0.9,33.9991111111111
2023-08-02 19:00:00,32.4,28,190,0.8,33.744
2023-08-02 19:15:00,31.4,31.9,153,0.6,31.0357777777778
2023-08-02 19:30:00,28.7,42.6,118,0.8,28.3751111111111
2023-08-02 19:45:00,26.7,48.4,89,0.8,26.3306666666667
2023-08-02 20:00:00,25.9,46.6,62,0.9,24.422
2023-08-02 20:15:00,24.2,49.5,31,0.8,23.5008888888889
2023-08-02 20:30:00,22.4,50.3,8,1,22.6422222222222
2023-08-02 20:45:00,21.8,45.8,2,1.5,22.7408888888889
2023-08-02 21:00:00,24.1,32.1,0,2.1,24.5344444444444
2023-08-02 21:15:00,26.1,28.8,0,2.2,24.6297777777778
2023-08-02 21:30:00,26.7,28.3,0,2.9,24.9442222222222
2023-08-02 21:45:00,26.8,28,0,3.1,24.7813333333333
2023-08-02 22:00:00,26.9,28,0,2.9,24.5617777777778
2023-08-02 22:15:00,26.3,28.9,0,2.5,23.9035555555556
2023-08-02 22:30:00,26,29.1,0,2.2,22.3653333333333
2023-08-02 22:45:00,23.6,35.5,0,1.1,21.172
2023-08-02 23:00:00,22.7,37.5,0,1.3,19.8864444444444
2023-08-02 23:15:00,22,38.8,0,1.4,19.4066666666667
2023-08-02 23:30:00,21.8,38.5,0,1.5,18.166
2023-08-02 23:45:00,21,39.9,0,1.4,17.7224444444444
2023-08-03 00:00:00,19.45,45.35,0,1.2,16.8213333333333
2023-08-03 00:15:00,17.9,50.8,0,1,15.9228888888889
2023-08-03 00:30:00,16.9,54,0,1,15.8926666666667
2023-08-03 00:45:00,17.8,51.3,0,1.7,16.1655555555556
2023-08-03 01:00:00,18.3,48.6,0,1.6,15.6408888888889
2023-08-03 01:15:00,17.3,50,0,0.6,14.9537777777778
2023-08-03 01:30:00,16.5,53.9,0,1,14.6355555555556
2023-08-03 01:45:00,16.6,54.4,0,1.3,14.1951111111111
2023-08-03 02:00:00,15.5,58.3,0,0.8,13.7933333333333
2023-08-03 02:15:00,15.4,58.8,0,1.1,13.6017777777778
2023-08-03 02:30:00,16,56.6,0,1.3,13.8324444444444
2023-08-03 02:45:00,15.9,55.5,0,1.2,13.8435555555556
2023-08-03 03:00:00,15,58.7,0,0.8,13.7437777777778
2023-08-03 03:15:00,15.7,53.7,0,1.6,13.7117777777778
2023-08-03 03:30:00,16.4,53.2,0,1.6,13.6142222222222
2023-08-03 03:45:00,16.7,53,0,1.5,13.6331111111111
2023-08-03 04:00:00,16.5,54.3,0,1.3,13.4068888888889
2023-08-03 04:15:00,15.2,60.3,0,0.6,13.3264444444444
2023-08-03 04:30:00,15.3,58.8,0,1.2,13.3391111111111
2023-08-03 04:45:00,14.9,60.2,0,0.8,13.1797777777778
2023-08-03 05:00:00,14.8,61.3,0,1.7,13.1831111111111
2023-08-03 05:15:00,14.8,62,0,1.3,13.0033333333333
2023-08-03 05:30:00,14,65.8,0,1,12.8328888888889
2023-08-03 05:45:00,14,64.1,2,0.7,12.666
2023-08-03 06:00:00,14.4,62.7,9,1.3,12.72
2023-08-03 06:15:00,15.3,61.3,26,1.6,13.1704444444444
2023-08-03 06:30:00,15.9,60.2,47,1.4,13.7997777777778
2023-08-03 06:45:00,16.6,60.8,79,1.4,14.6342222222222
2023-08-03 07:00:00,17.8,58.9,108,1.1,15.5133333333333
2023-08-03 07:15:00,18.7,62.8,137,0.4,16.8017777777778
2023-08-03 07:30:00,19.8,56.7,160,0.7,18.0168888888889
2023-08-03 07:45:00,20.6,52.1,191,1,19.0368888888889
2023-08-03 08:00:00,20.9,50.2,248,1.4,19.9206666666667
2023-08-03 08:15:00,21.1,50.5,292,1.4,20.7917777777778
2023-08-03 08:30:00,21.4,50.5,331,1.3,21.326
2023-08-03 08:45:00,21.7,50.7,368,1.6,21.7846666666667
2023-08-03 09:00:00,22.2,49.3,374,1.4,22.9366666666667
2023-08-03 09:15:00,22.7,49,375,1.3,23.9608888888889
2023-08-03 09:30:00,23.1,47.6,456,1.4,25.1653333333333
2023-08-03 09:45:00,23.8,45.6,509,1.4,26.1453333333333
2023-08-03 10:00:00,24.4,42.9,559,1.5,27.2391111111111
2023-08-03 10:15:00,25,42.4,587,1.6,27.9528888888889
2023-08-03 10:30:00,25.6,40.6,604,1.6,28.5328888888889
2023-08-03 10:45:00,26.2,38.5,653,1.4,29.2184444444444
2023-08-03 11:00:00,27,35.8,679,1.6,29.7071111111111
2023-08-03 11:15:00,27.7,33.5,702,1.4,29.8702222222222
2023-08-03 11:30:00,28,33.2,723,1.2,29.8704444444444
2023-08-03 11:45:00,28.5,32.3,744,1.5,29.8693333333333
2023-08-03 12:00:00,29.1,31.5,760,1.2,30.3673333333333
2023-08-03 12:15:00,29.2,30.1,767,1.3,30.8122222222222
2023-08-03 12:30:00,29.9,29.2,786,1.6,31.1451111111111
2023-08-03 12:45:00,30.6,28,788,1.6,31.4455555555556
2023-08-03 13:00:00,30.4,27.5,683,1.5,32.6337777777778
2023-08-03 13:15:00,30.6,26.4,769,1.6,33.6651111111111
2023-08-03 13:30:00,31.1,25.5,698,1.7,33.8937777777778
2023-08-03 13:45:00,30.8,25.3,648,1.5,34.1813333333333
2023-08-03 14:00:00,31.2,25.9,773,1.6,34.7793333333333
2023-08-03 14:15:00,31.5,24.3,740,1.4,35.4253333333333
2023-08-03 14:30:00,31.6,23.4,690,1.5,36.1306666666667
2023-08-03 14:45:00,32.3,21.2,631,1.8,36.4777777777778
2023-08-03 15:00:00,32.5,20.4,637,1.7,36.9097777777778
2023-08-03 15:15:00,32.5,21.3,652,1.9,36.6484444444444
2023-08-03 15:30:00,32.6,21.5,653,1.8,36.7328888888889
2023-08-03 15:45:00,32.9,21.2,650,1.7,37.2215555555556
2023-08-03 16:00:00,32.9,21.4,631,1.7,37.8286666666667
2023-08-03 16:15:00,32.9,20.3,602,1.5,38.5668888888889
2023-08-03 16:30:00,33,20.2,570,1.7,38.6126666666667
2023-08-03 16:45:00,33.1,19.4,536,2.1,38.5626666666667
2023-08-03 17:00:00,33.3,19.4,504,1.5,39.264
2023-08-03 17:15:00,33.2,20,477,1.5,38.7357777777778
2023-08-03 17:30:00,32.7,22.9,425,1.5,37.5713333333333
2023-08-03 17:45:00,32.5,25.3,380,1.5,36.3317777777778
2023-08-03 18:00:00,32.4,24.4,340,1.4,35.366
2023-08-03 18:15:00,32.4,25.1,300,1.4,35.136
2023-08-03 18:30:00,32.4,26,261,1.3,34.6713333333333
2023-08-03 18:45:00,32.3,27.2,218,1.1,33.5582222222222
2023-08-03 19:00:00,31.8,30,180,1,32.9751111111111
2023-08-03 19:15:00,31.3,31.5,142,0.8,30.4791111111111
2023-08-03 19:30:00,30.5,34.1,108,0.6,28.1051111111111
2023-08-03 19:45:00,28,43.6,80,0.6,26.6108888888889
2023-08-03 20:00:00,26.9,48.1,50,0.7,24.8373333333333
2023-08-03 20:15:00,24.5,52.5,31,0.9,23.5964444444444
2023-08-03 20:30:00,23.7,51.5,10,0.9,22.6062222222222
2023-08-03 20:45:00,23.7,46.9,4,1,21.888
2023-08-03 21:00:00,22.3,47.1,0,1.1,21.4431111111111
2023-08-03 21:15:00,21.4,50.2,0,1.5,21.5568888888889
2023-08-03 21:30:00,21.9,43.7,0,1.6,21.1693333333333
2023-08-03 21:45:00,21.8,43,0,1.5,20.7991111111111
2023-08-03 22:00:00,21.9,42.2,0,1.5,20.5055555555556
2023-08-03 22:15:00,21.6,42.9,0,1.4,20.4013333333333
2023-08-03 22:30:00,21.6,42.5,0,1.3,20.1371111111111
2023-08-03 22:45:00,21.4,44.3,0,1.4,20.5855555555556
2023-08-03 23:00:00,23.3,36.4,0,1.7,20.8197777777778
2023-08-03 23:15:00,23,37.7,0,1.3,20.4715555555556
2023-08-03 23:30:00,22.7,39.1,0,0.9,20.0126666666667
2023-08-03 23:45:00,21.7,41.6,0,1.1,19.3066666666667
2023-08-04 00:00:00,21.05,44.8,0,1.05,18.6673333333333
2023-08-04 00:15:00,20.4,48,0,1,18.2337777777778
2023-08-04 00:30:00,20.1,49.8,0,1.2,18.0611111111111
2023-08-04 00:45:00,19.8,49.1,0,1.4,17.9893333333333
2023-08-04 01:00:00,20.4,44.7,0,1.9,17.9851111111111
2023-08-04 01:15:00,21,40.9,0,1.7,17.0411111111111
2023-08-04 01:30:00,19.4,48.1,0,1.2,16.1451111111111
2023-08-04 01:45:00,18.4,52.8,0,0.8,15.5795555555556
2023-08-04 02:00:00,18.4,50.9,0,0.8,15.3944444444444
2023-08-04 02:15:00,17.4,54.3,0,1.2,14.9286666666667
2023-08-04 02:30:00,16.5,58.1,0,0.9,14.5197777777778
2023-08-04 02:45:00,15.8,61.3,0,1.2,14.7126666666667
2023-08-04 03:00:00,17.3,54,0,1.7,14.6464444444444
2023-08-04 03:15:00,17.4,55.1,0,1.5,14.4355555555556
2023-08-04 03:30:00,16.3,59.6,0,1.2,14.3815555555556
2023-08-04 03:45:00,14.9,67.2,0,1,14.0555555555556
2023-08-04 04:00:00,15.3,63.9,0,1.2,13.8435555555556
2023-08-04 04:15:00,14.3,67.4,0,1.1,13.7564444444444
2023-08-04 04:30:00,14.4,67.4,0,0.9,13.6404444444444
2023-08-04 04:45:00,14.7,64.8,0,0.9,13.616
2023-08-04 05:00:00,14.5,66.2,0,0.8,13.7931111111111
2023-08-04 05:15:00,14.6,69,0,0.9,13.8664444444444
2023-08-04 05:30:00,14.1,72.5,0,0.7,13.7215555555556
2023-08-04 05:45:00,13.9,73.8,2,1,13.7377777777778
2023-08-04 06:00:00,14.3,71.8,7,1,13.688
2023-08-04 06:15:00,14.9,69.9,26,1.2,14.1068888888889
2023-08-04 06:30:00,15.5,68.5,41,0.8,14.7026666666667
2023-08-04 06:45:00,15.9,71.2,76,0.7,15.6388888888889
2023-08-04 07:00:00,17.4,70.2,107,0.6,16.1211111111111
2023-08-04 07:15:00,17.7,71.3,68,0.5,16.4697777777778
2023-08-04 07:30:00,17.8,74.4,75,0.5,16.9024444444444
2023-08-04 07:45:00,18.2,70.8,103,0.5,17.68
2023-08-04 08:00:00,18.7,66.8,121,0.7,18.8017777777778
2023-08-04 08:15:00,20,61.5,219,1.1,19.9957777777778
2023-08-04 08:30:00,20.9,54.8,249,0.7,20.4942222222222
2023-08-04 08:45:00,21.6,49.4,223,0.7,21.3048888888889
2023-08-04 09:00:00,22.1,47.2,268,0.7,22.3284444444444
2023-08-04 09:15:00,22.5,47.7,275,1,22.6131111111111
2023-08-04 09:30:00,22.4,46,199,1.1,22.7602222222222
2023-08-04 09:45:00,22.5,45.3,204,0.9,23.2015555555556
2023-08-04 10:00:00,22.5,47.7,250,0.8,23.6613333333333
2023-08-04 10:15:00,22.6,45.7,266,0.9,24.0824444444444
2023-08-04 10:30:00,22.9,47.2,275,0.9,24.2064444444444
2023-08-04 10:45:00,23,46.5,250,1.1,24.3673333333333
2023-08-04 11:00:00,23.2,46.5,247,1,24.516
2023-08-04 11:15:00,23.3,48,240,1,24.5995555555556
2023-08-04 11:30:00,22.9,54.1,216,0.8,24.6035555555556
2023-08-04 11:45:00,23.2,50.5,217,0.8,24.6617777777778
2023-08-04 12:00:00,23.1,54.7,221,1,24.8102222222222
2023-08-04 12:15:00,23.4,53.8,209,0.8,24.8708888888889
2023-08-04 12:30:00,23.8,47.7,203,0.7,24.9817777777778
2023-08-04 12:45:00,24.1,46,196,0.5,25.0095555555556
2023-08-04 13:00:00,24.3,46.2,189,0.4,25.126
2023-08-04 13:15:00,24.3,51.9,198,0.6,25.2835555555556
2023-08-04 13:30:00,24.1,55.1,200,0.9,25.3693333333333
2023-08-04 13:45:00,24.4,53.7,191,0.8,25.5586666666667
2023-08-04 14:00:00,24.4,52.8,196,0.8,25.4288888888889
2023-08-04 14:15:00,24.7,52.9,155,0.8,25.2393333333333
2023-08-04 14:30:00,24.8,51.7,141,0.4,25.2002222222222
2023-08-04 14:45:00,24.8,54.6,139,0.7,25.1464444444444
2023-08-04 15:00:00,24.9,57.1,132,0.7,25.1853333333333
2023-08-04 15:15:00,25.2,50.8,152,1.2,25.1651111111111
2023-08-04 15:30:00,24.7,54.5,116,0.9,24.8468888888889
2023-08-04 15:45:00,24.7,53.7,91,1,24.6153333333333
2023-08-04 16:00:00,24.6,50.1,103,0.8,24.6824444444444
2023-08-04 16:15:00,24.1,53.5,119,1.1,24.7922222222222
2023-08-04 16:30:00,23.8,56.7,119,1.1,24.6602222222222
2023-08-04 16:45:00,23.8,56.2,97,1,24.2695555555556
2023-08-04 17:00:00,23.3,60.4,61,1,23.7764444444444
2023-08-04 17:15:00,23.4,60.9,62,0.7,23.5631111111111
2023-08-04 17:30:00,23.5,61.1,72,1.1,23.5724444444444
2023-08-04 17:45:00,23.6,57.1,75,1,23.4384444444444
2023-08-04 18:00:00,23.3,58.9,62,0.7,23.1804444444444
2023-08-04 18:15:00,22.8,63.9,55,0.7,23.05
2023-08-04 18:30:00,22.9,62.5,50,0.7,22.8713333333333
2023-08-04 18:45:00,23.1,58.7,41,0.7,22.3464444444444
2023-08-04 19:00:00,22.4,64.3,25,0.4,21.8375555555556
2023-08-04 19:15:00,21.5,70.7,12,0.7,21.3073333333333
2023-08-04 19:30:00,21.6,68.1,9,0.9,21.58
2023-08-04 19:45:00,22.5,59.8,9,2.5,21.8557777777778
2023-08-04 20:00:00,22.5,55,7,1.9,21.6395555555556
2023-08-04 20:15:00,22.1,55.8,2,1.5,21.0811111111111
2023-08-04 20:30:00,21.5,58.3,0,1,20.7853333333333
2023-08-04 20:45:00,21.3,58.4,0,2.5,21.402
2023-08-04 21:00:00,21.7,55.6,0,3.8,21.5602222222222
2023-08-04 21:15:00,22,55.2,0,4.6,21.6422222222222
2023-08-04 21:30:00,21.7,56.4,0,2.9,21.7124444444444
2023-08-04 21:45:00,22.4,53.4,0,3.5,21.698
2023-08-04 22:00:00,22.2,53.4,0,2.5,21.3726666666667
2023-08-04 22:15:00,21.7,54.8,0,1.9,20.9804444444444
2023-08-04 22:30:00,21.6,55,0,1.8,20.738
2023-08-04 22:45:00,21.8,54,0,1.9,21.1308888888889
2023-08-04 23:00:00,22.1,53.5,0,2.5,21.2782222222222
2023-08-04 23:15:00,22.2,52.8,0,2.3,21.0028888888889
2023-08-04 23:30:00,22,53.5,0,2.3,20.6222222222222
2023-08-04 23:45:00,21.5,56.2,0,2,20.2928888888889
2023-08-05 00:00:00,20.95,58.35,0,1.6,19.8648888888889
2023-08-05 00:15:00,20.4,60.5,0,1.2,19.5502222222222
2023-08-05 00:30:00,20,61.7,0,1.4,19.168
2023-08-05 00:45:00,20,62.2,0,1.6,19.3242222222222
2023-08-05 01:00:00,19.9,63.1,0,1.5,19.3982222222222
2023-08-05 01:15:00,20.4,61.1,0,1.4,19.514
2023-08-05 01:30:00,21.3,56.7,0,1.8,19.728
2023-08-05 01:45:00,21.9,53.3,0,1.4,19.4786666666667
2023-08-05 02:00:00,21.2,56.9,0,1.6,19.1246666666667
2023-08-05 02:15:00,19.3,68.9,0,1.5,18.8737777777778
2023-08-05 02:30:00,19.2,69.7,0,0.9,18.7428888888889
2023-08-05 02:45:00,18.8,72.7,0,0.7,18.6611111111111
2023-08-05 03:00:00,18.6,75,0,1.3,18.5402222222222
2023-08-05 03:15:00,18.7,75,0,0.9,18.1082222222222
2023-08-05 03:30:00,18.1,80.6,0,1.5,18.0288888888889
2023-08-05 03:45:00,17.9,82.5,0,1.7,17.9202222222222
2023-08-05 04:00:00,17.8,82.9,0,1.1,17.8373333333333
2023-08-05 04:15:00,18.2,80.8,0,1.7,18.0526666666667
2023-08-05 04:30:00,18.8,76.4,0,2.1,18.2873333333333
2023-08-05 04:45:00,19.1,74.8,0,2.4,18.2644444444444
2023-08-05 05:00:00,19.1,75.3,0,2.3,18.0013333333333
2023-08-05 05:15:00,18.4,79.8,0,2.2,17.9182222222222
2023-08-05 05:30:00,18,83.4,0,1.5,18.0097777777778
2023-08-05 05:45:00,18.7,78.3,0,1.5,17.7928888888889
2023-08-05 06:00:00,18,82.6,1,1.3,17.6864444444444
2023-08-05 06:15:00,17.6,86.2,5,1,17.752
2023-08-05 06:30:00,17.6,86.4,8,1.5,17.736
2023-08-05 06:45:00,17.6,87.7,8,1.9,17.7362222222222
2023-08-05 07:00:00,17.5,88.4,12,2,17.7917777777778
2023-08-05 07:15:00,17.7,87.7,13,2.2,17.8617777777778
2023-08-05 07:30:00,17.9,86.5,13,2.1,17.93
2023-08-05 07:45:00,18.2,84.6,16,1.9,17.9713333333333
2023-08-05 08:00:00,18,85.3,19,1.8,17.8704444444444
2023-08-05 08:15:00,17.6,88.7,20,1.7,17.8408888888889
2023-08-05 08:30:00,17.4,90.4,25,1.7,17.8202222222222
2023-08-05 08:45:00,17.2,91.9,26,0.9,17.7917777777778
2023-08-05 09:00:00,17.3,91.5,34,1,17.88
2023-08-05 09:15:00,17.3,92.4,44,0.5,17.9904444444444
2023-08-05 09:30:00,17.6,91.8,46,1.1,18.1606666666667
2023-08-05 09:45:00,18,91.1,70,1.1,18.2353333333333
2023-08-05 10:00:00,18,92.3,71,1.6,18.3606666666667
2023-08-05 10:15:00,17.7,94.4,93,2.1,18.5931111111111
2023-08-05 10:30:00,18,92.8,110,2.2,18.9713333333333
2023-08-05 10:45:00,18.4,92.4,190,2.4,19.404
2023-08-05 11:00:00,18.8,91.9,192,2.1,19.7304444444444
2023-08-05 11:15:00,19,92.6,139,2.1,19.894
2023-08-05 11:30:00,19,93.2,167,2.1,20.0624444444444
2023-08-05 11:45:00,19.1,92.8,148,2.3,20.1948888888889
2023-08-05 12:00:00,19.1,91.8,96,2.3,20.0635555555556
2023-08-05 12:15:00,19.1,90.7,66,1.6,19.93
2023-08-05 12:30:00,19.2,90.6,63,1.1,20.0137777777778
2023-08-05 12:45:00,19.3,90.9,110,1.5,20.4002222222222
2023-08-05 13:00:00,19.5,91.6,211,2,20.88
2023-08-05 13:15:00,19.9,89.5,204,1.9,21.334
2023-08-05 13:30:00,20.2,87.3,246,1.7,21.8737777777778
2023-08-05 13:45:00,20.7,85.5,270,1.8,22.9204444444444
2023-08-05 14:00:00,21.8,82.4,523,1.8,24.8162222222222
2023-08-05 14:15:00,23.9,76.2,744,2.2,26.06
2023-08-05 14:30:00,24.9,67.8,523,2.4,27.346
2023-08-05 14:45:00,25.6,60.4,594,3.2,28.3497777777778
2023-08-05 15:00:00,26.5,56.1,637,3.6,28.7535555555556
2023-08-05 15:15:00,26.2,54.1,406,3.4,28.548
2023-08-05 15:30:00,26.1,54.9,390,2.8,29.0213333333333
2023-08-05 15:45:00,26.8,53.7,560,3.2,29.7904444444444
2023-08-05 16:00:00,26.8,53.2,479,3,30.8028888888889
2023-08-05 16:15:00,27.6,50.6,615,2.6,31.7871111111111
2023-08-05 16:30:00,28,47.6,521,1.7,31.6766666666667
2023-08-05 16:45:00,27.8,46.6,489,1.2,31.7995555555556
2023-08-05 17:00:00,28,45.2,418,1.2,31.4155555555556
2023-08-05 17:15:00,27.9,45.8,372,1.5,30.3675555555556
2023-08-05 17:30:00,27.4,46.5,378,1.5,29.7053333333333
2023-08-05 17:45:00,27.7,44.6,315,1,29.554
2023-08-05 18:00:00,27.9,42.8,268,0.6,29.9817777777778
2023-08-05 18:15:00,27,51.4,244,1,30.206
2023-08-05 18:30:00,26.9,52.9,241,0.8,29.2173333333333
2023-08-05 18:45:00,26.7,50.8,174,1.4,28.9646666666667
2023-08-05 19:00:00,26.5,48.6,184,1,28.5675555555556
2023-08-05 19:15:00,26.4,48.5,143,0.7,27.0544444444444
2023-08-05 19:30:00,25.9,49.5,112,1,25.4728888888889
2023-08-05 19:45:00,25.7,50.3,66,0.8,24.4815555555556
2023-08-05 20:00:00,24.7,55.1,21,1.1,23.5473333333333
2023-08-05 20:15:00,23.5,60.6,5,0.8,22.6731111111111
2023-08-05 20:30:00,22,66.7,1,1.1,21.7764444444444
2023-08-05 20:45:00,21.6,65.7,0,1.2,21.398
2023-08-05 21:00:00,21.6,61.6,0,0.9,20.9591111111111
2023-08-05 21:15:00,21.2,63.7,0,1.2,20.906
2023-08-05 21:30:00,21,64.9,0,0.9,20.9868888888889
2023-08-05 21:45:00,20.7,67.2,0,1.1,20.8606666666667
2023-08-05 22:00:00,20.5,69,0,0.8,20.7791111111111
2023-08-05 22:15:00,20.4,70.7,0,0.8,20.6737777777778
2023-08-05 22:30:00,20.7,69.6,0,1.4,20.1708888888889
2023-08-05 22:45:00,19.8,76.7,0,0.8,19.5504444444444
2023-08-05 23:00:00,19.2,82.5,0,1.5,19.37
2023-08-05 23:15:00,19,84.7,0,1,19.2882222222222
2023-08-05 23:30:00,19,84.9,0,1.1,19.1844444444444
2023-08-05 23:45:00,18.9,86.5,0,1,19.1655555555556
2023-08-06 00:00:00,19,85.6,0,1.2,19.1048888888889
2023-08-06 00:15:00,19.1,84.7,0,1.4,19.0302222222222
2023-08-06 00:30:00,20.3,76.3,0,1.2,19.0213333333333
2023-08-06 00:45:00,19.7,79.8,0,0.7,18.8664444444444
2023-08-06 01:00:00,19.2,83.2,0,0.9,18.7055555555556
2023-08-06 01:15:00,18.6,87.8,0,1.1,18.6202222222222
2023-08-06 01:30:00,18.7,86.5,0,1.5,18.6073333333333
2023-08-06 01:45:00,18.7,86.9,0,1.1,18.592
2023-08-06 02:00:00,18.6,87.5,0,1.4,18.5197777777778
2023-08-06 02:15:00,18.4,89.2,0,1,18.4922222222222
2023-08-06 02:30:00,18.3,90,0,0.5,18.4264444444444
2023-08-06 02:45:00,18.4,89.2,0,0.8,18.3857777777778
2023-08-06 03:00:00,18.4,89.3,0,0.8,18.4313333333333
2023-08-06 03:15:00,18.7,87.8,0,1.4,18.4115555555556
2023-08-06 03:30:00,18.5,89.1,0,1.2,18.3455555555556
2023-08-06 03:45:00,18.4,89.9,0,1.4,18.3015555555556
2023-08-06 04:00:00,18.2,90.8,0,1.2,18.3053333333333
2023-08-06 04:15:00,18,91.5,0,0.7,18.2126666666667
2023-08-06 04:30:00,18.5,88.5,0,1.2,18.2226666666667
2023-08-06 04:45:00,18.3,89.3,0,0.8,18.2213333333333
2023-08-06 05:00:00,18.5,88.8,0,0.7,18.2217777777778
2023-08-06 05:15:00,18.4,89.4,0,0.5,18.2095555555556
2023-08-06 05:30:00,18.1,91.6,0,0.7,18.1731111111111
2023-08-06 05:45:00,18,92.3,0,0.7,18.1651111111111
2023-08-06 06:00:00,18.1,91.5,0,0.9,18.1935555555556
2023-08-06 06:15:00,18.2,91.2,0,1.2,18.2137777777778
2023-08-06 06:30:00,18.2,91.1,1,1.3,18.204
2023-08-06 06:45:00,17.9,92.6,6,0.8,18.2082222222222
2023-08-06 07:00:00,17.8,93,13,0.6,18.2666666666667
2023-08-06 07:15:00,17.9,93,21,0.5,18.3264444444444
2023-08-06 07:30:00,17.9,93.6,35,1.1,18.4208888888889
2023-08-06 07:45:00,18,93.2,40,0.6,18.53
2023-08-06 08:00:00,18.2,92.9,47,1,18.7753333333333
2023-08-06 08:15:00,18.4,92.8,68,0.9,19.0622222222222
2023-08-06 08:30:00,18.7,93.1,75,0.3,19.3695555555556
2023-08-06 08:45:00,18.9,93.9,86,0.6,19.5937777777778
2023-08-06 09:00:00,19,94.7,155,1.3,20.1024444444444
2023-08-06 09:15:00,19.2,95.9,235,1.6,20.3862222222222
2023-08-06 09:30:00,19.3,95,228,1.9,21.0371111111111
2023-08-06 09:45:00,19.7,94.7,332,2.2,21.9842222222222
2023-08-06 10:00:00,20.8,93.1,534,1.7,23.3002222222222
2023-08-06 10:15:00,21.9,89.4,655,1.7,24.7624444444444
2023-08-06 10:30:00,22.1,86.2,379,1.4,25.0271111111111
2023-08-06 10:45:00,22.2,82.1,253,1.7,24.7806666666667
2023-08-06 11:00:00,22.3,79.6,158,1.8,24.2668888888889
2023-08-06 11:15:00,22.2,75.4,161,1.8,23.5911111111111
2023-08-06 11:30:00,21,82.6,187,1.5,23.1351111111111
2023-08-06 11:45:00,21,84.2,222,1.1,23.4015555555556
2023-08-06 12:00:00,21.8,80.4,451,1.8,24.0031111111111
2023-08-06 12:15:00,22.5,78,445,2.1,24.3911111111111
2023-08-06 12:30:00,22.9,73.8,392,2.1,24.7448888888889
2023-08-06 12:45:00,23.4,70.7,479,2.2,25.9255555555556
2023-08-06 13:00:00,24.1,67.8,588,2.5,26.4004444444444
2023-08-06 13:15:00,24.8,65,681,2.3,26.8024444444444
2023-08-06 13:30:00,25.5,63.4,754,2.2,27.3884444444444
2023-08-06 13:45:00,25.7,62.8,749,2.3,28.1635555555556
2023-08-06 14:00:00,26.2,60,730,2.5,29.1437777777778
2023-08-06 14:15:00,26.5,58.8,689,2.6,29.8533333333333
2023-08-06 14:30:00,26.6,58.4,645,2.8,30.6924444444444
2023-08-06 14:45:00,27.1,56.4,598,2.6,31.4164444444444
2023-08-06 15:00:00,27.2,54.1,576,2.6,31.9824444444444
2023-08-06 15:15:00,27.6,50.9,572,2.7,32.2728888888889
2023-08-06 15:30:00,28.2,48.9,630,2.3,32.9164444444444
2023-08-06 15:45:00,28.2,50.5,524,2.2,31.862
2023-08-06 16:00:00,27.2,51.9,307,1.8,31.3115555555556
2023-08-06 16:15:00,26.8,54.1,235,1.6,31.492
2023-08-06 16:30:00,27.7,51.4,512,1.7,32.3813333333333
2023-08-06 16:45:00,27.8,50.5,323,1.8,33.4951111111111
2023-08-06 17:00:00,27.5,51.4,305,1.8,33.5966666666667
2023-08-06 17:15:00,27.6,50.6,295,1.8,34.1
2023-08-06 17:30:00,28.2,49.7,412,1.5,33.4368888888889
2023-08-06 17:45:00,28.3,50,344,1.4,32.4611111111111
2023-08-06 18:00:00,28.2,49.6,298,1.1,31.508
2023-08-06 18:15:00,28.3,48.5,248,0.9,30.8164444444444
2023-08-06 18:30:00,27.5,54.3,155,0.6,29.146
2023-08-06 18:45:00,26.7,59.7,81,0.7,28.0804444444444
2023-08-06 19:00:00,26.2,65.9,49,0.7,28.3006666666667
2023-08-06 19:15:00,25.7,63,73,0.8,27.6435555555556
2023-08-06 19:30:00,25.4,63.5,69,0.6,26.4933333333333
2023-08-06 19:45:00,24.8,67.7,38,0.9,25.4811111111111
2023-08-06 20:00:00,24.3,66.8,15,1,24.4044444444444
2023-08-06 20:15:00,23.2,71,8,0.7,23.3982222222222
2023-08-06 20:30:00,22.3,76.1,2,0.8,22.398
2023-08-06 20:45:00,21.9,74.8,0,1,21.6302222222222
2023-08-06 21:00:00,21,76.9,0,0.9,21.1984444444444
2023-08-06 21:15:00,20.8,76.7,0,1,21.0326666666667
2023-08-06 21:30:00,21.3,72.5,0,1.3,20.6744444444444
2023-08-06 21:45:00,20.9,73.7,0,1.3,20.3246666666667
2023-08-06 22:00:00,20.7,74,0,1.3,20.0897777777778
2023-08-06 22:15:00,21,71.6,0,1.4,19.9802222222222
2023-08-06 22:30:00,21.3,69.9,0,1.7,19.896
2023-08-06 22:45:00,21,71.1,0,1.2,19.5224444444444
2023-08-06 23:00:00,20.3,74.9,0,0.9,19.1628888888889
2023-08-06 23:15:00,20,76,0,0.7,19.1326666666667
2023-08-06 23:30:00,20.3,74.4,0,1.4,19.2393333333333
2023-08-06 23:45:00,20.1,74.8,0,1.6,19.4033333333333
2023-08-07 00:00:00,20.45,72.8,0,1.65,19.1713333333333
2023-08-07 00:15:00,20.8,70.8,0,1.7,19.0642222222222
2023-08-07 00:30:00,21.5,66.5,0,1.7,19.1362222222222
2023-08-07 00:45:00,21,68.7,0,1.4,19.1451111111111
2023-08-07 01:00:00,21,68.8,0,1.3,18.8331111111111
2023-08-07 01:15:00,19.9,76,0,0.4,18.478
2023-08-07 01:30:00,19.3,79.6,0,0.5,18.4453333333333
2023-08-07 01:45:00,19.4,77.1,0,0.8,18.1155555555556
2023-08-07 02:00:00,18.5,81.8,0,0.7,17.7764444444444
2023-08-07 02:15:00,18.3,81.8,0,0.9,17.5404444444444
2023-08-07 02:30:00,18.1,81.7,0,0.6,17.2675555555556
2023-08-07 02:45:00,17.9,82.7,0,0.7,17.0846666666667
2023-08-07 03:00:00,17.6,85.3,0,0.5,16.9813333333333
2023-08-07 03:15:00,17.2,87.2,0,0.7,16.9217777777778
2023-08-07 03:30:00,17.4,85.4,0,1,16.902
2023-08-07 03:45:00,17.7,83.3,0,1.3,16.8395555555556
2023-08-07 04:00:00,17.7,83.4,0,0.8,16.6526666666667
2023-08-07 04:15:00,17.2,85.3,0,0.6,16.5162222222222
2023-08-07 04:30:00,16.8,87.2,0,0.5,16.2515555555556
2023-08-07 04:45:00,16.2,90.1,0,0.7,16.0086666666667
2023-08-07 05:00:00,16,90.1,0,0.7,15.9713333333333
2023-08-07 05:15:00,16,89.9,0,0.6,16.0271111111111
2023-08-07 05:30:00,16,90.3,0,0.7,16.0642222222222
2023-08-07 05:45:00,16.1,89.6,0,0.5,16.2037777777778
2023-08-07 06:00:00,16.3,89,5,0.6,16.3391111111111
2023-08-07 06:15:00,16.8,86.5,13,1,16.6306666666667
2023-08-07 06:30:00,17.2,84.6,28,0.9,17.0002222222222
2023-08-07 06:45:00,17.1,88.4,60,0.5,17.5473333333333
2023-08-07 07:00:00,17.6,88.9,93,0.3,18.2708888888889
2023-08-07 07:15:00,18.3,87.4,116,0.3,18.9826666666667
2023-08-07 07:30:00,18.9,83.1,101,0.5,19.3413333333333
2023-08-07 07:45:00,19.1,81.5,76,0.6,19.7051111111111
2023-08-07 08:00:00,19.4,79.8,89,1,19.9668888888889
2023-08-07 08:15:00,19.6,80.9,99,1,19.8886666666667
2023-08-07 08:30:00,19.1,85,53,1.4,19.6604444444444
2023-08-07 08:45:00,18.8,84.4,29,0.8,19.4175555555556
2023-08-07 09:00:00,18.4,88,46,1,19.0157777777778
2023-08-07 09:15:00,18,89.1,69,1.5,18.9862222222222
2023-08-07 09:30:00,17.9,88.8,65,0.6,18.932
2023-08-07 09:45:00,18,87.5,48,0.4,18.8717777777778
2023-08-07 10:00:00,18,89,52,1.2,18.7933333333333
2023-08-07 10:15:00,18.3,86.2,65,1.6,19.0268888888889
2023-08-07 10:30:00,18.8,83.3,105,1.3,19.8946666666667
2023-08-07 10:45:00,20,80.4,211,1.5,21.1366666666667
2023-08-07 11:00:00,20.5,80.5,301,1.1,21.912
2023-08-07 11:15:00,20.9,78.1,265,1.6,21.9411111111111
2023-08-07 11:30:00,20.2,83.7,204,1.2,21.9688888888889
2023-08-07 11:45:00,20.2,83.5,189,1.3,22.2195555555556
2023-08-07 12:00:00,20.2,85.4,265,1.6,22.676
2023-08-07 12:15:00,20.4,85.2,336,2.2,23.1766666666667
2023-08-07 12:30:00,20.6,83.5,366,2.2,23.4511111111111
2023-08-07 12:45:00,20.7,82,355,2.2,23.9788888888889
2023-08-07 13:00:00,21.1,80,452,2.2,25.5797777777778
2023-08-07 13:15:00,22.3,76.4,706,2.3,26.4122222222222
2023-08-07 13:30:00,22.9,74.8,833,2.2,27.0506666666667
2023-08-07 13:45:00,23.4,72.9,833,2.4,27.8213333333333
2023-08-07 14:00:00,23.7,70.1,793,2.2,28.36
2023-08-07 14:15:00,24.2,69.7,657,2,29.666
2023-08-07 14:30:00,23.3,71.1,418,2.2,29.4788888888889
2023-08-07 14:45:00,23.1,71.1,526,2.3,29.9048888888889
2023-08-07 15:00:00,23.7,69,625,2,30.0204444444444
2023-08-07 15:15:00,24,67.5,619,1.7,30.4953333333333
2023-08-07 15:30:00,24.1,66.2,622,2.2,30.8646666666667
2023-08-07 15:45:00,24.8,64,632,1.7,31.6255555555556
2023-08-07 16:00:00,24.6,63.9,541,1.6,31.1704444444444
2023-08-07 16:15:00,24.4,63.3,371,1.2,31.1684444444444
2023-08-07 16:30:00,24.8,63.2,416,1.1,30.6037777777778
2023-08-07 16:45:00,24.8,62.9,282,1,29.1162222222222
2023-08-07 17:00:00,23.8,67.4,157,1.5,27.7291111111111
2023-08-07 17:15:00,23,71.3,109,1.9,26.3784444444444
2023-08-07 17:30:00,22.4,73.1,74,1.8,25.2553333333333
2023-08-07 17:45:00,22.1,73,49,2.5,24.3922222222222
2023-08-07 18:00:00,21.7,74.8,39,2.4,23.7662222222222
2023-08-07 18:15:00,21.4,76.1,41,2,23.3277777777778
2023-08-07 18:30:00,21.4,76.5,40,2,23.022
2023-08-07 18:45:00,21.3,77.4,45,1.5,22.8297777777778
2023-08-07 19:00:00,21.5,76.2,44,1.9,22.6115555555556
2023-08-07 19:15:00,21.4,76.9,30,1.5,22.3646666666667
2023-08-07 19:30:00,21.1,78.5,20,1.5,22.0391111111111
2023-08-07 19:45:00,21,78.9,12,1.6,21.7622222222222
2023-08-07 20:00:00,20.8,80.5,8,1.6,21.5073333333333
2023-08-07 20:15:00,20.7,80.1,3,1.9,21.3002222222222
2023-08-07 20:30:00,20.8,78.8,0,1.6,21.1151111111111
2023-08-07 20:45:00,20.8,78.3,0,1.9,20.9644444444444
2023-08-07 21:00:00,20.6,79.2,0,1.2,20.7895555555556
2023-08-07 21:15:00,20.5,79.1,0,1.2,20.6166666666667
2023-08-07 21:30:00,20.3,79,0,1.3,20.2511111111111
2023-08-07 21:45:00,19.8,79.9,0,1.5,19.7937777777778
2023-08-07 22:00:00,19.3,81.1,0,1.4,19.3102222222222
2023-08-07 22:15:00,18.8,82.2,0,1.4,19.0364444444444
2023-08-07 22:30:00,18.6,81.7,0,1.6,18.7217777777778
2023-08-07 22:45:00,18.6,81.7,0,1.4,18.474
2023-08-07 23:00:00,18.3,82.6,0,1,17.7622222222222
2023-08-07 23:15:00,17.7,85.3,0,0.9,17.6277777777778
2023-08-07 23:30:00,17.9,83.7,0,1.3,17.462
2023-08-07 23:45:00,17.4,85.8,0,1,17.1475555555556
2023-08-08 00:00:00,17.15,86.3,0,1.1,16.996
2023-08-08 00:15:00,16.9,86.8,0,1.2,16.8668888888889
2023-08-08 00:30:00,16.9,86.6,0,1.1,16.7637777777778
2023-08-08 00:45:00,16.9,86.1,0,1.2,16.5953333333333
2023-08-08 01:00:00,16.7,85.9,0,1.2,16.366
2023-08-08 01:15:00,16.5,86.4,0,0.9,16.2251111111111
2023-08-08 01:30:00,16.3,87.1,0,1.1,16.086
2023-08-08 01:45:00,16.2,86.6,0,1,15.8526666666667
2023-08-08 02:00:00,16.3,86.3,0,0.9,15.6917777777778
2023-08-08 02:15:00,15.8,88.1,0,0.7,15.516
2023-08-08 02:30:00,15.8,87.2,0,0.6,15.3986666666667
2023-08-08 02:45:00,16.1,85.8,0,1.2,15.2595555555556
2023-08-08 03:00:00,15.6,88.8,0,0.7,15.0517777777778
2023-08-08 03:15:00,15.4,89.5,0,0.6,14.8433333333333
2023-08-08 03:30:00,14.8,91.8,0,0.8,14.6644444444444
2023-08-08 03:45:00,14.5,92.4,0,0.7,14.5217777777778
2023-08-08 04:00:00,14.3,92.8,0,0.6,14.3515555555556
2023-08-08 04:15:00,14.1,92.5,0,0.7,14.2506666666667
2023-08-08 04:30:00,14.1,92.1,0,0.7,14.1337777777778
2023-08-08 04:45:00,14.1,92.3,0,0.9,14.0508888888889
2023-08-08 05:00:00,14.2,91.4,0,0.7,14.0495555555556
2023-08-08 05:15:00,14.2,92,0,0.7,14.0931111111111
2023-08-08 05:30:00,14,93.3,0,0.4,14.1
2023-08-08 05:45:00,14,92.8,1,0.9,13.9851111111111
2023-08-08 06:00:00,13.9,92.8,6,0.6,13.9622222222222
2023-08-08 06:15:00,14.3,91.1,22,0.8,14.1157777777778
2023-08-08 06:30:00,14.7,91.7,48,0.5,14.4257777777778
2023-08-08 06:45:00,15.6,91,75,0.4,14.9568888888889
2023-08-08 07:00:00,16.3,92.9,106,0.5,15.8068888888889
2023-08-08 07:15:00,17.3,93.9,136,0.3,16.7986666666667
2023-08-08 07:30:00,18.3,92.5,158,0.7,17.7551111111111
2023-08-08 07:45:00,18.9,89.1,197,0.5,18.6133333333333
2023-08-08 08:00:00,19.1,87.9,243,1,19.4322222222222
2023-08-08 08:15:00,19.9,84,283,0.8,20.0915555555556
2023-08-08 08:30:00,20.4,81.1,323,0.9,20.8524444444444
2023-08-08 08:45:00,20.7,78.7,365,0.9,21.2831111111111
2023-08-08 09:00:00,21.1,76,358,1,22.0411111111111
2023-08-08 09:15:00,21.5,73,397,1.3,22.8677777777778
2023-08-08 09:30:00,21.9,69.4,482,1.6,23.7704444444444
2023-08-08 09:45:00,22.3,68.8,524,1.4,24.8304444444444
2023-08-08 10:00:00,22.8,68.4,560,1.2,25.8282222222222
2023-08-08 10:15:00,23.2,66.6,527,1.2,26.462
2023-08-08 10:30:00,23.8,64.1,535,1,27.232
2023-08-08 10:45:00,24.1,61.6,634,1.4,27.9997777777778
2023-08-08 11:00:00,24.6,59,633,1.5,28.5877777777778
2023-08-08 11:15:00,25.1,58.3,667,0.9,28.9182222222222
2023-08-08 11:30:00,25.7,57.2,697,1,29.1526666666667
2023-08-08 11:45:00,26,55.5,728,1.4,29.5166666666667
2023-08-08 12:00:00,26.2,53.6,721,1.2,29.6331111111111
2023-08-08 12:15:00,26.3,53.1,737,1.3,29.4873333333333
2023-08-08 12:30:00,26.6,51.4,610,1.4,29.1575555555556
2023-08-08 12:45:00,26.8,49.5,656,1.6,29.7984444444444
2023-08-08 13:00:00,27.6,46.7,729,1.7,29.8722222222222
2023-08-08 13:15:00,27.8,45.6,726,1.7,30.068
2023-08-08 13:30:00,28,43.6,745,1.3,30.0768888888889
2023-08-08 13:45:00,28.6,42.2,731,1.1,30.6488888888889
2023-08-08 14:00:00,28.5,40.6,710,1.6,31.5791111111111
2023-08-08 14:15:00,29.5,38.5,745,1.3,32.6004444444444
2023-08-08 14:30:00,29.7,37.5,669,1.1,33.0942222222222
2023-08-08 14:45:00,29.6,38,626,1.2,34.0075555555556
2023-08-08 15:00:00,29.4,39.8,609,0.9,34.5846666666667
2023-08-08 15:15:00,29.6,39.1,624,1,34.7695555555556
2023-08-08 15:30:00,29.8,39,613,0.9,35.4573333333333
2023-08-08 15:45:00,29.9,38.3,617,0.9,35.8657777777778
2023-08-08 16:00:00,30.6,35.7,605,0.9,36.8924444444444
2023-08-08 16:15:00,30.1,37.1,576,0.9,37.2886666666667
2023-08-08 16:30:00,30.5,34.9,551,0.9,37.7335555555556
2023-08-08 16:45:00,30.5,33.6,492,0.7,37.8844444444444
2023-08-08 17:00:00,30.6,33.3,473,0.6,37.8682222222222
2023-08-08 17:15:00,30.8,32.9,438,0.6,37.8231111111111
2023-08-08 17:30:00,30.5,35.2,392,0.7,37.214
2023-08-08 17:45:00,30.7,33.1,364,0.8,35.876
2023-08-08 18:00:00,31,29.1,327,1,34.6566666666667
2023-08-08 18:15:00,30.8,29.3,276,0.9,33.9757777777778
2023-08-08 18:30:00,30,37.2,234,0.6,33.4157777777778
2023-08-08 18:45:00,29.6,38.9,206,0.7,32.3895555555556
2023-08-08 19:00:00,29.6,36.9,158,0.4,32.1466666666667
2023-08-08 19:15:00,28.6,44.5,129,0.5,29.428
2023-08-08 19:30:00,28.1,46.8,97,0.6,26.5884444444444
2023-08-08 19:45:00,27.2,41.3,67,0.8,24.444
2023-08-08 20:00:00,24.3,56.5,36,1.1,22.7124444444444
2023-08-08 20:15:00,23,54.7,13,1.3,21.3831111111111
2023-08-08 20:30:00,21.9,54.7,3,1.2,20.3946666666667
2023-08-08 20:45:00,21.3,52.1,0,1.2,19.9828888888889
2023-08-08 21:00:00,20.7,50.7,0,1.3,20.0237777777778
2023-08-08 21:15:00,21.6,43.4,0,1.6,19.7124444444444
2023-08-08 21:30:00,21.6,42.6,0,1.4,19.2482222222222
2023-08-08 21:45:00,21.2,44.3,0,1.3,18.9637777777778
2023-08-08 22:00:00,20.9,46.3,0,1.6,18.2873333333333
2023-08-08 22:15:00,20.7,46.5,0,1.6,18.0424444444444
2023-08-08 22:30:00,20.4,47.2,0,1.4,17.794
2023-08-08 22:45:00,19.6,50.6,0,1.2,17.6611111111111
2023-08-08 23:00:00,18.9,53.2,0,1.1,17.2368888888889
2023-08-08 23:15:00,18.5,55.3,0,1.2,16.8606666666667
2023-08-08 23:30:00,18.5,55.4,0,1.1,16.6811111111111
2023-08-08 23:45:00,18.5,55.6,0,1.3,16.3415555555556
2023-08-09 00:00:00,18.3,56.8,0,1.2,16.2346666666667
2023-08-09 00:15:00,18.1,58,0,1.1,16.4277777777778
2023-08-09 00:30:00,18.4,56.4,0,1.4,16.1888888888889
2023-08-09 00:45:00,19.2,52.7,0,1.7,15.6711111111111
2023-08-09 01:00:00,19.7,50.8,0,1.1,15.0288888888889
2023-08-09 01:15:00,17.7,60,0,1.1,14.6811111111111
2023-08-09 01:30:00,16.3,66.7,0,1,14.4906666666667
2023-08-09 01:45:00,16,67.5,0,1.2,14.4435555555556
2023-08-09 02:00:00,16.5,63.1,0,1.3,14.4975555555556
2023-08-09 02:15:00,16.3,64.2,0,1.1,14.6368888888889
2023-08-09 02:30:00,15.5,68.7,0,0.9,14.2668888888889
2023-08-09 02:45:00,15.1,70.8,0,1.1,14.0971111111111
2023-08-09 03:00:00,14.8,72.3,0,1.2,14.178
2023-08-09 03:15:00,14.8,73.3,0,0.8,14.4568888888889
2023-08-09 03:30:00,15.2,73,0,0.9,14.7433333333333
2023-08-09 03:45:00,15.5,74.2,0,0.9,15.0077777777778
2023-08-09 04:00:00,16,74.2,0,0.9,15.26
2023-08-09 04:15:00,16.2,75.1,0,0.8,15.3855555555556
2023-08-09 04:30:00,16.2,75.7,0,0.8,15.6304444444444
2023-08-09 04:45:00,16.2,76.7,0,0.8,15.7953333333333
2023-08-09 05:00:00,16.8,73.3,0,0.9,15.8811111111111
2023-08-09 05:15:00,16.5,75.8,0,0.7,15.8742222222222
2023-08-09 05:30:00,16.4,77.7,0,0.6,15.8224444444444
2023-08-09 05:45:00,16.5,76.9,0,0.7,15.8577777777778
2023-08-09 06:00:00,16.8,75.6,2,0.7,15.9771111111111
2023-08-09 06:15:00,16.6,78,9,0.7,16.1953333333333
2023-08-09 06:30:00,16.9,77.6,10,0.8,16.3037777777778
2023-08-09 06:45:00,17,77.6,13,0.5,16.4926666666667
2023-08-09 07:00:00,16.9,79.3,17,0.6,16.7246666666667
2023-08-09 07:15:00,17.1,79.2,22,0.6,17.0155555555556
2023-08-09 07:30:00,17.6,76.6,30,0.8,17.4402222222222
2023-08-09 07:45:00,17.8,78.5,44,0.7,17.7764444444444
2023-08-09 08:00:00,18.1,78,46,0.6,18.054
2023-08-09 08:15:00,18.5,76.6,44,1,18.0588888888889
2023-08-09 08:30:00,18.3,79,40,0.7,18.1382222222222
2023-08-09 08:45:00,18,86,48,0.5,18.6235555555556
2023-08-09 09:00:00,18.1,86.1,128,0.6,19.2424444444444
2023-08-09 09:15:00,18.6,77.8,177,0.4,20.0633333333333
2023-08-09 09:30:00,19.4,77.3,258,0.8,20.9011111111111
2023-08-09 09:45:00,20.4,74.8,349,0.6,22.6404444444444
2023-08-09 10:00:00,22.6,67.2,577,1.3,23.5564444444444
2023-08-09 10:15:00,22.9,64.3,423,2,24.7168888888889
2023-08-09 10:30:00,23.4,61.7,492,2.1,25.754
2023-08-09 10:45:00,24.3,57.9,448,2.3,26.2813333333333
2023-08-09 11:00:00,24.5,54.4,474,2.3,27.2531111111111
2023-08-09 11:15:00,26.3,50.1,758,2.4,27.5091111111111
2023-08-09 11:30:00,26,47,567,2.6,27.9071111111111
2023-08-09 11:45:00,26.8,43,629,2.7,27.8802222222222
2023-08-09 12:00:00,26.1,42.7,404,2.9,28.3864444444444
2023-08-09 12:15:00,27,40.8,714,2.3,29.0384444444444
2023-08-09 12:30:00,27.4,39.4,715,2,29.1108888888889
2023-08-09 12:45:00,27.4,40,740,1.8,29.228
2023-08-09 13:00:00,28,39,676,1.9,29.5162222222222
2023-08-09 13:15:00,28.4,38.4,717,2.1,29.4564444444444
2023-08-09 13:30:00,28.9,37.4,788,2,29.9904444444444
2023-08-09 13:45:00,29,37,782,2,30.748
2023-08-09 14:00:00,29.5,36.7,761,2.1,31.622
2023-08-09 14:15:00,29.6,36.1,722,2.1,32.6944444444444
2023-08-09 14:30:00,29.7,35.5,697,2,33.5473333333333
2023-08-09 14:45:00,30.1,34.5,605,1.8,34.5057777777778
2023-08-09 15:00:00,30.6,33.6,635,2.1,34.9108888888889
2023-08-09 15:15:00,31,33.5,646,2.4,35.1906666666667
2023-08-09 15:30:00,31.1,33.7,638,2.9,35.4862222222222
2023-08-09 15:45:00,31,32.9,627,2.8,35.8717777777778
2023-08-09 16:00:00,31.2,32.1,616,2.6,36.0991111111111
2023-08-09 16:15:00,31.6,31.8,599,2.5,36.6246666666667
2023-08-09 16:30:00,31.2,32.3,552,2.3,37.1955555555556
2023-08-09 16:45:00,31,32.7,508,2.3,37.1835555555556
2023-08-09 17:00:00,31.2,32.5,493,2.3,35.3515555555556
2023-08-09 17:15:00,30.5,34.1,328,2.4,36.5657777777778
2023-08-09 17:30:00,31.2,33.6,460,2.5,35.7688888888889
2023-08-09 17:45:00,30.4,35,323,2.5,33.9284444444444
2023-08-09 18:00:00,30.2,35.5,326,3.3,32.5653333333333
2023-08-09 18:15:00,29.5,37.1,263,2.9,30.7664444444444
2023-08-09 18:30:00,29.3,35.1,216,3.1,28.9726666666667
2023-08-09 18:45:00,28.7,32.4,98,2.8,27.7675555555556
2023-08-09 19:00:00,27.9,31.6,93,2.8,28.0648888888889
2023-08-09 19:15:00,27.9,31.7,131,2.8,27.8362222222222
2023-08-09 19:30:00,27.9,36.4,131,3.4,26.5586666666667
2023-08-09 19:45:00,27,38.8,37,3.7,25.6651111111111
2023-08-09 20:00:00,26.1,39.6,21,3.1,24.7168888888889
2023-08-09 20:15:00,25.1,42.1,12,2.5,23.9953333333333
2023-08-09 20:30:00,24.3,43.8,2,2.7,23.4297777777778
2023-08-09 20:45:00,23.5,44.7,0,2.4,22.9908888888889
2023-08-09 21:00:00,23.3,45.3,0,3.2,22.6455555555556
2023-08-09 21:15:00,22.9,47.6,0,3,21.9222222222222
2023-08-09 21:30:00,21.8,52.1,0,2,20.9735555555556
2023-08-09 21:45:00,20.8,54.7,0,1.7,19.9306666666667
2023-08-09 22:00:00,19.7,56.8,0,1.4,18.8313333333333
2023-08-09 22:15:00,19.4,57.7,0,1.4,18.0902222222222
2023-08-09 22:30:00,19.3,58.5,0,1.5,17.376
2023-08-09 22:45:00,18.3,62.7,0,1.2,16.5493333333333
2023-08-09 23:00:00,17.3,65.4,0,1,16.1968888888889
2023-08-09 23:15:00,16.8,66.3,0,1.3,16.1997777777778
2023-08-09 23:30:00,17.1,64.5,0,1.7,16.0024444444444
2023-08-09 23:45:00,17.2,63.7,0,1.7,15.7622222222222
2023-08-10 00:00:00,17,64.05,0,1.7,15.3066666666667
2023-08-10 00:15:00,16.8,64.4,0,1.7,15.2788888888889
2023-08-10 00:30:00,16.6,64.4,0,1.9,15.0828888888889
2023-08-10 00:45:00,16.3,64.5,0,1.9,14.7955555555556
2023-08-10 01:00:00,16.2,65.4,0,1.8,14.328
2023-08-10 01:15:00,15.9,66.9,0,1.5,13.4437777777778
2023-08-10 01:30:00,14.3,75.7,0,0.7,13.0771111111111
2023-08-10 01:45:00,13.8,76.4,0,1,12.9551111111111
2023-08-10 02:00:00,14.1,73.3,0,1.2,12.4008888888889
2023-08-10 02:15:00,13.8,74.1,0,1.1,11.9595555555556
2023-08-10 02:30:00,14.2,72.1,0,1.5,12.148
2023-08-10 02:45:00,14.5,71.8,0,1.4,12.314
2023-08-10 03:00:00,14.4,72.5,0,1.5,12.4553333333333
2023-08-10 03:15:00,14.4,72.8,0,2,12.5904444444444
2023-08-10 03:30:00,14.4,73.3,0,1.9,12.4237777777778
2023-08-10 03:45:00,14,75,0,1.3,12.2128888888889
2023-08-10 04:00:00,13.4,77.4,0,1,12.2073333333333
2023-08-10 04:15:00,13.6,75.7,0,1.6,12.0144444444444
2023-08-10 04:30:00,13.8,75,0,1.7,11.8371111111111
2023-08-10 04:45:00,13.4,75.8,0,1.3,11.9724444444444
2023-08-10 05:00:00,12.4,80.4,0,0.6,11.7093333333333
2023-08-10 05:15:00,13.2,74.7,0,1.5,11.3075555555556
2023-08-10 05:30:00,13.5,74.5,0,1.6,11.1071111111111
2023-08-10 05:45:00,13.7,74.3,0,1.5,11.3528888888889
2023-08-10 06:00:00,13.5,74.8,4,1.5,11.2884444444444
2023-08-10 06:15:00,13.7,74.2,22,1.8,11.5906666666667
2023-08-10 06:30:00,14.4,72.1,47,1.9,12.148
2023-08-10 06:45:00,15.2,70.6,75,1.8,12.4537777777778
2023-08-10 07:00:00,15.4,72.2,103,0.9,13.7291111111111
2023-08-10 07:15:00,16.4,71.2,131,1,15.2035555555556
2023-08-10 07:30:00,17.7,68.4,125,1.2,16.3608888888889
2023-08-10 07:45:00,18.8,64.8,173,1.6,17.2824444444444
2023-08-10 08:00:00,19.3,63.3,230,1.7,18.0277777777778
2023-08-10 08:15:00,19.1,66.2,255,1.9,18.4551111111111
2023-08-10 08:30:00,19.3,65.9,296,1.9,19.0397777777778
2023-08-10 08:45:00,19.8,62.8,331,2.1,19.6288888888889
2023-08-10 09:00:00,20.4,61.9,343,2.1,20.306
2023-08-10 09:15:00,20.7,59.7,391,2.4,21.2824444444444
2023-08-10 09:30:00,21,57.2,447,2.4,22.4893333333333
2023-08-10 09:45:00,21.4,55.9,484,2.5,23.5388888888889
2023-08-10 10:00:00,21.8,53.9,535,2.3,24.3748888888889
2023-08-10 10:15:00,22.3,50.6,549,2.7,25.3073333333333
2023-08-10 10:30:00,22.6,50,557,2.5,26.0271111111111
2023-08-10 10:45:00,23.1,46.5,642,2.1,26.7037777777778
2023-08-10 11:00:00,23.5,45,667,2.3,27.2993333333333
2023-08-10 11:15:00,23.8,45.2,674,2.8,27.7906666666667
2023-08-10 11:30:00,23.8,44.9,658,2.5,27.8837777777778
2023-08-10 11:45:00,24.3,43.4,735,2.5,27.9826666666667
2023-08-10 12:00:00,24.8,41.7,747,2.6,27.9922222222222
2023-08-10 12:15:00,25.2,40.7,719,2.5,28.3704444444444
2023-08-10 12:30:00,25.5,40,768,2.7,27.8971111111111
2023-08-10 12:45:00,26,38.4,771,2.5,27.948
2023-08-10 13:00:00,26.4,37.1,690,2.4,28.3886666666667
2023-08-10 13:15:00,26.5,33.6,733,2.2,28.3366666666667
2023-08-10 13:30:00,26.7,32.1,791,1.7,28.6595555555556
2023-08-10 13:45:00,27.3,31.9,787,2,29.2157777777778
2023-08-10 14:00:00,27.3,31.6,767,1.6,30.242
2023-08-10 14:15:00,27.6,31.9,723,1.9,31.2597777777778
2023-08-10 14:30:00,28.3,30.9,680,2.2,32.0517777777778
2023-08-10 14:45:00,28.2,31.4,620,2.3,32.8162222222222
2023-08-10 15:00:00,28.7,28.8,612,2.3,33.1511111111111
2023-08-10 15:15:00,28.7,28.6,635,2.3,33.5695555555556
2023-08-10 15:30:00,28.8,28.8,637,2.2,33.9206666666667
2023-08-10 15:45:00,29,29.6,632,2.3,34.5091111111111
2023-08-10 16:00:00,29.2,28.3,620,2.3,35.2515555555556
2023-08-10 16:15:00,29.3,27.6,592,2,36.0557777777778
2023-08-10 16:30:00,29.6,23.9,559,1.5,36.3624444444444
2023-08-10 16:45:00,29.3,26.4,524,2,36.4277777777778
2023-08-10 17:00:00,29.6,24.6,487,2,36.5815555555556
2023-08-10 17:15:00,29.6,23.9,447,1.7,36.6644444444444
2023-08-10 17:30:00,29.4,26.6,405,1.9,35.5944444444444
2023-08-10 17:45:00,29.5,29.4,364,1.6,33.5242222222222
2023-08-10 18:00:00,29.4,26.9,323,2.1,32.3631111111111
2023-08-10 18:15:00,29.1,27.7,281,2.1,31.4446666666667
2023-08-10 18:30:00,29,28.6,240,1.8,31.4466666666667
2023-08-10 18:45:00,28.9,30.5,201,1.4,30.7644444444444
2023-08-10 19:00:00,28.6,32.8,165,1,30.1337777777778
2023-08-10 19:15:00,28.3,34.7,129,0.6,27.2022222222222
2023-08-10 19:30:00,26.7,44,95,0.5,24.7582222222222
2023-08-10 19:45:00,24.7,51,65,0.7,23.0591111111111
2023-08-10 20:00:00,23.4,53.5,38,0.5,21.8673333333333
2023-08-10 20:15:00,22,54.2,9,0.7,20.9511111111111
2023-08-10 20:30:00,20.7,54.7,2,0.8,20.1875555555556
2023-08-10 20:45:00,20.9,46.8,0,1.4,19.5553333333333
2023-08-10 21:00:00,22.4,39.2,0,2.3,19.3071111111111
2023-08-10 21:15:00,22,41.5,0,1.3,20.1006666666667
2023-08-10 21:30:00,22,42.4,0,1.7,20.0848888888889
2023-08-10 21:45:00,21.2,44.4,0,1.8,19.594
2023-08-10 22:00:00,20.8,44.9,0,1.6,19.492
2023-08-10 22:15:00,21,43.5,0,1.9,19.4917777777778
2023-08-10 22:30:00,21.1,42.9,0,2.1,19.7168888888889
2023-08-10 22:45:00,21.2,42.6,0,2.1,19.436
2023-08-10 23:00:00,20.5,44.4,0,1.5,19.0051111111111
2023-08-10 23:15:00,20,46.1,0,1.5,17.8404444444444
2023-08-10 23:30:00,20,45.7,0,1.7,16.6062222222222
2023-08-10 23:45:00,18.4,53.4,0,0.8,15.9495555555556
2023-08-11 00:00:00,17.1,58.6,0,0.9,15.4175555555556
2023-08-11 00:15:00,15.8,63.8,0,1,14.9046666666667
2023-08-11 00:30:00,15.2,67,0,1.1,14.4062222222222
2023-08-11 00:45:00,14.6,69.5,0,1.1,13.9304444444444
2023-08-11 01:00:00,14.4,70.6,0,1.1,13.5948888888889
2023-08-11 01:15:00,14.4,70.7,0,0.9,13.3817777777778
2023-08-11 01:30:00,14.2,72.1,0,1.2,13.0808888888889
2023-08-11 01:45:00,14.2,70.7,0,1.1,12.9428888888889
2023-08-11 02:00:00,14.4,68.8,0,1.1,12.6673333333333
2023-08-11 02:15:00,14.4,69.9,0,1.1,12.6548888888889
2023-08-11 02:30:00,14,72.8,0,1,12.476
2023-08-11 02:45:00,13.6,75.1,0,1.1,12.3577777777778
2023-08-11 03:00:00,13.4,76.4,0,1,12.286
2023-08-11 03:15:00,13.1,77.3,0,0.8,12.2862222222222
2023-08-11 03:30:00,12.6,79.5,0,0.9,12.1315555555556
2023-08-11 03:45:00,12.4,79.9,0,0.9,11.8046666666667
2023-08-11 04:00:00,12.2,80,0,0.9,11.7746666666667
2023-08-11 04:15:00,11.9,81.1,0,0.7,11.6555555555556
2023-08-11 04:30:00,11.8,82.1,0,1,11.5322222222222
2023-08-11 04:45:00,12,81,0,0.9,11.4346666666667
2023-08-11 05:00:00,12.1,80.2,0,1.1,11.4117777777778
2023-08-11 05:15:00,12.4,79.1,0,1,11.1973333333333
2023-08-11 05:30:00,12.2,80.7,0,1,11.1397777777778
2023-08-11 05:45:00,12,82,0,0.8,11.0964444444444
2023-08-11 06:00:00,11.7,83.8,4,1,11.056
2023-08-11 06:15:00,11.9,83.8,24,0.8,11.0286666666667
2023-08-11 06:30:00,12.5,82.9,46,0.7,11.2935555555556
2023-08-11 06:45:00,13.5,81.3,72,0.8,11.9928888888889
2023-08-11 07:00:00,14.7,80.4,100,0.7,13.0984444444444
2023-08-11 07:15:00,16,77.4,127,0.5,14.4868888888889
2023-08-11 07:30:00,17,73.3,145,0.4,15.6144444444444
2023-08-11 07:45:00,17.7,70.2,194,0.6,16.7624444444444
2023-08-11 08:00:00,18.3,67.4,243,0.6,17.7246666666667
2023-08-11 08:15:00,18.9,63.8,282,0.7,18.4717777777778
2023-08-11 08:30:00,19.2,63.4,322,0.8,18.7806666666667
2023-08-11 08:45:00,19.7,60.4,355,1.2,19.278
2023-08-11 09:00:00,20,59.1,351,1.5,20.2411111111111
2023-08-11 09:15:00,20.3,57.7,420,1.4,21.1895555555556
2023-08-11 09:30:00,20.7,55.6,475,1.5,22.4835555555556
2023-08-11 09:45:00,21,55.9,512,1.9,23.5455555555556
2023-08-11 10:00:00,21.8,53,547,1.3,24.634
2023-08-11 10:15:00,22.3,51.1,538,1.3,25.386
2023-08-11 10:30:00,22.8,51.7,560,1.5,26.2848888888889
2023-08-11 10:45:00,23.5,50.5,640,1.5,27.0222222222222
2023-08-11 11:00:00,23.6,49.7,667,1.8,27.864
2023-08-11 11:15:00,24.2,48.3,679,1.5,28.5133333333333
2023-08-11 11:30:00,24.8,46.9,712,1.8,28.8971111111111
2023-08-11 11:45:00,25.1,45.9,732,1.5,29.2568888888889
2023-08-11 12:00:00,25.8,44.7,744,1.3,29.2697777777778
2023-08-11 12:15:00,25.7,43.6,708,1.2,29.0846666666667
2023-08-11 12:30:00,26.4,41.5,768,1.3,28.6622222222222
2023-08-11 12:45:00,26.7,40.8,768,1.5,28.7991111111111
2023-08-11 13:00:00,27,40.6,686,1.9,29.0064444444444
2023-08-11 13:15:00,27.1,41,731,1.8,29.146
2023-08-11 13:30:00,27.3,40.4,788,1.8,29.6557777777778
2023-08-11 13:45:00,27.7,39.1,786,1.7,30.0115555555556
2023-08-11 14:00:00,28,36.7,766,1.6,30.9853333333333
2023-08-11 14:15:00,28.4,37.3,724,1.8,31.7957777777778
2023-08-11 14:30:00,28.5,37.1,681,2.2,32.6431111111111
2023-08-11 14:45:00,29,35.8,621,2.2,33.4622222222222
2023-08-11 15:00:00,29.6,34.9,610,2.4,34.1015555555556
2023-08-11 15:15:00,29.4,35,632,2.6,34.4173333333333
2023-08-11 15:30:00,29.6,34.3,636,2.5,34.9624444444444
2023-08-11 15:45:00,30.2,33.5,634,2.7,35.3006666666667
2023-08-11 16:00:00,30.2,33.6,621,2.4,35.8897777777778
2023-08-11 16:15:00,30.5,33.6,592,2.1,36.5635555555556
2023-08-11 16:30:00,30.9,30.2,559,2.1,37.004
2023-08-11 16:45:00,30.9,30,523,2.1,37.4477777777778
2023-08-11 17:00:00,31,30.4,482,2.1,37.8111111111111
2023-08-11 17:15:00,31,29.7,443,1.9,37.7782222222222
2023-08-11 17:30:00,31.1,28.5,401,1.8,36.7608888888889
2023-08-11 17:45:00,31,28.9,361,1.8,35.0777777777778
2023-08-11 18:00:00,30.9,29.9,320,1.8,33.6162222222222
2023-08-11 18:15:00,30.4,32.2,279,1.9,32.7782222222222
2023-08-11 18:30:00,29.8,36.1,239,1.8,32.4211111111111
2023-08-11 18:45:00,29.7,36.2,199,1.6,31.488
2023-08-11 19:00:00,29.5,37.9,161,1.2,30.9064444444444
2023-08-11 19:15:00,28.9,39,126,1,28.078
2023-08-11 19:30:00,28.1,41.8,89,0.7,25.496
2023-08-11 19:45:00,26.6,48.1,56,0.7,23.8982222222222
2023-08-11 20:00:00,24.9,51.1,34,1.2,23.178
2023-08-11 20:15:00,23.3,51,8,1,22.0773333333333
2023-08-11 20:30:00,24.1,37.8,1,1.8,21.5968888888889
2023-08-11 20:45:00,24,32.6,0,1.7,20.4606666666667
2023-08-11 21:00:00,23.5,31.9,0,1.5,19.2153333333333
2023-08-11 21:15:00,21.5,38.2,0,0.9,18.1864444444444
2023-08-11 21:30:00,20.9,38.8,0,1,17.6944444444444
2023-08-11 21:45:00,20.4,40.2,0,1.8,16.9486666666667
2023-08-11 22:00:00,20.7,37.5,0,1.7,16.3175555555556
2023-08-11 22:15:00,19.1,44.2,0,0.8,16.3962222222222
2023-08-11 22:30:00,19.6,42.5,0,1.1,15.9031111111111
2023-08-11 22:45:00,20.6,41.9,0,1.4,15.8195555555556
2023-08-11 23:00:00,19.8,45.8,0,1.5,16.5237777777778
2023-08-11 23:15:00,19.3,47.1,0,1.9,17.2573333333333
2023-08-11 23:30:00,20.5,45.2,0,2.4,17.6466666666667
2023-08-11 23:45:00,20.1,46.4,0,2.1,16.9395555555556
2023-08-12 00:00:00,19.25,48,0,1.95,16.7075555555556
2023-08-12 00:15:00,18.4,49.6,0,1.8,16.2695555555556
2023-08-12 00:30:00,18.2,48.8,0,1.7,15.9493333333333
2023-08-12 00:45:00,17.3,51.7,0,1.6,15.3228888888889
2023-08-12 01:00:00,16.1,55.7,0,1.3,14.2771111111111
2023-08-12 01:15:00,15.1,58.3,0,0.9,13.6735555555556
2023-08-12 01:30:00,14.6,59.1,0,1.3,13.5868888888889
2023-08-12 01:45:00,17,47.4,0,1.6,13.4946666666667
2023-08-12 02:00:00,16.5,49.7,0,1.1,13.3017777777778
2023-08-12 02:15:00,15.1,56.4,0,0.7,12.7104444444444
2023-08-12 02:30:00,14.9,56,0,0.8,12.5286666666667
2023-08-12 02:45:00,14,60.8,0,1.2,12.4357777777778
2023-08-12 03:00:00,14.6,58,0,1.1,12.1762222222222
2023-08-12 03:15:00,13.3,64.1,0,1,12.2788888888889
2023-08-12 03:30:00,14.4,58.9,0,1.4,12.1695555555556
2023-08-12 03:45:00,14.2,59.1,0,1.4,12.1704444444444
2023-08-12 04:00:00,14,61.3,0,1.1,11.7893333333333
2023-08-12 04:15:00,13.5,63.9,0,1.1,11.7746666666667
2023-08-12 04:30:00,13.1,67.1,0,0.9,11.7113333333333
2023-08-12 04:45:00,13.6,65.7,0,1.4,12.1153333333333
2023-08-12 05:00:00,14,65.7,0,1.9,12.0515555555556
2023-08-12 05:15:00,13.9,64.9,0,1.4,12.0806666666667
2023-08-12 05:30:00,14.6,63.1,0,1.6,12.0395555555556
2023-08-12 05:45:00,13.8,67.7,0,1.1,11.9304444444444
2023-08-12 06:00:00,14.1,66.1,3,1.4,12.0864444444444
2023-08-12 06:15:00,14.7,65.1,13,1.3,12.392
2023-08-12 06:30:00,15.2,65.1,43,1.4,12.7706666666667
2023-08-12 06:45:00,16.4,63.5,57,1.2,13.3213333333333
2023-08-12 07:00:00,16.6,64.8,79,0.9,13.9495555555556
2023-08-12 07:15:00,16.8,67.5,92,0.4,15.0948888888889
2023-08-12 07:30:00,18,64.2,118,0.9,16.2146666666667
2023-08-12 07:45:00,19.3,59.8,140,0.9,17.6271111111111
2023-08-12 08:00:00,20,60.8,224,1.4,18.7506666666667
2023-08-12 08:15:00,20.9,56.9,274,1.9,19.7108888888889
2023-08-12 08:30:00,21.2,56.4,313,1.8,20.3788888888889
2023-08-12 08:45:00,21.7,56.9,340,1.6,21.1915555555556
2023-08-12 09:00:00,22.2,55.2,371,1.5,22.0355555555556
2023-08-12 09:15:00,22.6,53.6,409,1.3,23.1926666666667
2023-08-12 09:30:00,23.3,51.4,476,1.4,24.3588888888889
2023-08-12 09:45:00,23.7,52.8,497,1.3,25.4488888888889
2023-08-12 10:00:00,24.1,50.9,521,1.2,26.514
2023-08-12 10:15:00,24.7,48.5,520,1.1,27.2826666666667
2023-08-12 10:30:00,25.3,46.1,545,1.1,28.3226666666667
2023-08-12 10:45:00,25.5,45.7,608,1.2,29.064
2023-08-12 11:00:00,26.2,44.5,663,1.2,29.5806666666667
2023-08-12 11:15:00,26.6,42.8,644,1.3,30.4542222222222
2023-08-12 11:30:00,27.4,41.4,695,1.3,30.9626666666667
2023-08-12 11:45:00,27.8,40.1,689,1.3,31.1611111111111
2023-08-12 12:00:00,28.1,39.6,709,1.4,31.2048888888889
2023-08-12 12:15:00,28.6,37.9,669,1.5,31.2846666666667
2023-08-12 12:30:00,28.6,37.8,739,1.5,31.0313333333333
2023-08-12 12:45:00,29.4,32.8,740,1.2,30.9544444444444
2023-08-12 13:00:00,29.3,32.7,662,1.1,31.1264444444444
2023-08-12 13:15:00,29.8,32.3,666,1.3,31.276
2023-08-12 13:30:00,30,33.6,745,1.4,31.6602222222222
2023-08-12 13:45:00,30.2,33.7,743,1.1,32.4195555555556
2023-08-12 14:00:00,30.9,31.5,749,1.1,33.06
2023-08-12 14:15:00,30.9,32.6,692,1.6,34.0462222222222
2023-08-12 14:30:00,31.4,30.6,665,2.3,34.8826666666667
2023-08-12 14:45:00,31.7,30.4,614,1.8,35.6222222222222
2023-08-12 15:00:00,31.7,29.7,602,1.6,36.136
2023-08-12 15:15:00,31.6,30,610,1.5,36.7724444444444
2023-08-12 15:30:00,31.6,30.4,618,1.3,37.4844444444444
2023-08-12 15:45:00,32.3,29.7,616,1.1,37.734
2023-08-12 16:00:00,32.2,29,584,1.5,37.9051111111111
2023-08-12 16:15:00,32.1,30.4,570,1.6,38.6486666666667
2023-08-12 16:30:00,32,31.7,536,1.1,38.8973333333333
2023-08-12 16:45:00,32.4,28.9,508,0.9,38.9802222222222
2023-08-12 17:00:00,32.3,31.1,470,1.4,39.4828888888889
2023-08-12 17:15:00,32.1,32.1,432,1.1,39.4193333333333
2023-08-12 17:30:00,32,32.8,394,0.9,38.1213333333333
2023-08-12 17:45:00,31.6,36.2,345,0.8,36.906
2023-08-12 18:00:00,31,39.9,304,0.8,35.4562222222222
2023-08-12 18:15:00,30.9,38.8,249,0.9,34.252
2023-08-12 18:30:00,30.9,38.5,217,0.7,33.7353333333333
2023-08-12 18:45:00,30.7,37.2,189,0.6,32.7902222222222
2023-08-12 19:00:00,29.9,37.7,156,1,31.5497777777778
2023-08-12 19:15:00,28.5,40.7,109,1.9,28.9471111111111
2023-08-12 19:30:00,27.7,41.1,66,1.4,27.3195555555556
2023-08-12 19:45:00,27,41.9,67,1.3,25.9946666666667
2023-08-12 20:00:00,26.2,43,30,0.8,24.284
2023-08-12 20:15:00,25.1,44.6,9,0.7,22.9408888888889
2023-08-12 20:30:00,23.4,49.8,3,0.7,22.5131111111111
2023-08-12 20:45:00,22,53.4,0,0.8,21.7268888888889
2023-08-12 21:00:00,21.8,51.4,0,1.2,21.2382222222222
2023-08-12 21:15:00,22.3,47.7,0,1.1,20.9002222222222
2023-08-12 21:30:00,22.5,45.6,0,1.2,20.4113333333333
2023-08-12 21:45:00,22.2,46.2,0,1.2,20.1673333333333
2023-08-12 22:00:00,21.3,49.9,0,1.4,19.9308888888889
2023-08-12 22:15:00,22.6,43.7,0,2.3,19.7542222222222
2023-08-12 22:30:00,22.6,43.3,0,2.3,19.8168888888889
2023-08-12 22:45:00,22.6,43.5,0,2.3,19.866
2023-08-12 23:00:00,22.6,43.5,0,2.3,19.9324444444444
2023-08-12 23:15:00,22.8,42.6,0,2.2,20.0573333333333
2023-08-12 23:30:00,22.9,42.2,0,2.1,20.1108888888889
2023-08-12 23:45:00,23.2,41.6,0,2,20.3404444444444
2023-08-13 00:00:00,23.4,41,0,1.95,20.4344444444444
2023-08-13 00:15:00,23.6,40.4,0,1.9,20.2095555555556
2023-08-13 00:30:00,23.7,40.3,0,2.1,19.2033333333333
2023-08-13 00:45:00,23.7,40.4,0,1.8,18.578
2023-08-13 01:00:00,21.7,47.4,0,1.4,17.8262222222222
2023-08-13 01:15:00,21.5,47.2,0,1.1,17.5257777777778
2023-08-13 01:30:00,21.2,49.3,0,1.2,19.0308888888889
2023-08-13 01:45:00,20.6,52.5,0,1.5,18.8888888888889
2023-08-13 02:00:00,20.2,53.7,0,1.6,18.564
2023-08-13 02:15:00,19.6,57.3,0,1.4,18.0955555555556
2023-08-13 02:30:00,19.2,59.3,0,0.9,17.7362222222222
2023-08-13 02:45:00,19.3,58.3,0,1.2,17.1555555555556
2023-08-13 03:00:00,19.3,58.8,0,1.4,16.7682222222222
2023-08-13 03:15:00,18.8,60.8,0,2.1,17.4322222222222
2023-08-13 03:30:00,19.8,56.5,0,1.7,17.2857777777778
2023-08-13 03:45:00,19.3,58.6,0,1.2,16.3015555555556
2023-08-13 04:00:00,20.9,50.3,0,0.8,16.198
2023-08-13 04:15:00,23.9,40.6,0,1.4,16.1304444444444
2023-08-13 04:30:00,22.3,46.6,0,1.4,15.606
2023-08-13 04:45:00,20.4,52.7,0,0.9,15.5395555555556
2023-08-13 05:00:00,20.2,52.6,0,1.1,15.1917777777778
2023-08-13 05:15:00,19.8,52.9,0,0.9,14.8946666666667
2023-08-13 05:30:00,18.9,56.1,0,1.3,15.1717777777778
2023-08-13 05:45:00,20.5,50.6,1,2,15.1353333333333
2023-08-13 06:00:00,20.3,51.6,3,1.2,15.2255555555556
2023-08-13 06:15:00,20.3,51.4,18,1.1,15.268
2023-08-13 06:30:00,20.9,49.8,44,0.8,15.5148888888889
2023-08-13 06:45:00,21.8,48.4,66,1.4,16.1271111111111
2023-08-13 07:00:00,22.6,47.6,99,1.2,17.1168888888889
2023-08-13 07:15:00,23.2,47,128,1.2,18.1311111111111
2023-08-13 07:30:00,22.6,51.3,131,1.2,19.2126666666667
2023-08-13 07:45:00,23.4,50.7,179,0.6,20.376
2023-08-13 08:00:00,24.5,49,220,0.6,21.6775555555556
2023-08-13 08:15:00,25.3,49,265,0.7,22.7462222222222
2023-08-13 08:30:00,25.8,47.6,308,0.8,23.7453333333333
2023-08-13 08:45:00,26.2,49.8,338,0.9,24.3488888888889
2023-08-13 09:00:00,26.3,49.4,340,1.5,25.1353333333333
2023-08-13 09:15:00,27,45.2,417,1.5,26.5177777777778
2023-08-13 09:30:00,27.7,45.6,468,1.2,27.6673333333333
2023-08-13 09:45:00,27.9,45.1,507,1.6,28.9
2023-08-13 10:00:00,28.1,46,541,1.1,29.698
2023-08-13 10:15:00,28.6,43.3,521,1.1,30.4966666666667
2023-08-13 10:30:00,28.9,40,573,1.1,31.2511111111111
2023-08-13 10:45:00,29.8,37.4,611,1.3,31.9542222222222
2023-08-13 11:00:00,30.6,32.3,631,2.1,32.4202222222222
2023-08-13 11:15:00,30.6,31.9,636,2.7,32.8228888888889
2023-08-13 11:30:00,31,30.6,693,2.5,32.9484444444444
2023-08-13 11:45:00,31.4,30.2,711,2.3,33.1782222222222
2023-08-13 12:00:00,31.7,30,721,2,33.2757777777778
2023-08-13 12:15:00,31.8,29.5,667,1.6,33.1682222222222
2023-08-13 12:30:00,31.8,28.6,726,1.8,33.0522222222222
2023-08-13 12:45:00,32.5,28.2,730,1.3,32.952
2023-08-13 13:00:00,32.5,29.4,656,1.4,33.2133333333333
2023-08-13 13:15:00,32.6,28.1,699,1.5,33.2624444444444
2023-08-13 13:30:00,32.6,29,759,2,33.8124444444444
2023-08-13 13:45:00,33,28.1,765,0.9,34.5604444444444
2023-08-13 14:00:00,33.1,28.9,754,1,34.8368888888889
2023-08-13 14:15:00,33.4,28.9,712,1,35.7888888888889
2023-08-13 14:30:00,33.6,27.6,667,1.6,36.492
2023-08-13 14:45:00,34.1,26.4,611,1.4,37.236
2023-08-13 15:00:00,34.1,25.6,598,2,37.8004444444444
2023-08-13 15:15:00,34.5,24.3,617,1.1,38.0668888888889
2023-08-13 15:30:00,34.4,25,615,1.6,38.4957777777778
2023-08-13 15:45:00,34.1,26.1,610,2,38.8862222222222
2023-08-13 16:00:00,34.2,25.2,601,1.3,39.1073333333333
2023-08-13 16:15:00,34.4,25.4,562,1.9,39.3917777777778
2023-08-13 16:30:00,34.4,25.8,526,1.9,40.1424444444444
2023-08-13 16:45:00,34.5,25.6,501,1.6,40.0722222222222
2023-08-13 17:00:00,34.1,25.9,456,1.7,40.008
2023-08-13 17:15:00,34.4,24.4,419,1.3,39.76
2023-08-13 17:30:00,34.2,25.7,389,1.5,38.2302222222222
2023-08-13 17:45:00,34.5,24.1,349,1,37.6471111111111
2023-08-13 18:00:00,34.2,26.4,309,1.1,36.4471111111111
2023-08-13 18:15:00,33.7,29.1,268,1.2,35.2046666666667
2023-08-13 18:30:00,33.7,26.4,228,2.1,34.1673333333333
2023-08-13 18:45:00,32.9,28.4,172,1.6,33.4413333333333
2023-08-13 19:00:00,32.5,27.7,154,1.8,32.6848888888889
2023-08-13 19:15:00,31.8,29.1,119,1.4,30.6357777777778
2023-08-13 19:30:00,31.2,29.6,86,1.5,28.4037777777778
2023-08-13 19:45:00,30.1,31.5,56,1.1,26.5722222222222
2023-08-13 20:00:00,28.5,35.2,27,1.3,25.4393333333333
2023-08-13 20:15:00,28.1,32.8,6,1.7,24.574
2023-08-13 20:30:00,27.5,33.5,1,1.8,24.3244444444444
2023-08-13 20:45:00,27.6,33.1,0,1.9,24.2908888888889
2023-08-13 21:00:00,27.5,32.9,0,1.9,25.5748888888889
2023-08-13 21:15:00,28,31.7,0,2.3,25.704
2023-08-13 21:30:00,27.9,31.9,0,2.1,25.5822222222222
2023-08-13 21:45:00,27.8,32.3,0,1.9,25.1311111111111
2023-08-13 22:00:00,27.5,32.8,0,1.9,24.2682222222222
2023-08-13 22:15:00,27.1,33.3,0,1.8,23.4204444444444
2023-08-13 22:30:00,26.7,33.9,0,1.6,22.5315555555556
2023-08-13 22:45:00,24.8,38.5,0,1,21.4724444444444
2023-08-13 23:00:00,25.2,37.4,0,0.8,20.3855555555555
2023-08-13 23:15:00,24.1,40.5,0,0.8,20.4224444444444
2023-08-13 23:30:00,24,41.2,0,1.1,20.0337777777778
2023-08-13 23:45:00,23.6,42.6,0,1,19.4877777777778
2023-08-14 00:00:00,22.65,44.8,0,1,19.5613333333333
2023-08-14 00:15:00,21.7,47,0,1,19.7491111111111
2023-08-14 00:30:00,22.6,42.4,0,1.3,20.1875555555556
2023-08-14 00:45:00,23,41.1,0,1.5,20.0435555555556
2023-08-14 01:00:00,23.6,40,0,1.5,19.2833333333333
2023-08-14 01:15:00,23.8,40,0,1.5,19.9875555555556
2023-08-14 01:30:00,22.3,44.2,0,1.3,19.1111111111111
2023-08-14 01:45:00,21.8,45.2,0,1.4,19.2364444444444
2023-08-14 02:00:00,22.6,42.6,0,1.7,18.9591111111111
2023-08-14 02:15:00,22.8,42.5,0,1.6,19.4224444444444
2023-08-14 02:30:00,22.6,43,0,1.6,18.5922222222222
2023-08-14 02:45:00,22,45.3,0,1,17.4753333333333
2023-08-14 03:00:00,20.2,52.5,0,0.6,16.6753333333333
2023-08-14 03:15:00,19.5,52.3,0,0.8,16.2328888888889
2023-08-14 03:30:00,19.2,54.2,0,1,15.9473333333333
2023-08-14 03:45:00,18.7,55.8,0,0.9,15.5975555555556
2023-08-14 04:00:00,17,63.2,0,0.9,15.3826666666667
2023-08-14 04:15:00,16.5,64.9,0,0.8,15.1746666666667
2023-08-14 04:30:00,16.3,65.4,0,1.1,14.9977777777778
2023-08-14 04:45:00,16,67,0,0.9,14.8471111111111
2023-08-14 05:00:00,16.2,65.4,0,1,14.8886666666667
2023-08-14 05:15:00,15.8,67.1,0,1.1,15.0146666666667
2023-08-14 05:30:00,16.7,62.1,0,0.7,15.2002222222222
2023-08-14 05:45:00,18.3,55.4,0,1.1,15.0526666666667
2023-08-14 06:00:00,18.7,54.2,3,0.9,15.0322222222222
2023-08-14 06:15:00,18.8,54.3,14,0.9,15.0324444444444
2023-08-14 06:30:00,19.4,53.2,36,1.6,16.0626666666667
2023-08-14 06:45:00,20.4,52.3,62,1.7,16.8317777777778
2023-08-14 07:00:00,21.1,52,90,1.4,17.7464444444444
2023-08-14 07:15:00,21.4,53.8,114,1.5,19.2388888888889
2023-08-14 07:30:00,22.7,50.5,136,2.1,20.4413333333333
2023-08-14 07:45:00,24,46.6,187,1.5,21.3748888888889
2023-08-14 08:00:00,24.9,44.4,229,1.9,22.1768888888889
2023-08-14 08:15:00,24.9,44.9,267,2.2,22.9668888888889
2023-08-14 08:30:00,25.4,45,308,1.8,23.6704444444444
2023-08-14 08:45:00,25.5,46.6,333,1.9,24.2577777777778
2023-08-14 09:00:00,26,44.3,340,2.2,24.9891111111111
2023-08-14 09:15:00,26.2,43.4,416,2.1,25.8168888888889
2023-08-14 09:30:00,26.7,43.3,462,2,26.9046666666667
2023-08-14 09:45:00,26.7,44.5,498,1.8,27.774
2023-08-14 10:00:00,27,43.8,531,1.5,28.8782222222222
2023-08-14 10:15:00,27.6,43,506,1.4,29.8088888888889
2023-08-14 10:30:00,28.2,43.4,565,1.4,31.0268888888889
2023-08-14 10:45:00,29.1,42.9,625,1.3,32.1453333333333
2023-08-14 11:00:00,29.8,40.7,649,1.5,32.9906666666667
2023-08-14 11:15:00,30.7,40.4,644,1.3,33.842
2023-08-14 11:30:00,31.3,37.4,696,1.6,34.2157777777778
2023-08-14 11:45:00,32.2,32.9,718,1.9,34.7208888888889
2023-08-14 12:00:00,32.5,33.1,721,1.8,34.6726666666667
2023-08-14 12:15:00,32.5,34.6,669,1.8,34.716
2023-08-14 12:30:00,33.2,32.2,749,2,34.4526666666667
2023-08-14 12:45:00,33.6,32,749,1.9,34.488
2023-08-14 13:00:00,33.9,32.3,669,1.7,34.7275555555556
2023-08-14 13:15:00,34.4,31.5,717,1.8,34.978
2023-08-14 13:30:00,34.9,30.8,767,1.7,35.0422222222222
2023-08-14 13:45:00,35.5,30.6,762,1.2,36.7391111111111
2023-08-14 14:00:00,35.6,32.2,741,1.6,37.4011111111111
2023-08-14 14:15:00,36,31.7,701,1.7,38.9582222222222
2023-08-14 14:30:00,36.4,29.6,658,1.6,40.1602222222222
2023-08-14 14:45:00,36.5,28.3,600,1.8,41.276
2023-08-14 15:00:00,37,27.3,587,1.8,40.9857777777778
2023-08-14 15:15:00,37.2,27.4,605,1.8,41.2704444444444
2023-08-14 15:30:00,37.4,27.6,605,1.7,41.3991111111111
2023-08-14 15:45:00,37.3,28.1,600,2.1,41.286
2023-08-14 16:00:00,37.4,27.6,589,2.1,41.8264444444444
2023-08-14 16:15:00,37.1,27.3,560,1.6,42.1286666666667
2023-08-14 16:30:00,37.6,26.7,526,1.5,42.2726666666667
2023-08-14 16:45:00,37.4,27.6,491,1.8,41.6951111111111
2023-08-14 17:00:00,37.5,26.2,457,1.7,40.9691111111111
2023-08-14 17:15:00,37.4,26.1,419,1.4,40.3164444444444
2023-08-14 17:30:00,37.1,27.8,380,1.9,39.4322222222222
2023-08-14 17:45:00,37.3,26.4,341,1.4,38.4366666666667
2023-08-14 18:00:00,37.1,26.6,300,1.6,37.8682222222222
2023-08-14 18:15:00,36.7,27.8,260,1.8,36.8166666666667
2023-08-14 18:30:00,36.3,30,220,1.6,34.4931111111111
2023-08-14 18:45:00,35.7,32.5,181,1.4,34.1253333333333
2023-08-14 19:00:00,34.3,39.6,145,1.2,32.2962222222222
2023-08-14 19:15:00,32.9,43.1,111,1.1,29.8911111111111
2023-08-14 19:30:00,31.7,44.7,80,1,28.1102222222222
2023-08-14 19:45:00,30.2,47.6,51,1,26.7808888888889
2023-08-14 20:00:00,29.2,47.8,21,1.3,25.9471111111111
2023-08-14 20:15:00,29,40.9,4,1.4,25.384
2023-08-14 20:30:00,28.2,39.2,1,1.6,24.9764444444444
2023-08-14 20:45:00,27.9,37.8,0,1.9,24.5884444444444
2023-08-14 21:00:00,27.8,36.7,0,1.9,24.2346666666667
2023-08-14 21:15:00,27.4,36.8,0,1.7,23.9522222222222
2023-08-14 21:30:00,27.3,36,0,1.7,23.7631111111111
2023-08-14 21:45:00,27.5,35.4,0,1.8,23.6613333333333
2023-08-14 22:00:00,27,36.5,0,1.5,23.1835555555556
2023-08-14 22:15:00,25.1,42,0,1,22.5355555555556
2023-08-14 22:30:00,24.2,42.3,0,0.7,22.1764444444444
2023-08-14 22:45:00,25.9,35.5,0,2.1,22.6757777777778
2023-08-14 23:00:00,26.6,34.3,0,1.8,23.1951111111111
2023-08-14 23:15:00,27.3,34.2,0,1.8,23.3393333333333
2023-08-14 23:30:00,27.5,35,0,1.8,23.2082222222222
2023-08-14 23:45:00,27.4,35.9,0,2,22.9922222222222
2023-08-15 00:00:00,26.25,39.45,0,1.35,21.6071111111111
2023-08-15 00:15:00,25.1,43,0,0.7,20.2415555555556
2023-08-15 00:30:00,24.3,44.8,0,0.7,20.0186666666667
2023-08-15 00:45:00,23.5,45.9,0,0.9,20.412
2023-08-15 01:00:00,24.4,42.7,0,1.5,19.6822222222222
2023-08-15 01:15:00,24.9,43.4,0,1.7,19.9451111111111
2023-08-15 01:30:00,24.6,42.4,0,1.7,19.9704444444444
2023-08-15 01:45:00,24,42.1,0,1.6,19.2324444444444
2023-08-15 02:00:00,22.4,47.1,0,1.4,18.0535555555556
2023-08-15 02:15:00,21.2,51.3,0,1.1,17.6893333333333
2023-08-15 02:30:00,20.5,54.6,0,1.1,17.9851111111111
2023-08-15 02:45:00,20.6,53.3,0,0.9,18.0335555555556
2023-08-15 03:00:00,21.9,47.2,0,1.1,17.986
2023-08-15 03:15:00,22.1,47,0,1.5,18.0526666666667
2023-08-15 03:30:00,22.2,46.7,0,1.6,17.8888888888889
2023-08-15 03:45:00,20.2,54.7,0,0.7,17.7093333333333
2023-08-15 04:00:00,19.9,55.9,0,0.8,18.0724444444444
2023-08-15 04:15:00,21.5,48.8,0,1.1,17.9864444444444
2023-08-15 04:30:00,20.3,53.4,0,0.6,17.9524444444444
2023-08-15 04:45:00,21.3,49.2,0,1.1,17.6482222222222
2023-08-15 05:00:00,21.1,50.7,0,0.8,17.4517777777778
2023-08-15 05:15:00,21.7,48.4,0,1.1,17.4153333333333
2023-08-15 05:30:00,21.6,48.9,0,1.3,17.3157777777778
2023-08-15 05:45:00,21.9,48.5,0,1.4,16.9393333333333
2023-08-15 06:00:00,21.2,50.6,2,1.1,16.84
2023-08-15 06:15:00,20.9,50.8,11,1.1,17.1204444444444
2023-08-15 06:30:00,20.9,52,31,1.1,17.436
2023-08-15 06:45:00,21.9,51.5,57,1.1,17.98
2023-08-15 07:00:00,22.8,50.8,87,1,18.6402222222222
2023-08-15 07:15:00,23.5,51.6,110,0.8,19.6562222222222
2023-08-15 07:30:00,24.2,53.8,134,0.5,20.6451111111111
2023-08-15 07:45:00,25.6,51.7,185,0.6,22.4146666666667
2023-08-15 08:00:00,26.8,45.5,226,1.2,23.6842222222222
2023-08-15 08:15:00,27.6,43,264,1.2,24.7991111111111
2023-08-15 08:30:00,28.1,42.6,304,1.4,25.3426666666667
2023-08-15 08:45:00,28.3,45.6,326,1.1,25.9651111111111
2023-08-15 09:00:00,28.2,48.7,339,1.3,27.2511111111111
2023-08-15 09:15:00,29.1,46.4,416,1.1,28.7231111111111
2023-08-15 09:30:00,29.6,45.7,458,1.5,30.2215555555556
2023-08-15 09:45:00,29.8,47,494,1.5,31.334
2023-08-15 10:00:00,30,46,525,1.5,32.2737777777778
2023-08-15 10:15:00,30.5,44.9,499,1.4,33.2066666666667
2023-08-15 10:30:00,31.3,42.1,570,1.7,34.0608888888889
2023-08-15 10:45:00,31.6,41.1,624,1.8,34.8071111111111
2023-08-15 11:00:00,32,40.3,646,1.6,35.1893333333333
2023-08-15 11:15:00,32.6,39.6,633,1.9,35.9068888888889
2023-08-15 11:30:00,32.8,38.9,696,1.8,36.3148888888889
2023-08-15 11:45:00,33.5,38.1,718,1.5,36.9802222222222
2023-08-15 12:00:00,34.5,36.9,721,1.5,37.312
2023-08-15 12:15:00,35.2,33.3,668,1.4,37.7002222222222
2023-08-15 12:30:00,36.2,29.4,751,1,37.4075555555556
2023-08-15 12:45:00,36.6,30.5,752,0.9,36.5028888888889
2023-08-15 13:00:00,37.3,27.7,672,1.7,36.4006666666667
2023-08-15 13:15:00,37.6,25.7,724,1.7,36.3066666666667
2023-08-15 13:30:00,38.2,25.1,774,1.7,39.8493333333333
2023-08-15 13:45:00,38.2,23.8,770,2,41.0708888888889
2023-08-15 14:00:00,38.4,23.6,751,1.5,41.2655555555556
2023-08-15 14:15:00,39.1,22,709,1.7,42.2602222222222
2023-08-15 14:30:00,38.9,22.5,666,1.3,43.0773333333333
2023-08-15 14:45:00,39.1,22.9,609,1.8,43.4548888888889
2023-08-15 15:00:00,39.4,22.9,592,1.4,43.1606666666667
2023-08-15 15:15:00,39.1,23.6,613,1.2,43.4686666666667
2023-08-15 15:30:00,39.2,24.6,613,1.2,43.2882222222222
2023-08-15 15:45:00,39.4,24.4,605,1.7,43.3473333333333
2023-08-15 16:00:00,39.8,22.3,593,2.1,43.4266666666667
2023-08-15 16:15:00,40,22.2,567,1.6,44.0182222222222
2023-08-15 16:30:00,40.3,21.5,534,1.4,43.8586666666667
2023-08-15 16:45:00,39.9,21.1,499,1.5,43.3335555555556
2023-08-15 17:00:00,39.9,22.3,459,1.5,42.6531111111111
2023-08-15 17:15:00,39.7,20.9,417,1.2,41.9275555555556
2023-08-15 17:30:00,39.7,20.5,376,0.9,41.1491111111111
2023-08-15 17:45:00,38,31.1,330,0.4,40.1604444444445
2023-08-15 18:00:00,38.2,29.2,288,1,39.2115555555556
2023-08-15 18:15:00,38.4,29.4,249,0.7,37.9586666666667
2023-08-15 18:30:00,38.7,27.7,208,0.9,36.424
2023-08-15 18:45:00,37.2,37,171,0.8,34.9811111111111
2023-08-15 19:00:00,34.6,50.3,135,0.9,33.0084444444444
2023-08-15 19:15:00,33.3,53.3,101,0.9,31.0124444444444
2023-08-15 19:30:00,32.7,47.9,67,0.9,29.3464444444444
2023-08-15 19:45:00,30.4,52.8,39,1.1,27.8755555555556
2023-08-15 20:00:00,29.1,53.2,16,1,26.8568888888889
2023-08-15 20:15:00,28,54.3,4,1.1,26.1584444444444
2023-08-15 20:30:00,26.7,57.3,0,0.9,25.7211111111111
2023-08-15 20:45:00,26.4,54.8,0,0.9,25.7542222222222
2023-08-15 21:00:00,26.7,50.7,0,1,25.6091111111111
2023-08-15 21:15:00,26.5,49,0,1.2,25.5355555555556
2023-08-15 21:30:00,28.3,40.1,0,1.4,25.556
2023-08-15 21:45:00,27.6,41.1,0,1.3,25.3715555555556
2023-08-15 22:00:00,27.7,40.5,0,1.4,24.762
2023-08-15 22:15:00,27,41.3,0,1.2,24.7233333333333
2023-08-15 22:30:00,27.4,39.6,0,1.4,24.626
2023-08-15 22:45:00,27.5,38.5,0,1.6,24.236
2023-08-15 23:00:00,28.6,34.9,0,1.5,23.3522222222222
2023-08-15 23:15:00,27.1,39,0,0.8,22.6975555555556
2023-08-15 23:30:00,26,41.8,0,1,22.618
2023-08-15 23:45:00,25.4,43.9,0,1.2,22.5262222222222
