Timestamp,Air Temperature (IW),Relative Humidity (IW),Soil Moisture (IW),Soil Temperature (IW),Berry Temperature
2025-07-16 00:00:00,20,0.4705,9.035,22.05,19.39
2025-07-16 00:15:00,19.6,0.479,9.01,21.9,18.99
2025-07-16 00:30:00,19.1,0.489,9.025,21.75,18.75
2025-07-16 00:45:00,18.6,0.5,9.02,21.5,18.28
2025-07-16 01:00:00,18.4,0.504,9.02,21.3,18.31
2025-07-16 01:15:00,18.2,0.508,9.02,21.1,17.92
2025-07-16 01:30:00,18,0.512,9.02,20.9,17.905
2025-07-16 01:45:00,18.1,0.506,8.96,20.7,17.89
2025-07-16 02:00:00,18.2,0.507,9.01,20.7,17.74
2025-07-16 02:15:00,17.9,0.51825,8.9925,20.525,17.475
2025-07-16 02:30:00,17.6,0.5295,8.975,20.35,17.5325
2025-07-16 02:45:00,17.5,0.534875,8.97,20.25,17.59
2025-07-16 03:00:00,17.4,0.54025,8.965,20.15,17.345
2025-07-16 03:15:00,17.3,0.545625,8.96,20.05,17.1
2025-07-16 03:30:00,17.2,0.551,8.955,19.95,17.1
2025-07-16 03:45:00,17.3,0.547,8.97,19.8,17.1
2025-07-16 04:00:00,17.4,0.545,8.99,19.8,17.33
2025-07-16 04:15:00,17.125,0.55575,8.9625,19.65,17.41
2025-07-16 04:30:00,16.85,0.5665,8.935,19.5,16.34125
2025-07-16 04:45:00,16.025,0.59775,8.9275,19.25,15.2725
2025-07-16 05:00:00,15.2,0.629,8.92,19,14.20375
2025-07-16 05:15:00,13.3,0.679,8.89,18.4,13.135
2025-07-16 05:30:00,12.3,0.691,8.9,18.1,12.98
2025-07-16 05:45:00,12.8,0.684,8.89333333333333,18.1,12.6
2025-07-16 06:00:00,13.3,0.677,8.88666666666667,18.1,13.24
2025-07-16 06:15:00,13.8,0.67,8.88,18.1,14.01
2025-07-16 06:30:00,15.05,0.6315,8.875,18.15,13.93
2025-07-16 06:45:00,17.275,0.56425,8.9025,18.675,15.15
2025-07-16 07:00:00,19.5,0.497,8.93,19.2,17.54
2025-07-16 07:15:00,20.85,0.48825,8.9075,19.575,19.5
2025-07-16 07:30:00,22.2,0.4795,8.885,19.95,20.175
2025-07-16 07:45:00,23.7,0.424,8.91,20.3,20.85
2025-07-16 08:00:00,23.8,0.443,8.93,20.6,21.63
2025-07-16 08:15:00,23.575,0.42025,8.915,21.425,22.41
2025-07-16 08:30:00,23.35,0.3975,8.9,22.25,22.72
2025-07-16 08:45:00,23.6,0.416,8.99,25,24.24
2025-07-16 09:00:00,24.55,0.386,9.04,27.7,25.505
2025-07-16 09:15:00,25.3,0.363,9.08,30,26.77
2025-07-16 09:30:00,25.35,0.3795,9.14,31.9,27.49
2025-07-16 09:45:00,25.65,0.373,9.2,33.45,28.21
2025-07-16 10:00:00,25.95,0.3665,9.26,35,27.96
2025-07-16 10:15:00,26.1,0.366,9.29,36.2,28.095
2025-07-16 10:30:00,26.7,0.338,9.32,37.4,28.23
2025-07-16 10:45:00,26.7,0.368,9.34,38.5,30.315
2025-07-16 11:00:00,27.1,0.345,9.38,40.1,32.13
2025-07-16 11:15:00,27.3,0.35,9.4,40.7,31.52
2025-07-16 11:30:00,28.2,0.326,9.43,42.1,32.79
2025-07-16 11:45:00,28.5,0.305,9.47,42.6,34.76
2025-07-16 12:00:00,28.55,0.3345,9.45,42.65,34.59
2025-07-16 12:15:00,28.7,0.336,9.37,40.2,33.97
2025-07-16 12:30:00,28.75,0.3175,9.18,36.9,33.52
2025-07-16 12:45:00,28.8,0.35,9.05,34.3,34.21
2025-07-16 13:00:00,28.8,0.346,8.985,32.85,34.9
2025-07-16 13:15:00,28.8,0.316,8.98,31.7,35.19
2025-07-16 13:30:00,29.1,0.327,8.91,31.2,35.845
2025-07-16 13:45:00,29.7,0.338,8.87,31.2,36.5
2025-07-16 14:00:00,30.7,0.306,8.93,32.2,35.99
2025-07-16 14:15:00,30.9,0.326,8.9,31.9,35.48
2025-07-16 14:30:00,31.35,0.3135,8.91,33.2,35.95
2025-07-16 14:45:00,31.8,0.304,8.96,35,36.42
2025-07-16 15:00:00,32.4,0.294,9.08,36.95,36.6866666666667
2025-07-16 15:15:00,32.9,0.259,9.11,37.7,36.9533333333333
2025-07-16 15:30:00,32.35,0.275,9.17,38.95,37.22
2025-07-16 15:45:00,32.575,0.26125,9.2025,40.1,37.22
2025-07-16 16:00:00,32.8,0.2475,9.235,41.25,37.5625
2025-07-16 16:15:00,33,0.245,9.23,41.7,37.905
2025-07-16 16:30:00,33.2,0.2425,9.225,42.15,39.1
2025-07-16 16:45:00,34.1,0.244,9.24,42.6,37.41
2025-07-16 17:00:00,34.5,0.239,9.23,42.5,38.08
2025-07-16 17:15:00,34.6,0.215,9.13,41.3,37.495
2025-07-16 17:30:00,34.1,0.248,9.03,39.2,38.1375
2025-07-16 17:45:00,34.525,0.23025,8.94,37,38.78
2025-07-16 18:00:00,34.95,0.2125,8.85,34.8,37.26
2025-07-16 18:15:00,34.6,0.243,8.84,33.7,36.33
2025-07-16 18:30:00,35.2,0.278,8.7,32.7,33.94
2025-07-16 18:45:00,34.26,0.2848,8.696,32.28,34.26
2025-07-16 19:00:00,33.32,0.2916,8.692,31.86,33
2025-07-16 19:15:00,32.38,0.2984,8.688,31.44,31.74
2025-07-16 19:30:00,31.44,0.3052,8.684,31.02,30.43
2025-07-16 19:45:00,30.5,0.312,8.68,30.6,29.595
2025-07-16 20:00:00,29.1,0.333,8.59,30,29.29
2025-07-16 20:15:00,26.975,0.402,8.5825,29,26.93
2025-07-16 20:30:00,24.85,0.471,8.575,28,24.57
2025-07-16 20:45:00,23.3,0.544,8.57,27.2,21.99
2025-07-16 21:00:00,21.2,0.571,8.51,26.2,21.12
2025-07-16 21:15:00,20.3,0.587,8.46,25.7,20.57
2025-07-16 21:30:00,19.45,0.6185,8.46,25.15,19.63
2025-07-16 21:45:00,18.6,0.65,8.46,24.6,18.505
2025-07-16 22:00:00,18,0.656,8.45,24.3,18.15
2025-07-16 22:15:00,17.5,0.623,8.44,23.8,18.7
2025-07-16 22:30:00,17.2,0.6235,8.45,23.4,17.77
2025-07-16 22:45:00,17,0.596,8.46,23.1,18.44
2025-07-16 23:00:00,17.4,0.575,8.44,22.9,18.75
2025-07-16 23:15:00,18,0.559,8.41,22.7,18.335
2025-07-16 23:30:00,18,0.551,8.41,22.4,18.31
2025-07-16 23:45:00,18,0.571,8.46,22.3,17.48
2025-07-17 00:00:00,17.55,0.584,8.385,22.05,16.955
2025-07-17 00:15:00,17,0.611,8.42,21.8,16.43
2025-07-17 00:30:00,16.25,0.637,8.41,21.5,16.5875
2025-07-17 00:45:00,16.275,0.609,8.375,21.3,16.745
2025-07-17 01:00:00,16.3,0.581,8.34,21.1,16.87
2025-07-17 01:15:00,16.5,0.573,8.39,21,17.1
2025-07-17 01:30:00,16.65,0.582,8.37,20.9,16.56
2025-07-17 01:45:00,16.325,0.60425,8.355,20.725,16.02
2025-07-17 02:00:00,16,0.6265,8.34,20.55,15.2
2025-07-17 02:15:00,15.5,0.611,8.34,20.4,15.54
2025-07-17 02:30:00,15.1,0.631,8.335,20.2,15.08
2025-07-17 02:45:00,14.6,0.656,8.3,19.9,14.525
2025-07-17 03:00:00,14,0.688,8.34,19.7,14.37
2025-07-17 03:15:00,13.8,0.686,8.34,19.5,14.12
2025-07-17 03:30:00,13.65,0.688,8.31,19.35,14.1
2025-07-17 03:45:00,13.2875,0.701375,8.31,19.15,13.48
2025-07-17 04:00:00,12.925,0.71475,8.31,18.95,12.86
2025-07-17 04:15:00,12.5625,0.728125,8.31,18.75,12.8833333333333
2025-07-17 04:30:00,12.2,0.7415,8.31,18.55,12.9066666666667
2025-07-17 04:45:00,12.2,0.748,8.27,18.4,12.93
2025-07-17 05:00:00,12.25,0.7575,8.295,18.35,12.86
2025-07-17 05:15:00,13,0.705,8.31,18.4,14.12
2025-07-17 05:30:00,13.85,0.67,8.285,18.45,13.99
2025-07-17 05:45:00,14.3,0.677,8.27,18.6,13.86
2025-07-17 06:00:00,14.5,0.6545,8.255,18.6,14.68
2025-07-17 06:15:00,15.8,0.628,8.26,18.7,15.37
2025-07-17 06:30:00,17.8,0.5935,8.295,19,16.5
2025-07-17 06:45:00,19.8,0.521,8.28,19.3,17.63
2025-07-17 07:00:00,21.7,0.499,8.28,19.5,18.76
2025-07-17 07:15:00,23.2,0.554,8.33,20.5,20.09
2025-07-17 07:30:00,24.6,0.455,8.3,20.85,21.75
2025-07-17 07:45:00,26.2,0.42,8.3,21.3,23.41
2025-07-17 08:00:00,26.25,0.4445,8.285,21.8,24.92
2025-07-17 08:15:00,26.7,0.462,8.35,22.3,26.21
2025-07-17 08:30:00,26.9,0.43,8.36,24.8,27.29
2025-07-17 08:45:00,27.1,0.432,8.44,27.2,28.42
2025-07-17 09:00:00,28.8,0.433,8.53,31,29.19
2025-07-17 09:15:00,29.4,0.391,8.64,32.5,29.94
2025-07-17 09:30:00,30.1,0.37,8.7,35.1,31.13
2025-07-17 09:45:00,30.375,0.35225,8.7475,36.475,32.6
2025-07-17 10:00:00,30.65,0.3345,8.795,37.85,33.52
2025-07-17 10:15:00,30.7,0.323,8.86,39.4,34.44
2025-07-17 10:30:00,30.75,0.3205,8.89,40.7,35.44
2025-07-17 10:45:00,31.3,0.321,8.93,41.9,35.375
2025-07-17 11:00:00,31.45,0.298,8.965,42.8,35.7
2025-07-17 11:15:00,31.9,0.296,8.99,43.7,36.67
2025-07-17 11:30:00,32,0.26,8.995,44.4,37.31
2025-07-17 11:45:00,32.3,0.257,8.97666666666667,43.8333333333333,37.95
2025-07-17 12:00:00,32.6,0.254,8.95833333333333,43.2666666666667,37.86
2025-07-17 12:15:00,32.9,0.251,8.94,42.7,38.56
2025-07-17 12:30:00,32.9,0.2565,8.765,39.65,39.37
2025-07-17 12:45:00,33,0.257,8.6,37.1,39.12
2025-07-17 13:00:00,33,0.2545,8.545,35.55,39.51
2025-07-17 13:15:00,32.8,0.265,8.49,34.4,38.16
2025-07-17 13:30:00,33.2,0.25,8.44,33.9,38.585
2025-07-17 13:45:00,33.4,0.261,8.47,33.7,39.01
2025-07-17 14:00:00,33.85,0.2485,8.495,34.45,39.64
2025-07-17 14:15:00,33.8,0.245,8.45,34.2,40.005
2025-07-17 14:30:00,34.3,0.237,8.44,34.4,40.06
2025-07-17 14:45:00,34.55,0.244,8.54,36.7,40.67
2025-07-17 15:00:00,34.8,0.251,8.64,39,40.0025
2025-07-17 15:15:00,35.6,0.217,8.67,39.5,39.335
2025-07-17 15:30:00,36.15,0.204,8.735,41.2,40.17
2025-07-17 15:45:00,36.7,0.191,8.8,42.9,40.495
2025-07-17 16:00:00,37,0.193,8.855,44.1,40.4275
2025-07-17 16:15:00,36.7,0.193,8.83,44.9,40.36
2025-07-17 16:30:00,36.6,0.186,8.88,45.6,41.13
2025-07-17 16:45:00,36.7,0.201,8.85,45.6,41.9
2025-07-17 17:00:00,35.8,0.2135,8.775,44.7,41.295
2025-07-17 17:15:00,34.9,0.226,8.7,43.8,40.69
2025-07-17 17:30:00,35.05,0.2405,8.585,40.55,40.55
2025-07-17 17:45:00,35.3,0.218,8.46,38.2,40.41
2025-07-17 18:00:00,34.8,0.228,8.405,36.6,40.2
2025-07-17 18:15:00,34.7,0.247,8.32,35.5,42.05
2025-07-17 18:30:00,33.9,0.252,8.31,34.65,36.64
2025-07-17 18:45:00,33.4,0.256,8.25,33.9,38.87
2025-07-17 19:00:00,32.6,0.2755,8.245,33.2,41.1
2025-07-17 19:15:00,31.8,0.295,8.24,32.5,33.635
2025-07-17 19:30:00,31.3,0.3,8.19,32.3,32.2975
2025-07-17 19:45:00,30,0.334,8.16,31.7,30.96
2025-07-17 20:00:00,28.65,0.386,8.15,30.85,29.34
2025-07-17 20:15:00,27,0.405,8.12,30,27.115
2025-07-17 20:30:00,25.95,0.401,8.075,29.25,26.59
2025-07-17 20:45:00,25.5333333333333,0.399333333333333,8.05666666666667,28.6333333333333,25.97
2025-07-17 21:00:00,25.1166666666667,0.397666666666667,8.03833333333333,28.0166666666667,25.08
2025-07-17 21:15:00,24.7,0.396,8.02,27.4,24.365
2025-07-17 21:30:00,23.95,0.402,8,26.9,23.8475
2025-07-17 21:45:00,23.2,0.408,7.98,26.4,23.33
2025-07-17 22:00:00,22.8,0.406,7.93,26.2,23.015
2025-07-17 22:15:00,22.7,0.391,7.97,25.7,22.7
2025-07-17 22:30:00,22.5,0.3895,7.91,25.4,22.44
2025-07-17 22:45:00,22.2,0.387,7.93,25.1,22.1
2025-07-17 23:00:00,21.95,0.386,7.91,24.85,21.975
2025-07-17 23:15:00,21.8,0.384,7.89,24.6,21.85
2025-07-17 23:30:00,21.7,0.39,7.89,24.4,21.32
2025-07-17 23:45:00,21.125,0.406,7.8825,24.05,19.74
2025-07-18 00:00:00,20.55,0.422,7.875,23.7,19.8075
2025-07-18 00:15:00,19.975,0.438,7.8675,23.35,19.875
2025-07-18 00:30:00,19.4,0.454,7.86,23,19.3966666666667
2025-07-18 00:45:00,19.2,0.461,7.79,22.9,18.9183333333333
2025-07-18 01:00:00,18.75,0.4815,7.835,22.6,18.44
2025-07-18 01:15:00,18.2,0.504,7.84,22.3,17.89
2025-07-18 01:30:00,17.4,0.5515,7.8,21.9,16.57
2025-07-18 01:45:00,16.6,0.565,7.76,21.6,16.845
2025-07-18 02:00:00,16.3,0.582,7.75,21.5,16.12
2025-07-18 02:15:00,15.4,0.639,7.77,21,14.965
2025-07-18 02:30:00,14.2,0.681,7.75,20.6,14.05
2025-07-18 02:45:00,14.2333333333333,0.681333333333333,7.74,20.4,14.315
2025-07-18 03:00:00,14.2666666666667,0.681666666666667,7.73,20.2,14.71
2025-07-18 03:15:00,14.3,0.682,7.72,20,14.255
2025-07-18 03:30:00,13.8,0.69,7.72,19.8,13.88
2025-07-18 03:45:00,13.5,0.683,7.73,19.6,13.5
2025-07-18 04:00:00,13.7,0.682,7.73,19.55,14.1
2025-07-18 04:15:00,13.625,0.6855,7.72,19.375,13.91
2025-07-18 04:30:00,13.55,0.689,7.71,19.2,13.14
2025-07-18 04:45:00,13,0.698,7.66,19,12.64
2025-07-18 05:00:00,12.4,0.699,7.68,18.7,12.43
2025-07-18 05:15:00,11.9,0.72,7.71,18.5,12.265
2025-07-18 05:30:00,11.8,0.736,7.66,18.4,12.24
2025-07-18 05:45:00,12,0.7375,7.67,18.35,12.215
2025-07-18 06:00:00,12.2,0.739,7.68,18.3,13.05
2025-07-18 06:15:00,13.575,0.71525,7.67,18.4,13.545
2025-07-18 06:30:00,14.95,0.6915,7.66,18.5,14.15
2025-07-18 06:45:00,17,0.658,7.68,18.7,15.57
2025-07-18 07:00:00,19.65,0.5935,7.69,19.35,16.72
2025-07-18 07:15:00,22.3,0.529,7.7,20,19.2
2025-07-18 07:30:00,24.5,0.46,7.715,20.4,21.34
2025-07-18 07:45:00,26.05,0.409,7.725,20.875,22.7
2025-07-18 08:00:00,27.6,0.358,7.735,21.35,24.115
2025-07-18 08:15:00,27.2,0.356,7.72,21.8,25.53
2025-07-18 08:30:00,26.1,0.394,7.83,24.6,26.36
2025-07-18 08:45:00,26.6,0.386,7.87,27.1,27.19
2025-07-18 09:00:00,27,0.372,8.06,30.9,28.06
2025-07-18 09:15:00,27,0.361,8.1,32.4,29.425
2025-07-18 09:30:00,27.2,0.382,8.17,33.7,29.84
2025-07-18 09:45:00,28.1,0.3645,8.25,35.9,31.045
2025-07-18 10:00:00,29,0.347,8.33,38.1,31.2
2025-07-18 10:15:00,29.5,0.333,8.37,39.1,32.71
2025-07-18 10:30:00,30.05,0.3365,8.405,40.5,32.84
2025-07-18 10:45:00,30.475,0.32925,8.4475,41.55,33.59
2025-07-18 11:00:00,30.9,0.322,8.49,42.6,33.98
2025-07-18 11:15:00,31.6,0.325,8.56,43.9,34.37
2025-07-18 11:30:00,31.3,0.306,8.56,44.8,35.84
2025-07-18 11:45:00,31.8,0.305,8.59,45.4,36.09
2025-07-18 12:00:00,31.95,0.285,8.595,45.2,36.96
2025-07-18 12:15:00,32,0.287,8.51,42.7,38.03
2025-07-18 12:30:00,32.3,0.274,8.29,38.5,37.3
2025-07-18 12:45:00,32.75,0.27,8.195,37,37.99
2025-07-18 13:00:00,33.2,0.266,8.1,35.5,38.52
2025-07-18 13:15:00,33.6,0.255,8.06,35,39.03
2025-07-18 13:30:00,33.9,0.259666666666667,8.055,35.0333333333333,38.315
2025-07-18 13:45:00,34.2,0.264333333333333,8.05,35.0666666666667,37.6
2025-07-18 14:00:00,34.5,0.269,8.045,35.1,38.16
2025-07-18 14:15:00,34.7,0.261,8.06,36.1,38.865
2025-07-18 14:30:00,34.4,0.271,8.11,37.1,36.83
2025-07-18 14:45:00,35.3,0.232,8.16,38.7,39.55
2025-07-18 15:00:00,36.8,0.223,8.27,40.8,40.48
2025-07-18 15:15:00,37.4,0.23,8.28,41.3,40.06
2025-07-18 15:30:00,36.55,0.237,8.295,41.25,39.07
2025-07-18 15:45:00,36.475,0.235,8.285,41.075,38.08
2025-07-18 16:00:00,36.4,0.233,8.275,40.9,38.63
2025-07-18 16:15:00,35.85,0.2325,8.2625,40.9,37.09
2025-07-18 16:30:00,35.3,0.232,8.25,40.9,37.07
2025-07-18 16:45:00,34.3,0.253,8.17,39.5,37.05
2025-07-18 17:00:00,33.4,0.246,8.08,38,35.6775
2025-07-18 17:15:00,33,0.258,8.07,37.2,34.305
2025-07-18 17:30:00,32.8,0.27,8.035,36.45,34.46
2025-07-18 17:45:00,32.4,0.2985,8.0025,35.875,34.05
2025-07-18 18:00:00,32,0.327,7.97,35.3,33.15
2025-07-18 18:15:00,31.2,0.266,7.91,34.1,31.425
2025-07-18 18:30:00,30.45,0.266,7.86,33.1,30.33
2025-07-18 18:45:00,29.9,0.264,7.86,32.3,29.85
2025-07-18 19:00:00,29.7,0.267,7.77,31.5,29.68
2025-07-18 19:15:00,29.45,0.27425,7.76,31.175,29.85
2025-07-18 19:30:00,29.2,0.2815,7.75,30.85,28.99
2025-07-18 19:45:00,28.6,0.29,7.79,30.5,28.4
2025-07-18 20:00:00,28.3,0.308,7.74,30.3,27.81
2025-07-18 20:15:00,27.7,0.3105,7.72,29.75,27.22
2025-07-18 20:30:00,27.1,0.313,7.7,29.2,26.65
2025-07-18 20:45:00,26.3,0.326,7.63,28.6,25.75
2025-07-18 21:00:00,25.55,0.3515,7.595,28.05,25.19
2025-07-18 21:15:00,25.125,0.35425,7.5825,27.675,24.63
2025-07-18 21:30:00,24.7,0.357,7.57,27.3,24.03
2025-07-18 21:45:00,23.8,0.348,7.51,26.5,23.245
2025-07-18 22:00:00,22.9,0.375,7.54,25.9,22.02
2025-07-18 22:15:00,21.5,0.386,7.48,25.3,21.36
2025-07-18 22:30:00,22.1,0.371,7.46,24.9,22.16
2025-07-18 22:45:00,22.2,0.366,7.48,24.6,21.835
2025-07-18 23:00:00,21.9,0.373,7.485,24.35,21.4
2025-07-18 23:15:00,21.4,0.383,7.47,24,20.52
2025-07-18 23:30:00,20.8,0.4055,7.42,23.7,20.22
2025-07-18 23:45:00,20,0.434,7.45,23.4,18.86
2025-07-19 00:00:00,19.05,0.459,7.4,23,18.6
2025-07-19 00:15:00,18.5,0.486,7.39,22.6,18.14
2025-07-19 00:30:00,17.3,0.562,7.35,22.1,16.79
2025-07-19 00:45:00,16.5,0.578,7.42,21.8,15.44
2025-07-19 01:00:00,15.6,0.607,7.33,21.5,15.035
2025-07-19 01:15:00,14.5,0.645,7.34,21,14.63
2025-07-19 01:30:00,13.4,0.683,7.35,20.5,13.57
2025-07-19 01:45:00,12.6,0.685,7.27,20.1,13.76
2025-07-19 02:00:00,12.9,0.675,7.34,19.9,14.9325
2025-07-19 02:15:00,15.6,0.581,7.32,19.9,16.105
2025-07-19 02:30:00,16.95,0.526,7.28,20,15.78125
2025-07-19 02:45:00,16.725,0.5295,7.275,19.95,15.4575
2025-07-19 03:00:00,16.5,0.533,7.27,19.9,15.13375
2025-07-19 03:15:00,15.925,0.544,7.2775,19.675,14.81
2025-07-19 03:30:00,15.35,0.555,7.285,19.45,15.115
2025-07-19 03:45:00,15.625,0.54225,7.2775,19.325,15.42
2025-07-19 04:00:00,15.9,0.5295,7.27,19.2,15.42
2025-07-19 04:15:00,15.55,0.53775,7.275,19.05,14.795
2025-07-19 04:30:00,15.2,0.546,7.28,18.9,14.17
2025-07-19 04:45:00,13.9,0.592,7.26,18.5,13.07
2025-07-19 05:00:00,13.2,0.656,7.23,18.1,12.88
2025-07-19 05:15:00,13,0.666,7.18,18,12.885
2025-07-19 05:30:00,12.4333333333333,0.673666666666667,7.17666666666667,17.7666666666667,12.6866666666667
2025-07-19 05:45:00,11.8666666666667,0.681333333333333,7.17333333333333,17.5333333333333,12.4883333333333
2025-07-19 06:00:00,11.3,0.689,7.17,17.3,12.29
2025-07-19 06:15:00,12.85,0.661,7.175,17.45,13.25
2025-07-19 06:30:00,14.4,0.633,7.18,17.6,14.37
2025-07-19 06:45:00,16.6,0.563,7.2,18.1,14.86
2025-07-19 07:00:00,18.3,0.523,7.26,18.7,16.235
2025-07-19 07:15:00,18.9,0.502,7.27,19.1,17.61
2025-07-19 07:30:00,19.9,0.484,7.22,19.5,19.36
2025-07-19 07:45:00,20,0.464,7.31,19.7,20.74
2025-07-19 08:00:00,20.75,0.456,7.305,20.45,21.85
2025-07-19 08:15:00,21.5,0.448,7.3,21.2,22.74
2025-07-19 08:30:00,22.175,0.41425,7.38,23.575,24.275
2025-07-19 08:45:00,22.85,0.3805,7.46,25.95,25.81
2025-07-19 09:00:00,23.525,0.34675,7.54,28.325,25.99
2025-07-19 09:15:00,24.2,0.313,7.62,30.7,26.54
2025-07-19 09:30:00,24.2,0.365,7.69,31.5,27.7
2025-07-19 09:45:00,24.15,0.3565,7.755,32.7,28.38
2025-07-19 10:00:00,24.1,0.348,7.82,33.9,27.1
2025-07-19 10:15:00,25.15,0.326,7.865,35.5,29.44
2025-07-19 10:30:00,26.2,0.304,7.91,37.1,30.91
2025-07-19 10:45:00,26.9,0.316,8.03,39.8,31.2
2025-07-19 11:00:00,26.6,0.3145,8.09,41.05,31.3
2025-07-19 11:15:00,27.1,0.309,8.13,42,31.83
2025-07-19 11:30:00,27.6,0.272,8.2,43,32.86
2025-07-19 11:45:00,27.6,0.266,8.18,43.3,33.89
2025-07-19 12:00:00,28,0.2605,8.18,42.8,33.935
2025-07-19 12:15:00,28.3,0.25625,8.02,39.85,33.98
2025-07-19 12:30:00,28.6,0.252,7.86,36.9,34.42
2025-07-19 12:45:00,28.75,0.2545,7.805,35.75,34.86
2025-07-19 13:00:00,28.9,0.257,7.75,34.6,36.13
2025-07-19 13:15:00,29.525,0.244,7.695,33.55,36.07
2025-07-19 13:30:00,30.15,0.231,7.64,32.5,36.5
2025-07-19 13:45:00,30.625,0.2255,7.625,32.775,36.67
2025-07-19 14:00:00,31.1,0.22,7.61,33.05,34.81
2025-07-19 14:15:00,31.3,0.219,7.655,34.275,32.95
2025-07-19 14:30:00,31.5,0.218,7.7,35.5,36.25
2025-07-19 14:45:00,32.3,0.215,7.73,37,36.84
2025-07-19 15:00:00,31.95,0.21,7.84,38.7,36.4
2025-07-19 15:15:00,31.6,0.212,7.84,38.6,35.96
2025-07-19 15:30:00,30.6,0.233,7.84,37.9,33.45
2025-07-19 15:45:00,31,0.225,7.85,38.3,33.59
2025-07-19 16:00:00,31.5,0.228,7.87,38.7,34.64
2025-07-19 16:15:00,32.7,0.212,7.94,40.5,37.26
2025-07-19 16:30:00,33.4,0.206,8.01,42.5,37.89
2025-07-19 16:45:00,33.2,0.209,8.015,42.6,38.52
2025-07-19 17:00:00,33,0.212,8.02,42.7,38.205
2025-07-19 17:15:00,32.8,0.21,7.92,41.5,37.89
2025-07-19 17:30:00,33,0.216,7.81,39.5,37.575
2025-07-19 17:45:00,33,0.213,7.71,36.3,37.26
2025-07-19 18:00:00,32.8,0.225,7.64,35.3,37.26
2025-07-19 18:15:00,32.6,0.225,7.58,33.7,34.76
2025-07-19 18:30:00,32,0.211,7.56,32.5,32.54
2025-07-19 18:45:00,31.9,0.211,7.5,32.1,31.8
2025-07-19 19:00:00,31.25,0.217,7.47,31.35,30.6866666666667
2025-07-19 19:15:00,30,0.231,7.47,30.7,29.5733333333333
2025-07-19 19:30:00,29.3,0.246,7.47,30.4,28.46
2025-07-19 19:45:00,28.1,0.2735,7.4125,29.825,27.755
2025-07-19 20:00:00,26.9,0.301,7.355,29.25,27.13
2025-07-19 20:15:00,26,0.301,7.36,28.7,26.46
2025-07-19 20:30:00,25.1,0.3105,7.33,28,24.765
2025-07-19 20:45:00,23.9,0.334,7.3,27.2,23.07
2025-07-19 21:00:00,22.3,0.329,7.25,26.2,22.27
2025-07-19 21:15:00,21.525,0.32975,7.2125,25.6,21
2025-07-19 21:30:00,20.75,0.3305,7.175,25,20.6
2025-07-19 21:45:00,21,0.309,7.2,24.5,20.535
2025-07-19 22:00:00,20.8,0.32,7.11,24,20.47
2025-07-19 22:15:00,20.5,0.328,7.13,23.8,20.06
2025-07-19 22:30:00,20.4,0.333,7.1,23.6,19.68
2025-07-19 22:45:00,19.5,0.351,7.1,23.1,18.885
2025-07-19 23:00:00,18.8,0.385,7.09,22.9,17.35
2025-07-19 23:15:00,16.9,0.453,7.08,22.2,16.67
2025-07-19 23:30:00,17.85,0.396,7.09,22.05,18.73
2025-07-19 23:45:00,18.9,0.375,7.06,22.1,18.57
2025-07-20 00:00:00,18.6,0.412,7.08,22,17.87
2025-07-20 00:15:00,17.8,0.444,7.02,21.9,16.87
2025-07-20 00:30:00,17,0.4615,7.065,21.75,17.23
2025-07-20 00:45:00,16.5,0.502,7.05,21.4,16.87
2025-07-20 01:00:00,15.75,0.527,7.04,20.95,15.62
2025-07-20 01:15:00,15,0.561,6.98,20.6,14.65
2025-07-20 01:30:00,14.15,0.6005,6.975,20.25,13.55
2025-07-20 01:45:00,13.2,0.615,6.96,19.8,13.33
2025-07-20 02:00:00,12.6,0.627,6.935,19.45,12.38
2025-07-20 02:15:00,12,0.639,6.91,19.1,13.25
2025-07-20 02:30:00,12.5,0.6255,6.94,18.95,12.83
2025-07-20 02:45:00,12.3,0.635,6.89,18.6,12.41
2025-07-20 03:00:00,11.8,0.648166666666667,6.88833333333333,18.3,12.195
2025-07-20 03:15:00,11.3,0.661333333333333,6.88666666666667,18,11.98
2025-07-20 03:30:00,10.8,0.6745,6.885,17.7,11.325
2025-07-20 03:45:00,10.6,0.67925,6.8625,17.45,10.67
2025-07-20 04:00:00,10.4,0.684,6.84,17.2,11.1
2025-07-20 04:15:00,10.2,0.683,6.85,17.0333333333333,10.31
2025-07-20 04:30:00,10,0.682,6.86,16.8666666666667,10.2
2025-07-20 04:45:00,9.8,0.681,6.87,16.7,10.58
2025-07-20 05:00:00,9.85,0.6845,6.845,16.5,9.88
2025-07-20 05:15:00,9.6,0.677,6.83,16.3,9.95
2025-07-20 05:30:00,9.4,0.689,6.795,16.15,9.29
2025-07-20 05:45:00,9.2,0.696,6.82,16.1,9.59
2025-07-20 06:00:00,9.45,0.698,6.81,16.05,10.11
2025-07-20 06:15:00,10.6,0.687,6.84,16.2,10.73
2025-07-20 06:30:00,13.6,0.66,6.82,16.6,12.46
2025-07-20 06:45:00,15.75,0.5815,6.86,17.05,13.07
2025-07-20 07:00:00,17.9,0.503,6.9,17.5,14.55125
2025-07-20 07:15:00,18.25,0.4765,6.905,17.9,16.0325
2025-07-20 07:30:00,18.6,0.45,6.91,18.3,17.51375
2025-07-20 07:45:00,19.1,0.456,6.92,19.1,18.995
2025-07-20 08:00:00,19.35,0.4565,6.95,20.15,19.68
2025-07-20 08:15:00,19.4,0.457,7.06,21.2,20.125
2025-07-20 08:30:00,19.3,0.44,7.01,21.7,20.4675
2025-07-20 08:45:00,19.3,0.442,7.09,22.3,20.81
2025-07-20 09:00:00,20.05,0.439,7.1,23.25,21.665
2025-07-20 09:15:00,20.4,0.443,7.11,24.1,22.52
2025-07-20 09:30:00,20.8,0.438,7.14,24.6,23.055
2025-07-20 09:45:00,21.25,0.4305,7.16,25.15,23.59
2025-07-20 10:00:00,21.7,0.423,7.18,25.7,24.59
2025-07-20 10:15:00,22.2,0.404,7.21,26.3,24.53
2025-07-20 10:30:00,22.85,0.3855,7.205,27,25.5
2025-07-20 10:45:00,22.7,0.385,7.25,27.1,24.835
2025-07-20 11:00:00,22.6,0.384,7.23,26.95,25.07
2025-07-20 11:15:00,22.5,0.383,7.21,26.8,24.98
2025-07-20 11:30:00,23.1,0.35,7.26,27,25.13
2025-07-20 11:45:00,23.6,0.302,7.22,27.2,25.76
2025-07-20 12:00:00,24.1,0.301,7.23,27.7,26.095
2025-07-20 12:15:00,24.2,0.283,7.25,27.8,26.43
2025-07-20 12:30:00,24.3,0.3015,7.27,27.85,26.4
2025-07-20 12:45:00,24.3,0.305,7.23,27.8,26.31
2025-07-20 13:00:00,24.3,0.353,7.26,27.6,25.78
2025-07-20 13:15:00,24.2,0.395,7.27,27.3,25.105
2025-07-20 13:30:00,24.3,0.357,7.22,27.2,25.8525
2025-07-20 13:45:00,24.825,0.357,7.255,27.7,26.6
2025-07-20 14:00:00,25.35,0.357,7.29,28.2,27.12
2025-07-20 14:15:00,25.4,0.366,7.29,28.6,26.74
2025-07-20 14:30:00,25.8,0.334,7.285,28.85,27.57
2025-07-20 14:45:00,26.1,0.302,7.27,29.3,28.125
2025-07-20 15:00:00,26.3,0.3315,7.305,29.35,28.6325
2025-07-20 15:15:00,26.8,0.344,7.31,29.9,29.14
2025-07-20 15:30:00,27.4,0.3055,7.35,30.7,30.31
2025-07-20 15:45:00,28.5,0.258,7.37,31.8,31.02
2025-07-20 16:00:00,28.1,0.254,7.39,31.8,28.75
2025-07-20 16:15:00,27.5,0.27625,7.365,31.075,27.925
2025-07-20 16:30:00,26.9,0.2985,7.34,30.35,29.86
2025-07-20 16:45:00,28.5,0.311,7.36,31.8,33.01
2025-07-20 17:00:00,30.15,0.2295,7.46,33.75,32.68
2025-07-20 17:15:00,29.3,0.243,7.49,33.8,28.58
2025-07-20 17:30:00,28.2,0.29,7.45,32.4,30.21
2025-07-20 17:45:00,27.775,0.3215,7.38,31.275,29.945
2025-07-20 18:00:00,27.35,0.353,7.31,30.15,27.1
2025-07-20 18:15:00,26.6,0.435,7.27,29.4,26.555
2025-07-20 18:30:00,26.2,0.485,7.3,29.1,25.3725
2025-07-20 18:45:00,25.075,0.47875,7.2525,28.3,24.19
2025-07-20 19:00:00,23.95,0.4725,7.205,27.5,24.065
2025-07-20 19:15:00,23.35,0.4445,7.1825,26.925,23.94
2025-07-20 19:30:00,22.75,0.4165,7.16,26.35,23.13
2025-07-20 19:45:00,22.3,0.472,7.12,25.9,22.1
2025-07-20 20:00:00,21.55,0.4765,7.105,25.4,21.99
2025-07-20 20:15:00,21,0.549,7.11,25,21.4
2025-07-20 20:30:00,20.4,0.4895,7.085,24.55,20.57
2025-07-20 20:45:00,20.1,0.451,7.1,24.1,20.57
2025-07-20 21:00:00,19.95,0.516,7.06,23.7,19.66
2025-07-20 21:15:00,19.3,0.496,7.05,23.4,19.045
2025-07-20 21:30:00,18.85,0.52,7.01,23.15,18.94
2025-07-20 21:45:00,18.6,0.513,7.05,22.9,18.94
2025-07-20 22:00:00,18.15,0.5815,6.965,22.7,17.79
2025-07-20 22:15:00,18.6,0.47,6.95,22.4,18.34
2025-07-20 22:30:00,19.55,0.4445,6.965,22.3,19.23
2025-07-20 22:45:00,19.6,0.463,7,22.2,19.11
2025-07-20 23:00:00,19.35,0.4805,6.965,22.15,18.84
2025-07-20 23:15:00,19.1,0.498,6.93,22.1,18.57
2025-07-20 23:30:00,18.4,0.569,6.94,21.8,18.05
2025-07-20 23:45:00,18.4,0.57,6.93,21.7,18.235
2025-07-21 00:00:00,18.4,0.571,6.92,21.6,18.0675
2025-07-21 00:15:00,18.15,0.579,6.945,21.5,17.9
2025-07-21 00:30:00,17.9,0.587,6.97,21.4,17.81
2025-07-21 00:45:00,17.8,0.619,6.9,21.3,17.08
2025-07-21 01:00:00,17.25,0.6375,6.905,21.15,16.95
2025-07-21 01:15:00,17,0.621,6.87,21,17.19
2025-07-21 01:30:00,17.3,0.564,6.87,20.9,17.59
2025-07-21 01:45:00,17.6,0.577,6.88,20.9,17.29
2025-07-21 02:00:00,17.25,0.631,6.855,20.75,17
2025-07-21 02:15:00,16.9,0.645,6.92,20.6,16.62
2025-07-21 02:30:00,16.55,0.6685,6.91,20.5,16.62
2025-07-21 02:45:00,16.475,0.6625,6.895,20.4,16.7
2025-07-21 03:00:00,16.4,0.6565,6.88,20.3,16.62
2025-07-21 03:15:00,16.5,0.617,6.89,20.2,16.545
2025-07-21 03:30:00,16.6,0.6515,6.88,20.2,16.3625
2025-07-21 03:45:00,16.3,0.669,6.84,20.1,16.18
2025-07-21 04:00:00,16.55,0.654,6.865,19.95,16.1766666666667
2025-07-21 04:15:00,16.8,0.639,6.89,19.8,16.1733333333333
2025-07-21 04:30:00,16.8,0.635,6.88,19.7,16.17
2025-07-21 04:45:00,16.6,0.649,6.84,19.6,15.515
2025-07-21 05:00:00,16.25,0.65025,6.8425,19.375,14.86
2025-07-21 05:15:00,15.9,0.6515,6.845,19.15,15.105
2025-07-21 05:30:00,15.55,0.65275,6.8475,18.925,15.1025
2025-07-21 05:45:00,15.2,0.654,6.85,18.7,15.1
2025-07-21 06:00:00,15.4,0.646,6.79,18.7,15.305
2025-07-21 06:15:00,15.6,0.664,6.78,18.8,15.51
2025-07-21 06:30:00,16.1,0.682,6.82,18.9,15.8
2025-07-21 06:45:00,16.1,0.685,6.84,19,16.08
2025-07-21 07:00:00,17.6,0.673,6.83,19.5,17.38
2025-07-21 07:15:00,18.2,0.663,6.9,20,18.21
2025-07-21 07:30:00,19.65,0.6255,6.92,20.55,19.46
2025-07-21 07:45:00,21.1,0.588,6.94,21.1,19.95
2025-07-21 08:00:00,21.6,0.555,6.925,21.4,20.51
2025-07-21 08:15:00,22.1,0.522,6.91,21.7,20.84
2025-07-21 08:30:00,24.1,0.4605,6.985,23.1,24.49
2025-07-21 08:45:00,23,0.481,7.01,24.2,22.61
2025-07-21 09:00:00,22.3666666666667,0.514666666666667,7.01666666666667,24.3333333333333,22.55
2025-07-21 09:15:00,21.7333333333333,0.548333333333333,7.02333333333333,24.4666666666667,23.12
2025-07-21 09:30:00,21.1,0.582,7.03,24.6,24.12
2025-07-21 09:45:00,22.1,0.545,7.12,25.5,23.69
2025-07-21 10:00:00,22.4,0.557,7.11,25.7,23.675
2025-07-21 10:15:00,22.5,0.548,7.12,25.5,23.66
2025-07-21 10:30:00,22.4,0.5265,7.075,25.45,23.91
2025-07-21 10:45:00,22.3,0.523,7.08,25.3,23.82
2025-07-21 11:00:00,22.3,0.472,7.075,25.3,23.91
2025-07-21 11:15:00,22.2,0.45,7.1,25.3,23.58
2025-07-21 11:30:00,22.25,0.461,7.09,25.4,23.6975
2025-07-21 11:45:00,22.2,0.456,7.12,25.3,23.815
2025-07-21 12:00:00,22.3,0.432,7.09,25.4,23.89875
2025-07-21 12:15:00,22.425,0.44325,7.08,25.625,23.9825
2025-07-21 12:30:00,22.55,0.4545,7.07,25.85,24.06625
2025-07-21 12:45:00,22.6,0.475,7.12,26.1,24.15
2025-07-21 13:00:00,22.35,0.4835,7.105,26.15,23.7075
2025-07-21 13:15:00,22.125,0.5075,7.1075,26.125,23.265
2025-07-21 13:30:00,21.9,0.5315,7.11,26.1,23.44
2025-07-21 13:45:00,21.9,0.536,7.1,26.2,23.59
2025-07-21 14:00:00,21.6,0.581,7.11,26.3,23.27
2025-07-21 14:15:00,21.925,0.564,7.1175,26.575,24.95
2025-07-21 14:30:00,22.25,0.547,7.125,26.85,24.56
2025-07-21 14:45:00,22.575,0.53,7.1325,27.125,24.34
2025-07-21 15:00:00,22.9,0.513,7.14,27.4,25.24
2025-07-21 15:15:00,24.3,0.443,7.22,28.4,26.12
2025-07-21 15:30:00,25.4,0.429,7.22,29.8,29.93
2025-07-21 15:45:00,27.6,0.401,7.39,33.5,31.94
2025-07-21 16:00:00,26.9,0.429,7.47,35.2,30.55
2025-07-21 16:15:00,27.05,0.4075,7.495,35.9,32.005
2025-07-21 16:30:00,27.2,0.386,7.52,36.6,32.305
2025-07-21 16:45:00,27.3,0.383,7.54,37.1,32.605
2025-07-21 17:00:00,27.6,0.364,7.55,37.2,32.79
2025-07-21 17:15:00,28.2,0.366,7.54,37,32.81
2025-07-21 17:30:00,26.95,0.3775,7.465,34.9,30.9566666666667
2025-07-21 17:45:00,25.3,0.424,7.41,32.9,29.1033333333333
2025-07-21 18:00:00,24.8,0.424,7.32,31.1,27.25
2025-07-21 18:15:00,25,0.431,7.285,30.55,27.92
2025-07-21 18:30:00,25.2,0.438,7.25,30,26.95
2025-07-21 18:45:00,24.6,0.44,7.19,29.4,25.98
2025-07-21 19:00:00,24.5,0.492,7.205,28.85,25.27
2025-07-21 19:15:00,24.4,0.505,7.16,28.4,24.56
2025-07-21 19:30:00,23.85,0.541,7.125,27.65,23.85
2025-07-21 19:45:00,22.625,0.573,7.1025,26.725,21.62
2025-07-21 20:00:00,21.4,0.605,7.08,25.8,21.23
2025-07-21 20:15:00,20.8,0.6,7.03666666666667,25.1666666666667,21.04
2025-07-21 20:30:00,20.2,0.595,6.99333333333333,24.5333333333333,20.19
2025-07-21 20:45:00,19.6,0.59,6.95,23.9,20.06
2025-07-21 21:00:00,18.85,0.5985,6.965,23.3,18.7
2025-07-21 21:15:00,18,0.607,6.93,22.8,18.03
2025-07-21 21:30:00,17.7,0.614,6.97,22.5,17.23
2025-07-21 21:45:00,17.375,0.621,6.9075,22.1,17.72
2025-07-21 22:00:00,17.05,0.628,6.845,21.7,17.7433333333333
2025-07-21 22:15:00,17.4,0.629,6.85,21.5,17.7666666666667
2025-07-21 22:30:00,17.8,0.623,6.84,21.2,17.79
2025-07-21 22:45:00,17.6,0.633333333333333,6.83333333333333,21.0333333333333,17.425
2025-07-21 23:00:00,17.4,0.643666666666667,6.82666666666667,20.8666666666667,17.13
2025-07-21 23:15:00,17.2,0.654,6.82,20.7,17.115
2025-07-21 23:30:00,17.1,0.664,6.81,20.5,17.065
2025-07-21 23:45:00,17.2,0.658,6.79,20.4,17.015
2025-07-22 00:00:00,17.2,0.656,6.81,20.3,16.85
2025-07-22 00:15:00,17,0.668,6.83,20,16.67
2025-07-22 00:30:00,16.25,0.676,6.765,19.8,15.05
2025-07-22 00:45:00,15.4,0.685,6.75,19.5,15.27
2025-07-22 01:00:00,15.2,0.69,6.8,19.4,14.64
2025-07-22 01:15:00,14.4,0.699,6.75,19,14.01
2025-07-22 01:30:00,13.55,0.7125,6.685,18.65,13.36
2025-07-22 01:45:00,12.9,0.741,6.7,18.4,13.335
2025-07-22 02:00:00,12.6,0.755,6.69,18.2,13.31
2025-07-22 02:15:00,12.7,0.772,6.67,18.1,13.24
2025-07-22 02:30:00,12.9,0.771,6.68,18,13.45
2025-07-22 02:45:00,12.9,0.7705,6.7,17.85,13.345
2025-07-22 03:00:00,12.8,0.773,6.73,17.8,13.17
2025-07-22 03:15:00,12.65,0.7725,6.65,17.65,12.98
2025-07-22 03:30:00,12.4,0.764,6.69,17.5,12.565
2025-07-22 03:45:00,12.1,0.764,6.63,17.3,12.15
2025-07-22 04:00:00,11.65,0.7815,6.66,17.05,11.87
2025-07-22 04:15:00,11.2,0.799,6.69,16.8,11.555
2025-07-22 04:30:00,11.1,0.809,6.67,16.8,11.64
2025-07-22 04:45:00,11.1,0.816,6.67,16.7,11.1
2025-07-22 05:00:00,10.8,0.821,6.6,16.5,11.27
2025-07-22 05:15:00,11.05,0.8325,6.63,16.5,11.555
2025-07-22 05:30:00,11.2,0.837,6.6,16.4,11.84
2025-07-22 05:45:00,11.5,0.84,6.61,16.45,11.85
2025-07-22 06:00:00,11.8,0.843,6.62,16.5,12.35875
2025-07-22 06:15:00,12.4,0.844,6.63,16.6,12.8675
2025-07-22 06:30:00,14,0.817,6.67,16.8,13.37625
2025-07-22 06:45:00,15.9666666666667,0.728333333333333,6.67666666666667,17.2666666666667,13.885
2025-07-22 07:00:00,17.9333333333333,0.639666666666667,6.68333333333333,17.7333333333333,15.7375
2025-07-22 07:15:00,19.9,0.551,6.69,18.2,17.59
2025-07-22 07:30:00,20,0.559,6.71,18.4,18.13
2025-07-22 07:45:00,20.1,0.559,6.79,18.6,18.755
2025-07-22 08:00:00,22.025,0.55425,6.7875,19.3,20.48
2025-07-22 08:15:00,23.95,0.5495,6.785,20,21.33
2025-07-22 08:30:00,23.675,0.54275,6.8675,22.45,22.895
2025-07-22 08:45:00,23.4,0.536,6.95,24.9,24.46
2025-07-22 09:00:00,23.925,0.52775,7.075,27.825,25.46
2025-07-22 09:15:00,24.45,0.5195,7.2,30.75,26.55
2025-07-22 09:30:00,24.825,0.50075,7.28,32.275,27.51
2025-07-22 09:45:00,25.2,0.482,7.36,33.8,28.35
2025-07-22 10:00:00,26.15,0.456,7.44,35.625,29.05
2025-07-22 10:15:00,27.1,0.43,7.52,37.45,29.965
2025-07-22 10:30:00,27.5,0.409,7.59,38.9,31.16
2025-07-22 10:45:00,27.4,0.4095,7.64,39.85,31.495
2025-07-22 11:00:00,28,0.396,7.68,40.8,31.3
2025-07-22 11:15:00,28.05,0.396,7.7,41.55,32.105
2025-07-22 11:30:00,27.8,0.413,7.75,42.2,32.6
2025-07-22 11:45:00,27.85,0.4055,7.77,42.6,32.38
2025-07-22 12:00:00,27.8,0.397,7.75,42.2,33.2
2025-07-22 12:15:00,28,0.3995,7.645,39.5,33.715
2025-07-22 12:30:00,28.15,0.39625,7.5475,37.2,34.1525
2025-07-22 12:45:00,28.3,0.393,7.45,34.9,34.59
2025-07-22 13:00:00,28.7,0.381,7.55,32.9,34.94
2025-07-22 13:15:00,29.3,0.3635,9.555,30,35.16
2025-07-22 13:30:00,29.9,0.346,11.56,27.1,35.99
2025-07-22 13:45:00,30.3,0.3475,11.755,26.4,35.885
2025-07-22 14:00:00,30.8,0.324,11.95,26.8,36.61
2025-07-22 14:15:00,30.3,0.345,14.89,26.9,35.7
2025-07-22 14:30:00,30.5,0.327,22.24,27.2,35.875
2025-07-22 14:45:00,31.35,0.3325,24.04,28.1,36.05
2025-07-22 15:00:00,31.3,0.322,25.3,28.5,36.33
2025-07-22 15:15:00,31.85,0.315,26.505,28.65,36.83
2025-07-22 15:30:00,32.4,0.308,27.71,28.8,36.255
2025-07-22 15:45:00,32.4,0.306,25.83,29.2,35.68
2025-07-22 16:00:00,32.3,0.284,23.83,29.8,36.49
2025-07-22 16:15:00,32.5,0.28,23.4033333333333,29.9333333333333,37.3
2025-07-22 16:30:00,32.7,0.276,22.9766666666667,30.0666666666667,35.2991666666667
2025-07-22 16:45:00,32.9,0.272,22.55,30.2,37.396
2025-07-22 17:00:00,33.35,0.275,22.36,30.2,37.045
2025-07-22 17:15:00,34.25,0.2765,21.965,30.05,36.3911111111111
2025-07-22 17:30:00,33.45,0.2705,21.565,28.8,36.57
2025-07-22 17:45:00,33.6666666666667,0.282,21.1733333333333,27.7333333333333,36.5116666666667
2025-07-22 18:00:00,33.65,0.29,20.895,27.15,36.6955555555555
2025-07-22 18:15:00,34,0.288,20.67,26.8,35.97
2025-07-22 18:30:00,32.9,0.317,20.48,26.4,32.2744444444444
2025-07-22 18:45:00,31.4,0.33,20.28,26.3,28.9180555555556
2025-07-22 19:00:00,29.4666666666667,0.389666666666667,20.0566666666667,25.8166666666667,26.7138888888889
2025-07-22 19:15:00,27.5333333333333,0.449333333333333,19.8333333333333,25.3333333333333,25.4908333333333
2025-07-22 19:30:00,25.6,0.509,19.61,24.85,24.6488888888889
2025-07-22 19:45:00,24.6333333333333,0.557,19.51,24.8,24.5041666666667
2025-07-22 20:00:00,24.35,0.5785,19.345,24.8,24.9316666666667
2025-07-22 20:15:00,24.2,0.564,19.2166666666667,24.7,24.53
2025-07-22 20:30:00,23.6,0.593666666666667,19.0433333333333,24.2666666666667,22.7852777777778
2025-07-22 20:45:00,22.5,0.597,18.9366666666667,23.8666666666667,21.1716666666667
2025-07-22 21:00:00,21.2333333333333,0.618333333333333,18.8166666666667,23.4666666666667,20.3666666666667
2025-07-22 21:15:00,20,0.632,18.695,23.05,19.422
2025-07-22 21:30:00,19,0.628,18.6066666666667,22.7,19.29
2025-07-22 21:45:00,18.5,0.604,18.505,22.35,19.5922222222222
2025-07-22 22:00:00,18.75,0.583,18.335,21.85,19.6311111111111
2025-07-22 22:15:00,18.8,0.582,18.28,21.65,19.42
2025-07-22 22:30:00,18.8,0.579,18.225,21.4,19.2677777777778
2025-07-22 22:45:00,18.7,0.587333333333333,18.1433333333333,21.1666666666667,18.7508333333333
2025-07-22 23:00:00,18.35,0.6,18.08,20.85,18.5527777777778
2025-07-22 23:15:00,18.2,0.607,18.04,20.75,18.3315555555556
2025-07-22 23:30:00,17.9333333333333,0.622666666666667,17.9633333333333,20.5,17.7422222222222
2025-07-22 23:45:00,17.5,0.633,17.9,20.2666666666667,17.5327777777778
2025-07-23 00:00:00,17.2,0.6445,17.865,20.15,17.2766666666667
2025-07-23 00:15:00,16.8666666666667,0.666666666666667,17.81,20.0666666666667,16.8338888888889
2025-07-23 00:30:00,16.55,0.6815,17.755,19.95,16.3941666666667
2025-07-23 00:45:00,16.1333333333333,0.685333333333333,17.6733333333333,19.7333333333333,16.5985555555556
2025-07-23 01:00:00,16.1,0.685,17.6066666666667,19.6333333333333,16.3241666666667
2025-07-23 01:15:00,15.95,0.686,17.595,19.55,15.9288888888889
2025-07-23 01:30:00,15.7,0.688,17.47,19.4,15.3825
2025-07-23 01:45:00,15.2,0.6885,17.475,19.25,14.998
2025-07-23 02:00:00,14.75,0.6915,17.4,18.85,15.4344444444444
2025-07-23 02:15:00,14.9,0.691,17.3666666666667,18.7333333333333,15.6565
2025-07-23 02:30:00,15.1666666666667,0.691333333333333,17.33,18.6333333333333,15.5533333333333
2025-07-23 02:45:00,15.2,0.694,17.28,18.5,15.4298888888889
2025-07-23 03:00:00,15.2,0.688666666666667,17.26,18.3666666666667,15.5333333333333
2025-07-23 03:15:00,15.2,0.689333333333333,17.22,18.3,15.0091666666667
2025-07-23 03:30:00,14.9333333333333,0.693333333333333,17.19,18.2,14.6627777777778
2025-07-23 03:45:00,14.4,0.699666666666667,17.1566666666667,18.1333333333333,13.6917222222222
2025-07-23 04:00:00,13.7833333333333,0.705833333333333,17.12,17.9666666666667,13.4655555555556
2025-07-23 04:15:00,13.1666666666667,0.712,17.0833333333333,17.8,13.5405
2025-07-23 04:30:00,12.95,0.72,17.03,17.65,13.0033333333333
2025-07-23 04:45:00,12.5333333333333,0.733,17.02,17.5666666666667,12.58
2025-07-23 05:00:00,12.2,0.75,16.98,17.4,12.5042777777778
2025-07-23 05:15:00,11.9,0.763666666666667,16.9633333333333,17.2666666666667,12.3375
2025-07-23 05:30:00,11.65,0.7725,16.92,17.15,12.1666666666667
2025-07-23 05:45:00,11.6,0.7855,16.885,17.1,12.2315
2025-07-23 06:00:00,11.7,0.794,16.89,17.1,12.4316666666667
2025-07-23 06:15:00,12,0.803,16.87,17.1,13.0616111111111
2025-07-23 06:30:00,13.9333333333333,0.793,16.8133333333333,17.2,13.8673333333333
2025-07-23 06:45:00,16.9,0.695,16.83,17.4,14.7061111111111
2025-07-23 07:00:00,18.3333333333333,0.652,16.81,17.6,15.8707222222222
2025-07-23 07:15:00,20.6666666666667,0.541833333333333,16.84,17.85,18.0286111111111
2025-07-23 07:30:00,21.8,0.453,16.85,18.3,19.8183333333333
2025-07-23 07:45:00,22.65,0.555,16.825,18.55,21.0030555555556
2025-07-23 08:00:00,24,0.503,16.8,18.95,22.1183333333333
2025-07-23 08:15:00,24,0.52,16.76,19.1,23.3391666666667
2025-07-23 08:30:00,24,0.4705,16.93,20.35,24.3466666666667
2025-07-23 08:45:00,24.1,0.479333333333333,16.94,22.8666666666667,25.5533333333333
2025-07-23 09:00:00,24.7333333333333,0.459,16.91,24.4,26.5691666666667
2025-07-23 09:15:00,25.2,0.44,16.86,25.5,27.68
2025-07-23 09:30:00,25.7666666666667,0.419,16.8133333333333,26.4,28.8386111111111
2025-07-23 09:45:00,26.3666666666667,0.411333333333333,16.8266666666667,27.2,29.7233333333333
2025-07-23 10:00:00,27.0333333333333,0.392333333333333,16.77,28.1,31.1188888888889
2025-07-23 10:15:00,27.4,0.3795,16.725,28.75,31.6005555555556
2025-07-23 10:30:00,28.1333333333333,0.366666666666667,16.62,29.5,32.288
2025-07-23 10:45:00,28.3,0.374,16.57,30.2,32.5901111111111
2025-07-23 11:00:00,28.85,0.3575,16.53,30.7,33.9219444444444
2025-07-23 11:15:00,29.4666666666667,0.342,16.4533333333333,31.3,34.3564444444444
2025-07-23 11:30:00,30.1333333333333,0.329,16.3933333333333,31.8333333333333,35.0805
2025-07-23 11:45:00,30.5,0.307,16.2933333333333,32.1666666666667,35.5925
2025-07-23 12:00:00,30.55,0.3015,16.245,32.1,36.2997777777778
2025-07-23 12:15:00,30.85,0.2905,16.035,30.6,36.6813333333333
2025-07-23 12:30:00,31.5,0.297,15.83,28.3333333333333,37.138
2025-07-23 12:45:00,31.75,0.2945,15.7,27.2,37.5461666666667
2025-07-23 13:00:00,31.7666666666667,0.300333333333333,15.5966666666667,26.5333333333333,37.3741666666667
2025-07-23 13:15:00,32.2,0.287,15.535,26.25,37.9561111111111
2025-07-23 13:30:00,32.5333333333333,0.279,15.46,25.9666666666667,37.7238333333333
2025-07-23 13:45:00,32.2,0.311,15.37,25.8,38.3488888888889
2025-07-23 14:00:00,33.2,0.2855,15.375,27,38.6465
2025-07-23 14:15:00,33.4,0.282,15.31,27.3,38.6238888888889
2025-07-23 14:30:00,34,0.2665,15.305,28.75,38.2275
2025-07-23 14:45:00,34.375,0.26325,15.2675,30.125,38.9291666666667
2025-07-23 15:00:00,34.75,0.26,15.23,31.5,38.9102777777778
2025-07-23 15:15:00,34.3666666666667,0.259333333333333,15.1933333333333,31.7666666666667,38.9386666666667
2025-07-23 15:30:00,34.3,0.263,15.17,32.4,39.1766666666667
2025-07-23 15:45:00,35.1,0.25,15.1,33.3,38.8094444444444
2025-07-23 16:00:00,34.8666666666667,0.261333333333333,15.05,33.3666666666667,38.89
2025-07-23 16:15:00,35.1,0.255,14.95,33.5,39.2055555555556
2025-07-23 16:30:00,35.15,0.2565,14.935,33.6,40.1691666666667
2025-07-23 16:45:00,34.7,0.246,14.85,33.4,40.0994444444444
2025-07-23 17:00:00,34.8,0.269333333333333,14.7866666666667,33.3,39.7666666666667
2025-07-23 17:15:00,35.4,0.238,14.59,32,38.8605
2025-07-23 17:30:00,35.3,0.252666666666667,14.5433333333333,30.9,38.65
2025-07-23 17:45:00,35.2,0.261,14.44,29.6,38.218
2025-07-23 18:00:00,35.5,0.242666666666667,14.3366666666667,28.9333333333333,38.4625
2025-07-23 18:15:00,35.2,0.252333333333333,14.2766666666667,28.4333333333333,39.8752777777778
2025-07-23 18:30:00,35.35,0.269,14.22,28.1,36.9208333333333
2025-07-23 18:45:00,35.9,0.270666666666667,14.1933333333333,27.8,33.6522222222222
2025-07-23 19:00:00,36.3,0.284,14.13,27.5666666666667,34.8675555555556
2025-07-23 19:15:00,35.85,0.3,14.07,27.4,32.2858333333333
2025-07-23 19:30:00,34.5,0.387,13.99,27.2,31.0752777777778
2025-07-23 19:45:00,32.85,0.4275,13.96,26.7,28.895
2025-07-23 20:00:00,29.95,0.472,13.855,26.15,26.5285
2025-07-23 20:15:00,27.7,0.502333333333333,13.83,25.7333333333333,24.4111111111111
2025-07-23 20:30:00,25.2333333333333,0.536666666666667,13.8033333333333,25.2,22.9311111111111
2025-07-23 20:45:00,23.5,0.559,13.73,24.7,21.9156666666667
2025-07-23 21:00:00,21.6333333333333,0.537333333333333,13.7033333333333,24.2,21.9507777777778
2025-07-23 21:15:00,21.6666666666667,0.479666666666667,13.62,23.7,22.6968333333333
2025-07-23 21:30:00,22.8,0.44,13.55,23.4,23.3396666666667
2025-07-23 21:45:00,23.35,0.428,13.535,23.15,23.48
2025-07-23 22:00:00,23.45,0.4225,13.53,22.9,23.2883333333333
2025-07-23 22:15:00,23.25,0.4165,13.47,22.7,22.9006666666667
2025-07-23 22:30:00,23,0.411,13.47,22.5,23.0841666666667
2025-07-23 22:45:00,23.35,0.4035,13.435,22.35,23.4506666666667
2025-07-23 23:00:00,24.3,0.388,13.39,22.2,24.1077777777778
2025-07-23 23:15:00,25.3,0.357,13.4,22.1,24.2883333333333
2025-07-23 23:30:00,25.4333333333333,0.357666666666667,13.3233333333333,22.1,24.33
2025-07-23 23:45:00,24.8,0.397,13.31,21.9,22.6727777777778
2025-07-24 00:00:00,23.2,0.46,13.275,21.65,20.9772222222222
2025-07-24 00:15:00,21.65,0.4975,13.21,21.35,19.6513888888889
2025-07-24 00:30:00,19.55,0.5755,13.16,20.95,18.6113333333333
2025-07-24 00:45:00,18.9,0.591,13.15,20.9,18.1908333333333
2025-07-24 01:00:00,17.8,0.637,13.09,20.6,17.8016666666667
2025-07-24 01:15:00,17.3,0.6655,13.1,20.45,18.0422222222222
2025-07-24 01:30:00,17.35,0.644,13.07,20.3,18.1966666666667
2025-07-24 01:45:00,17.65,0.6125,13.05,20.15,18.6163333333333
2025-07-24 02:00:00,18.5,0.573,13.045,20.05,19.0716666666667
2025-07-24 02:15:00,19.0666666666667,0.548333333333333,12.99,19.9333333333333,19.1415555555556
2025-07-24 02:30:00,18.8,0.556,12.955,19.75,18.2652222222222
2025-07-24 02:45:00,18,0.599333333333333,12.9266666666667,19.5666666666667,16.9944444444444
2025-07-24 03:00:00,16.95,0.626,12.95,19.35,16.3233333333333
2025-07-24 03:15:00,16.2,0.641666666666667,12.9,19.2333333333333,16.3488888888889
2025-07-24 03:30:00,15.75,0.666,12.875,19,16.0008333333333
2025-07-24 03:45:00,15.2,0.6845,12.805,18.8,14.78
2025-07-24 04:00:00,14.3,0.688,12.85,18.5666666666667,13.8763888888889
2025-07-24 04:15:00,13.55,0.693,12.775,18.35,14.1033333333333
2025-07-24 04:30:00,13.425,0.696333333333333,12.7808333333333,18.2416666666667,14.0522222222222
2025-07-24 04:45:00,13.3,0.699666666666667,12.7866666666667,18.1333333333333,14.0025
2025-07-24 05:00:00,13.1,0.709,12.71,17.9,13.8121111111111
2025-07-24 05:15:00,13,0.7275,12.705,17.8,13.6516666666667
2025-07-24 05:30:00,13,0.740666666666667,12.7,17.7666666666667,13.7833333333333
2025-07-24 05:45:00,12.95,0.7495,12.67,17.7,13.6573333333333
2025-07-24 06:00:00,13.4,0.736,12.71,17.7,14.5071111111111
2025-07-24 06:15:00,14.6666666666667,0.713666666666667,12.6533333333333,17.7333333333333,14.7716666666667
2025-07-24 06:30:00,16.5333333333333,0.660666666666667,12.6466666666667,17.8333333333333,15.4966666666667
2025-07-24 06:45:00,18.8,0.618,12.66,18,16.1788888888889
2025-07-24 07:00:00,20.45,0.577,12.685,18.25,17.3002777777778
2025-07-24 07:15:00,23.6333333333333,0.483666666666667,12.6533333333333,18.6333333333333,19.2305555555556
2025-07-24 07:30:00,24.6,0.472,12.67,19.1,21.0963888888889
2025-07-24 07:45:00,24.15,0.4895,12.665,19.35,22.5869444444444
2025-07-24 08:00:00,24.25,0.4955,12.65,19.7,23.6961111111111
2025-07-24 08:15:00,24.7,0.472,12.61,20.1,24.795
2025-07-24 08:30:00,24.9333333333333,0.465666666666667,12.6866666666667,21.8666666666667,25.825
2025-07-24 08:45:00,25.7333333333333,0.457666666666667,12.7,24.4333333333333,27.3116666666667
2025-07-24 09:00:00,26.45,0.4405,12.695,26.7,28.4644444444444
2025-07-24 09:15:00,26.7333333333333,0.431,12.7266666666667,27.9,29.1636666666667
2025-07-24 09:30:00,27.25,0.434,12.74,29.4,30.3683333333333
2025-07-24 09:45:00,27.8,0.415,12.77,30.4,30.795
2025-07-24 10:00:00,27.9,0.398,12.76,31.15,31.5736111111111
2025-07-24 10:15:00,28.35,0.383,12.775,32.075,32.5666666666667
2025-07-24 10:30:00,28.8,0.368,12.79,33,33.2021111111111
2025-07-24 10:45:00,29.6666666666667,0.339333333333333,12.7866666666667,34.1666666666667,34.34
2025-07-24 11:00:00,29.9333333333333,0.326666666666667,12.7766666666667,34.8333333333333,34.2508888888889
2025-07-24 11:15:00,30.3,0.2945,12.765,35.7,34.9933333333333
2025-07-24 11:30:00,30.6,0.284,12.765,36.2,35.6755555555555
2025-07-24 11:45:00,31.15,0.281,12.775,36.7,36.236
2025-07-24 12:00:00,31.75,0.2745,12.77,36.7,37.1313888888889
2025-07-24 12:15:00,31.8,0.278,12.63,35,37.2888888888889
2025-07-24 12:30:00,32.1333333333333,0.271666666666667,12.4733333333333,32.4333333333333,37.9422222222222
2025-07-24 12:45:00,32.5,0.273333333333333,12.4233333333333,30.9333333333333,37.7671111111111
2025-07-24 13:00:00,33.05,0.258,12.4,30,38.0688888888889
2025-07-24 13:15:00,33.3,0.256,12.3566666666667,29.7,39.1433333333333
2025-07-24 13:30:00,34.2,0.264,12.3133333333333,29.4333333333333,38.5788888888889
2025-07-24 13:45:00,35.05,0.24,12.285,29.45,39.8672222222222
2025-07-24 14:00:00,34.5333333333333,0.263333333333333,12.3033333333333,30.5666666666667,38.6516666666667
2025-07-24 14:15:00,34.95,0.2575,12.29,31.95,39.8466666666667
2025-07-24 14:30:00,35.15,0.2465,12.31,33.25,40.2002777777778
2025-07-24 14:45:00,35.8,0.264,12.33,35,39.7733333333333
2025-07-24 15:00:00,37.4,0.228,12.39,36.8,40.2877777777778
2025-07-24 15:15:00,36.6,0.229,12.3666666666667,37.2,40.4977777777778
2025-07-24 15:30:00,36.0666666666667,0.213666666666667,12.3866666666667,37.9,40.0233333333333
2025-07-24 15:45:00,35.5,0.218,12.35,38.3,39.2836111111111
2025-07-24 16:00:00,35.65,0.24,12.375,38.5,39.7955555555555
2025-07-24 16:15:00,36.0666666666667,0.214,12.33,38.8333333333333,39.9855555555556
2025-07-24 16:30:00,36.05,0.2135,12.32,38.95,40.9086666666667
2025-07-24 16:45:00,35.9333333333333,0.228333333333333,12.28,38.9666666666667,41.1141666666667
2025-07-24 17:00:00,36.1,0.221,12.27,38.7,40.7441666666667
2025-07-24 17:15:00,36.0666666666667,0.235666666666667,12.18,37.7333333333333,41.2719444444445
2025-07-24 17:30:00,36.2666666666667,0.239333333333333,12.0766666666667,35.7333333333333,40.9075
2025-07-24 17:45:00,35.95,0.2285,11.985,34.35,40.36
2025-07-24 18:00:00,36,0.237,11.985,33.35,40.9018888888889
2025-07-24 18:15:00,35.6333333333333,0.238666666666667,11.9533333333333,32.4333333333333,41.1168888888889
2025-07-24 18:30:00,35.7,0.247,11.89,31.9,38.592
2025-07-24 18:45:00,36.2,0.283,11.83,31.4,35.435
2025-07-24 19:00:00,35.9,0.277,11.8,30.9,37.7757777777778
2025-07-24 19:15:00,36,0.3255,11.775,30.55,33.6875
2025-07-24 19:30:00,36.1,0.374,11.75,30.2,31.4175
2025-07-24 19:45:00,34.2,0.4095,11.73,29.65,29.3782222222222
2025-07-24 20:00:00,30.95,0.461,11.7,28.9,27.3388888888889
2025-07-24 20:15:00,29.5,0.469,11.69,28.5,26.0691666666667
2025-07-24 20:30:00,26.8,0.44,11.65,27.9,25.3783333333333
2025-07-24 20:45:00,24.75,0.4265,11.645,27.2,24.6716666666667
2025-07-24 21:00:00,24.25,0.4625,11.62,26.65,24.5724444444444
2025-07-24 21:15:00,23.5,0.4885,11.605,26.2,23.6888888888889
2025-07-24 21:30:00,22.5666666666667,0.531333333333333,11.56,25.6333333333333,22.9872222222222
2025-07-24 21:45:00,21.3,0.579,11.55,25,21.1097222222222
2025-07-24 22:00:00,20.35,0.579,11.515,24.7,20.0644444444444
2025-07-24 22:15:00,19.5,0.546,11.47,24.3,19.9894444444444
2025-07-24 22:30:00,19.7,0.4815,11.485,24.05,20.5375
2025-07-24 22:45:00,20.3,0.47,11.5,23.9,20.7622222222222
2025-07-24 23:00:00,20.4,0.49,11.435,23.65,20.1055555555556
2025-07-24 23:15:00,19.9666666666667,0.498333333333333,11.44,23.3,19.91
2025-07-24 23:30:00,19.7,0.5145,11.425,23.1,19.6222222222222
2025-07-24 23:45:00,19.5,0.519,11.41,22.9,19.4494444444444
2025-07-25 00:00:00,19,0.543,11.3833333333333,22.6,18.8768888888889
2025-07-25 00:15:00,18.5,0.5615,11.335,22.35,18.4061111111111
2025-07-25 00:30:00,17.6666666666667,0.625,11.3133333333333,22,17.0925
2025-07-25 00:45:00,16.5333333333333,0.664333333333333,11.2866666666667,21.6333333333333,15.795
2025-07-25 01:00:00,15.3666666666667,0.682666666666667,11.2833333333333,21.3,15.4588888888889
2025-07-25 01:15:00,14.7333333333333,0.686333333333333,11.2866666666667,21,15.4266666666667
2025-07-25 01:30:00,14.3,0.6895,11.26,20.85,14.7305555555556
2025-07-25 01:45:00,13.7,0.696,11.225,20.5,14.5372222222222
2025-07-25 02:00:00,13.4666666666667,0.694666666666667,11.24,20.2666666666667,14.5511111111111
2025-07-25 02:15:00,13.4,0.705,11.2,20,14.1983333333333
2025-07-25 02:30:00,13.1,0.7015,11.195,19.75,14.0241666666667
2025-07-25 02:45:00,13.2,0.6985,11.155,19.6,14.0916666666667
2025-07-25 03:00:00,13.1,0.687,11.14,19.5,13.9144444444445
2025-07-25 03:15:00,13.05,0.6965,11.145,19.4,13.705
2025-07-25 03:30:00,13.3,0.688333333333333,11.13,19.2333333333333,14.4871111111111
2025-07-25 03:45:00,13.7,0.678,11.12,19.2,14.9705555555556
2025-07-25 04:00:00,14.55,0.6525,11.085,19.15,14.9065
2025-07-25 04:15:00,14.6,0.586666666666667,11.1166666666667,18.9666666666667,14.485
2025-07-25 04:30:00,14.25,0.5895,11.08,18.8,14.1751666666667
2025-07-25 04:45:00,13.9,0.606333333333333,11.0833333333333,18.6666666666667,13.5637777777778
2025-07-25 05:00:00,13.4333333333333,0.630333333333333,11.0766666666667,18.4666666666667,13.1778333333333
2025-07-25 05:15:00,12.85,0.6385,11.04,18.25,12.8433333333333
2025-07-25 05:30:00,12.6,0.62,10.99,18.1,13.1348888888889
2025-07-25 05:45:00,12.8333333333333,0.615666666666667,11.0166666666667,18.0333333333333,13.6058333333333
2025-07-25 06:00:00,13.1,0.64,11.02,18,13.4052222222222
2025-07-25 06:15:00,13.8,0.639,11,18.05,13.9541666666667
2025-07-25 06:30:00,15.3,0.612,11.05,18.1,14.7122222222222
2025-07-25 06:45:00,18.8,0.567,10.985,18.25,15.2575555555555
2025-07-25 07:00:00,21.15,0.4485,11.015,18.45,16.9248888888889
2025-07-25 07:15:00,22.3083333333333,0.483083333333333,10.9941666666667,19.0416666666667,18.8573333333333
2025-07-25 07:30:00,23.4666666666667,0.517666666666667,10.9733333333333,19.6333333333333,20.7255
2025-07-25 07:45:00,25.15,0.4745,10.99,19.85,21.93
2025-07-25 08:00:00,24.8,0.482,11,20.1,23.0221111111111
2025-07-25 08:15:00,24.4,0.447,11.01,20.7,24.2975
2025-07-25 08:30:00,24.5333333333333,0.449333333333333,11.0733333333333,22.3666666666667,25.1805555555556
2025-07-25 08:45:00,25.25,0.4455,11.1,25.5,26.3751666666667
2025-07-25 09:00:00,25.7,0.429333333333333,11.0833333333333,27.7666666666667,27.1566666666667
2025-07-25 09:15:00,26.1,0.424333333333333,11.14,29.4666666666667,28.2795555555556
2025-07-25 09:30:00,27.2333333333333,0.393333333333333,11.17,31,28.824
2025-07-25 09:45:00,27.4,0.375,11.21,32.55,29.5558333333333
2025-07-25 10:00:00,27.5333333333333,0.361,11.1966666666667,33.4333333333333,30.3056666666667
2025-07-25 10:15:00,27.7,0.319,11.26,34.5,30.6606666666667
2025-07-25 10:30:00,28.2333333333333,0.331666666666667,11.2533333333333,35.6,31.9930555555556
2025-07-25 10:45:00,28.5,0.3055,11.265,36.5,31.9758333333333
2025-07-25 11:00:00,28.6333333333333,0.317333333333333,11.2866666666667,37.4333333333333,33.0844444444445
2025-07-25 11:15:00,29,0.304,11.305,38.3,33.3016666666667
2025-07-25 11:30:00,29.2,0.308,11.315,38.85,33.9941666666667
2025-07-25 11:45:00,30,0.278,11.32,39.65,34.7772222222222
2025-07-25 12:00:00,30.2333333333333,0.273333333333333,11.32,39.5,36.1861111111111
2025-07-25 12:15:00,30.85,0.267,11.18,37.4,36.5958333333333
2025-07-25 12:30:00,30.8,0.256,11.0533333333333,34.8666666666667,37.4385
2025-07-25 12:45:00,31.35,0.2515,10.945,33,37.4153333333333
2025-07-25 13:00:00,31.8,0.258666666666667,10.8966666666667,31.8333333333333,38.735
2025-07-25 13:15:00,31.9,0.249,10.86,31,39.0844444444444
2025-07-25 13:30:00,32.45,0.253,10.85,30.85,38.3997222222222
2025-07-25 13:45:00,33.4333333333333,0.234333333333333,10.83,30.6,38.7806666666667
2025-07-25 14:00:00,33.75,0.247,10.885,31.1,38.9508333333333
2025-07-25 14:15:00,34.8,0.2195,10.9,32.65,38.6375555555555
2025-07-25 14:30:00,34.3,0.216,10.9,34.65,38.5186666666667
2025-07-25 14:45:00,34.95,0.2175,10.945,36.3,38.8302222222222
2025-07-25 15:00:00,35.4333333333333,0.218,11.0066666666667,37.9666666666667,38.65
2025-07-25 15:15:00,34.9,0.221,10.98,38.7,39.3788333333333
2025-07-25 15:30:00,35.35,0.2215,11.02,39.65,39.6258333333333
2025-07-25 15:45:00,34.9,0.224,11.07,40.1,39.2116666666667
2025-07-25 16:00:00,35.2666666666667,0.236333333333333,11.02,40.5333333333333,39.4716666666667
2025-07-25 16:15:00,35.3,0.236,11.03,40.7,39.6371666666667
2025-07-25 16:30:00,35.45,0.2285,11.005,40.85,40.474
2025-07-25 16:45:00,35.5333333333333,0.233666666666667,11.02,40.8,40.4471111111111
2025-07-25 17:00:00,35.85,0.2345,10.98,40.55,40.1166666666667
2025-07-25 17:15:00,35.7333333333333,0.229666666666667,10.89,39.5,40.0333333333333
2025-07-25 17:30:00,35.5,0.231,10.8,37.1,39.5911111111111
2025-07-25 17:45:00,34.65,0.2435,10.705,35.1,38.8226111111111
2025-07-25 18:00:00,34.85,0.238,10.65,34.2,38.8672222222222
2025-07-25 18:15:00,34.75,0.2355,10.63,33.25,39.3775
2025-07-25 18:30:00,33.8,0.231,10.59,32.4,37.4930555555555
2025-07-25 18:45:00,33.75,0.2435,10.58,32.1,33.8262222222222
2025-07-25 19:00:00,33.5333333333333,0.246666666666667,10.5733333333333,31.4666666666667,34.7294444444444
2025-07-25 19:15:00,32.9333333333333,0.26,10.5233333333333,31.0666666666667,32.3058333333333
2025-07-25 19:30:00,32.45,0.2835,10.495,30.95,31.2924444444444
2025-07-25 19:45:00,31.5,0.347,10.46,30.3,29.4663888888889
2025-07-25 20:00:00,29.5,0.273333333333333,10.4366666666667,29.5,28.3055555555556
2025-07-25 20:15:00,27.55,0.274,10.44,28.6,27.157
2025-07-25 20:30:00,26.9,0.285,10.45,28.3,25.9822777777778
2025-07-25 20:45:00,25,0.309,10.39,27.2,25.0584444444444
2025-07-25 21:00:00,24.4,0.324,10.42,26.9,24.3766666666667
2025-07-25 21:15:00,23.6,0.3335,10.42,26.35,23.7008333333333
2025-07-25 21:30:00,23.2666666666667,0.336333333333333,10.3933333333333,26,23.5144444444444
2025-07-25 21:45:00,23.2,0.344,10.4,25.8,22.715
2025-07-25 22:00:00,21.5333333333333,0.404666666666667,10.3533333333333,25,21.0769444444444
2025-07-25 22:15:00,19.7666666666667,0.480666666666667,10.3266666666667,24.4,19.3908333333333
2025-07-25 22:30:00,18.6,0.509,10.29,24,17.9036666666667
2025-07-25 22:45:00,16.9,0.536,10.295,23.4,17.6227777777778
2025-07-25 23:00:00,16.4,0.563666666666667,10.28,23.1,17.692
2025-07-25 23:15:00,16.05,0.583833333333333,10.28,22.75,17.2513888888889
2025-07-25 23:30:00,15.7,0.604,10.28,22.4,16.4825
2025-07-25 23:45:00,15.2333333333333,0.621,10.2466666666667,22.1333333333333,15.8583333333333
2025-07-26 00:00:00,14.8,0.624,10.25,21.85,15.8768888888889
2025-07-26 00:15:00,14.8,0.624,10.24,21.65,15.6466666666667
2025-07-26 00:30:00,14.3,0.65,10.195,21.25,14.7730555555556
2025-07-26 00:45:00,13.65,0.666,10.17,20.9,14.1806666666667
2025-07-26 01:00:00,13.3,0.675,10.15,20.7,14.1895555555556
2025-07-26 01:15:00,13.6,0.653,10.19,20.5,14.8405555555556
2025-07-26 01:30:00,14,0.6385,10.16,20.35,14.488
2025-07-26 01:45:00,13.3666666666667,0.677333333333333,10.1433333333333,19.9,13.4772222222222
2025-07-26 02:00:00,12.4,0.691,10.1,19.5333333333333,12.6024444444444
2025-07-26 02:15:00,11.6333333333333,0.693,10.1333333333333,19.3,11.7656666666667
2025-07-26 02:30:00,10.9333333333333,0.696,10.1133333333333,19,11.6897222222222
2025-07-26 02:45:00,10.7,0.704,10.11,18.8,11.799
2025-07-26 03:00:00,10.6,0.702,10.07,18.6,11.1900555555556
2025-07-26 03:15:00,10.55,0.7085,10.095,18.4,11.1086666666667
2025-07-26 03:30:00,10.5,0.715,10.12,18.2,11.6525
2025-07-26 03:45:00,11,0.655,10.03,18.1,12.0077777777778
2025-07-26 04:00:00,11.3,0.622,10.08,18.05,12.1307222222222
2025-07-26 04:15:00,11.5,0.612,10.05,17.9,11.8280555555556
2025-07-26 04:30:00,11.8,0.606,10.03,17.8,11.8725
2025-07-26 04:45:00,11.65,0.573,10.04,17.65,11.7201111111111
2025-07-26 05:00:00,11.55,0.579,10.01,17.5,11.7766666666667
2025-07-26 05:15:00,11.6,0.5815,9.985,17.4,11.9162222222222
2025-07-26 05:30:00,11.35,0.635,9.995,17.25,10.9261111111111
2025-07-26 05:45:00,10.85,0.679,10,17.1,10.4275
2025-07-26 06:00:00,10.35,0.7215,9.99,17,10.5475
2025-07-26 06:15:00,11.25,0.757,10.015,17,11.2063888888889
2025-07-26 06:30:00,12.75,0.7445,9.97,17.1,11.8582222222222
2025-07-26 06:45:00,14.2,0.709,10,17.2,12.9083333333333
2025-07-26 07:00:00,18.7333333333333,0.522666666666667,9.97666666666667,17.5333333333333,15.0052777777778
2025-07-26 07:15:00,21.9,0.5095,9.995,18.15,16.9493333333333
2025-07-26 07:30:00,22.9666666666667,0.462333333333333,10.0266666666667,18.9,18.4708888888889
2025-07-26 07:45:00,24.15,0.4275,9.995,19,19.8848333333333
2025-07-26 08:00:00,25.3,0.4015,10.015,19.3,21.0703333333333
2025-07-26 08:15:00,24.2666666666667,0.402,10.0066666666667,19.6666666666667,22.1623333333333
2025-07-26 08:30:00,23.6,0.425666666666667,10.08,21.4,23.1221666666667
2025-07-26 08:45:00,23.5,0.4475,10.145,24.65,24.0966666666667
2025-07-26 09:00:00,23.95,0.4185,10.125,26.95,25.1936666666667
2025-07-26 09:15:00,24.5333333333333,0.379333333333333,10.1933333333333,29.4,26.3188888888889
2025-07-26 09:30:00,25.2,0.3545,10.205,30.9,27.2751666666667
2025-07-26 09:45:00,25.1333333333333,0.349666666666667,10.2533333333333,32.4333333333333,28.0811111111111
2025-07-26 10:00:00,26.15,0.339,10.27,34.05,28.6448333333333
2025-07-26 10:15:00,26.2666666666667,0.339666666666667,10.2666666666667,35.1,29.5446666666667
2025-07-26 10:30:00,26.1,0.338,10.32,35.95,30.0596666666667
2025-07-26 10:45:00,26.2,0.3395,10.365,36.85,30.72
2025-07-26 11:00:00,26.7333333333333,0.34,10.37,37.9666666666667,31.2068888888889
2025-07-26 11:15:00,27.35,0.3455,10.385,38.9,31.5041666666667
2025-07-26 11:30:00,27.9333333333333,0.338,10.4133333333333,39.6333333333333,33.3821666666667
2025-07-26 11:45:00,28.1,0.337,10.41,40.3,33.5025
2025-07-26 12:00:00,28.45,0.334,10.38,39.8,33.5523333333333
2025-07-26 12:15:00,28.8,0.331,10.35,39.3,34.2058333333333
2025-07-26 12:30:00,29.2,0.324,10.09,35.05,34.4878333333333
2025-07-26 12:45:00,29.4,0.336,10.035,32.85,34.9275
2025-07-26 13:00:00,29.8666666666667,0.331333333333333,9.94333333333333,31.6666666666667,36.3266666666667
2025-07-26 13:15:00,31,0.3255,9.92,31.05,36.375
2025-07-26 13:30:00,30.8333333333333,0.321,9.9,30.5666666666667,36.8333333333333
2025-07-26 13:45:00,31.1,0.3235,9.9,30.35,38.1285
2025-07-26 14:00:00,31.7,0.32,9.895,31.25,37.125
2025-07-26 14:15:00,32.3,0.299666666666667,9.93666666666667,32.2333333333333,37.8646666666667
2025-07-26 14:30:00,32.7,0.285,9.99,33.95,37.554
2025-07-26 14:45:00,33.65,0.27,10.05,36.45,36.7219444444444
2025-07-26 15:00:00,34.1333333333333,0.258666666666667,10.0733333333333,37.8,37.3344444444444
2025-07-26 15:15:00,34.2416666666667,0.250333333333333,10.1216666666667,39,37.1601666666667
2025-07-26 15:30:00,34.35,0.242,10.17,40.2,37.4783333333333
2025-07-26 15:45:00,34.6,0.242,10.1733333333333,40.7,37.1017777777778
2025-07-26 16:00:00,33.85,0.259,10.175,40.95,37.6688333333333
2025-07-26 16:15:00,33.1333333333333,0.256666666666667,10.15,40.9666666666667,37.5511666666667
2025-07-26 16:30:00,33.45,0.246,10.13,41,38.4311111111111
2025-07-26 16:45:00,33.65,0.2335,10.135,40.85,37.135
2025-07-26 17:00:00,33.7,0.227,10.075,40.65,37.2325
2025-07-26 17:15:00,33.4,0.234666666666667,10,39.3,37.4308333333333
2025-07-26 17:30:00,33.7,0.243,9.905,36.6,36.6586111111111
2025-07-26 17:45:00,33.2333333333333,0.234666666666667,9.82333333333333,35,36.2241666666667
2025-07-26 18:00:00,33.2,0.233,9.77,34.1,35.6311111111111
2025-07-26 18:15:00,33.1,0.2415,9.755,32.6,35.6522222222222
2025-07-26 18:30:00,32.9666666666667,0.238333333333333,9.70666666666667,32.0333333333333,33.5161111111111
2025-07-26 18:45:00,32.45,0.2425,9.685,31.4,31.9780555555556
2025-07-26 19:00:00,31.85,0.2525,9.665,30.7,32.5041666666667
2025-07-26 19:15:00,31.6,0.255,9.62,30.4,30.4463333333333
2025-07-26 19:30:00,30.7,0.282,9.6,29.9,29.1842222222222
2025-07-26 19:45:00,29.5,0.275,9.6,29.4,27.7469444444445
2025-07-26 20:00:00,27.75,0.286,9.59,28.75,26.6116666666667
2025-07-26 20:15:00,25.85,0.314,9.57,27.9,25.4561111111111
2025-07-26 20:30:00,25,0.303333333333333,9.53666666666667,27.2,24.805
2025-07-26 20:45:00,24.5,0.3185,9.51,26.7,23.5058333333333
2025-07-26 21:00:00,23,0.365333333333333,9.5,26,22.1580555555556
2025-07-26 21:15:00,21.4,0.425,9.49666666666667,25.3,20.8188888888889
2025-07-26 21:30:00,19.8333333333333,0.494,9.46666666666667,24.7666666666667,18.5988888888889
2025-07-26 21:45:00,18.5666666666667,0.486,9.48666666666667,24.2666666666667,19.2519444444444
2025-07-26 22:00:00,18.5,0.4795,9.485,23.9,19.2128333333333
2025-07-26 22:15:00,18.9,0.445,9.48,23.7,19.7736111111111
2025-07-26 22:30:00,19.6,0.443,9.49,23.3,19.6213333333333
2025-07-26 22:45:00,18.9,0.499,9.43,23,17.8175
2025-07-26 23:00:00,17.45,0.555,9.465,22.55,16.7565
2025-07-26 23:15:00,16.05,0.599,9.445,22.15,15.6291666666667
2025-07-26 23:30:00,15.325,0.6205,9.3975,21.825,15.3665
2025-07-26 23:45:00,14.6,0.642,9.35,21.5,14.9328888888889
2025-07-27 00:00:00,13.8,0.666333333333333,9.39333333333333,21.0666666666667,14.6916666666667
2025-07-27 00:15:00,13.05,0.688,9.395,20.65,13.936
2025-07-27 00:30:00,12.75,0.688,9.39,20.5,13.8851666666667
2025-07-27 00:45:00,12.8666666666667,0.684333333333333,9.39333333333333,20.2666666666667,14.1358333333333
2025-07-27 01:00:00,12.8,0.682,9.37,20,13.7573333333333
2025-07-27 01:15:00,12.7666666666667,0.677,9.35,19.8333333333333,13.824
2025-07-27 01:30:00,12.7333333333333,0.681333333333333,9.32666666666667,19.6,12.9931666666667
2025-07-27 01:45:00,12.35,0.684,9.325,19.35,12.7548333333333
2025-07-27 02:00:00,12.35,0.696,9.31,19.1,13.1291666666667
2025-07-27 02:15:00,12.65,0.7025,9.345,19.1,13.3406111111111
2025-07-27 02:30:00,12.9333333333333,0.688,9.33,18.9,12.7993333333333
2025-07-27 02:45:00,12.15,0.696,9.31,18.6,11.8988333333333
2025-07-27 03:00:00,11.6,0.714,9.295,18.45,11.1741666666667
2025-07-27 03:15:00,10.8333333333333,0.744666666666667,9.31666666666667,18.2,11.0803333333333
2025-07-27 03:30:00,10.5,0.762,9.285,18.05,11.2727777777778
2025-07-27 03:45:00,10.5,0.775,9.28,17.9,11.5428888888889
2025-07-27 04:00:00,10.95,0.754,9.25,17.7,11.8097222222222
2025-07-27 04:15:00,11.0666666666667,0.739333333333333,9.29333333333334,17.6333333333333,11.1075
2025-07-27 04:30:00,10.8,0.747,9.29,17.5,10.8473333333333
2025-07-27 04:45:00,10.3666666666667,0.772333333333333,9.25333333333333,17.2666666666667,10.4538888888889
2025-07-27 05:00:00,10.1,0.775,9.25,17.1,10.0566666666667
2025-07-27 05:15:00,9.6,0.7965,9.27,16.9,10.1030555555556
2025-07-27 05:30:00,9.6,0.806,9.23,16.8,10.2937777777778
2025-07-27 05:45:00,9.6,0.813666666666667,9.22666666666667,16.7,10.5733333333333
2025-07-27 06:00:00,9.8,0.8195,9.195,16.7,11.0451111111111
2025-07-27 06:15:00,10.8666666666667,0.823,9.21333333333333,16.8,11.5283333333333
2025-07-27 06:30:00,12.7333333333333,0.799,9.23,16.9333333333333,12.4002777777778
2025-07-27 06:45:00,15.1,0.715666666666667,9.23,17.2,13.4723333333333
2025-07-27 07:00:00,17.5,0.634333333333333,9.24666666666667,17.4666666666667,15.2358333333333
2025-07-27 07:15:00,20.7,0.53,9.275,18.05,17.1881666666667
2025-07-27 07:30:00,23.1,0.482333333333333,9.27666666666667,18.8666666666667,18.8461666666667
2025-07-27 07:45:00,23.3333333333333,0.461666666666667,9.28333333333333,19.1,20.1377222222222
2025-07-27 08:00:00,23.1,0.487,9.25,19.35,21.2994444444445
2025-07-27 08:15:00,24,0.4645,9.245,19.75,22.3443333333333
2025-07-27 08:30:00,24.15,0.4555,9.2925,22.35,23.3677777777778
2025-07-27 08:45:00,24.3,0.4465,9.34,24.95,24.2375
2025-07-27 09:00:00,23.8333333333333,0.466333333333333,9.41,27.2333333333333,25.2488333333333
2025-07-27 09:15:00,24.1,0.478,9.43,29.5,26.494
2025-07-27 09:30:00,24.6,0.443,9.505,31.4,27.2019444444444
2025-07-27 09:45:00,24.7666666666667,0.413666666666667,9.53666666666667,32.9,28.1818333333333
2025-07-27 10:00:00,25.0666666666667,0.423333333333333,9.56,34.2333333333333,28.9951111111111
2025-07-27 10:15:00,25.5666666666667,0.403,9.59333333333333,35.6333333333333,29.5431666666667
2025-07-27 10:30:00,25.7,0.3895,9.625,36.55,30.1913333333333
2025-07-27 10:45:00,26.4666666666667,0.378,9.62333333333333,37.9666666666667,30.9148333333333
2025-07-27 11:00:00,27.5,0.358666666666667,9.64666666666667,39.1,31.4961111111111
2025-07-27 11:15:00,27.7,0.357666666666667,9.69,40.0333333333333,31.5986111111111
2025-07-27 11:30:00,27.5,0.334,9.73,40.5,32.6636666666667
2025-07-27 11:45:00,27.9333333333333,0.333666666666667,9.71,40.9666666666667,33.7444444444444
2025-07-27 12:00:00,28.5666666666667,0.333333333333333,9.73,41.0666666666667,34.5781666666667
2025-07-27 12:15:00,28.6,0.329333333333333,9.59333333333333,39.2,34.7525
2025-07-27 12:30:00,28.5333333333333,0.335666666666667,9.43,35.9333333333333,35.7193333333333
2025-07-27 12:45:00,28.9,0.342,9.36,33.7,35.9166111111111
2025-07-27 13:00:00,29.6,0.3225,9.27,32.55,36.5458333333333
2025-07-27 13:15:00,30.7666666666667,0.277666666666667,9.23333333333333,31.5333333333333,37.4316666666667
2025-07-27 13:30:00,31.35,0.2835,9.22,31,37.5741666666667
2025-07-27 13:45:00,32.3,0.241,9.205,30.85,37.6008333333333
2025-07-27 14:00:00,32.6666666666667,0.258333333333333,9.27666666666667,31.8333333333333,36.8945555555556
2025-07-27 14:15:00,33.1,0.236,9.27,32.9,37.3441666666667
2025-07-27 14:30:00,33.6333333333333,0.236333333333333,9.34666666666667,36.4333333333333,37.2880555555556
2025-07-27 14:45:00,33.95,0.226,9.415,38.15,38.1822222222222
2025-07-27 15:00:00,34.05,0.24,9.485,39.3,38.0537777777778
2025-07-27 15:15:00,34,0.2195,9.475,40,38.4436111111111
2025-07-27 15:30:00,34,0.239,9.48,40.9,37.8844444444444
2025-07-27 15:45:00,34.2,0.2245,9.52,41.8,37.8053333333333
2025-07-27 16:00:00,34.1,0.2295,9.53,42.05,37.755
2025-07-27 16:15:00,34.6666666666667,0.221,9.53,42.3666666666667,38.8641666666667
2025-07-27 16:30:00,34.3,0.2225,9.475,42.4,40.1711666666667
2025-07-27 16:45:00,34.2,0.225,9.49,42.25,38.9925
2025-07-27 17:00:00,33.9,0.22,9.43,41.7,37.8305555555556
2025-07-27 17:15:00,33.9333333333333,0.228,9.39666666666667,40.3333333333333,37.6894444444444
2025-07-27 17:30:00,34.25,0.216,9.25,37.9,37.7977777777778
2025-07-27 17:45:00,34.0666666666667,0.222333333333333,9.19,35.8333333333333,36.7291666666667
2025-07-27 18:00:00,33.3666666666667,0.236333333333333,9.12,34.4,36.2675
2025-07-27 18:15:00,33.0666666666667,0.239,9.1,33.4,34.8863888888889
2025-07-27 18:30:00,31.65,0.2615,9.035,32.3,31.8941666666667
2025-07-27 18:45:00,31.7,0.252333333333333,8.98333333333333,31.7333333333333,31.1391666666667
2025-07-27 19:00:00,31.7,0.2405,9.005,31.1,32.1671111111111
2025-07-27 19:15:00,31.45,0.24,8.93,30.75,30.3428333333333
2025-07-27 19:30:00,30.6,0.254,8.92,30.4,29.2208333333333
2025-07-27 19:45:00,28.95,0.2515,8.9,29.75,27.6644444444445
2025-07-27 20:00:00,26.9666666666667,0.272666666666667,8.88666666666667,28.9,26.3766666666667
2025-07-27 20:15:00,25.5,0.304,8.83,28.05,24.7451111111111
2025-07-27 20:30:00,24.2333333333333,0.321333333333333,8.82,27.3333333333333,23.9408333333333
2025-07-27 20:45:00,22.6,0.3975,8.81,26.4,22.4243333333333
2025-07-27 21:00:00,21.1666666666667,0.417666666666667,8.8,25.7666666666667,19.36
2025-07-27 21:15:00,19.7333333333333,0.437833333333333,8.79,25.1333333333333,19.0657777777778
2025-07-27 21:30:00,18.3,0.458,8.78,24.5,18.8122777777778
2025-07-27 21:45:00,17.8,0.493,8.78,23.9,18.6924444444444
2025-07-27 22:00:00,17.8,0.486,8.745,23.7,18.6658333333333
2025-07-27 22:15:00,17.95,0.4645,8.76,23.35,18.9944444444444
2025-07-27 22:30:00,17.95,0.485,8.72,23.1,18.2816666666667
2025-07-27 22:45:00,17.5,0.5005,8.72,22.8,17.7271111111111
2025-07-27 23:00:00,16.9666666666667,0.541333333333333,8.73333333333333,22.4,17.3176111111111
2025-07-27 23:15:00,16.65,0.5285,8.7,22.15,17.5811111111111
2025-07-27 23:30:00,17.1,0.5,8.72,22,17.6675555555556
2025-07-27 23:45:00,16.7,0.542,8.68666666666667,21.7333333333333,16.5023333333333
2025-07-28 00:00:00,15.8,0.563666666666667,8.67333333333333,21.4,15.8825
2025-07-28 00:15:00,15,0.611,8.63,21,15.1083333333333
2025-07-28 00:30:00,14.5,0.612,8.625,20.8,15.0666666666667
2025-07-28 00:45:00,14.1666666666667,0.634333333333333,8.63333333333333,20.6,14.9647222222222
2025-07-28 01:00:00,14,0.6635,8.61,20.4,14.5766666666667
2025-07-28 01:15:00,13.85,0.687,8.615,20.3,14.8530555555555
2025-07-28 01:30:00,13.9,0.687,8.58,20.1,14.4675
2025-07-28 01:45:00,13.8,0.684,8.58,20.1,14.4029444444444
2025-07-28 02:00:00,13.8,0.684,8.57,19.8,13.8233333333333
2025-07-28 02:15:00,13.45,0.6825,8.585,19.6,13.9436666666667
2025-07-28 02:30:00,13.4,0.68,8.6,19.5,14.1108333333333
2025-07-28 02:45:00,13.5,0.68025,8.5775,19.325,14.0722222222222
2025-07-28 03:00:00,13.6,0.6805,8.555,19.15,14.104
2025-07-28 03:15:00,13.55,0.6835,8.585,19.05,13.7955
2025-07-28 03:30:00,13,0.691,8.57,18.8,12.9658333333333
2025-07-28 03:45:00,12.7,0.695,8.53,18.6,13.1469444444444
2025-07-28 04:00:00,12.7,0.697,8.57,18.5,13.4144444444444
2025-07-28 04:15:00,12.9,0.697,8.53,18.4,13.1183333333333
2025-07-28 04:30:00,12.7,0.695,8.54,18.3,13.1113888888889
2025-07-28 04:45:00,12.3166666666667,0.698166666666667,8.53833333333333,18.1,12.3765
2025-07-28 05:00:00,11.9333333333333,0.701333333333333,8.53666666666667,17.9,11.7371666666667
2025-07-28 05:15:00,11.5,0.71,8.49,17.7,11.7201666666667
2025-07-28 05:30:00,11.2,0.721666666666667,8.51666666666667,17.5333333333333,11.4623333333333
2025-07-28 05:45:00,10.95,0.7315,8.51,17.45,11.4491111111111
2025-07-28 06:00:00,10.95,0.744,8.5,17.4,11.91
2025-07-28 06:15:00,11.7,0.743333333333333,8.50333333333333,17.4,12.654
2025-07-28 06:30:00,13.75,0.701,8.54,17.6,13.8469444444444
2025-07-28 06:45:00,15.5,0.657,8.55,17.8,14.7925
2025-07-28 07:00:00,19.0333333333333,0.583,8.52666666666667,18.1666666666667,15.6213333333333
2025-07-28 07:15:00,21.25,0.5155,8.53,18.45,17.6605
2025-07-28 07:30:00,23.7666666666667,0.454,8.57333333333333,19.5333333333333,19.4327777777778
2025-07-28 07:45:00,23.7,0.425,8.56,19.8,20.6008333333333
2025-07-28 08:00:00,23.65,0.442,8.57,20.05,21.746
2025-07-28 08:15:00,24.1,0.432,8.56,20.45,22.8845
2025-07-28 08:30:00,24.8666666666667,0.417666666666667,8.59666666666667,21.7,23.808
2025-07-28 08:45:00,25.8333333333333,0.408666666666667,8.70333333333333,24.6,25.1436666666667
2025-07-28 09:00:00,25.7,0.42,8.78,27.9333333333333,26.1050555555556
2025-07-28 09:15:00,25.6333333333333,0.435333333333333,8.82,30.5,27.2886111111111
2025-07-28 09:30:00,26,0.4225,8.885,32.65,28.119
2025-07-28 09:45:00,25.7,0.424,8.93,34.7,28.8091666666667
2025-07-28 10:00:00,26.2666666666667,0.422,8.99333333333333,35.5333333333333,29.7366666666667
2025-07-28 10:15:00,27,0.4015,9.035,37,30.5366666666667
2025-07-28 10:30:00,27.375,0.3975,9.06,38.175,31.1858333333333
2025-07-28 10:45:00,27.75,0.3935,9.085,39.35,31.8663333333333
2025-07-28 11:00:00,28.55,0.351,9.145,40.6,30.9731666666667
2025-07-28 11:15:00,28.4333333333333,0.336333333333333,9.15333333333333,41.4,27.302
2025-07-28 11:30:00,28.6,0.298,9.18,41.95,27.4605
2025-07-28 11:45:00,29.3,0.2845,9.16,42.25,28.284
2025-07-28 12:00:00,29.75,0.2395,9.175,42.35,29.4635
2025-07-28 12:15:00,30.8,0.22,9.15,42,30.816
2025-07-28 12:30:00,31.6,0.217,8.92333333333333,37.8333333333333,31.06
2025-07-28 12:45:00,31.45,0.219,8.835,35.55,31.0208333333333
2025-07-28 13:00:00,32.1666666666667,0.213,8.73,33.6666666666667,31.5338888888889
2025-07-28 13:15:00,32.6,0.207333333333333,8.66666666666667,32.7666666666667,31.7444444444444
2025-07-28 13:30:00,32.6,0.22,8.64,32.2,32.0943333333333
2025-07-28 13:45:00,33.55,0.2125,8.645,32.2,32.5369444444444
2025-07-28 14:00:00,34,0.1915,8.655,33.5,32.8718333333333
2025-07-28 14:15:00,34.6,0.229,8.88,38.3,34.7566666666667
2025-07-28 14:30:00,34.5,0.235,8.95,40.7,33.9341666666667
2025-07-28 14:45:00,34.7333333333333,0.229333333333333,8.99,41.4666666666667,37.8781666666667
2025-07-28 15:00:00,35.15,0.217,8.98,42.15,39.8725
2025-07-28 15:15:00,34.9,0.215,8.98,42.4,39.0636111111111
2025-07-28 15:30:00,35.5333333333333,0.203833333333333,8.995,42.9333333333333,40.5057777777778
2025-07-28 15:45:00,36.1666666666667,0.192666666666667,9.01,43.4666666666667,45.8226666666667
2025-07-28 16:00:00,36.5,0.196,9.01666666666667,43.4333333333333,47.1208333333333
2025-07-28 16:15:00,37,0.168,9.005,43.5,44.9336666666667
2025-07-28 16:30:00,37.55,0.1985,8.98,44,41.8544444444444
2025-07-28 16:45:00,38.2,0.1985,8.96,44,43.3781111111111
2025-07-28 17:00:00,38.35,0.2,8.945,43.75,41.876
2025-07-28 17:15:00,38.05,0.1835,8.915,42.9,41.2636666666667
2025-07-28 17:30:00,37.3,0.202,8.755,40.15,40.1157777777778
2025-07-28 17:45:00,36.3,0.206666666666667,8.68,37.9,39.4447222222222
2025-07-28 18:00:00,35.7,0.217,8.595,36.55,38.362
2025-07-28 18:15:00,35.35,0.233,8.55,35.05,36.6354444444444
2025-07-28 18:30:00,34.95,0.243,8.51,34.35,33.7252777777778
2025-07-28 18:45:00,35.0333333333333,0.247,8.49666666666667,33.6,36.3896666666667
2025-07-28 19:00:00,35,0.264666666666667,8.43666666666667,33,33.1543888888889
2025-07-28 19:15:00,34.9,0.364,8.41,32.6,30.2353333333333
2025-07-28 19:30:00,34.9333333333333,0.399666666666667,8.42,32.1,28.8186111111111
2025-07-28 19:45:00,31.35,0.3305,8.365,31.05,27.4336666666667
2025-07-28 20:00:00,28,0.409,8.35,30,25.8191666666667
2025-07-28 20:15:00,26.65,0.433,8.295,29.3,23.3702222222222
2025-07-28 20:30:00,25.05,0.409,8.265,28.65,22.3280555555556
2025-07-28 20:45:00,24.3,0.392,8.205,27.8,22.3738888888889
2025-07-28 21:00:00,24.3,0.389,8.195,27.25,21.6888888888889
2025-07-28 21:15:00,23.55,0.3885,8.205,26.65,21.2638333333333
2025-07-28 21:30:00,23.6,0.378,8.19,26.2,21.5133333333333
2025-07-28 21:45:00,23.45,0.382,8.155,26,21.2219444444444
2025-07-28 22:00:00,23.0666666666667,0.386333333333333,8.14333333333333,25.6,21.104
2025-07-28 22:15:00,23.1333333333333,0.378333333333333,8.16,25.4,21.3175555555556
2025-07-28 22:30:00,22.65,0.392,8.14,25.1,20.88
2025-07-28 22:45:00,21.9,0.414666666666667,8.15333333333333,24.8,20.1704444444444
2025-07-28 23:00:00,21.2,0.4175,8.16,24.45,19.8385
2025-07-28 23:15:00,20.8,0.426,8.12,24.2,19.4916666666667
2025-07-28 23:30:00,20.25,0.437,8.11,23.85,19.1719444444444
2025-07-28 23:45:00,19.8,0.447,8.06,23.5,18.9596666666667
2025-07-29 00:00:00,19.6,0.443666666666667,8.05333333333333,23.3,18.5682222222222
2025-07-29 00:15:00,19.25,0.452,8.07,22.95,18.3366666666667
2025-07-29 00:30:00,18.9666666666667,0.462333333333333,8.04,22.8,18.0259444444444
2025-07-29 00:45:00,18.85,0.473,8.045,22.65,17.845
2025-07-29 01:00:00,18.5,0.5075,8.045,22.45,16.8923333333333
2025-07-29 01:15:00,17.2,0.575,8,22,15.6716666666667
2025-07-29 01:30:00,16.8,0.584,8.035,21.9,15.3794444444444
2025-07-29 01:45:00,16.0666666666667,0.637666666666667,8.01666666666667,21.6,14.6483333333333
2025-07-29 02:00:00,15.6,0.649,7.97,21.3,14.9673333333333
2025-07-29 02:15:00,15.7,0.612,8.04,21.2,15.582
2025-07-29 02:30:00,16.45,0.575,7.985,21.05,16.0902222222222
2025-07-29 02:45:00,16.8,0.563,7.98,20.9,16.135
2025-07-29 03:00:00,16.65,0.617,7.98,20.8,15.1541666666667
2025-07-29 03:15:00,16.05,0.583,7.95,20.55,15.1911111111111
2025-07-29 03:30:00,15.8333333333333,0.62,7.97333333333333,20.3666666666667,14.6355555555555
2025-07-29 03:45:00,15.3,0.633,7.96,20.1,14.5472222222222
2025-07-29 04:00:00,15.5,0.644,7.92,20,14.8666666666667
2025-07-29 04:15:00,15.3,0.6665,7.925,19.9,14.17
2025-07-29 04:30:00,14.9,0.6805,7.905,19.75,13.7883333333333
2025-07-29 04:45:00,14.2,0.687,7.94,19.45,12.955
2025-07-29 05:00:00,13.8,0.688333333333333,7.89333333333333,19.2333333333333,12.7797777777778
2025-07-29 05:15:00,13.3,0.685,7.86,19,12.5227777777778
2025-07-29 05:30:00,13.05,0.687,7.84,18.85,12.2816666666667
2025-07-29 05:45:00,12.85,0.689,7.865,18.75,12.2245
2025-07-29 06:00:00,12.8,0.688,7.88,18.7,12.2306666666667
2025-07-29 06:15:00,13.2,0.6965,7.915,18.65,12.2902777777778
2025-07-29 06:30:00,14.0333333333333,0.692333333333333,7.88,18.7,12.4506666666667
2025-07-29 06:45:00,14.6,0.6955,7.87,18.7,12.7041666666667
2025-07-29 07:00:00,15.85,0.703,7.88,18.85,13.6566666666667
2025-07-29 07:15:00,19.15,0.616,7.905,19.3,15.6462777777778
2025-07-29 07:30:00,21.6,0.561,7.945,20.2,17.5697222222222
2025-07-29 07:45:00,24.45,0.4905,7.935,20.65,19.2189444444444
2025-07-29 08:00:00,25.6666666666667,0.407333333333333,7.94666666666667,21,20.8836666666667
2025-07-29 08:15:00,26.3,0.386,8,22,22.261
2025-07-29 08:30:00,26.95,0.3755,8.025,23.05,23.0108333333333
2025-07-29 08:45:00,27.2333333333333,0.364,8.08,25,23.2375
2025-07-29 09:00:00,26.5,0.373,8.15666666666667,27.2666666666667,23.958
2025-07-29 09:15:00,26.6666666666667,0.373,8.23666666666667,30.3666666666667,24.9845
2025-07-29 09:30:00,26.9,0.3775,8.345,32.5,25.6695
2025-07-29 09:45:00,27.5,0.373,8.36,34.9,26.2215555555556
2025-07-29 10:00:00,27.6,0.379,8.4,36,26.3618333333333
2025-07-29 10:15:00,27.7,0.385666666666667,8.48,37.5,26.7429444444444
2025-07-29 10:30:00,28.3,0.382,8.56,38.7,27.1273333333333
2025-07-29 10:45:00,28.4,0.376,8.555,38.85,26.9835
2025-07-29 11:00:00,28.3333333333333,0.377666666666667,8.51333333333333,37.8333333333333,26.7328888888889
2025-07-29 11:15:00,27.9,0.408,8.43,36.5,26.8591666666667
2025-07-29 11:30:00,28.7666666666667,0.371,8.42666666666667,37.0333333333333,28.4241666666667
2025-07-29 11:45:00,30.5,0.347,8.56,39.6,29.712
2025-07-29 12:00:00,32,0.3185,8.605,40.7,31.3856666666667
2025-07-29 12:15:00,32.7,0.3285,8.54,40.3,31.8175
2025-07-29 12:30:00,32.65,0.3115,8.45,37.8,32.3805
2025-07-29 12:45:00,33.25,0.291,8.32,35.95,33.0047222222222
2025-07-29 13:00:00,33.9,0.2965,8.27,34.25,33.6708333333333
2025-07-29 13:15:00,34.5666666666667,0.251666666666667,8.23666666666667,33.7,33.998
2025-07-29 13:30:00,34.9,0.252333333333333,8.18666666666667,33.2666666666667,34.1044444444444
2025-07-29 13:45:00,35.4,0.246,8.23,33.2,35.0511666666667
2025-07-29 14:00:00,36.75,0.2125,8.195,34.5,35.7519444444444
2025-07-29 14:15:00,36.75,0.1995,8.37,38.3,38.1293333333333
2025-07-29 14:30:00,37.4,0.205,8.46,39.9,36.8472222222222
2025-07-29 14:45:00,37.4666666666667,0.207333333333333,8.55666666666667,42.9333333333333,40.7798333333333
2025-07-29 15:00:00,37.4666666666667,0.201333333333333,8.55,43.5,45.9528333333333
2025-07-29 15:15:00,37.8,0.188,8.57,43.9,47.005
2025-07-29 15:30:00,38.1333333333333,0.185666666666667,8.58,44.7333333333333,44.5591666666667
2025-07-29 15:45:00,37.6,0.190333333333333,8.59333333333333,45.2333333333333,47.1161111111111
2025-07-29 16:00:00,37.4,0.196,8.59,45.2,47.6744444444444
2025-07-29 16:15:00,37.75,0.1925,8.57,45.05,48.2266666666667
2025-07-29 16:30:00,38.8,0.214,8.58,45.2,47.4246666666667
2025-07-29 16:45:00,38.4,0.187,8.54,45.05,47.069
2025-07-29 17:00:00,38.3666666666667,0.202,8.51666666666667,44.6333333333333,47.3575
2025-07-29 17:15:00,38.1,0.200666666666667,8.45333333333333,43.3,47.1426666666667
2025-07-29 17:30:00,38.15,0.1975,8.385,41.5,46.7905555555556
2025-07-29 17:45:00,37.8,0.206666666666667,8.25333333333333,38.9,45.1011111111111
2025-07-29 18:00:00,38.6,0.2165,8.165,37.2,43.7991666666667
2025-07-29 18:15:00,39.1,0.2095,8.12,36.15,40.6441666666667
2025-07-29 18:30:00,38.7,0.204,8.04,35.2,35.5648888888889
2025-07-29 18:45:00,37.2666666666667,0.231666666666667,8.07,34.7,37.5206666666667
2025-07-29 19:00:00,37,0.264,8.03666666666667,34.0333333333333,34.375
2025-07-29 19:15:00,36.9333333333333,0.348666666666667,7.99666666666667,33.4333333333333,30.8535
2025-07-29 19:30:00,35.8,0.393333333333333,7.97333333333333,32.9,29.2455555555556
2025-07-29 19:45:00,32.7,0.419666666666667,7.94166666666667,31.825,27.5466666666667
2025-07-29 20:00:00,29.6,0.446,7.91,30.75,24.9241666666667
2025-07-29 20:15:00,26.3,0.444,7.84,29.5,23.3473333333333
2025-07-29 20:30:00,25.0333333333333,0.437,7.82,28.9,22.5122777777778
2025-07-29 20:45:00,23.8,0.427,7.8,28.2,21.9938333333333
2025-07-29 21:00:00,23.2666666666667,0.387333333333333,7.73,27.4,22.3775
2025-07-29 21:15:00,23.8,0.376,7.72,26.8,22.8215
2025-07-29 21:30:00,24.2,0.356,7.68,26.6,22.9975
2025-07-29 21:45:00,24.3,0.352,7.73,26.45,22.8833333333333
2025-07-29 22:00:00,23.9,0.368,7.68,26.1,22.35
2025-07-29 22:15:00,23.1,0.371,7.67,25.65,21.6341666666667
2025-07-29 22:30:00,22.7,0.386,7.67,25.3,21.6216666666667
2025-07-29 22:45:00,22.3,0.41,7.66,24.9,21.2427777777778
2025-07-29 23:00:00,22.1,0.408,7.62,24.7,21.3986111111111
2025-07-29 23:15:00,22.35,0.396,7.645,24.6,21.6333333333333
2025-07-29 23:30:00,22.6,0.387,7.62333333333333,24.5666666666667,22.0003333333333
2025-07-29 23:45:00,22.5666666666667,0.404666666666667,7.6,24.4666666666667,20.7675
2025-07-30 00:00:00,21.6333333333333,0.451333333333333,7.61333333333333,24.2,19.6143888888889
2025-07-30 00:15:00,20.6666666666667,0.471666666666667,7.57666666666667,23.9,19.1905
2025-07-30 00:30:00,20.3333333333333,0.475666666666667,7.62,23.6333333333333,19.7086111111111
2025-07-30 00:45:00,20.4,0.488666666666667,7.56333333333333,23.4666666666667,19.028
2025-07-30 01:00:00,19.8,0.52,7.54,23.2,18.1645
2025-07-30 01:15:00,19,0.554,7.52,22.9,17.8941666666667
2025-07-30 01:30:00,18.5,0.5725,7.54,22.7,16.706
2025-07-30 01:45:00,17.6,0.603,7.53,22.3,16.0408888888889
2025-07-30 02:00:00,16.9666666666667,0.626666666666667,7.53333333333333,22.0666666666667,16.2869444444444
2025-07-30 02:15:00,17.2,0.626,7.52666666666667,22,16.9611666666667
2025-07-30 02:30:00,17.3,0.653,7.53,21.9333333333333,16.3543333333333
2025-07-30 02:45:00,17.5,0.6055,7.485,21.8,17.3854444444444
2025-07-30 03:00:00,18.1,0.61,7.485,21.8,17.7894444444444
2025-07-30 03:15:00,18,0.652,7.525,21.7,16.6918333333333
2025-07-30 03:30:00,17.4,0.675666666666667,7.5,21.5,15.708
2025-07-30 03:45:00,16.5333333333333,0.685,7.49,21.3,15.2606666666667
2025-07-30 04:00:00,15.9,0.684,7.46,21,15.36
2025-07-30 04:15:00,16.05,0.676,7.485,20.85,15.7680555555555
2025-07-30 04:30:00,16,0.685,7.48,20.6,15.0482222222222
2025-07-30 04:45:00,15.5666666666667,0.688333333333333,7.47,20.5,14.12
2025-07-30 05:00:00,14.8333333333333,0.686666666666667,7.45666666666667,20.2333333333333,14.106
2025-07-30 05:15:00,14.9,0.691,7.42333333333333,20.0666666666667,14.307
2025-07-30 05:30:00,14.9666666666667,0.675666666666667,7.43,19.9333333333333,14.6728333333333
2025-07-30 05:45:00,15.2,0.687,7.39,19.8,14.228
2025-07-30 06:00:00,14.8666666666667,0.673333333333333,7.44666666666667,19.7333333333333,14.2203333333333
2025-07-30 06:15:00,15.1666666666667,0.69,7.40333333333333,19.7,14.2755
2025-07-30 06:30:00,16.2666666666667,0.658333333333333,7.42,19.7666666666667,14.9958333333333
2025-07-30 06:45:00,18.6,0.623666666666667,7.43666666666667,20,15.9413333333333
2025-07-30 07:00:00,20.6,0.6005,7.46,20.25,17.0563333333333
2025-07-30 07:15:00,22.85,0.526,7.465,20.6,19.2906666666667
2025-07-30 07:30:00,24.45,0.4515,7.51,21.7,21.3166666666667
2025-07-30 07:45:00,25.2666666666667,0.451,7.51666666666667,22.1333333333333,22.5593333333333
2025-07-30 08:00:00,25.4,0.45,7.51,22.4,23.1515555555556
2025-07-30 08:15:00,25.625,0.43275,7.525,23.075,23.8133333333333
2025-07-30 08:30:00,25.85,0.4155,7.54,23.75,24.2849444444444
2025-07-30 08:45:00,26.3666666666667,0.41,7.63666666666667,25.4666666666667,24.8516666666667
2025-07-30 09:00:00,27.1,0.363,7.74,28.3,25.2680555555556
2025-07-30 09:15:00,26.9666666666667,0.392,7.79333333333333,30.4666666666667,25.623
2025-07-30 09:30:00,27.5666666666667,0.389666666666667,7.86333333333333,32.7,26.1103333333333
2025-07-30 09:45:00,28.3,0.3715,7.95,34.95,26.6258333333333
2025-07-30 10:00:00,29.2,0.373,8.035,36.55,27.6355
2025-07-30 10:15:00,30.05,0.348,8.18,37.85,28.5688333333333
2025-07-30 10:30:00,30.8333333333333,0.343333333333333,8.6,36.8666666666667,29.0416666666667
2025-07-30 10:45:00,30.5,0.347,8.675,35.05,29.4288888888889
2025-07-30 11:00:00,30.85,0.347,8.645,33.95,31.4511111111111
2025-07-30 11:15:00,32.2,0.29,8.76,35.95,31.7586666666667
2025-07-30 11:30:00,31.4,0.319,8.8,35.4,30.6876666666667
2025-07-30 11:45:00,31.7,0.339,8.67,33.3,31.2146666666667
2025-07-30 12:00:00,31.6,0.3575,8.67,32.75,31.2481666666667
2025-07-30 12:15:00,31.6,0.312,8.68,32.2,32.5171111111111
2025-07-30 12:30:00,33.1,0.31,8.71,32.4,33.3122222222222
2025-07-30 12:45:00,34,0.289333333333333,8.69,32.3333333333333,33.7215
2025-07-30 13:00:00,33.4,0.331,8.73,32.05,33.034
2025-07-30 13:15:00,33.4,0.358,8.69,31.9,34.0375
2025-07-30 13:30:00,32.7,0.3845,8.7,31.85,32.6955555555556
2025-07-30 13:45:00,32.15,0.3995,8.72,31.8,32.1988333333333
2025-07-30 14:00:00,32.1,0.395,8.70666666666667,31.7666666666667,31.5193333333333
2025-07-30 14:15:00,32,0.397333333333333,8.70666666666667,31.4666666666667,30.5673333333333
2025-07-30 14:30:00,31.8333333333333,0.404,8.67333333333333,31.1333333333333,30.8186666666667
2025-07-30 14:45:00,31.6,0.384,8.69,31,33.7642222222222
2025-07-30 15:00:00,32.6666666666667,0.391,8.75333333333333,32.4666666666667,33.4131666666667
2025-07-30 15:15:00,32.65,0.3795,8.75,32.4,33.2174444444444
2025-07-30 15:30:00,32.2,0.376666666666667,8.76333333333333,32,32.4693333333333
2025-07-30 15:45:00,32.8,0.375,8.74,32,37.6247222222222
2025-07-30 16:00:00,34.7,0.321,8.85,34.2,38.1852777777778
2025-07-30 16:15:00,36.55,0.267,8.905,35.45,40.7105555555556
2025-07-30 16:30:00,36.9,0.283,8.94,35.8,39.536
2025-07-30 16:45:00,37.15,0.29,8.955,35.85,41.1286666666667
2025-07-30 17:00:00,37.7666666666667,0.273666666666667,8.93666666666667,35.9,39.4641666666667
2025-07-30 17:15:00,36.7,0.277,8.88,34.7,37.9753333333333
2025-07-30 17:30:00,36.2,0.295,8.87,33.7,38.198
2025-07-30 17:45:00,36.05,0.2865,8.85,33.1,38.6225
2025-07-30 18:00:00,35.9333333333333,0.289333333333333,8.84,32.3333333333333,38.3816666666667
2025-07-30 18:15:00,35.1,0.291666666666667,8.80666666666667,31.5666666666667,35.3130555555556
2025-07-30 18:30:00,33.9,0.32,8.78,30.9,32.5580555555556
2025-07-30 18:45:00,32.8,0.329666666666667,8.76333333333333,30.3333333333333,31.7388888888889
2025-07-30 19:00:00,32.35,0.322,8.74,29.9,30.5373333333333
2025-07-30 19:15:00,31.55,0.3405,8.71,29.35,29.3605555555556
2025-07-30 19:30:00,31.2,0.355,8.725,28.95,28.6933333333333
2025-07-30 19:45:00,30.65,0.3505,8.715,28.4,27.6688888888889
2025-07-30 20:00:00,29.6,0.357,8.68,28,26.6230555555556
2025-07-30 20:15:00,27.9,0.362,8.62333333333333,27.3333333333333,25.6353333333333
2025-07-30 20:30:00,26.9,0.356333333333333,8.62,26.8333333333333,25.1991666666667
2025-07-30 20:45:00,26.4,0.352,8.625,26.4,24.9958333333333
2025-07-30 21:00:00,25.8333333333333,0.348666666666667,8.60333333333333,25.7333333333333,24.4866666666667
2025-07-30 21:15:00,25.2,0.364,8.555,25.3,23.9148333333333
2025-07-30 21:30:00,24.9,0.367,8.58,24.9,23.802
2025-07-30 21:45:00,24.75,0.366,8.58,24.65,23.4173333333333
2025-07-30 22:00:00,24.25,0.4025,8.54,24.35,21.7822222222222
2025-07-30 22:15:00,22.8333333333333,0.477,8.52666666666667,23.8666666666667,20.03
2025-07-30 22:30:00,21.4,0.5125,8.525,23.45,18.9422222222222
2025-07-30 22:45:00,20.0666666666667,0.553666666666667,8.52,23.1333333333333,18.321
2025-07-30 23:00:00,19.5666666666667,0.54,8.49666666666667,22.9333333333333,19.39
2025-07-30 23:15:00,20.2,0.562,8.53,22.75,19.2206111111111
2025-07-30 23:30:00,20,0.5595,8.555,22.65,19.0138333333333
2025-07-30 23:45:00,19.8666666666667,0.569666666666667,8.49666666666667,22.4,18.2623333333333
2025-07-31 00:00:00,19.25,0.5645,8.535,22.15,18.51
2025-07-31 00:15:00,22.0333333333333,0.505,8.52333333333333,21.9666666666667,21.1726666666667
2025-07-31 00:30:00,21.85,0.5295,8.535,21.9,19.7219444444445
2025-07-31 00:45:00,21.2,0.5685,8.55,21.9,19.3930555555555
2025-07-31 01:00:00,20.5333333333333,0.571666666666667,8.53666666666667,21.8,19.3646666666667
2025-07-31 01:15:00,20.4,0.5635,8.55,21.7,19.6127222222222
2025-07-31 01:30:00,20.3,0.551,8.49,21.6,19.1880555555556
2025-07-31 01:45:00,20.5,0.552,8.57,21.4,19.4615
2025-07-31 02:00:00,20.0333333333333,0.582,8.53666666666667,21.2333333333333,18.0113333333333
2025-07-31 02:15:00,18.5,0.631,8.545,20.9,17.0023333333333
2025-07-31 02:30:00,18,0.657,8.5,20.8,16.3518333333333
2025-07-31 02:45:00,17.2,0.666,8.56,20.5,15.9058333333333
2025-07-31 03:00:00,16.45,0.679,8.55,20.25,15.4191666666667
2025-07-31 03:15:00,16.3,0.67,8.54,20.1,15.5675
2025-07-31 03:30:00,16.9,0.6725,8.635,20.15,16.352
2025-07-31 03:45:00,17,0.67025,8.6925,20.125,16.47
2025-07-31 04:00:00,17.1,0.668,8.75,20.1,15.9458333333333
2025-07-31 04:15:00,17.95,0.6425,9.545,19.9,16.6268333333333
2025-07-31 04:30:00,19.65,0.6175,12.86,19.7,17.9097777777778
2025-07-31 04:45:00,20.0333333333333,0.605,13.8733333333333,19.6,18.4206666666667
2025-07-31 05:00:00,20.1333333333333,0.575666666666667,14.3233333333333,19.6,18.8725
2025-07-31 05:15:00,20.25,0.5425,14.49,19.6,19.06
2025-07-31 05:30:00,20.05,0.5445,14.67,19.6,18.905
2025-07-31 05:45:00,19.8,0.548,14.76,19.6,18.5606666666667
2025-07-31 06:00:00,19.45,0.5525,14.79,19.5,18.6891111111111
2025-07-31 06:15:00,19.7333333333333,0.548666666666667,14.88,19.5333333333333,19.3158333333333
2025-07-31 06:30:00,20.5,0.537,14.92,19.7,20.3455
2025-07-31 06:45:00,20.85,0.556,14.995,19.9,19.875
2025-07-31 07:00:00,20.4,0.586,15.035,20.05,19.4575
2025-07-31 07:15:00,20,0.638666666666667,15.1066666666667,20.0666666666667,18.8675
2025-07-31 07:30:00,19.5,0.67,15.17,20.2,17.9911111111111
2025-07-31 07:45:00,18.8,0.697,15.28,20.3,18.5923333333333
2025-07-31 08:00:00,20.5333333333333,0.658333333333333,15.42,21.1666666666667,19.8233333333333
2025-07-31 08:15:00,20.8,0.576,15.52,21.3,20.0307777777778
2025-07-31 08:30:00,21.25,0.5295,15.605,21,21.1025
2025-07-31 08:45:00,21.8,0.522,15.67,21.3,21.6982222222222
2025-07-31 09:00:00,21.8666666666667,0.516,15.7966666666667,21.4,20.9421111111111
2025-07-31 09:15:00,20.7,0.5815,15.86,20.95,20.1003333333333
2025-07-31 09:30:00,21.0333333333333,0.539666666666667,15.9133333333333,20.8,20.856
2025-07-31 09:45:00,22,0.4815,16.045,20.8,21.2868333333333
2025-07-31 10:00:00,22.15,0.4855,16.11,20.8,21.8108333333333
2025-07-31 10:15:00,22.3666666666667,0.499666666666667,16.2733333333333,21.1666666666667,21.97
2025-07-31 10:30:00,22.35,0.5365,16.38,21.55,22.0331111111111
2025-07-31 10:45:00,22.7333333333333,0.558,16.5,21.9333333333333,22.9858333333333
2025-07-31 11:00:00,24.9,0.4815,16.795,23.8,25.2908333333333
2025-07-31 11:15:00,26.2666666666667,0.503333333333333,16.81,25.2666666666667,26.0682222222222
2025-07-31 11:30:00,26.7,0.484333333333333,16.7966666666667,25.0333333333333,26.3072222222222
2025-07-31 11:45:00,27.2,0.4885,16.975,25.4,27.2823333333333
2025-07-31 12:00:00,28.3,0.463,16.9933333333333,26.8,28.4391666666667
2025-07-31 12:15:00,28.7,0.4495,16.955,26.75,28.9296666666667
2025-07-31 12:30:00,28.7,0.441333333333333,16.92,26.2333333333333,28.5236666666667
2025-07-31 12:45:00,28.9333333333333,0.456666666666667,16.9433333333333,25.7666666666667,29.0677777777778
2025-07-31 13:00:00,30.25,0.4225,17.015,25.8,30.9208333333333
2025-07-31 13:15:00,31.5666666666667,0.377,17.02,25.9,31.6713888888889
2025-07-31 13:30:00,32.25,0.375,17.045,25.85,32.4665
2025-07-31 13:45:00,32.3,0.3715,17.07,25.85,33.2630555555556
2025-07-31 14:00:00,33,0.345,17.19,27.3,32.9133333333333
2025-07-31 14:15:00,33.75,0.357,17.24,28.6,34.192
2025-07-31 14:30:00,34.8,0.353,17.26,30.2,35.2375
2025-07-31 14:45:00,34.6,0.315,17.25,30.9,38.4836111111111
2025-07-31 15:00:00,34.65,0.3395,17.245,31.2,41.2606666666667
2025-07-31 15:15:00,34.7,0.3195,17.205,31.25,40.2877777777778
2025-07-31 15:30:00,34.7,0.344,17.15,31.5,40.4682777777778
2025-07-31 15:45:00,34.3,0.336,17.18,31.4333333333333,39.3933333333333
2025-07-31 16:00:00,34.55,0.35,17.185,31.55,40.47
2025-07-31 16:15:00,34.3333333333333,0.333666666666667,17.1466666666667,31.6,39.3011666666667
2025-07-31 16:30:00,34.3,0.322,17.095,31.55,39.3391666666667
2025-07-31 16:45:00,34.35,0.3325,17.05,31.35,39.4406666666667
2025-07-31 17:00:00,34.5,0.307,16.995,31.2,39.7304444444444
2025-07-31 17:15:00,34.5666666666667,0.297666666666667,16.8866666666667,30.5333333333333,38.9096666666667
2025-07-31 17:30:00,34.4666666666667,0.300333333333333,16.79,29.1333333333333,38.686
2025-07-31 17:45:00,34.3,0.307,16.73,28.15,38.5283333333333
2025-07-31 18:00:00,34.25,0.289,16.705,27.55,37.2641666666667
2025-07-31 18:15:00,33.75,0.315,16.725,26.95,34.7447222222222
2025-07-31 18:30:00,33.55,0.3175,16.695,26.65,32.8237777777778
2025-07-31 18:45:00,33.5,0.331666666666667,16.6666666666667,26.4333333333333,33.0341666666667
2025-07-31 19:00:00,33.2,0.33,16.65,26.3,30.9908333333333
2025-07-31 19:15:00,32.95,0.354,16.68,26.4,29.4666666666667
2025-07-31 19:30:00,32.1,0.365,16.67,26.2,28.3822222222222
2025-07-31 19:45:00,30.9666666666667,0.447666666666667,16.5933333333333,25.9666666666667,27.5401666666667
2025-07-31 20:00:00,29.1,0.519333333333333,16.5766666666667,25.6,25.5173333333333
2025-07-31 20:15:00,27.3333333333333,0.490666666666667,16.5333333333333,25.3333333333333,24.5437777777778
2025-07-31 20:30:00,26.2,0.5235,16.525,24.85,23.6882222222222
2025-07-31 20:45:00,25.5333333333333,0.523666666666667,16.4766666666667,24.4333333333333,23.7558333333333
2025-07-31 21:00:00,26.1,0.504,16.48,23.9,24.042
2025-07-31 21:15:00,26.1,0.501,16.455,23.65,24.055
2025-07-31 21:30:00,25.9,0.5,16.4,23.4,24.1288333333333
2025-07-31 21:45:00,26,0.500666666666667,16.4166666666667,23.2333333333333,24.17
2025-07-31 22:00:00,25.8666666666667,0.504333333333333,16.42,23.0666666666667,24.0675
2025-07-31 22:15:00,25.45,0.511,16.45,22.9,23.6211666666667
2025-07-31 22:30:00,25,0.5205,16.415,22.75,23.0797777777778
2025-07-31 22:45:00,24.6,0.5335,16.4,22.7,22.504
2025-07-31 23:00:00,23.95,0.52275,16.395,22.5,21.8104444444444
2025-07-31 23:15:00,23.3,0.512,16.39,22.3,21.5909444444444
2025-07-31 23:30:00,23.05,0.5625,16.345,22.05,21.4066666666667
2025-07-31 23:45:00,22.675,0.57575,16.3225,21.95,20.6896666666667
2025-08-01 00:00:00,22.3,0.589,16.3,21.85,20.365
2025-08-01 00:15:00,21.8,0.612666666666667,16.3466666666667,21.7333333333333,19.8178333333333
2025-08-01 00:30:00,21.2,0.638,16.325,21.6,19.4916666666667
2025-08-01 00:45:00,21.2,0.648,16.3,21.6,19.5635
2025-08-01 01:00:00,20.8333333333333,0.646333333333333,16.2866666666667,21.5,19.4194444444444
2025-08-01 01:15:00,21,0.635,16.3,21.1,19.4166666666667
2025-08-01 01:30:00,20.8,0.6465,16.25,21.1,19.0947222222222
2025-08-01 01:45:00,20.4,0.668,16.255,21.05,18.9686666666667
2025-08-01 02:00:00,20.1,0.675,16.31,21.3,18.9718333333333
2025-08-01 02:15:00,20.55,0.6535,16.295,21.15,19.2026666666667
2025-08-01 02:30:00,20.7,0.659,16.23,20.9,19.4475
2025-08-01 02:45:00,20.4,0.674,16.255,20.8,19.0958333333333
2025-08-01 03:00:00,19.9,0.6815,16.23,20.7,18.5108333333333
2025-08-01 03:15:00,19.5666666666667,0.683,16.2466666666667,20.5,18.1651666666667
2025-08-01 03:30:00,19.4,0.682,16.22,20.4,17.9205
2025-08-01 03:45:00,18.9,0.682,16.215,20.3,17.7375
2025-08-01 04:00:00,18.4,0.687,16.17,20,17.5348333333333
2025-08-01 04:15:00,18.25,0.686,16.16,19.95,17.2977777777778
2025-08-01 04:30:00,18,0.687,16.18,19.8,16.75
2025-08-01 04:45:00,17.5,0.692,16.155,19.75,16.6991666666667
2025-08-01 05:00:00,17.6666666666667,0.678666666666667,16.1766666666667,19.7,17.1483333333333
2025-08-01 05:15:00,17.75,0.68,16.145,19.7,16.6353333333333
2025-08-01 05:30:00,16.9,0.69,16.15,19.5,15.5986111111111
2025-08-01 05:45:00,16.3666666666667,0.707333333333333,16.1533333333333,19.4,14.9336666666667
2025-08-01 06:00:00,15.8,0.742,16.17,19.35,14.7413333333333
2025-08-01 06:15:00,15.45,0.767,16.145,19.4,14.8956666666667
2025-08-01 06:30:00,15.6333333333333,0.786666666666667,16.2066666666667,19.5666666666667,15.5611666666667
2025-08-01 06:45:00,16.3,0.8,16.22,19.85,16.5808333333333
2025-08-01 07:00:00,17.3333333333333,0.776,16.2333333333333,20.2,17.7066666666667
2025-08-01 07:15:00,18.55,0.6805,16.24,20.4,18.464
2025-08-01 07:30:00,19.5,0.650333333333333,16.27,20.6,19.3566666666667
2025-08-01 07:45:00,20.3,0.6315,16.245,20.95,19.9657777777778
2025-08-01 08:00:00,20.8,0.598,16.305,21.15,20.6213333333333
2025-08-01 08:15:00,21.7,0.545,16.27,21.5,21.3978888888889
2025-08-01 08:30:00,22.2,0.534,16.31,21.7,21.9951666666667
2025-08-01 08:45:00,22.75,0.5015,16.295,22,22.5846666666667
2025-08-01 09:00:00,23.0666666666667,0.489333333333333,16.2733333333333,22.2,23.112
2025-08-01 09:15:00,23.0666666666667,0.497,16.2333333333333,22.1666666666667,23.261
2025-08-01 09:30:00,22.9,0.493,16.17,22.1,23.0006666666667
2025-08-01 09:45:00,23,0.515,16.77,22.1,22.9313333333333
2025-08-01 10:00:00,23.1,0.523,16.89,22.1,23.2473333333333
2025-08-01 10:15:00,23.9,0.448,16.92,22.5,23.7421666666667
2025-08-01 10:30:00,24.15,0.477,16.88,22.65,24.275
2025-08-01 10:45:00,24.6,0.464,16.8433333333333,23.1,24.9591666666667
2025-08-01 11:00:00,24.85,0.456,16.795,23.35,25.5140555555556
2025-08-01 11:15:00,25.4,0.4965,16.735,23.7,26.4311666666667
2025-08-01 11:30:00,26.0333333333333,0.532,16.68,24.2666666666667,26.6908333333333
2025-08-01 11:45:00,25.5,0.537,16.55,24.1,25.6006666666667
2025-08-01 12:00:00,24.7,0.5555,16.52,23.55,25.4453333333333
2025-08-01 12:15:00,24.3,0.565,16.47,23.4,24.9491666666667
2025-08-01 12:30:00,24.0666666666667,0.565333333333333,16.4033333333333,23.4666666666667,24.2794444444444
2025-08-01 12:45:00,23.6333333333333,0.572,16.3466666666667,23.2333333333333,23.6583333333333
2025-08-01 13:00:00,23.35,0.565,16.3,23.05,23.2091666666667
2025-08-01 13:15:00,23.15,0.576,16.27,23,22.859
2025-08-01 13:30:00,22.9,0.580666666666667,16.2366666666667,22.9,22.6261111111111
2025-08-01 13:45:00,22.7,0.56,16.24,22.7,22.5305
2025-08-01 14:00:00,22.8,0.5455,16.19,22.6,22.8177777777778
2025-08-01 14:15:00,23,0.552,16.2133333333333,22.6333333333333,22.9265
2025-08-01 14:30:00,23.05,0.5645,16.175,22.6,23.1951666666667
2025-08-01 14:45:00,23.2,0.584333333333333,16.1666666666667,22.7,23.7126666666667
2025-08-01 15:00:00,23.45,0.5415,16.155,22.7,24.6153333333333
2025-08-01 15:15:00,24.15,0.562,16.14,23.05,25.8146666666667
2025-08-01 15:30:00,24.8,0.5455,16.165,23.55,26.292
2025-08-01 15:45:00,25.6666666666667,0.516,16.1533333333333,24.1666666666667,29.218
2025-08-01 16:00:00,26.8,0.476,16.18,24.95,35.1444444444444
2025-08-01 16:15:00,27.7,0.4745,16.15,26,35.1975
2025-08-01 16:30:00,28.3333333333333,0.476333333333333,16.0866666666667,26.3666666666667,36.7804444444444
2025-08-01 16:45:00,28.95,0.4585,16.055,26.9,39.0844444444444
2025-08-01 17:00:00,29.2,0.4375,15.995,27.25,36.8341666666667
2025-08-01 17:15:00,27.3,0.487,15.78,26.1,32.2065
2025-08-01 17:30:00,27.1,0.489,15.74,25.8,30.5056666666667
2025-08-01 17:45:00,27.4,0.472,15.745,25.3,36.2631666666667
2025-08-01 18:00:00,28.6333333333333,0.440666666666667,15.7066666666667,24.8666666666667,38.185
2025-08-01 18:15:00,28.95,0.446,15.69,24.55,35.2836666666667
2025-08-01 18:30:00,29.2,0.426,15.68,24.4,30.975
2025-08-01 18:45:00,29.35,0.441,15.665,24.3,31.1341666666667
2025-08-01 19:00:00,28.85,0.452,15.635,24.05,29.262
2025-08-01 19:15:00,27.8,0.491,15.59,23.9,25.4025
2025-08-01 19:30:00,26,0.572,15.56,23.7,23.0553333333333
2025-08-01 19:45:00,25.1833333333333,0.603,15.5366666666667,23.45,23.1981666666667
2025-08-01 20:00:00,24.3666666666667,0.634,15.5133333333333,23.2,21.5991666666667
2025-08-01 20:15:00,22.65,0.631,15.445,22.75,20.2478333333333
2025-08-01 20:30:00,21.5666666666667,0.610666666666667,15.4333333333333,22.4,19.8782222222222
2025-08-01 20:45:00,21.4,0.571666666666667,15.38,21.8,19.935
2025-08-01 21:00:00,21.35,0.563,15.345,21.45,19.9156666666667
2025-08-01 21:15:00,21.2,0.557,15.32,21.2,19.6569444444444
2025-08-01 21:30:00,20.6,0.586,15.33,21.05,18.7046666666667
2025-08-01 21:45:00,20.1,0.5705,15.27,20.9,18.5958333333333
2025-08-01 22:00:00,19,0.64,15.26,20.6,17.4766666666667
2025-08-01 22:15:00,19.1,0.636,15.21,20.5,17.752
2025-08-01 22:30:00,20.5,0.634,15.23,20.2,18.4736111111111
2025-08-01 22:45:00,21.2,0.653,15.25,20.2,19.1165555555556
2025-08-01 23:00:00,21.55,0.649,15.25,20.25,19.4583333333333
2025-08-01 23:15:00,21.2666666666667,0.64,15.24,20.2333333333333,18.8266666666667
2025-08-01 23:30:00,20.4,0.656,15.2066666666667,20.1,17.7916666666667
2025-08-01 23:45:00,19.45,0.6635,15.205,19.95,17.5933333333333
2025-08-02 00:00:00,18.65,0.6675,15.18,19.75,17.9558333333333
2025-08-02 00:15:00,18.65,0.6725,15.185,19.65,17.8614444444444
2025-08-02 00:30:00,17.8,0.692,15.12,19.4,16.5161666666667
2025-08-02 00:45:00,17.3,0.691,15.1333333333333,19.2666666666667,15.7703333333333
2025-08-02 01:00:00,16.9,0.6925,15.11,19.1,15.4703333333333
2025-08-02 01:15:00,16.4,0.697666666666667,15.0933333333333,19,15.228
2025-08-02 01:30:00,15.9,0.726,15.12,18.9,15.11
2025-08-02 01:45:00,15.75,0.7375,15.105,18.9,15.7716666666667
2025-08-02 02:00:00,16,0.724,15.11,18.8,16.6377777777778
2025-08-02 02:15:00,17.95,0.633,15.09,18.7,15.9305
2025-08-02 02:30:00,16.9,0.683,15.05,18.6,14.8325
2025-08-02 02:45:00,15.95,0.713,15.08,18.45,14.0418333333333
2025-08-02 03:00:00,14.7,0.746,15.02,18.3,13.5721666666667
2025-08-02 03:15:00,14.3,0.784,15.02,18.2,13.5175
2025-08-02 03:30:00,14.05,0.7985,15.05,18.1,13.5391111111111
2025-08-02 03:45:00,14,0.817,15.01,18,13.7683333333333
2025-08-02 04:00:00,13.9666666666667,0.813333333333333,15.0333333333333,17.9666666666667,13.31
2025-08-02 04:15:00,13.7,0.806,14.97,17.8,12.9845
2025-08-02 04:30:00,13.5,0.814,14.99,17.7,12.8763888888889
2025-08-02 04:45:00,13.2,0.829,14.96,17.6,12.7021666666667
2025-08-02 05:00:00,13.1,0.830666666666667,15.0133333333333,17.5,12.3375555555556
2025-08-02 05:15:00,12.8,0.829,14.95,17.3,12.214
2025-08-02 05:30:00,12.6,0.83,15.02,17.2,11.9568333333333
2025-08-02 05:45:00,12.4,0.835,14.95,17.2,11.9071111111111
2025-08-02 06:00:00,12.4,0.844,15,17.1,11.8888333333333
2025-08-02 06:15:00,12.4,0.849,14.99,17.1,12.2148888888889
2025-08-02 06:30:00,13,0.861,14.96,17.1,12.9472777777778
2025-08-02 06:45:00,15.0333333333333,0.870666666666667,14.96,17.2333333333333,13.6924444444444
2025-08-02 07:00:00,17.05,0.8265,14.945,17.45,15.0343333333333
2025-08-02 07:15:00,19.9333333333333,0.651,15.0133333333333,17.7333333333333,16.6105
2025-08-02 07:30:00,22.3,0.5455,15.13,18.3,17.6523888888889
2025-08-02 07:45:00,24.1,0.556,15.0733333333333,18.6666666666667,18.6661666666667
2025-08-02 08:00:00,25.25,0.498,15.035,18.9,19.6698333333333
2025-08-02 08:15:00,25.05,0.492,15.065,19,20.4246666666667
2025-08-02 08:30:00,25.3,0.517,15.03,19.2,21.3288333333333
2025-08-02 08:45:00,25.15,0.5085,15.1,19.8,22.1756666666667
2025-08-02 09:00:00,24.5,0.5285,15.13,20.2,22.4801666666667
2025-08-02 09:15:00,25,0.538,15.24,22.3,22.9787222222222
2025-08-02 09:30:00,25.3,0.507,15.215,23.2,23.5677777777778
2025-08-02 09:45:00,26.2,0.512,15.19,24.1,24.2628888888889
2025-08-02 10:00:00,26.5,0.487,15.1766666666667,25.6,24.7215
2025-08-02 10:15:00,26.8666666666667,0.481333333333333,15.19,26.7,25.5370555555556
2025-08-02 10:30:00,27.75,0.4525,15.205,27.7,26.165
2025-08-02 10:45:00,27.6333333333333,0.456666666666667,15.2,28.6333333333333,26.5193333333333
2025-08-02 11:00:00,28.3,0.424,15.18,29.5,27.7291666666667
2025-08-02 11:15:00,29,0.4275,15.175,30.5,28.3702777777778
2025-08-02 11:30:00,29.3,0.416333333333333,15.1366666666667,31.1666666666667,28.4666666666667
2025-08-02 11:45:00,29.2,0.394,15.11,31.4666666666667,28.6641666666667
2025-08-02 12:00:00,29.5,0.373333333333333,15.0266666666667,31,29.0453333333333
2025-08-02 12:15:00,29.7,0.3785,14.965,30.35,29.5383333333333
2025-08-02 12:30:00,30,0.38,14.74,28.5,29.9025
2025-08-02 12:45:00,30.4333333333333,0.351666666666667,14.6633333333333,27.4333333333333,30.2178333333333
2025-08-02 13:00:00,30.7,0.339,14.66,27.1,30.515
2025-08-02 13:15:00,30.8666666666667,0.345333333333333,14.59,26.6,30.8095
2025-08-02 13:30:00,31.05,0.3355,14.54,26.35,31.3297222222222
2025-08-02 13:45:00,31.6,0.312,14.6,26.5,31.5183333333333
2025-08-02 14:00:00,31.7,0.303,14.59,28.2,31.3641666666667
2025-08-02 14:15:00,32.3666666666667,0.319,14.6033333333333,30.1,31.8857777777778
2025-08-02 14:30:00,32.85,0.3315,14.575,31.65,33.8641666666667
2025-08-02 14:45:00,32.9,0.306333333333333,14.5733333333333,32.2,36.9013333333333
2025-08-02 15:00:00,32.9,0.333,14.565,32.65,38.0475
2025-08-02 15:15:00,33.2,0.3325,14.475,32.85,39.8617777777778
2025-08-02 15:30:00,33.4,0.293,14.41,33.05,38.6525
2025-08-02 15:45:00,33.3,0.2795,14.4,33.05,38.1219444444444
2025-08-02 16:00:00,33.5,0.316,14.32,33.1,40.4976666666667
2025-08-02 16:15:00,34.2,0.324,14.23,33.2,42.6041666666667
2025-08-02 16:30:00,34.2666666666667,0.333333333333333,14.2466666666667,33.2,39.9922222222222
2025-08-02 16:45:00,33.95,0.3275,14.16,33.1,41.8994444444444
2025-08-02 17:00:00,34.5,0.250333333333333,14.1133333333333,33,41.3083333333333
2025-08-02 17:15:00,34.1,0.2545,14.03,32.7,38.1221666666667
2025-08-02 17:30:00,33.9666666666667,0.257,13.9133333333333,31.6,39.4883333333333
2025-08-02 17:45:00,34.0333333333333,0.279333333333333,13.86,30.2,37.2153333333333
2025-08-02 18:00:00,33.45,0.3225,13.795,29.3,37.8891111111111
2025-08-02 18:15:00,33.45,0.3195,13.76,28.6,33.3656666666667
2025-08-02 18:30:00,32.825,0.3305,13.725,28.05,31.0633333333333
2025-08-02 18:45:00,32.2,0.3415,13.69,27.5,30.9994444444444
2025-08-02 19:00:00,32,0.364,13.64,27.3,29.775
2025-08-02 19:15:00,31.7333333333333,0.349666666666667,13.6233333333333,27.2,27.7035555555556
2025-08-02 19:30:00,31,0.4035,13.59,26.8,26.1803333333333
2025-08-02 19:45:00,29.75,0.4485,13.495,26.1,24.2395
2025-08-02 20:00:00,27.6,0.482666666666667,13.46,25.5333333333333,21.5936666666667
2025-08-02 20:15:00,24.8,0.5195,13.46,24.95,19.9
2025-08-02 20:30:00,22.3,0.5325,13.37,24.3,18.6721666666667
2025-08-02 20:45:00,20.3666666666667,0.551333333333333,13.38,23.6333333333333,18.2825
2025-08-02 21:00:00,19.7,0.496,13.36,23.15,18.865
2025-08-02 21:15:00,19.7333333333333,0.495333333333333,13.3433333333333,22.8,18.1643333333333
2025-08-02 21:30:00,19.7,0.4735,13.275,22.45,18.7408888888889
2025-08-02 21:45:00,19.8,0.433,13.31,22.2,19.768
2025-08-02 22:00:00,21.9,0.38,13.26,21.7,20.064
2025-08-02 22:15:00,21.65,0.4115,13.26,21.55,19.1885555555556
2025-08-02 22:30:00,21.15,0.386,13.22,21.35,19.3156666666667
2025-08-02 22:45:00,20.8,0.4175,13.2,21.15,18.7124444444444
2025-08-02 23:00:00,20.0666666666667,0.480666666666667,13.1566666666667,20.7666666666667,17.6833333333333
2025-08-02 23:15:00,18.95,0.516,13.145,20.5,16.7771111111111
2025-08-02 23:30:00,18.1333333333333,0.576,13.1166666666667,20.3333333333333,15.5456666666667
2025-08-02 23:45:00,16.9,0.614,13.115,20.15,14.766
2025-08-03 00:00:00,16.8333333333333,0.634333333333333,13.0966666666667,19.9333333333333,15.2983333333333
2025-08-03 00:15:00,17.6666666666667,0.617,13.07,19.7333333333333,15.2706666666667
2025-08-03 00:30:00,17.7,0.602,13.055,19.45,15.2343333333333
2025-08-03 00:45:00,17.3,0.642,13.06,19.3,15.155
2025-08-03 01:00:00,16.8,0.625,13.05,19.2,15.824
2025-08-03 01:15:00,17.55,0.582,12.98,19,16.2026666666667
2025-08-03 01:30:00,17.6,0.596,12.995,18.95,14.9488333333333
2025-08-03 01:45:00,16.8,0.613,12.98,18.8,14.5694444444444
2025-08-03 02:00:00,16.1,0.6405,12.96,18.65,13.9276666666667
2025-08-03 02:15:00,15.4,0.668,12.94,18.5,13.4502222222222
2025-08-03 02:30:00,16.3,0.655,12.89,18.2,14.0643333333333
2025-08-03 02:45:00,16.15,0.6655,12.87,18.1,14.0443333333333
2025-08-03 03:00:00,15.5,0.685,12.92,18,13.8338333333333
2025-08-03 03:15:00,14.85,0.694,12.87,17.9,13.2143333333333
2025-08-03 03:30:00,14.4,0.694,12.88,17.8,12.5991666666667
2025-08-03 03:45:00,13.65,0.694,12.81,17.65,11.7846666666667
2025-08-03 04:00:00,12.75,0.7025,12.86,17.5,11.845
2025-08-03 04:15:00,12.3666666666667,0.720666666666667,12.8066666666667,17.3666666666667,11.6811111111111
2025-08-03 04:30:00,12.1,0.737333333333333,12.8066666666667,17.2,11.3258333333333
2025-08-03 04:45:00,11.8333333333333,0.746,12.7866666666667,17.0333333333333,11.1845
2025-08-03 05:00:00,11.55,0.7645,12.775,16.9,10.8208333333333
2025-08-03 05:15:00,11.325,0.78125,12.75,16.8,10.568
2025-08-03 05:30:00,11.1,0.798,12.725,16.7,10.5432777777778
2025-08-03 05:45:00,11.0333333333333,0.806666666666667,12.7666666666667,16.5666666666667,10.3556666666667
2025-08-03 06:00:00,10.9,0.816,12.73,16.5,10.8322222222222
2025-08-03 06:15:00,11.2,0.828333333333333,12.7266666666667,16.5,11.2
2025-08-03 06:30:00,12.1,0.842,12.765,16.55,11.5278888888889
2025-08-03 06:45:00,13.6333333333333,0.832,12.7133333333333,16.7,12.4857222222222
2025-08-03 07:00:00,14.8,0.798,12.73,16.8,13.7917777777778
2025-08-03 07:15:00,18.1,0.648333333333333,12.7866666666667,17.2,15.3076666666667
2025-08-03 07:30:00,20.4,0.521,12.825,17.7,16.57
2025-08-03 07:45:00,21.6,0.5005,12.795,17.95,17.6269444444444
2025-08-03 08:00:00,21.55,0.456,12.795,18.2,17.6233888888889
2025-08-03 08:15:00,20.9,0.4815,12.79,18.5,18.5519444444444
2025-08-03 08:30:00,21.3,0.469,12.83,18.8,19.4691111111111
2025-08-03 08:45:00,21.35,0.4675,12.84,19.55,19.9794444444444
2025-08-03 09:00:00,21.45,0.4955,12.83,19.95,20.5226111111111
2025-08-03 09:15:00,21.5,0.506,12.86,20.3,20.9763333333333
2025-08-03 09:30:00,21.35,0.487,12.795,20.75,21.1605
2025-08-03 09:45:00,21.7666666666667,0.464,12.8166666666667,21.2333333333333,22.3399444444444
2025-08-03 10:00:00,22.35,0.473,12.84,22,23.124
2025-08-03 10:15:00,23.0666666666667,0.477,12.8233333333333,22.6333333333333,23.4069444444444
2025-08-03 10:30:00,23.3666666666667,0.525,12.7866666666667,22.9666666666667,23.7795555555556
2025-08-03 10:45:00,23.7,0.511666666666667,12.8233333333333,23.5666666666667,23.8188888888889
2025-08-03 11:00:00,24.2,0.48,12.87,24.4666666666667,24.3766666666667
2025-08-03 11:15:00,24.75,0.4945,12.89,25.25,23.9642777777778
2025-08-03 11:30:00,24.6,0.413,12.81,25.4,23.9183333333333
2025-08-03 11:45:00,24.9,0.471,12.87,25.45,25.6827777777778
2025-08-03 12:00:00,26.7,0.426,12.99,27.9,27.0661111111111
2025-08-03 12:15:00,28,0.3655,12.915,28.4,28.1316666666667
2025-08-03 12:30:00,28.75,0.3855,12.77,26.9,29.2055555555556
2025-08-03 12:45:00,28.9,0.357,12.72,26.05,28.6133333333334
2025-08-03 13:00:00,29,0.369,12.71,25.45,29.6783333333333
2025-08-03 13:15:00,29.8,0.335,12.71,25.3,31.0436111111111
2025-08-03 13:30:00,29.8333333333333,0.337,12.68,25.4,31.1324444444444
2025-08-03 13:45:00,30.45,0.3175,12.745,26,31.1761111111111
2025-08-03 14:00:00,30.7333333333333,0.316333333333333,12.79,27.5,31.2323333333333
2025-08-03 14:15:00,30.3,0.322,12.75,28.5,30.1638333333333
2025-08-03 14:30:00,30.2333333333333,0.355333333333333,12.76,28.8,32.7113888888889
2025-08-03 14:45:00,31.25,0.317,12.775,30.5,35.6284444444444
2025-08-03 15:00:00,32.45,0.288,12.85,32.2,40.9
2025-08-03 15:15:00,33.1333333333333,0.310333333333333,12.85,33.2333333333333,42.0113888888889
2025-08-03 15:30:00,33.3333333333333,0.31,12.8766666666667,33.9666666666667,43.2095
2025-08-03 15:45:00,33.3,0.296,12.81,34.2,41.9172222222222
2025-08-03 16:00:00,32.7333333333333,0.340666666666667,12.8033333333333,34.4666666666667,39.4133333333333
2025-08-03 16:15:00,31.8333333333333,0.336333333333333,12.74,33.9333333333333,39.9461666666667
2025-08-03 16:30:00,32.4,0.3235,12.775,33.95,41.9422222222222
2025-08-03 16:45:00,33.05,0.289,12.7,34.25,41.7591666666667
2025-08-03 17:00:00,32.7,0.305,12.67,34,40.1925
2025-08-03 17:15:00,31.85,0.3145,12.62,33.4,39.32
2025-08-03 17:30:00,31.7,0.331666666666667,12.5533333333333,32.2666666666667,40.3811111111111
2025-08-03 17:45:00,32,0.286,12.475,30.95,40.8933333333333
2025-08-03 18:00:00,31.85,0.3335,12.405,29.45,40.028
2025-08-03 18:15:00,31.5,0.299333333333333,12.35,28.8,36.8032777777778
2025-08-03 18:30:00,30.8,0.304,12.3,28.3,30.781
2025-08-03 18:45:00,30.5,0.303,12.295,27.6,28.7248333333333
2025-08-03 19:00:00,29.95,0.3,12.26,27.1,28.1164444444444
2025-08-03 19:15:00,29.3,0.2855,12.245,27,26.47
2025-08-03 19:30:00,28.7666666666667,0.311333333333333,12.1933333333333,26.6,25.6326666666667
2025-08-03 19:45:00,27.65,0.3525,12.14,25.85,24.9088888888889
2025-08-03 20:00:00,26.5,0.3765,12.12,25.5,23.6578888888889
2025-08-03 20:15:00,25.25,0.3985,12.105,24.9,22.5316666666667
2025-08-03 20:30:00,23.7333333333333,0.443,12.0766666666667,24.3,21.3680555555555
2025-08-03 20:45:00,22.3,0.487666666666667,12.0666666666667,23.7333333333333,20.0744444444444
2025-08-03 21:00:00,21.1,0.517,12.05,23.2,19.1088888888889
2025-08-03 21:15:00,20.7,0.536,12.05,22.8,18.7051111111111
2025-08-03 21:30:00,20.35,0.5485,12.02,22.35,18.471
2025-08-03 21:45:00,20.2333333333333,0.557,12.01,22.1666666666667,18.38
2025-08-03 22:00:00,19.8666666666667,0.58,11.96,21.9,18.0303333333333
2025-08-03 22:15:00,19.2,0.6055,11.99,21.65,17.5555555555556
2025-08-03 22:30:00,19.0666666666667,0.60425,11.9666666666667,21.3916666666667,17.2618333333333
2025-08-03 22:45:00,18.9333333333333,0.603,11.9433333333333,21.1333333333333,17.194
2025-08-03 23:00:00,18.8,0.592,11.94,21,16.9702222222222
2025-08-03 23:15:00,18.3,0.605666666666667,11.9333333333333,20.8333333333333,16.4443333333333
2025-08-03 23:30:00,17.6,0.643333333333333,11.92,20.7,15.8884444444444
2025-08-03 23:45:00,16.8333333333333,0.675333333333333,11.9033333333333,20.5,15.7775
2025-08-04 00:00:00,16.3,0.6845,11.89,20.15,15.2092222222222
2025-08-04 00:15:00,15.45,0.686,11.875,19.9,14.3558333333333
2025-08-04 00:30:00,14.8333333333333,0.685,11.84,19.7,13.7824444444444
2025-08-04 00:45:00,14.25,0.687,11.825,19.4,13.695
2025-08-04 01:00:00,14.55,0.689,11.785,19.25,13.8443333333333
2025-08-04 01:15:00,14.15,0.6935,11.79,19.05,13.1105
2025-08-04 01:30:00,13.5333333333333,0.698,11.7566666666667,18.8,12.3655555555556
2025-08-04 01:45:00,13,0.724,11.75,18.6,12.2975555555556
2025-08-04 02:00:00,12.75,0.738,11.735,18.4,12.2133333333333
2025-08-04 02:15:00,12.6,0.748,11.74,18.2,12.5145
2025-08-04 02:30:00,12.7333333333333,0.721,11.7333333333333,18,12.0182222222222
2025-08-04 02:45:00,12.3333333333333,0.731333333333333,11.72,17.8333333333333,11.5961111111111
2025-08-04 03:00:00,12.05,0.7215,11.68,17.7,11.385
2025-08-04 03:15:00,11.8,0.737,11.67,17.55,11.0785
2025-08-04 03:30:00,11.6,0.764,11.6525,17.475,10.9466666666667
2025-08-04 03:45:00,11.4,0.791,11.635,17.4,10.948
2025-08-04 04:00:00,11.4,0.8075,11.62,17.4,10.8688888888889
2025-08-04 04:15:00,11.2,0.811,11.65,17.2,10.676
2025-08-04 04:30:00,11.1333333333333,0.820666666666667,11.6233333333333,17.1,10.9525
2025-08-04 04:45:00,11.35,0.833,11.62,17.1,11.265
2025-08-04 05:00:00,11.5,0.8335,11.635,17.1,11.4405
2025-08-04 05:15:00,11.7666666666667,0.83,11.5866666666667,17.1,11.5363333333333
2025-08-04 05:30:00,12.6,0.783,11.64,17,11.8975
2025-08-04 05:45:00,13.4333333333333,0.734666666666667,11.6133333333333,17.0333333333333,12.3476666666667
2025-08-04 06:00:00,13.6,0.754,11.63,17.1,12.4466666666667
2025-08-04 06:15:00,13.5333333333333,0.752666666666667,11.6,17.2,12.6708888888889
2025-08-04 06:30:00,13.8,0.7265,11.575,17.3,13.1148333333333
2025-08-04 06:45:00,14.65,0.708,11.595,17.4,13.6471666666667
2025-08-04 07:00:00,15.55,0.672,11.58,17.85,14.3786666666667
2025-08-04 07:15:00,17,0.605,11.615,18.1,15.735
2025-08-04 07:30:00,19.2666666666667,0.479666666666667,11.67,18.7333333333333,16.8881666666667
2025-08-04 07:45:00,18.5,0.508,11.635,19.05,17.075
2025-08-04 08:00:00,17.9,0.537,11.62,19.3,17.103
2025-08-04 08:15:00,17.9,0.5345,11.62,19.45,17.2061666666667
2025-08-04 08:30:00,18.4166666666667,0.512666666666667,11.6066666666667,19.6833333333333,17.3555555555556
2025-08-04 08:45:00,18.9333333333333,0.490833333333333,11.5933333333333,19.9166666666667,17.365
2025-08-04 09:00:00,19.45,0.469,11.58,20.15,18.3277777777778
2025-08-04 09:15:00,20.1,0.547,11.64,21,18.6293333333333
2025-08-04 09:30:00,20.4,0.546333333333333,11.6633333333333,21.7333333333333,19.1743333333333
2025-08-04 09:45:00,21.05,0.542,11.675,22.8,19.6423333333333
2025-08-04 10:00:00,21.8,0.5325,11.705,24.1,20.3308888888889
2025-08-04 10:15:00,22.4,0.4825,11.76,25.35,21.425
2025-08-04 10:30:00,23,0.46,11.84,27.4,21.8435
2025-08-04 10:45:00,22.95,0.461,11.8,27.85,22.085
2025-08-04 11:00:00,23.5,0.4475,11.77,28.2,23.0133333333333
2025-08-04 11:15:00,24.2,0.414,11.805,29.75,23.3546666666667
2025-08-04 11:30:00,23.7666666666667,0.432,11.81,29.7666666666667,23.1866666666667
2025-08-04 11:45:00,24.7,0.398,11.84,30.7,23.97
2025-08-04 12:00:00,25.2,0.399666666666667,11.84,30.9,25.0275
2025-08-04 12:15:00,25.65,0.398,11.805,30.8,25.5525
2025-08-04 12:30:00,25.9,0.393,11.695,29.7,25.814
2025-08-04 12:45:00,26.35,0.372,11.62,28.35,25.7976666666667
2025-08-04 13:00:00,26.4,0.367,11.5566666666667,27.8,25.5728888888889
2025-08-04 13:15:00,26.9,0.359,11.57,27.5,26.205
2025-08-04 13:30:00,27.05,0.349,11.555,27.45,25.5758333333333
2025-08-04 13:45:00,27,0.3625,11.525,27.4,26.4380555555556
2025-08-04 14:00:00,28.4,0.329,11.6,28.8,27.343
2025-08-04 14:15:00,29.25,0.3305,11.705,32.15,27.6875
2025-08-04 14:30:00,29.4,0.2975,11.735,33.4,28.5006666666667
2025-08-04 14:45:00,29.7,0.295,11.7,34.6,31.9442222222222
2025-08-04 15:00:00,29.6,0.2825,11.75,34.9,36.3851111111111
2025-08-04 15:15:00,29.5,0.281,11.685,35.15,39.0194444444444
2025-08-04 15:30:00,30.5,0.293,11.7,35.5,39.573
2025-08-04 15:45:00,31.1666666666667,0.282666666666667,11.7133333333333,35.9666666666667,36.9642222222222
2025-08-04 16:00:00,30.6,0.301666666666667,11.6933333333333,35.9666666666667,36.6473888888889
2025-08-04 16:15:00,30.95,0.306,11.65,36,38.0388888888889
2025-08-04 16:30:00,30.7,0.3085,11.645,35.8,38.8124444444444
2025-08-04 16:45:00,31.1,0.295,11.62,35.7,38.365
2025-08-04 17:00:00,30.95,0.287,11.55,35.3,40.2483333333333
2025-08-04 17:15:00,31.1333333333333,0.300666666666667,11.53,35,38.2126666666667
2025-08-04 17:30:00,31.25,0.305,11.42,33.65,37.7688888888889
2025-08-04 17:45:00,30,0.3025,11.37,32,36.8315
2025-08-04 18:00:00,29,0.3075,11.295,30.7,36.462
2025-08-04 18:15:00,28.8,0.3235,11.27,29.6,34.2727777777778
2025-08-04 18:30:00,28.15,0.3435,11.245,28.85,28.5758333333333
2025-08-04 18:45:00,27.925,0.35975,11.2225,28.325,27.2401111111111
2025-08-04 19:00:00,27.7,0.376,11.2,27.8,26.6271111111111
2025-08-04 19:15:00,26.8,0.351,11.175,27.45,24.7805555555556
2025-08-04 19:30:00,25.7,0.382,11.17,26.9,23.7358888888889
2025-08-04 19:45:00,24.3,0.434,11.14,26,22.9021666666667
2025-08-04 20:00:00,23.1,0.465,11.1033333333333,25.6,21.5347222222222
2025-08-04 20:15:00,22,0.496,11.12,25.1,20.2681666666667
2025-08-04 20:30:00,21,0.5105,11.06,24.3,19.455
2025-08-04 20:45:00,20.4,0.5265,11.09,23.9,18.6858333333333
2025-08-04 21:00:00,19.6666666666667,0.533333333333333,11.0433333333333,23.4333333333333,18.0897777777778
2025-08-04 21:15:00,19.0666666666667,0.548,11.0266666666667,23,17.384
2025-08-04 21:30:00,18.55,0.574,11.03,22.6,16.7376666666667
2025-08-04 21:45:00,18.2,0.6,11.08,22.4,15.8882777777778
2025-08-04 22:00:00,16.9,0.5995,10.98,21.95,15.3641666666667
2025-08-04 22:15:00,16.4,0.6135,11,21.6,14.9176666666667
2025-08-04 22:30:00,16.6,0.61,10.99,21.1,15.0566666666667
2025-08-04 22:45:00,16.6333333333333,0.628666666666667,10.9666666666667,20.9666666666667,14.9511111111111
2025-08-04 23:00:00,16.1,0.649,10.97,20.6,14.804
2025-08-04 23:15:00,16.1,0.654,10.9,20.5,14.4845
2025-08-04 23:30:00,15.45,0.6845,10.905,20.2,13.8495555555556
2025-08-04 23:45:00,15.05,0.688,10.895,20.05,13.2681111111111
2025-08-05 00:00:00,14.05,0.69,10.875,19.8,12.9471666666667
2025-08-05 00:15:00,13.4,0.693666666666667,10.85,19.5333333333333,12.3046666666667
2025-08-05 00:30:00,12.8,0.718,10.8866666666667,19.3,11.7920555555556
2025-08-05 00:45:00,12.5666666666667,0.745666666666667,10.84,19.0666666666667,11.6245
2025-08-05 01:00:00,12.5333333333333,0.750666666666667,10.8266666666667,18.9333333333333,11.7198333333333
2025-08-05 01:15:00,13,0.7305,10.82,18.65,12.0351666666667
2025-08-05 01:30:00,13.8,0.691333333333333,10.8,18.4666666666667,12.4000555555556
2025-08-05 01:45:00,14,0.672333333333333,10.7833333333333,18.3,12.6004444444444
2025-08-05 02:00:00,14.1,0.6525,10.81,18.15,12.7581666666667
2025-08-05 02:15:00,13.95,0.6565,10.805,18.05,12.6156666666667
2025-08-05 02:30:00,13.65,0.667,10.745,17.85,12.432
2025-08-05 02:45:00,13.4,0.6745,10.77,17.75,12.045
2025-08-05 03:00:00,13,0.692,10.77,17.7,11.9056666666667
2025-08-05 03:15:00,13.2,0.687333333333333,10.7466666666667,17.5,11.9988333333333
2025-08-05 03:30:00,13.2,0.692,10.77,17.4,11.9822222222222
2025-08-05 03:45:00,13.1333333333333,0.692,10.7566666666667,17.3,11.9365
2025-08-05 04:00:00,13.3,0.685,10.72,17.3,11.8908333333333
2025-08-05 04:15:00,13.1,0.69,10.74,17.2,11.8661666666667
2025-08-05 04:30:00,13.05,0.695,10.745,17.15,11.8886666666667
2025-08-05 04:45:00,13,0.7,10.75,17.1,11.8805555555556
2025-08-05 05:00:00,13,0.71,10.72,17.1,11.7266666666667
2025-08-05 05:15:00,12.7833333333333,0.716333333333333,10.6983333333333,17,11.6403333333333
2025-08-05 05:30:00,12.5666666666667,0.722666666666667,10.6766666666667,16.9,11.56
2025-08-05 05:45:00,12.7,0.7175,10.685,16.9,11.7166666666667
2025-08-05 06:00:00,12.6,0.728,10.7,16.9,11.5446666666667
2025-08-05 06:15:00,12.55,0.7245,10.71,16.85,11.7538333333333
2025-08-05 06:30:00,13.3,0.699666666666667,10.6933333333333,16.8333333333333,12.3313333333333
2025-08-05 06:45:00,13.75,0.689,10.69,17,12.6805
2025-08-05 07:00:00,14.3333333333333,0.672666666666667,10.6633333333333,17,13.0213333333333
2025-08-05 07:15:00,14.3,0.675,10.65,17,13.7048888888889
2025-08-05 07:30:00,17.2666666666667,0.564666666666667,10.6966666666667,17.6333333333333,15.5450555555556
2025-08-05 07:45:00,18.3666666666667,0.509666666666667,10.71,18.1,16.3053333333333
2025-08-05 08:00:00,19.0333333333333,0.497,10.6966666666667,18.2,17.2625
2025-08-05 08:15:00,19.8,0.479,11.28,18.6,17.9978333333333
2025-08-05 08:30:00,20.1333333333333,0.474666666666667,13.5666666666667,19.0333333333333,18.7318333333333
2025-08-05 08:45:00,20.9,0.4915,15.89,19.35,18.8218888888889
2025-08-05 09:00:00,20.8333333333333,0.547333333333333,17.1633333333333,19.4,19.1025555555556
2025-08-05 09:15:00,22.3,0.51,17.375,20.1,19.69
2025-08-05 09:30:00,22.0333333333333,0.514666666666667,17.3266666666667,21.4333333333333,19.7916666666667
2025-08-05 09:45:00,22.4,0.518666666666667,17.23,22.6666666666667,20.4073333333333
2025-08-05 10:00:00,22.7,0.509,17.1333333333333,23.7666666666667,21.0566666666667
2025-08-05 10:15:00,23.3,0.48,16.985,24.7,21.6153333333333
2025-08-05 10:30:00,23.7,0.4865,16.9,25.55,22.3258333333333
2025-08-05 10:45:00,24.3,0.423,16.7866666666667,26.2666666666667,23.0726666666667
2025-08-05 11:00:00,24.9,0.4285,16.725,26.95,23.7815
2025-08-05 11:15:00,25.05,0.41,16.615,27.6,24.18
2025-08-05 11:30:00,25.6,0.386,16.525,28.1,25.0225
2025-08-05 11:45:00,25.9,0.398,16.32,28.65,25.1241666666667
2025-08-05 12:00:00,26,0.3855,16.175,28.2,25.4775
2025-08-05 12:15:00,26.4,0.352,15.92,27.3,25.6655
2025-08-05 12:30:00,26.9166666666667,0.344666666666667,15.785,26.2,26.5081666666667
2025-08-05 12:45:00,27.4333333333333,0.337333333333333,15.65,25.1,26.9405555555556
2025-08-05 13:00:00,28,0.348,15.52,24.4,27.4829444444444
2025-08-05 13:15:00,28.3,0.349,15.475,24.15,28.138
2025-08-05 13:30:00,28.6333333333333,0.318333333333333,15.4233333333333,23.9333333333333,28.5475
2025-08-05 13:45:00,29.45,0.3045,15.495,24.3,28.7035555555556
2025-08-05 14:00:00,29.6,0.304,15.5933333333333,26.1666666666667,28.6933333333333
2025-08-05 14:15:00,30.1,0.305333333333333,15.5433333333333,27.9333333333333,29.0333333333333
2025-08-05 14:30:00,30.55,0.2985,15.45,29.3,29.6113333333333
2025-08-05 14:45:00,31.2,0.273,15.38,30.15,32.9218333333333
2025-08-05 15:00:00,30.85,0.2995,15.265,30.15,35.698
2025-08-05 15:15:00,31.3,0.329,15.2,30.2,37.9355
2025-08-05 15:30:00,31.95,0.2865,15.115,30.8,38.8306666666667
2025-08-05 15:45:00,32.3,0.285,14.99,30.8666666666667,35.3266666666667
2025-08-05 16:00:00,30.8666666666667,0.289,14.81,29.5666666666667,32.127
2025-08-05 16:15:00,30.3,0.341333333333333,14.7466666666667,28.9333333333333,31.0765
2025-08-05 16:30:00,30.1,0.3375,14.675,28.65,31.4233333333333
2025-08-05 16:45:00,29.9,0.306,14.62,28.3,34
2025-08-05 17:00:00,30.7666666666667,0.276333333333333,14.62,28.6333333333333,37.0353333333333
2025-08-05 17:15:00,29.9,0.27,14.455,28.2,33.408
2025-08-05 17:30:00,29.2,0.3,14.36,27.35,31.8106666666667
2025-08-05 17:45:00,30.0333333333333,0.307333333333333,14.3533333333333,27.1666666666667,37.5226666666667
2025-08-05 18:00:00,31,0.278,14.28,26.7,38.2231666666667
2025-08-05 18:15:00,30.7,0.263666666666667,14.1933333333333,26,33.4666666666667
2025-08-05 18:30:00,30.55,0.276,14.115,25.6,30.7646666666667
2025-08-05 18:45:00,31.2,0.307333333333333,14.0933333333333,25.4333333333333,30.11
2025-08-05 19:00:00,31.6666666666667,0.37,14.0533333333333,25.3333333333333,28.7828333333333
2025-08-05 19:15:00,31.7,0.4065,14.01,25.45,27.1203333333333
2025-08-05 19:30:00,31.6,0.398,13.97,25.4,25.0343333333333
2025-08-05 19:45:00,28.1,0.382,13.89,24.8333333333333,23.2946666666667
2025-08-05 20:00:00,24.9,0.4135,13.875,24.35,22.5013333333333
2025-08-05 20:15:00,24.1,0.419,13.79,24.1,21.5846666666667
2025-08-05 20:30:00,22.6,0.454,13.735,23.6,20.7518333333333
2025-08-05 20:45:00,21.6666666666667,0.420666666666667,13.6933333333333,23,21.2906666666667
2025-08-05 21:00:00,22.8,0.377666666666667,13.6433333333333,22.5333333333333,22.1871666666667
2025-08-05 21:15:00,22.9,0.3905,13.61,22.2,21.3862222222222
2025-08-05 21:30:00,22.4,0.396,13.5966666666667,21.9,21.592
2025-08-05 21:45:00,22.5666666666667,0.392666666666667,13.5533333333333,21.6333333333333,21.246
2025-08-05 22:00:00,21.6,0.428,13.54,21.4,20.3841666666667
2025-08-05 22:15:00,20.95,0.4445,13.475,21.2,19.6777777777778
2025-08-05 22:30:00,20.5,0.458666666666667,13.4633333333333,21,19.1477777777778
2025-08-05 22:45:00,19.7,0.5335,13.425,20.75,17.2811111111111
2025-08-05 23:00:00,18.1,0.5795,13.375,20.4,15.984
2025-08-05 23:15:00,16.6,0.6325,13.335,20.05,15.1186666666667
2025-08-05 23:30:00,16.1,0.65,13.28,19.9,14.4575
2025-08-05 23:45:00,14.925,0.67875,13.2675,19.65,14.4811111111111
2025-08-06 00:00:00,15,0.68,13.21,19.4,14.8911111111111
2025-08-06 00:15:00,15.1666666666667,0.673333333333333,13.1833333333333,19.3,15.0011111111111
2025-08-06 00:30:00,15.4333333333333,0.671333333333333,13.2233333333333,19.1333333333333,15.2018333333333
2025-08-06 00:45:00,15.4666666666667,0.676666666666667,13.1941666666667,19.1666666666667,15.0206666666667
2025-08-06 01:00:00,15.5,0.682,13.165,19.2,14.9046666666667
2025-08-06 01:15:00,15.5,0.686,13.16,19.1,14.828
2025-08-06 01:30:00,15.25,0.687,13.11,19.1,14.8085
2025-08-06 01:45:00,15.45,0.6855,13.145,19.1,15.152
2025-08-06 02:00:00,15.75,0.6855,13.06,19,15.488
2025-08-06 02:15:00,15.95,0.678,13.1,18.95,15.7305555555556
2025-08-06 02:30:00,16.0666666666667,0.681333333333333,13.08,19,15.5395
2025-08-06 02:45:00,15.9333333333333,0.680666666666667,13.04,18.9666666666667,15.5091666666667
2025-08-06 03:00:00,15.8,0.691666666666667,13.0266666666667,18.9,15.2625
2025-08-06 03:15:00,15.5333333333333,0.693,13.0133333333333,18.8,15.0901666666667
2025-08-06 03:30:00,15.5,0.699,12.99,18.8,15.1445
2025-08-06 03:45:00,15.45,0.698,13,18.8,15.0797777777778
2025-08-06 04:00:00,15.4333333333333,0.683666666666667,12.9966666666667,18.8,15.2883333333333
2025-08-06 04:15:00,15.6,0.678,12.99,18.8,15.4266666666667
2025-08-06 04:30:00,15.7,0.685,12.9466666666667,18.8,15.5091666666667
2025-08-06 04:45:00,15.8,0.7105,12.96,18.8,15.447
2025-08-06 05:00:00,15.875,0.68975,12.93,18.75,15.4691666666667
2025-08-06 05:15:00,15.95,0.669,12.9,18.7,15.5261111111111
2025-08-06 05:30:00,16.2,0.687,12.915,18.6,15.498
2025-08-06 05:45:00,16,0.708,12.89,18.6,15.2941666666667
2025-08-06 06:00:00,15.75,0.719,12.86,18.55,15.3266666666667
2025-08-06 06:15:00,15.7,0.735333333333333,12.8666666666667,18.6,15.4197777777778
2025-08-06 06:30:00,16.2,0.688,12.89,18.6,16.347
2025-08-06 06:45:00,17.2333333333333,0.642666666666667,12.8566666666667,18.7333333333333,17.1093333333333
2025-08-06 07:00:00,17.7,0.640333333333333,12.8766666666667,18.9333333333333,17.334
2025-08-06 07:15:00,18.5,0.592,12.85,19.15,18.0346666666667
2025-08-06 07:30:00,19,0.566,12.8,19.2,18.5847222222222
2025-08-06 07:45:00,19.2333333333333,0.540333333333333,12.85,19.1,18.8774444444444
2025-08-06 08:00:00,19.8,0.508,12.835,19.2,19.3863333333333
2025-08-06 08:15:00,20.1,0.517,12.83,19.35,19.6615555555556
2025-08-06 08:30:00,20.3,0.498,12.81,19.5,19.87
2025-08-06 08:45:00,20.3833333333333,0.5045,12.7983333333333,19.7,19.9980555555556
2025-08-06 09:00:00,20.4666666666667,0.511,12.7866666666667,19.9,20.14
2025-08-06 09:15:00,20.25,0.5265,12.775,20,19.8986111111111
2025-08-06 09:30:00,20,0.5355,12.765,20,19.7591666666667
2025-08-06 09:45:00,20.1,0.536,12.79,20,19.9698333333333
2025-08-06 10:00:00,19.8,0.59,12.74,20.4,19.5577777777778
2025-08-06 10:15:00,19.5666666666667,0.614333333333333,12.73,20.5666666666667,19.3457777777778
2025-08-06 10:30:00,19.5,0.632666666666667,12.7066666666667,20.8,19.31
2025-08-06 10:45:00,19.3,0.648666666666667,12.7033333333333,20.9333333333333,19.1391666666667
2025-08-06 11:00:00,19.6,0.647,12.68,21.2,19.55
2025-08-06 11:15:00,20.1,0.599,12.7,21.6,20.3915
2025-08-06 11:30:00,21,0.571666666666667,12.7,22.3,21.1468333333333
2025-08-06 11:45:00,21.85,0.5315,12.675,23.25,22.1593333333333
2025-08-06 12:00:00,22.3666666666667,0.523666666666667,12.73,23.9666666666667,22.7866666666667
2025-08-06 12:15:00,22.5333333333333,0.502,12.6633333333333,24.1,22.9173333333333
2025-08-06 12:30:00,22.75,0.483,12.595,23.95,23.0586666666667
2025-08-06 12:45:00,22.8333333333333,0.489,12.6233333333333,24.0333333333333,23.104
2025-08-06 13:00:00,22.5666666666667,0.492,12.5966666666667,23.9,22.708
2025-08-06 13:15:00,22.9333333333333,0.483666666666667,12.5466666666667,23.8,23.3733333333333
2025-08-06 13:30:00,23.85,0.463,12.575,24.4,24.306
2025-08-06 13:45:00,24.1333333333333,0.472,12.5533333333333,24.9333333333333,24.6153333333333
2025-08-06 14:00:00,24.9,0.514666666666667,12.5866666666667,25.8333333333333,25.4368333333333
2025-08-06 14:15:00,25.4,0.519333333333333,12.5866666666667,26.6,25.8146666666667
2025-08-06 14:30:00,25.9,0.516,12.6066666666667,27.3333333333333,26.616
2025-08-06 14:45:00,25.8,0.5055,12.555,27.95,27.1736666666667
2025-08-06 15:00:00,27.1333333333333,0.48,12.6266666666667,29.4,32.7698333333333
2025-08-06 15:15:00,28.2,0.4405,12.63,30.85,33.1073333333333
2025-08-06 15:30:00,27.1,0.4785,12.61,30.75,30.2313333333333
2025-08-06 15:45:00,26.5333333333333,0.487,12.5166666666667,29.6,28.5706666666667
2025-08-06 16:00:00,27.0666666666667,0.486666666666667,12.5333333333333,29.6,30.4571666666667
2025-08-06 16:15:00,27.3,0.459,12.515,30,28.7884444444444
2025-08-06 16:30:00,25.95,0.501,12.405,28.45,26.2593333333333
2025-08-06 16:45:00,25.75,0.5055,12.345,28,25.6146666666667
2025-08-06 17:00:00,25.2,0.533666666666667,12.3166666666667,27.2,24.9913333333333
2025-08-06 17:15:00,25.1,0.542,12.285,26.8,24.9733333333333
2025-08-06 17:30:00,25.4,0.534666666666667,12.2866666666667,26.6333333333333,25.812
2025-08-06 17:45:00,25.5666666666667,0.528333333333333,12.2566666666667,26.6333333333333,25.6033333333333
2025-08-06 18:00:00,25.3666666666667,0.531666666666667,12.2166666666667,26.4,25.1313333333333
2025-08-06 18:15:00,25.1,0.541,12.2133333333333,26.1,24.8481666666667
2025-08-06 18:30:00,24.8333333333333,0.555333333333333,12.1533333333333,25.7333333333333,24.314
2025-08-06 18:45:00,24.8,0.55,12.165,25.55,24.412
2025-08-06 19:00:00,24.8,0.548,12.155,25.4,24.296
2025-08-06 19:15:00,24.7666666666667,0.555666666666667,12.12,25.1,23.9781666666667
2025-08-06 19:30:00,24.4,0.570666666666667,12.0666666666667,24.7333333333333,23.4046666666667
2025-08-06 19:45:00,23.8,0.594666666666667,12.0533333333333,24.4,22.7
2025-08-06 20:00:00,23.1666666666667,0.604333333333333,12.05,24.1333333333333,22.17
2025-08-06 20:15:00,22.6333333333333,0.630666666666667,12.0433333333333,23.9,21.7573333333333
2025-08-06 20:30:00,22.2666666666667,0.634333333333333,12.01,23.6,21.62
2025-08-06 20:45:00,22.2,0.605666666666667,11.9866666666667,23.3,21.5673333333333
2025-08-06 21:00:00,21.6,0.629,11.95,23,20.9883333333333
2025-08-06 21:15:00,21.45,0.6335,11.96,22.8,20.618
2025-08-06 21:30:00,20.9,0.649666666666667,11.94,22.5333333333333,19.7913333333333
2025-08-06 21:45:00,20.25,0.6675,11.93,22.2,18.9515555555556
2025-08-06 22:00:00,19.2,0.683666666666667,11.88,21.8,18.168
2025-08-06 22:15:00,18.55,0.687,11.88,21.55,17.4794444444444
2025-08-06 22:30:00,18,0.687,11.83,21.2,17.52
2025-08-06 22:45:00,18,0.687333333333333,11.8366666666667,20.9,17.3758333333334
2025-08-06 23:00:00,17.8,0.691,11.82,20.7,17.0166666666667
2025-08-06 23:15:00,17.5,0.692,11.8,20.45,16.9261111111111
2025-08-06 23:30:00,17,0.6965,11.795,20.15,16.4061111111111
2025-08-06 23:45:00,16.6,0.714,11.765,20,15.7511111111111
2025-08-07 00:00:00,15.9666666666667,0.737,11.7533333333333,19.7666666666667,15.3856666666667
2025-08-07 00:15:00,15.5,0.756,11.735,19.6,14.8066666666667
2025-08-07 00:30:00,15.1,0.769,11.67,19.4,14.4430555555556
2025-08-07 00:45:00,14.5,0.776333333333333,11.7066666666667,19.1,13.9683333333333
2025-08-07 01:00:00,14.05,0.788,11.665,18.9,13.56
2025-08-07 01:15:00,13.6333333333333,0.804666666666667,11.6366666666667,18.7333333333333,13.2615
2025-08-07 01:30:00,13.6,0.8275,11.645,18.55,13.17
2025-08-07 01:45:00,13.8666666666667,0.828666666666667,11.6466666666667,18.4,13.3643333333333
2025-08-07 02:00:00,13.8,0.819,11.63,18.2666666666667,13.5141666666667
2025-08-07 02:15:00,13.7,0.823,11.59,18.1,13.5375
2025-08-07 02:30:00,13.8,0.82,11.57,17.9,13.507
2025-08-07 02:45:00,14.1333333333333,0.806666666666667,11.5633333333333,17.8666666666667,13.7919444444444
2025-08-07 03:00:00,14.5,0.7755,11.56,17.8,13.6335
2025-08-07 03:15:00,14.1666666666667,0.789333333333333,11.5466666666667,17.7,13.2544444444445
2025-08-07 03:30:00,14.1,0.804,11.53,17.8,13.7188888888889
2025-08-07 03:45:00,14.3,0.811,11.55,17.8,13.8229444444444
2025-08-07 04:00:00,14.15,0.807,11.515,17.75,13.4056666666667
2025-08-07 04:15:00,13.8333333333333,0.819333333333333,11.4966666666667,17.5333333333333,13.1683333333333
2025-08-07 04:30:00,13.6,0.817,11.48,17.5,12.8483333333333
2025-08-07 04:45:00,13.15,0.8245,11.5,17.2,12.4953333333333
2025-08-07 05:00:00,12.75,0.8265,11.435,17,12.2696666666667
2025-08-07 05:15:00,12.4,0.829,11.4566666666667,17,12.3566666666667
2025-08-07 05:30:00,12.35,0.816,11.45,16.85,12.2
2025-08-07 05:45:00,12.2,0.798666666666667,11.45,16.6333333333333,11.9358333333333
2025-08-07 06:00:00,12,0.795333333333333,11.4266666666667,16.4333333333333,11.6425
2025-08-07 06:15:00,11.9333333333333,0.804333333333334,11.4033333333333,16.2333333333333,11.4905555555556
2025-08-07 06:30:00,12.8,0.775666666666667,11.3666666666667,16.1,11.6758333333333
2025-08-07 06:45:00,14.1,0.732333333333333,11.39,16.1666666666667,12.3475
2025-08-07 07:00:00,15.7,0.6795,11.395,16.35,13.5372222222222
2025-08-07 07:15:00,17.1333333333333,0.631666666666667,11.4033333333333,16.7,14.9391111111111
2025-08-07 07:30:00,17.1,0.649,11.4033333333333,16.8,15.2838888888889
2025-08-07 07:45:00,17.6111111111111,0.625,11.3944444444444,16.9666666666667,15.8861111111111
2025-08-07 08:00:00,18.1222222222222,0.601,11.3855555555556,17.1333333333333,16.5441666666667
2025-08-07 08:15:00,18.6333333333333,0.577,11.3766666666667,17.3,17.2905555555556
2025-08-07 08:30:00,18.4666666666667,0.572166666666667,11.39,17.75,18.1183333333333
2025-08-07 08:45:00,18.3,0.567333333333333,11.4033333333333,18.2,17.3758333333333
2025-08-07 09:00:00,17.6,0.592333333333333,11.3633333333333,18.2333333333333,17.0052777777778
2025-08-07 09:15:00,19.1,0.522,11.5,19.1,17.8308333333333
2025-08-07 09:30:00,20,0.528,11.48,19.9,19.8441666666667
2025-08-07 09:45:00,21.7,0.482,11.51,22.2,21.0286666666667
2025-08-07 10:00:00,22.1,0.464,11.5,23.8,21.5391111111111
2025-08-07 10:15:00,21,0.4595,11.415,24.05,20.6671666666667
2025-08-07 10:30:00,20.15,0.484,11.355,23.15,19.7196666666667
2025-08-07 10:45:00,19.9666666666667,0.494333333333333,11.3366666666667,22.6,19.7286666666667
2025-08-07 11:00:00,19.8333333333333,0.497666666666667,11.2866666666667,22.1333333333333,19.4753333333333
2025-08-07 11:15:00,19.4666666666667,0.512333333333333,11.2333333333333,21.6333333333333,19.0273333333333
2025-08-07 11:30:00,19.1,0.5395,11.235,21.05,18.8126666666667
2025-08-07 11:45:00,20.3,0.4665,11.275,21.75,20.1526666666667
2025-08-07 12:00:00,21.6,0.431,11.33,22.6,21.3956666666667
2025-08-07 12:15:00,23.2,0.377,11.28,23.2,22.4495
2025-08-07 12:30:00,23.6,0.3635,11.235,22.6,23.132
2025-08-07 12:45:00,23.7,0.3435,11.205,22.3,23.3486666666667
2025-08-07 13:00:00,24,0.359666666666667,11.2,22.0333333333333,23.6353333333333
2025-08-07 13:15:00,24.5,0.346666666666667,11.19,22,24.1755
2025-08-07 13:30:00,24.8,0.3365,11.175,22.05,25.6635
2025-08-07 13:45:00,25.15,0.3425,11.245,22.6,26.0628333333333
2025-08-07 14:00:00,25.6,0.330666666666667,11.3733333333333,26.8333333333333,28.5946666666667
2025-08-07 14:15:00,25.8,0.332666666666667,11.4233333333333,29.2666666666667,29.0986666666667
2025-08-07 14:30:00,26.3333333333333,0.333333333333333,11.46,30.8666666666667,30.016
2025-08-07 14:45:00,26.5333333333333,0.343,11.5033333333333,32.0333333333333,30.0888333333333
2025-08-07 15:00:00,26.8333333333333,0.323333333333333,11.4966666666667,33.1,30.3333333333333
2025-08-07 15:15:00,27.5666666666667,0.313333333333333,11.5133333333333,34.1333333333333,31.298
2025-08-07 15:30:00,27.9,0.303,11.55,34.95,31.4493333333333
2025-08-07 15:45:00,27.9,0.289,11.52,35.4,29.4493333333333
2025-08-07 16:00:00,26.9333333333333,0.312,11.47,33.6,29.5026666666667
2025-08-07 16:15:00,27.4666666666667,0.315333333333333,11.4566666666667,34.3666666666667,30.586
2025-08-07 16:30:00,27.9,0.303,11.4733333333333,34.9,30.977
2025-08-07 16:45:00,27.8,0.298666666666667,11.4266666666667,34.9666666666667,30.9645
2025-08-07 17:00:00,27.2,0.2885,11.385,34.35,29.8033333333333
2025-08-07 17:15:00,26.9,0.288,11.245,32.7,29.4984444444444
2025-08-07 17:30:00,27,0.282,11.15,31.2,29.5493333333333
2025-08-07 17:45:00,27.1333333333333,0.285666666666667,11.08,28.6,29.583
2025-08-07 18:00:00,27.2,0.289666666666667,11.0266666666667,27.6333333333333,29.0738333333333
2025-08-07 18:15:00,26.9,0.294333333333333,10.9666666666667,26.9,27.0626666666667
2025-08-07 18:30:00,26.6,0.288,10.98,26.1,24.706
2025-08-07 18:45:00,26.5,0.295,10.97,25.8333333333333,25.6211666666667
2025-08-07 19:00:00,26.2333333333333,0.322,10.97,25.6,24.6988333333333
2025-08-07 19:15:00,26.5333333333333,0.352,10.9266666666667,25.5666666666667,23.0973333333333
2025-08-07 19:30:00,25.7,0.335,10.905,24.95,22.3546666666667
2025-08-07 19:45:00,23.75,0.3435,10.9,24.15,21.55
2025-08-07 20:00:00,22,0.373333333333333,10.85,23.5,20.4366666666667
2025-08-07 20:15:00,20.2,0.407,10.81,22.7,19.1945
2025-08-07 20:30:00,19.4333333333333,0.427,10.8333333333333,22.3333333333333,18.0808333333333
2025-08-07 20:45:00,18.55,0.445,10.82,21.9,17.3683333333333
2025-08-07 21:00:00,18.0333333333333,0.442333333333333,10.8066666666667,21.3666666666667,17.068
2025-08-07 21:15:00,17.35,0.463,10.775,20.95,16.144
2025-08-07 21:30:00,16.4,0.513,10.75,20.5333333333333,14.8793333333333
2025-08-07 21:45:00,15.7333333333333,0.524333333333333,10.7233333333333,20.1,14.4997777777778
2025-08-07 22:00:00,15.3333333333333,0.552666666666667,10.72,19.8,13.8994444444444
2025-08-07 22:15:00,14.4666666666667,0.593333333333333,10.6966666666667,19.3666666666667,12.6052777777778
2025-08-07 22:30:00,13.6,0.6275,10.685,19.05,12.2855555555556
2025-08-07 22:45:00,12.85,0.667,10.66,18.65,11.3575
2025-08-07 23:00:00,12.1,0.691,10.67,18.3,10.3444444444444
2025-08-07 23:15:00,11.1666666666667,0.691666666666667,10.6,17.9,9.31866666666667
2025-08-07 23:30:00,10.2,0.7,10.665,17.55,8.7075
2025-08-07 23:45:00,9.55,0.726,10.59,17.35,8.84277777777778
2025-08-08 00:00:00,9.5,0.7325,10.63,17.1,9.41111111111111
2025-08-08 00:15:00,9.85,0.708,10.575,16.85,9.70000000000001
2025-08-08 00:30:00,10.25,0.6865,10.575,16.75,10.1183333333333
2025-08-08 00:45:00,10.35,0.674,10.515,16.55,9.68222222222222
2025-08-08 01:00:00,10.1,0.671,10.51,16.4,9.25083333333333
2025-08-08 01:15:00,9.56666666666667,0.696666666666667,10.54,16.1,8.67888888888889
2025-08-08 01:30:00,9.2,0.7155,10.505,15.95,8.53566666666667
2025-08-08 01:45:00,9,0.726,10.49,15.7,8.55166666666667
2025-08-08 02:00:00,8.8,0.714,10.49,15.45,8.39972222222222
2025-08-08 02:15:00,8.8,0.7155,10.46,15.3,8.24111111111111
2025-08-08 02:30:00,8.53333333333333,0.724666666666667,10.45,15.1,7.97
2025-08-08 02:45:00,8.43333333333333,0.738666666666667,10.4566666666667,14.9333333333333,7.90444444444445
2025-08-08 03:00:00,8.4,0.751,10.45,14.8,8.13
2025-08-08 03:15:00,8.45,0.7495,10.435,14.65,8.0285
2025-08-08 03:30:00,8.23333333333333,0.755,10.4233333333333,14.5333333333333,7.49111111111111
2025-08-08 03:45:00,8,0.7625,10.42,14.35,7.60833333333333
2025-08-08 04:00:00,8,0.764,10.42,14.3,7.39861111111111
2025-08-08 04:15:00,7.5,0.768,10.4,14,6.474
2025-08-08 04:30:00,7.25,0.7955,10.395,13.9,6.57611111111111
2025-08-08 04:45:00,7,0.804,10.3866666666667,13.7666666666667,6.28
2025-08-08 05:00:00,6.8,0.804333333333334,10.3666666666667,13.5666666666667,6.06455555555556
2025-08-08 05:15:00,6.5,0.8065,10.355,13.4,5.65694444444444
2025-08-08 05:30:00,6.3,0.815,10.335,13.25,5.57116666666667
2025-08-08 05:45:00,6.1,0.827,10.35,13.1,5.3985
2025-08-08 06:00:00,6,0.8315,10.325,13,5.30694444444444
2025-08-08 06:15:00,6.2,0.8465,10.315,13,5.64316666666667
2025-08-08 06:30:00,7.2,0.857333333333333,10.3266666666667,13,6.36344444444444
2025-08-08 06:45:00,8.3,0.844,10.32,13.1,7.38416666666667
2025-08-08 07:00:00,11.15,0.722,10.34,13.3,8.94
2025-08-08 07:15:00,13.825,0.6365,10.35,13.75,10.8211111111111
2025-08-08 07:30:00,16.5,0.551,10.36,14.2,13.06
2025-08-08 07:45:00,16.6666666666667,0.544666666666667,10.3533333333333,14.5,14.1290555555556
2025-08-08 08:00:00,17.1,0.542,10.34,14.9,14.7713333333333
2025-08-08 08:15:00,17.4,0.56,10.3533333333333,15.2333333333333,15.4057777777778
2025-08-08 08:30:00,18,0.529333333333333,10.3466666666667,15.6333333333333,16.0727777777778
2025-08-08 08:45:00,18.45,0.5295,10.385,16.15,16.7565
2025-08-08 09:00:00,19.05,0.5255,10.36,16.65,17.4295
2025-08-08 09:15:00,19.6666666666667,0.505666666666667,10.5033333333333,18.5,18.211
2025-08-08 09:30:00,20.4666666666667,0.472666666666667,10.5666666666667,21.1,19.1253333333333
2025-08-08 09:45:00,21,0.4375,10.58,23.15,19.6601666666667
2025-08-08 10:00:00,21.6,0.4385,10.66,25.3,19.9453333333333
2025-08-08 10:15:00,22.2,0.438666666666667,10.7233333333333,26.8333333333333,20.5046666666667
2025-08-08 10:30:00,23.0666666666667,0.418,10.7433333333333,28.6,21.1153333333333
2025-08-08 10:45:00,23,0.42,10.775,30.05,21.462
2025-08-08 11:00:00,23.2666666666667,0.399333333333333,10.7966666666667,31.3,21.844
2025-08-08 11:15:00,23.9,0.408,10.85,32.8,22.2395
2025-08-08 11:30:00,24.2,0.376666666666667,10.8366666666667,33.4333333333333,22.9233333333333
2025-08-08 11:45:00,24.65,0.3585,10.855,33.9,23.5633333333333
2025-08-08 12:00:00,24.8333333333333,0.360666666666667,10.7666666666667,32.5,23.7113333333333
2025-08-08 12:15:00,25.0333333333333,0.36,10.69,31.2333333333333,24.1711666666667
2025-08-08 12:30:00,25.2666666666667,0.360666666666667,10.5266666666667,29.3,24.6606666666667
2025-08-08 12:45:00,25.4,0.339666666666667,10.4433333333333,27.8,24.8096666666667
2025-08-08 13:00:00,25.8666666666667,0.359,10.4033333333333,26.7666666666667,25.5533333333333
2025-08-08 13:15:00,26.7,0.3245,10.385,26.2,28.872
2025-08-08 13:30:00,26.6666666666667,0.328,10.3766666666667,26.1,30.2843333333333
2025-08-08 13:45:00,26.8,0.316,10.45,26.3,31.3601666666667
2025-08-08 14:00:00,27.1,0.3,10.54,29.3,32.192
2025-08-08 14:15:00,27.8,0.285,10.7,33.8,35.1273333333333
2025-08-08 14:30:00,28.3,0.285,10.75,35.6666666666667,33.486
2025-08-08 14:45:00,29.1333333333333,0.285666666666667,10.7533333333333,36.9666666666667,34.2833333333333
2025-08-08 15:00:00,30.4,0.249,10.78,38.2,34.2253333333333
2025-08-08 15:15:00,30.7,0.251,10.82,38.4,37.4506666666667
2025-08-08 15:30:00,29.45,0.2625,10.78,38.55,39.9688333333333
2025-08-08 15:45:00,30.45,0.253,10.745,38.75,34.7446666666667
2025-08-08 16:00:00,30.55,0.248,10.74,38.8,34.0633333333333
2025-08-08 16:15:00,30.5,0.230666666666667,10.69,38.7333333333333,36.3633333333333
2025-08-08 16:30:00,31.2,0.237,10.685,38.6,39.016
2025-08-08 16:45:00,31.3666666666667,0.219666666666667,10.6466666666667,38.2666666666667,35.031
2025-08-08 17:00:00,31.8,0.23,10.62,38,35.637
2025-08-08 17:15:00,31.95,0.2395,10.48,36.45,35.6013333333333
2025-08-08 17:30:00,32.4333333333333,0.224333333333333,10.3966666666667,34.2333333333333,36.484
2025-08-08 17:45:00,32.7666666666667,0.233,10.29,32.3,37.8963333333333
2025-08-08 18:00:00,32.7666666666667,0.237666666666667,10.2366666666667,30.9,37.5726666666667
2025-08-08 18:15:00,32.6,0.245,10.205,29.65,34.6375
2025-08-08 18:30:00,31.6333333333333,0.249666666666667,10.1433333333333,29.1,30.682
2025-08-08 18:45:00,29.9,0.283,10.1633333333333,28.6,30.1821666666667
2025-08-08 19:00:00,29.4333333333333,0.340666666666667,10.1433333333333,28.4333333333333,29.958
2025-08-08 19:15:00,28.8,0.464666666666667,10.1066666666667,28.1,25.5146666666667
2025-08-08 19:30:00,26.9,0.482666666666667,10.1,27.2333333333333,22.2481666666667
2025-08-08 19:45:00,23.9666666666667,0.527666666666667,10.0466666666667,26.2333333333333,19.612
2025-08-08 20:00:00,21.0666666666667,0.568333333333333,10.02,25.3,17.4646666666667
2025-08-08 20:15:00,19.0666666666667,0.609333333333333,10.0166666666667,24.4666666666667,15.895
2025-08-08 20:30:00,17.4,0.6555,10,23.8,14.898
2025-08-08 20:45:00,16.2333333333333,0.659666666666667,10.01,23.2333333333333,14.8706666666667
2025-08-08 21:00:00,15.4,0.66,10.03,22.7,14.4653333333333
2025-08-08 21:15:00,15.15,0.6505,10.035,22.35,14.7
2025-08-08 21:30:00,15.35,0.5885,9.995,22.05,15.5372222222222
2025-08-08 21:45:00,15.7666666666667,0.55,10,21.8333333333333,16.1766666666667
2025-08-08 22:00:00,16.3,0.5265,10,21.65,16.5344444444444
2025-08-08 22:15:00,16.7,0.512,10,21.4,16.44
2025-08-08 22:30:00,16.8,0.4925,9.96,21.05,16.275
2025-08-08 22:45:00,16.8,0.495,9.94,20.8,16.3266666666666
2025-08-08 23:00:00,16.8,0.486,9.94666666666667,20.6666666666667,16.3311111111111
2025-08-08 23:15:00,16.7666666666667,0.489333333333333,9.93333333333333,20.4666666666667,16.1577777777778
2025-08-08 23:30:00,16.6,0.510333333333333,9.93333333333333,20.3,15.78
2025-08-08 23:45:00,16.2,0.532333333333333,9.91666666666667,20.1666666666667,14.9472222222222
2025-08-09 00:00:00,15.7666666666667,0.548,9.91666666666667,20,14.5806111111111
2025-08-09 00:15:00,15.25,0.568,9.885,19.7,14.1441666666667
2025-08-09 00:30:00,15.225,0.5745,9.8825,19.65,14.4830555555556
2025-08-09 00:45:00,15.2,0.581,9.88,19.6,14.7056666666667
2025-08-09 01:00:00,15.2333333333333,0.579,9.88,19.4666666666667,14.361
2025-08-09 01:15:00,15.15,0.631,9.86,19.4,14.0873333333333
2025-08-09 01:30:00,15.1,0.61,9.86,19.5,14.216
2025-08-09 01:45:00,15.3333333333333,0.636666666666667,9.85666666666667,19.4666666666667,14.7143333333333
2025-08-09 02:00:00,15.45,0.6645,9.84,19.35,14.328
2025-08-09 02:15:00,15.3,0.644,9.83,19.3,14.7713888888889
2025-08-09 02:30:00,16.1,0.611333333333333,9.83333333333333,19.3,15.0183333333333
2025-08-09 02:45:00,15.95,0.624,9.85,19.2,14.2815
2025-08-09 03:00:00,15.125,0.621,9.82,18.75,13.6666666666667
2025-08-09 03:15:00,14.3,0.618,9.79,18.3,13.0647222222222
2025-08-09 03:30:00,13.9,0.683,9.8,18.1,12.1576666666667
2025-08-09 03:45:00,12.9666666666667,0.67,9.74,17.8,11.489
2025-08-09 04:00:00,12.4,0.678,9.73,17.5,11.4903333333333
2025-08-09 04:15:00,12.1333333333333,0.676666666666667,9.76,17.3,10.8916666666667
2025-08-09 04:30:00,11.6666666666667,0.690333333333333,9.74333333333333,17.1,10.3330555555556
2025-08-09 04:45:00,10.8,0.699,9.7,16.7,9.46777777777778
2025-08-09 05:00:00,10.5333333333333,0.688666666666667,9.71,16.6,10.0679444444444
2025-08-09 05:15:00,10.65,0.684,9.69,16.45,10.1197222222222
2025-08-09 05:30:00,10.6333333333333,0.681666666666667,9.69,16.2666666666667,9.94477777777778
2025-08-09 05:45:00,10.5,0.6825,9.665,16.1,9.92933333333333
2025-08-09 06:00:00,10.6,0.6825,9.68,16.1,10.2255
2025-08-09 06:15:00,11.2,0.672666666666667,9.69,16.0333333333333,10.84
2025-08-09 06:30:00,12.45,0.6735,9.67,16.1,10.8653333333333
2025-08-09 06:45:00,13.2,0.6735,9.67,16.15,11.0225
2025-08-09 07:00:00,13.7,0.688,9.67,16.3,12.1843333333333
2025-08-09 07:15:00,16.8666666666667,0.669666666666667,9.71,16.8,13.7919444444444
2025-08-09 07:30:00,18.9,0.612,9.69,17.1,15.2766666666667
2025-08-09 07:45:00,21.5,0.49,9.72,17.8,17.0683333333333
2025-08-09 08:00:00,22.9666666666667,0.446666666666667,9.73333333333333,18.3,18.7466666666667
2025-08-09 08:15:00,23.2666666666667,0.424,9.72,18.7,19.5363888888889
2025-08-09 08:30:00,22.9,0.469,9.72,18.9,20.1328888888889
2025-08-09 08:45:00,23.7,0.4435,9.7,19.55,20.5122222222222
2025-08-09 09:00:00,23.7666666666667,0.433333333333333,9.72666666666667,19.9,21.1951666666667
2025-08-09 09:15:00,24.1,0.395333333333333,9.83666666666667,21.4333333333333,21.79
2025-08-09 09:30:00,24.3666666666667,0.392,9.88,24.1666666666667,22.4266666666667
2025-08-09 09:45:00,25.15,0.386,9.95,26.55,22.9833333333333
2025-08-09 10:00:00,26.1333333333333,0.361666666666667,9.99,28.6666666666667,23.77
2025-08-09 10:15:00,26.45,0.354,10.06,30.6,24.2146666666667
2025-08-09 10:30:00,27.45,0.3155,10.095,32.3,25.0326666666667
2025-08-09 10:45:00,28.1,0.3075,10.12,33.85,25.818
2025-08-09 11:00:00,28.6,0.33,10.13,35.5,26.5303333333333
2025-08-09 11:15:00,28.65,0.3325,10.165,36.35,26.5606666666667
2025-08-09 11:30:00,28.7333333333333,0.297666666666667,10.17,37.0666666666667,26.7786666666667
2025-08-09 11:45:00,28.7,0.307,10.1766666666667,37.3333333333333,27.1073333333333
2025-08-09 12:00:00,28.8,0.299,10.0766666666667,35.6,27.6333333333333
2025-08-09 12:15:00,28.9,0.309,10.01,34.1666666666667,27.794
2025-08-09 12:30:00,29.5,0.284,9.855,32.4,28.8138333333333
2025-08-09 12:45:00,29.9333333333333,0.273666666666667,9.81,31,29.0221666666667
2025-08-09 13:00:00,30.0333333333333,0.272666666666667,9.73666666666667,30.1,29.5893333333333
2025-08-09 13:15:00,30.7,0.258,9.71,29.6,32.4433333333333
2025-08-09 13:30:00,31.0333333333333,0.268666666666667,9.72333333333333,29.5,34.1321666666667
2025-08-09 13:45:00,31.7,0.241,9.82,30.9,36.2933333333333
2025-08-09 14:00:00,31.6,0.258,9.91,33.5666666666667,34.7828333333333
2025-08-09 14:15:00,31.6333333333333,0.265,10.02,36.6333333333333,34.9473333333333
2025-08-09 14:30:00,32.1,0.2585,10.08,38.35,36.392
2025-08-09 14:45:00,32.55,0.2495,10.06,39.5,35.594
2025-08-09 15:00:00,32.1,0.263,10.09,40.3,35.2953333333333
2025-08-09 15:15:00,32.7,0.2685,10.09,40.85,36.454
2025-08-09 15:30:00,33.6,0.277,10.07,41.1,37.2666666666667
2025-08-09 15:45:00,33.7,0.245,10.07,41.4,36.1715
2025-08-09 16:00:00,33.35,0.259,9.99,40,36.0173333333333
2025-08-09 16:15:00,33.2666666666667,0.255,9.98333333333333,39.5666666666667,35.568
2025-08-09 16:30:00,33.9,0.257333333333333,9.98,39.7333333333333,37.1105
2025-08-09 16:45:00,34.3666666666667,0.230666666666667,9.96333333333333,40,36.6726666666667
2025-08-09 17:00:00,33.85,0.249,9.92,39.6,36.626
2025-08-09 17:15:00,34.4,0.226,9.87,39.3,37.342
2025-08-09 17:30:00,34.7,0.235,9.75,37,37.127
2025-08-09 17:45:00,34.5,0.231666666666667,9.64,35.3,36.0573333333333
2025-08-09 18:00:00,33.65,0.24,9.61,34.05,35.516
2025-08-09 18:15:00,32.8666666666667,0.262,9.55,33.1,32.3213333333333
2025-08-09 18:30:00,31.8666666666667,0.294666666666667,9.53333333333333,32.2,29.6646666666667
2025-08-09 18:45:00,32.45,0.2665,9.485,31.55,29.6661666666667
2025-08-09 19:00:00,32.3666666666667,0.398333333333333,9.46,30.8,29.2013333333333
2025-08-09 19:15:00,32.8,0.416666666666667,9.42333333333333,30.3666666666667,27.036
2025-08-09 19:30:00,32.6,0.41,9.43,29.7,25.6913333333333
2025-08-09 19:45:00,31,0.420333333333333,9.39666666666667,28.8,23.6358333333333
2025-08-09 20:00:00,27.7,0.451,9.34666666666667,27.9,21.07
2025-08-09 20:15:00,24.2333333333333,0.525,9.29666666666667,27,19.186
2025-08-09 20:30:00,21.8,0.553,9.28,26.1666666666667,18.3153333333333
2025-08-09 20:45:00,20.85,0.5445,9.275,25.6333333333333,18.5846666666667
2025-08-09 21:00:00,19.9,0.536,9.27,25.1,18.9742222222222
2025-08-09 21:15:00,19.85,0.5205,9.305,24.45,18.9608888888889
2025-08-09 21:30:00,19.8,0.515,9.27,24.3,18.86875
2025-08-09 21:45:00,19.65,0.5015,9.29,23.9,19.0477777777778
2025-08-09 22:00:00,19.75,0.494,9.26,23.6,19.1333333333333
2025-08-09 22:15:00,19.75,0.4835,9.3,23.35,19.0755555555556
2025-08-09 22:30:00,19.5,0.491333333333333,9.29,23.0666666666667,18.8283333333333
2025-08-09 22:45:00,19.3,0.495,9.24,22.9,18.6566666666667
2025-08-09 23:00:00,19.05,0.4995,9.235,22.55,18.5077777777778
2025-08-09 23:15:00,18.8666666666667,0.505,9.20666666666667,22.3,18.3722222222222
2025-08-09 23:30:00,18.8,0.4995,9.2,22.1,18.5025
2025-08-09 23:45:00,18.8,0.5015,9.22,21.95,18.4183333333333
2025-08-10 00:00:00,18.7666666666667,0.508666666666667,9.23,21.7666666666667,18.2641666666667
2025-08-10 00:15:00,18.6333333333333,0.505333333333333,9.22333333333333,21.6333333333333,18.0694444444444
2025-08-10 00:30:00,18.5,0.5125,9.21,21.45,17.8366666666667
2025-08-10 00:45:00,18.4,0.527666666666667,9.19666666666667,21.2666666666667,17.4508333333333
2025-08-10 01:00:00,18.1,0.540666666666667,9.2,21,16.7133333333333
2025-08-10 01:15:00,17.6666666666667,0.562333333333333,9.19666666666667,20.8333333333333,16.9741666666667
2025-08-10 01:30:00,17.4,0.583,9.18,20.6,16.4011111111111
2025-08-10 01:45:00,17,0.618,9.13333333333333,20.5,14.8269444444444
2025-08-10 02:00:00,16.1,0.6485,9.155,20.25,13.8755555555556
2025-08-10 02:15:00,15.0333333333333,0.667333333333333,9.13333333333333,19.9,13.6283333333333
2025-08-10 02:30:00,14.9,0.655,9.125,19.55,13.9811111111111
2025-08-10 02:45:00,14.8666666666667,0.655666666666667,9.12,19.4333333333333,13.8948333333333
2025-08-10 03:00:00,14.55,0.6785,9.09,19.25,13.5961111111111
2025-08-10 03:15:00,14.4,0.686,9.09,19.2,12.9606666666667
2025-08-10 03:30:00,13.7333333333333,0.691333333333333,9.08333333333333,18.8666666666667,12.5158333333333
2025-08-10 03:45:00,13.5,0.695,9.07,18.8,11.9241666666667
2025-08-10 04:00:00,12.85,0.693,9.035,18.5,11.7525
2025-08-10 04:15:00,12.4,0.693,9.03,18.3,11.5477777777778
2025-08-10 04:30:00,12.15,0.6995,9.035,18.15,11.4488888888889
2025-08-10 04:45:00,12.1,0.690666666666667,9.04666666666667,18,11.4661666666667
2025-08-10 05:00:00,11.95,0.703,9.05,17.85,10.9975
2025-08-10 05:15:00,11.8,0.727,9,17.7,11.0758333333333
2025-08-10 05:30:00,11.8,0.710333333333333,9.02333333333333,17.5333333333333,11.2876666666667
2025-08-10 05:45:00,11.8,0.7305,8.98,17.4,10.9844444444444
2025-08-10 06:00:00,11.8333333333333,0.740666666666667,9.02,17.3,11.1778333333333
2025-08-10 06:15:00,12.8888888888889,0.718111111111111,9.03,17.3833333333333,11.8002777777778
2025-08-10 06:30:00,13.9444444444444,0.695555555555556,9.04,17.4666666666667,12.6591666666667
2025-08-10 06:45:00,15,0.673,9.05,17.55,13.4795
2025-08-10 07:00:00,17.4333333333333,0.5855,9.05166666666667,17.8916666666667,14.6885
2025-08-10 07:15:00,19.8666666666667,0.498,9.05333333333333,18.2333333333333,17.5588888888889
2025-08-10 07:30:00,21.2,0.545,9.09,18.8,19.3391666666667
2025-08-10 07:45:00,22.25,0.524,9.075,19.2,20.1618333333333
2025-08-10 08:00:00,23.1,0.510666666666667,9.08,19.7666666666667,20.4968333333333
2025-08-10 08:15:00,23.3333333333333,0.506666666666667,9.07,20.2,20.9376666666667
2025-08-10 08:30:00,23.6,0.484,9.06,20.55,21.3565
2025-08-10 08:45:00,24.1,0.473666666666667,9.04333333333333,21.0666666666667,21.9375
2025-08-10 09:00:00,24.55,0.469,9.05,21.55,22.6006666666667
2025-08-10 09:15:00,25.05,0.459,9.145,23.35,23.2206666666667
2025-08-10 09:30:00,25.5666666666667,0.462666666666667,9.22,25.7,23.902
2025-08-10 09:45:00,26.2666666666667,0.43,9.30333333333333,28.2333333333333,24.4685
2025-08-10 10:00:00,27,0.431666666666667,9.35666666666667,30.3,25.1553333333333
2025-08-10 10:15:00,27.9,0.416333333333333,9.39833333333333,31.9,25.8753333333333
2025-08-10 10:30:00,28.8,0.401,9.44,33.5,26.5031666666667
2025-08-10 10:45:00,29.0666666666667,0.383,9.48,35.5,27.0573333333333
2025-08-10 11:00:00,29.3,0.383,9.52,37.1,27.456
2025-08-10 11:15:00,29.7,0.382333333333333,9.58666666666667,37.9333333333333,28.452
2025-08-10 11:30:00,30.1,0.383666666666667,9.59666666666667,38.9333333333333,29.0326666666667
2025-08-10 11:45:00,30.4333333333333,0.369666666666667,9.60666666666667,39.3666666666667,29.5278333333333
2025-08-10 12:00:00,31.0333333333333,0.354,9.47666666666667,37.7,30.2205
2025-08-10 12:15:00,31.6666666666667,0.339333333333333,9.45666666666667,36.1333333333333,30.7161666666667
2025-08-10 12:30:00,32.0666666666667,0.323666666666667,9.28666666666667,34.5,31.23
2025-08-10 12:45:00,32.7333333333333,0.313666666666667,9.21666666666667,33.2,31.9953333333333
2025-08-10 13:00:00,32.9666666666667,0.314666666666667,9.16,32.3333333333333,32.1215
2025-08-10 13:15:00,33.4,0.302,9.13666666666667,31.7666666666667,33.467
2025-08-10 13:30:00,34.5,0.293,9.13666666666667,31.6,37.048
2025-08-10 13:45:00,34.7666666666667,0.280666666666667,9.17,32.2,38.5013333333333
2025-08-10 14:00:00,35.35,0.2825,9.36,36.7,40.3626666666667
2025-08-10 14:15:00,35.4333333333333,0.275,9.47,39.6333333333333,39.169
2025-08-10 14:30:00,35.6666666666667,0.283666666666667,9.53,41.8,40.2188333333333
2025-08-10 14:45:00,36.2333333333333,0.277666666666667,9.57666666666667,43.3,41.063
2025-08-10 15:00:00,36.9333333333333,0.27,9.6,44.3,41.6966666666667
2025-08-10 15:15:00,37.75,0.267,9.615,44.9,42.4128333333333
2025-08-10 15:30:00,38.0666666666667,0.258333333333333,9.58666666666667,45.4333333333333,42.786
2025-08-10 15:45:00,38.8,0.278,9.595,45.75,43.5013333333333
2025-08-10 16:00:00,38.75,0.2535,9.56,45.65,40.834
2025-08-10 16:15:00,37.3,0.266,9.53,45.1,39.7546666666667
2025-08-10 16:30:00,37.15,0.2815,9.49,44.6,39.4596666666667
2025-08-10 16:45:00,37.7,0.2685,9.465,44.1,40.6724444444444
2025-08-10 17:00:00,37.4,0.252,9.46,43.5,39.7806666666667
2025-08-10 17:15:00,37.45,0.257,9.34,42.55,39.8666666666667
2025-08-10 17:30:00,37.6,0.2665,9.21,39.45,39.8601666666667
2025-08-10 17:45:00,37.4666666666667,0.251333333333333,9.09333333333333,37.3333333333333,39.176
2025-08-10 18:00:00,37.0666666666667,0.285333333333333,9.02,35.9333333333333,39.3106666666667
2025-08-10 18:15:00,37.7666666666667,0.282666666666667,8.98333333333333,34.9333333333333,41.5276666666667
2025-08-10 18:30:00,38.55,0.273,8.945,34.25,34.4573333333333
2025-08-10 18:45:00,38.15,0.291,8.885,33.2,32.4918333333333
2025-08-10 19:00:00,38.6666666666667,0.364333333333333,8.86666666666667,32.7,32.414
2025-08-10 19:15:00,38.2,0.422,8.87,32.6333333333333,29.66
2025-08-10 19:30:00,35.6333333333333,0.393666666666667,8.83333333333333,31.8333333333333,28.143
2025-08-10 19:45:00,32.9,0.461,8.78333333333333,30.7333333333333,25.2788333333333
2025-08-10 20:00:00,29.7333333333333,0.509333333333333,8.75,29.8,22.8778333333333
2025-08-10 20:15:00,26.55,0.573,8.7,28.8,21.4283333333333
2025-08-10 20:30:00,24.1,0.621,8.71,28,20.795
2025-08-10 20:45:00,22.6333333333333,0.641666666666667,8.65333333333333,27.4,21.3333333333333
2025-08-10 21:00:00,22.3,0.6135,8.655,26.9,22.0288888888889
2025-08-10 21:15:00,22.4666666666667,0.548333333333333,8.65333333333333,26.4,22.1177777777778
2025-08-10 21:30:00,22.45,0.5515,8.635,25.9,21.9865
2025-08-10 21:45:00,22.3,0.523,8.62,25.5,21.7141666666667
2025-08-10 22:00:00,22.1,0.524,8.66,25.3,21.1803888888889
2025-08-10 22:15:00,21.7,0.5265,8.655,24.9,20.8455555555556
2025-08-10 22:30:00,21.35,0.527,8.57,24.6,20.7161111111111
2025-08-10 22:45:00,21.1,0.535,8.63,24.3,20.4013888888889
2025-08-10 23:00:00,20.9,0.5315,8.6,24.05,20.3888888888889
2025-08-10 23:15:00,20.8,0.534,8.56,23.8,20.05
2025-08-10 23:30:00,20.4,0.569,8.615,23.45,19.3065
2025-08-10 23:45:00,20.225,0.5815,8.595,23.25,19.6931111111111
2025-08-11 00:00:00,20.05,0.594,8.575,23.05,19.1408333333333
2025-08-11 00:15:00,19.7,0.6055,8.53,22.85,18.848
2025-08-11 00:30:00,19.45,0.619,8.59,22.65,17.764
2025-08-11 00:45:00,18.55,0.6635,8.525,22.35,16.2788333333333
2025-08-11 01:00:00,17.1,0.69,8.53,21.9,15.4088888888889
2025-08-11 01:15:00,16.8,0.682,8.51,21.8,16.0216666666667
2025-08-11 01:30:00,16.55,0.676,8.495,21.4,15.6230555555556
2025-08-11 01:45:00,16.6,0.683,8.45,21.1,16.2522222222222
2025-08-11 02:00:00,16.6,0.682,8.47,21,15.758
2025-08-11 02:15:00,16.5,0.682,8.48,20.9,16.4791666666667
2025-08-11 02:30:00,17.05,0.6675,8.475,20.7,16.647
2025-08-11 02:45:00,17,0.639666666666667,8.48,20.5666666666667,16.5477777777778
2025-08-11 03:00:00,17.05,0.6295,8.46,20.4,16.4702777777778
2025-08-11 03:15:00,16.85,0.6245,8.475,20.35,15.4391666666667
2025-08-11 03:30:00,16.45,0.6105,8.46,20.15,16.1252222222222
2025-08-11 03:45:00,16.55,0.597,8.45,19.95,16.185
2025-08-11 04:00:00,16.4,0.598333333333333,8.42,19.7666666666667,15.5743333333333
2025-08-11 04:15:00,16.1,0.6405,8.42,19.65,15.2758888888889
2025-08-11 04:30:00,15.95,0.6725,8.42,19.5,15.4058333333333
2025-08-11 04:45:00,16.1333333333333,0.659666666666667,8.40333333333333,19.4,16.505
2025-08-11 05:00:00,16.7,0.632,8.39,19.4,16.6833333333333
2025-08-11 05:15:00,17.1666666666667,0.600666666666667,8.42666666666667,19.4,16.7816666666667
2025-08-11 05:30:00,17.0666666666667,0.604,8.39666666666667,19.3333333333333,16.1705555555556
2025-08-11 05:45:00,16.8,0.602,8.41,19.3,15.6513888888889
2025-08-11 06:00:00,16.4,0.632,8.4,19.1,15.5933333333333
2025-08-11 06:15:00,16.3,0.645666666666667,8.38666666666667,19.0666666666667,15.8741666666667
2025-08-11 06:30:00,17.05,0.6365,8.36,19.1,16.29
2025-08-11 06:45:00,18.45,0.6305,8.405,19.25,16.6252777777778
2025-08-11 07:00:00,19.9666666666667,0.638333333333333,8.41666666666667,19.4333333333333,17.035
2025-08-11 07:15:00,22.15,0.591,8.415,19.75,19.053
2025-08-11 07:30:00,24.2416666666667,0.534333333333333,8.44583333333333,20.225,20.0306666666667
2025-08-11 07:45:00,26.3333333333333,0.477666666666667,8.47666666666667,20.7,22.3888888888889
2025-08-11 08:00:00,27.1,0.415666666666667,8.43333333333333,21.3666666666667,24.2947777777778
2025-08-11 08:15:00,27.5,0.4095,8.445,21.9,25.1503333333333
2025-08-11 08:30:00,27.7,0.422,8.49,22.4,25.5033333333333
2025-08-11 08:45:00,28,0.4475,8.47,23.3,25.9808333333333
2025-08-11 09:00:00,28.2333333333333,0.425333333333333,8.49,23.8,26.3693333333333
2025-08-11 09:15:00,28.4666666666667,0.413333333333333,8.53333333333333,24.9666666666667,26.63
2025-08-11 09:30:00,28.95,0.4085,8.635,28.3,27.1733333333333
2025-08-11 09:45:00,29.1666666666667,0.409666666666667,8.71666666666667,30.4,27.4353333333333
2025-08-11 10:00:00,29.5666666666667,0.394333333333333,8.79666666666667,32.4,27.7653333333333
2025-08-11 10:15:00,29.8333333333333,0.389666666666667,8.85333333333333,34.0666666666667,28.1186666666667
2025-08-11 10:30:00,30.5333333333333,0.39,8.90666666666667,35.8,28.9153333333333
2025-08-11 10:45:00,31.3,0.375666666666667,8.95333333333333,37.4333333333333,29.6216666666667
2025-08-11 11:00:00,31.8,0.361333333333333,9.01666666666667,38.9333333333333,30.22
2025-08-11 11:15:00,32.1666666666667,0.336333333333333,9.06666666666667,40.1,30.9053333333333
2025-08-11 11:30:00,32.9333333333333,0.301666666666667,9.09,41.1333333333333,31.7086666666667
2025-08-11 11:45:00,33.5333333333333,0.311333333333333,9.11,41.9,32.1955
2025-08-11 12:00:00,33.95,0.3115,8.99,39.95,32.5626666666667
2025-08-11 12:15:00,34.2,0.292,8.9,38.2,33.0146666666667
2025-08-11 12:30:00,34.55,0.312,8.79,36.75,33.422
2025-08-11 12:45:00,35.0666666666667,0.311333333333333,8.73,35.3333333333333,34.2366666666667
2025-08-11 13:00:00,35.65,0.2915,8.655,34.35,34.3591666666667
2025-08-11 13:15:00,35.5333333333333,0.300666666666667,8.65,33.8333333333333,34.9745
2025-08-11 13:30:00,36,0.279,8.6,33.5,38.8013333333333
2025-08-11 13:45:00,37,0.270666666666667,8.63666666666667,34,41.2153333333333
2025-08-11 14:00:00,36.8,0.2735,8.875,38.35,39.8493333333333
2025-08-11 14:15:00,36.8666666666667,0.265,8.95333333333333,41.2,40.746
2025-08-11 14:30:00,37.5333333333333,0.269333333333333,9.04333333333333,43.5333333333333,41.7501666666667
2025-08-11 14:45:00,37.9,0.26,9.07333333333333,44.75,42.673
2025-08-11 15:00:00,38.2666666666667,0.250666666666667,9.10333333333333,45.9666666666667,43.2138333333333
2025-08-11 15:15:00,38.3,0.269666666666667,9.11666666666667,46.4666666666667,42.8051666666667
2025-08-11 15:30:00,38.7,0.266,9.105,46.9,42.0453333333333
2025-08-11 15:45:00,38.9333333333333,0.25,9.09333333333333,46.8666666666667,43.4326666666667
2025-08-11 16:00:00,39.9,0.240333333333333,9.06666666666667,46.8,43.708
2025-08-11 16:15:00,39.6,0.253,9.05,46.5,42.8968333333333
2025-08-11 16:30:00,39.6,0.2555,9.015,46.25,43.6248333333333
2025-08-11 16:45:00,40.0666666666667,0.248,8.99333333333333,45.7666666666667,42.2713333333333
2025-08-11 17:00:00,40.4,0.2355,8.955,45.1,44.1601666666667
2025-08-11 17:15:00,40.3666666666667,0.249666666666667,8.86666666666667,43.8,44.034
2025-08-11 17:30:00,40.3,0.235666666666667,8.73333333333333,40.9666666666667,43.422
2025-08-11 17:45:00,40.1666666666667,0.253666666666667,8.60333333333333,38.7666666666667,42.992
2025-08-11 18:00:00,39.8333333333333,0.249666666666667,8.55,37.1666666666667,43.25
2025-08-11 18:15:00,39.2333333333333,0.247333333333333,8.50666666666667,36.0333333333333,39.4325
2025-08-11 18:30:00,38.6333333333333,0.260333333333333,8.45666666666667,35.1666666666667,35.3631666666667
2025-08-11 18:45:00,37.4,0.264333333333333,8.42,34.5,34.0593333333333
2025-08-11 19:00:00,36.2,0.278666666666667,8.38,34.0333333333333,33.7953333333333
2025-08-11 19:15:00,35.15,0.287,8.385,33.8,31.594
2025-08-11 19:30:00,33.9,0.309333333333333,8.31333333333333,33.1333333333333,30.2808333333333
2025-08-11 19:45:00,32.4666666666667,0.324,8.29666666666667,32.3,28.5633333333333
2025-08-11 20:00:00,30.6,0.371666666666667,8.24333333333333,31.4333333333333,26.7083333333333
2025-08-11 20:15:00,28.8,0.420333333333333,8.22,30.6,24.6096666666667
2025-08-11 20:30:00,27.1666666666667,0.439666666666667,8.18666666666667,29.7333333333333,24.092
2025-08-11 20:45:00,26.65,0.4275,8.155,29.1,23.7166666666667
2025-08-11 21:00:00,26.4333333333333,0.455666666666667,8.14,28.5333333333333,23.1227777777778
2025-08-11 21:15:00,25.45,0.483,8.115,28.05,22.2016666666667
2025-08-11 21:30:00,25.05,0.517,8.07,27.55,22.0376666666667
2025-08-11 21:45:00,24.25,0.528,8.095,27.2,21.425
2025-08-11 22:00:00,23.7,0.541,8.08,26.9,21.7633333333333
2025-08-11 22:15:00,23.45,0.5565,8.0725,26.6,21.6483333333333
2025-08-11 22:30:00,23.2,0.572,8.065,26.3,20.8822222222222
2025-08-11 22:45:00,22.1,0.605,8.01,25.9,20.4851111111111
2025-08-11 23:00:00,21.7,0.6095,8.015,25.7,20.1255555555556
2025-08-11 23:15:00,21.3,0.614,8.02,25.5,19.7286666666667
2025-08-11 23:30:00,20.7333333333333,0.632666666666667,8.01,25.1,19.5091111111111
2025-08-11 23:45:00,20.65,0.6265,7.985,24.75,19.8216666666667
2025-08-12 00:00:00,20.8,0.592,8.02,24.6,22.4836111111111
2025-08-12 00:15:00,27.1333333333333,0.334666666666667,8,24.9,26.28
2025-08-12 00:30:00,27.9,0.384666666666667,7.99,25.1,24.8552777777778
2025-08-12 00:45:00,27.45,0.342333333333333,7.9925,25.025,23.4382222222222
2025-08-12 01:00:00,27,0.3,7.995,24.95,27.487
2025-08-12 01:15:00,29.0666666666667,0.251,7.99333333333333,25.5666666666667,28.06
2025-08-12 01:30:00,29.1666666666667,0.253,7.98333333333333,25.8333333333333,27.7963888888889
2025-08-12 01:45:00,29.2,0.256,7.99,26,27.6238888888889
2025-08-12 02:00:00,29,0.258,7.95,26,27.5644444444445
2025-08-12 02:15:00,28.3,0.293333333333333,7.97666666666667,25.8666666666667,25.6911111111111
2025-08-12 02:30:00,26.05,0.336,7.985,25.3,23.6658333333333
2025-08-12 02:45:00,24.575,0.378,7.9375,24.75,22.07
2025-08-12 03:00:00,23.1,0.42,7.89,24.2,20.5682222222222
2025-08-12 03:15:00,23.1,0.389666666666667,7.90666666666667,23.8333333333333,22.1638888888889
2025-08-12 03:30:00,26.1,0.313,7.88666666666667,23.9666666666667,25.6916666666667
2025-08-12 03:45:00,28.4,0.3,7.93,24.5,26.6705555555556
2025-08-12 04:00:00,27.95,0.299,7.925,24.55,25.4038888888889
2025-08-12 04:15:00,26.7,0.325,7.895,24.35,24.6055555555555
2025-08-12 04:30:00,25.5,0.37,7.89,24.0666666666667,21.9402777777778
2025-08-12 04:45:00,23.8,0.432,7.89,23.7,19.7943333333333
2025-08-12 05:00:00,20.2,0.572,7.82,22.9,17.7383333333333
2025-08-12 05:15:00,19.45,0.59,7.805,22.6,16.5088888888889
2025-08-12 05:30:00,18.1,0.634,7.8,22.25,16.697
2025-08-12 05:45:00,17.6,0.653,7.83,21.8,16.7062222222222
2025-08-12 06:00:00,17.7,0.664,7.81,21.6,16.7616666666667
2025-08-12 06:15:00,17.7,0.673,7.77,21.6,16.4744444444444
2025-08-12 06:30:00,18.05,0.6815,7.815,21.5,16.9011111111111
2025-08-12 06:45:00,19.9,0.647,7.785,21.55,18.0553333333333
2025-08-12 07:00:00,21.8,0.6015,7.81,21.7,18.9469444444444
2025-08-12 07:15:00,23.65,0.554,8.3225,21.875,20.3275
2025-08-12 07:30:00,25.5,0.5065,8.835,22.05,21.7030555555556
2025-08-12 07:45:00,27,0.4805,9.685,22.35,23.0008333333333
2025-08-12 08:00:00,27.1,0.486,12.31,22.5,23.9505555555556
2025-08-12 08:15:00,28.1,0.466,14.25,22.6,24.7925
2025-08-12 08:30:00,28.4833333333333,0.4605,14.7116666666667,22.8166666666667,25.2336666666667
2025-08-12 08:45:00,28.8666666666667,0.455,15.1733333333333,23.0333333333333,25.946
2025-08-12 09:00:00,29.8,0.435,15.35,23.1,26.3791666666667
2025-08-12 09:15:00,29.7,0.428333333333333,15.4733333333333,24.2666666666667,26.8508333333333
2025-08-12 09:30:00,29.6,0.421666666666667,15.5966666666667,25.4333333333333,27.5596666666667
2025-08-12 09:45:00,30.6333333333333,0.412666666666667,15.6233333333333,27.1666666666667,28.1743333333333
2025-08-12 10:00:00,30.85,0.3885,15.565,28.15,28.4468333333333
2025-08-12 10:15:00,30.7666666666667,0.369666666666667,15.5733333333333,29.1666666666667,28.9635
2025-08-12 10:30:00,31.2666666666667,0.358,15.5733333333333,30.1,29.6673333333333
2025-08-12 10:45:00,31.9,0.325,15.6,31.3,30.1593333333333
2025-08-12 11:00:00,32.4666666666667,0.331666666666667,15.54,32.1,30.8926666666667
2025-08-12 11:15:00,33.1666666666667,0.327666666666667,15.53,33.2,31.1881666666667
2025-08-12 11:30:00,33.5666666666667,0.309666666666667,15.4966666666667,33.9666666666667,31.744
2025-08-12 11:45:00,33.8,0.306,15.42,34.3,32.2006666666667
2025-08-12 12:00:00,33.9666666666667,0.298666666666667,15.1866666666667,33.1333333333333,32.538
2025-08-12 12:15:00,34,0.336,15.04,31.6,33.0773333333333
2025-08-12 12:30:00,34.8,0.2945,14.89,30.5,34.3273333333333
2025-08-12 12:45:00,35.4,0.277,14.82,29.9,35.19
2025-08-12 13:00:00,35.7333333333333,0.277,14.78,29.4333333333333,35.4211111111111
2025-08-12 13:15:00,36.1333333333333,0.273666666666667,14.7033333333333,29.1,38.293
2025-08-12 13:30:00,36.6333333333333,0.285333333333333,14.6766666666667,28.9,41.426
2025-08-12 13:45:00,36.85,0.267,14.7,29.1,40.4531666666667
2025-08-12 14:00:00,37.1666666666667,0.260333333333333,14.9066666666667,32.3333333333333,41.9453333333333
2025-08-12 14:15:00,37.6333333333333,0.247333333333333,14.9233333333333,34.9333333333333,42.2206666666667
2025-08-12 14:30:00,38.2333333333333,0.257333333333333,14.9066666666667,36.3333333333333,42.512
2025-08-12 14:45:00,38.5,0.229333333333333,14.8966666666667,37.1,44.0193333333333
2025-08-12 15:00:00,39,0.226,14.8333333333333,37.6666666666667,43.752
2025-08-12 15:15:00,39.6,0.228,14.7866666666667,38,45.5066666666667
2025-08-12 15:30:00,39.7333333333333,0.216333333333333,14.7433333333333,38.2,44.964
2025-08-12 15:45:00,39.55,0.2255,14.665,38.3,46.085
2025-08-12 16:00:00,40.1666666666667,0.223666666666667,14.58,38.3,43.9326666666667
2025-08-12 16:15:00,40.5,0.228,14.54,38.3,43.9026666666667
2025-08-12 16:30:00,40.45,0.238,14.475,38.25,43.0565
2025-08-12 16:45:00,39.9,0.244,14.375,37.85,42.9577777777778
2025-08-12 17:00:00,39.6,0.2565,14.32,37.65,42.3306666666667
2025-08-12 17:15:00,39.85,0.245,13.995,35.9,42.4386666666667
2025-08-12 17:30:00,39.9333333333333,0.234333333333333,13.89,34.2333333333333,42.1273333333333
2025-08-12 17:45:00,39.6,0.241,13.86,33.3,41.498
2025-08-12 18:00:00,39.1,0.242,13.77,32.4,40.7293333333333
2025-08-12 18:15:00,39.6,0.28,13.715,31.55,40.9573333333333
2025-08-12 18:30:00,40.0666666666667,0.299,13.6533333333333,31.2333333333333,35.5313333333333
2025-08-12 18:45:00,40.0333333333333,0.294333333333333,13.6366666666667,30.9,33.448
2025-08-12 19:00:00,39,0.333,13.595,30.6,33.224
2025-08-12 19:15:00,37.8666666666667,0.408333333333333,13.5466666666667,30.4333333333333,30.342
2025-08-12 19:30:00,36.3,0.392,13.465,29.9,28.1626666666667
2025-08-12 19:45:00,32.7333333333333,0.465,13.4233333333333,29.1666666666667,25.94
2025-08-12 20:00:00,29.3333333333333,0.506333333333333,13.3866666666667,28.5333333333333,24.044
2025-08-12 20:15:00,26.95,0.518,13.345,28.1,22.94
2025-08-12 20:30:00,24.8,0.576,13.32,27.3,22.2486666666667
2025-08-12 20:45:00,24.4,0.528,13.35,27.2,22.0333333333333
2025-08-12 21:00:00,23.9,0.542,13.28,26.8,22.2716666666667
2025-08-12 21:15:00,24.25,0.4745,13.25,26.25,22.8645
2025-08-12 21:30:00,26.4,0.404666666666667,13.1866666666667,25.9,23.4453333333333
2025-08-12 21:45:00,26.9,0.386,13.185,25.6,23.874
2025-08-12 22:00:00,27.1,0.374,13.19,25.4,24.181
2025-08-12 22:15:00,27.1,0.3695,13.125,25.2,24.14
2025-08-12 22:30:00,25.8,0.4205,13.105,24.95,22.9452777777778
2025-08-12 22:45:00,25.1333333333333,0.432333333333333,13.0533333333333,24.6666666666667,22.3435
2025-08-12 23:00:00,24.9,0.469,13.075,24.55,21.5005555555556
2025-08-12 23:15:00,23.6,0.516333333333333,13.0166666666667,24.2666666666667,20.6533333333333
2025-08-12 23:30:00,22.4,0.4755,12.985,23.95,21.2818888888889
2025-08-12 23:45:00,22,0.514,12.88,23.7,20.7883333333333
2025-08-13 00:00:00,21.45,0.5005,12.915,23.55,20.1763888888889
2025-08-13 00:15:00,21.7,0.467,12.88,23.2,21.3866666666667
2025-08-13 00:30:00,22,0.468,12.86,23.1,21.1020833333334
2025-08-13 00:45:00,21.8666666666667,0.466333333333333,12.8333333333333,22.9333333333333,21.0675
2025-08-13 01:00:00,21.7333333333333,0.492,12.8433333333333,22.7333333333333,20.5405555555556
2025-08-13 01:15:00,21.4,0.532,12.83,22.7,18.5277777777778
2025-08-13 01:30:00,19.1,0.635,12.73,22.2,16.9983333333333
2025-08-13 01:45:00,18.7,0.641,12.78,22.1,15.8237777777778
2025-08-13 02:00:00,17.25,0.668,12.755,21.8,15.7241666666667
2025-08-13 02:15:00,16.7,0.6355,12.67,21.55,16.1641666666667
2025-08-13 02:30:00,16.9,0.631,12.66,21.4,16.5788888888889
2025-08-13 02:45:00,17.1,0.619,12.63,21.2,17.1083333333333
2025-08-13 03:00:00,17.8,0.612,12.645,21.05,17.4230555555556
2025-08-13 03:15:00,17.95,0.6065,12.64,20.95,17.0266666666667
2025-08-13 03:30:00,17.65,0.618,12.585,20.8,16.3455
2025-08-13 03:45:00,17.3,0.645,12.57,20.7,16.3134444444444
2025-08-13 04:00:00,17.3,0.603,12.52,20.5,16.9010555555556
2025-08-13 04:15:00,17.4,0.59,12.58,20.4,16.6283333333333
2025-08-13 04:30:00,17.2333333333333,0.592666666666667,12.55,20.2333333333333,16.5666666666667
2025-08-13 04:45:00,17.2,0.623,12.5,20.1,16.7281666666667
2025-08-13 05:00:00,17.5,0.624333333333333,12.5,19.9333333333333,17.13
2025-08-13 05:15:00,17.3,0.632388888888889,12.4966666666667,19.8888888888889,17.2246666666667
2025-08-13 05:30:00,17.1,0.640444444444444,12.4933333333333,19.8444444444444,16.1119444444444
2025-08-13 05:45:00,16.9,0.6485,12.49,19.8,15.8058888888889
2025-08-13 06:00:00,16.6,0.66,12.45,19.7,15.6911666666667
2025-08-13 06:15:00,16.5,0.653,12.425,19.6,15.7016666666667
2025-08-13 06:30:00,16.45,0.692,12.41,19.6,15.1206666666667
2025-08-13 06:45:00,16.9,0.690666666666667,12.42,19.6666666666667,15.6052777777778
2025-08-13 07:00:00,18.15,0.6865,12.4,19.8,16.5206666666667
2025-08-13 07:15:00,19.8,0.654,12.415,19.95,18.3906666666667
2025-08-13 07:30:00,22.7,0.631,12.44,20.3,19.9327777777778
2025-08-13 07:45:00,25.15,0.517,12.425,20.8,21.714
2025-08-13 08:00:00,26.5,0.448666666666667,12.4766666666667,21.2,23.6046666666667
2025-08-13 08:15:00,27.5,0.401,12.43,21.4,24.4635
2025-08-13 08:30:00,28.15,0.422333333333333,12.4633333333333,21.9833333333333,24.9428333333333
2025-08-13 08:45:00,28.8,0.443666666666667,12.4966666666667,22.5666666666667,25.6597222222222
2025-08-13 09:00:00,29.45,0.4235,12.455,22.9,26.0833333333333
2025-08-13 09:15:00,29.6,0.398,12.475,23.45,26.7135
2025-08-13 09:30:00,29.5,0.404333333333333,12.5533333333333,25.3,27.6761666666667
2025-08-13 09:45:00,30.15,0.415,12.585,27.5,27.9791111111111
2025-08-13 10:00:00,30.2666666666667,0.396,12.6166666666667,29.1,28.2121666666667
2025-08-13 10:15:00,30.3,0.3925,12.625,30.5,28.6526666666667
2025-08-13 10:30:00,30.65,0.36,12.645,31.4,29.245
2025-08-13 10:45:00,31.2,0.3435,12.685,32.65,29.7086666666667
2025-08-13 11:00:00,31.85,0.335,12.705,33.85,30.2455555555556
2025-08-13 11:15:00,32.3666666666667,0.325666666666667,12.7066666666667,35.1666666666667,30.704
2025-08-13 11:30:00,32.7666666666667,0.306333333333333,12.72,36.1333333333333,31.142
2025-08-13 11:45:00,33.1,0.306,12.71,36.8,31.545
2025-08-13 12:00:00,33,0.303,12.57,35.2333333333333,31.6333333333333
2025-08-13 12:15:00,33.3,0.275,12.37,32.8,32.1086666666667
2025-08-13 12:30:00,33.6,0.252,12.2833333333333,32,32.6008888888889
2025-08-13 12:45:00,33.75,0.2625,12.225,31.05,32.9923333333333
2025-08-13 13:00:00,34.2,0.273,12.2,30.3,33.2546666666667
2025-08-13 13:15:00,34.7,0.239666666666667,12.1533333333333,29.8,34.9893333333333
2025-08-13 13:30:00,35.2,0.250666666666667,12.1433333333333,29.6333333333333,37.544
2025-08-13 13:45:00,34.9666666666667,0.242,12.19,29.9333333333333,37.9256111111111
2025-08-13 14:00:00,35.1944444444444,0.240666666666667,12.2783333333333,32.5388888888889,38.7236666666667
2025-08-13 14:15:00,35.4222222222222,0.239333333333333,12.3666666666667,35.1444444444444,38.7346666666667
2025-08-13 14:30:00,35.65,0.238,12.455,37.75,39.2466666666667
2025-08-13 14:45:00,35.7,0.227,12.44,38.8,39.434
2025-08-13 15:00:00,36.15,0.226,12.45,39.75,39.4866666666667
2025-08-13 15:15:00,36,0.2,12.43,39.9333333333333,38.8386666666667
2025-08-13 15:30:00,36,0.205,12.3966666666667,40,38.7086666666667
2025-08-13 15:45:00,36.15,0.214,12.33,40.05,39.0466666666667
2025-08-13 16:00:00,36.1,0.227,12.31,39.9,38.622
2025-08-13 16:15:00,35.9,0.226,12.265,39.65,38.5447222222222
2025-08-13 16:30:00,35.9333333333333,0.221666666666667,12.2166666666667,39.4666666666667,38.4351666666667
2025-08-13 16:45:00,35.5,0.225,12.18,39.2,37.7895
2025-08-13 17:00:00,35.1333333333333,0.237,12.1066666666667,38.4666666666667,37.2786666666667
2025-08-13 17:15:00,34.9333333333333,0.245333333333333,11.9533333333333,36.9333333333333,37.236
2025-08-13 17:30:00,34.5,0.240666666666667,11.81,34.7666666666667,36.4166666666667
2025-08-13 17:45:00,34.2333333333333,0.243666666666667,11.7333333333333,33.3666666666667,35.8425
2025-08-13 18:00:00,33.9,0.248,11.675,32.55,34.2286666666667
2025-08-13 18:15:00,33.6,0.257333333333333,11.6366666666667,31.7,32.108
2025-08-13 18:30:00,33.3,0.268,11.63,31.3,31.055
2025-08-13 18:45:00,32.7,0.2835,11.58,30.75,30.3183333333333
2025-08-13 19:00:00,32.05,0.2805,11.58,30.3,29.9761111111111
2025-08-13 19:15:00,31.175,0.291416666666667,11.56,29.85,29.0211111111111
2025-08-13 19:30:00,30.3,0.302333333333333,11.54,29.4,27.9066666666667
2025-08-13 19:45:00,29.6,0.311,11.55,29,27.1586666666667
2025-08-13 20:00:00,28,0.346,11.49,28.25,26.3933333333333
2025-08-13 20:15:00,27.25,0.3565,11.43,27.8,25.5353333333333
2025-08-13 20:30:00,26.45,0.3705,11.445,27.3,24.92
2025-08-13 20:45:00,25.9,0.377666666666667,11.4166666666667,26.8,24.7175
2025-08-13 21:00:00,25.6,0.383,11.36,26.6,24.2113888888889
2025-08-13 21:15:00,25.1,0.395,11.375,26.15,23.7044444444444
2025-08-13 21:30:00,24.6,0.4095,11.325,25.8,23.392
2025-08-13 21:45:00,24.5,0.414,11.35,25.6,22.6030555555556
2025-08-13 22:00:00,23.2,0.46,11.29,25.2,21.5986666666667
2025-08-13 22:15:00,22.1,0.504,11.31,24.8,20.9608333333333
2025-08-13 22:30:00,21.7,0.5215,11.255,24.35,20.6633333333333
2025-08-13 22:45:00,21.25,0.5375,11.24,24.1,20.12
2025-08-13 23:00:00,21,0.5425,11.215,23.9,19.8744444444445
2025-08-13 23:15:00,20.8,0.553,11.19,23.6,19.3997222222222
2025-08-13 23:30:00,20.5,0.571,11.23,23.5,18.2558333333333
2025-08-13 23:45:00,19.35,0.618,11.19,23.05,16.9536666666667
2025-08-14 00:00:00,18.4,0.636,11.14,22.75,16.47875
2025-08-14 00:15:00,17.7,0.638,11.1,22.5,16.7
2025-08-14 00:30:00,18.25,0.6335,11.1,22.35,17.8466666666667
2025-08-14 00:45:00,18.6,0.624,11.09,22.2,17.6591666666667
2025-08-14 01:00:00,18.3,0.632,11.04,22,17.2308333333333
2025-08-14 01:15:00,18.1,0.644,11.02,21.9,16.8161111111111
2025-08-14 01:30:00,17.7,0.666,11.02,21.7,16.18
2025-08-14 01:45:00,16.9,0.677333333333333,10.99,21.3666666666667,15.155
2025-08-14 02:00:00,16.1,0.693,10.99,21,15.3019444444444
2025-08-14 02:15:00,15.55,0.695,10.975,20.8,14.6566666666667
2025-08-14 02:30:00,15,0.697,10.96,20.6,13.4586111111111
2025-08-14 02:45:00,14.4,0.695,10.94,20.4,12.6563888888889
2025-08-14 03:00:00,13.5,0.721,10.93,20.1,12.2172777777778
2025-08-14 03:15:00,13.1666666666667,0.741,10.8833333333333,19.9,12.2372222222222
2025-08-14 03:30:00,13.2,0.746,10.86,19.6,12.0928333333333
2025-08-14 03:45:00,12.8666666666667,0.756666666666667,10.8466666666667,19.5,11.4684444444444
2025-08-14 04:00:00,12.4,0.7715,10.835,19.2,10.9744444444444
2025-08-14 04:15:00,11.9,0.786666666666667,10.8066666666667,19,10.7022222222222
2025-08-14 04:30:00,11.8,0.8265,10.83,18.8,11.6255555555556
2025-08-14 04:45:00,12.2,0.824,10.79,18.7,12.6293333333333
2025-08-14 05:00:00,12.8,0.773,10.79,18.6,12.2658333333333
2025-08-14 05:15:00,12.6,0.771,10.74,18.4,11.3753333333333
2025-08-14 05:30:00,12.3,0.7785,10.775,18.3,10.6913333333333
2025-08-14 05:45:00,11.7,0.791,10.72,18.1,10.6643333333333
2025-08-14 06:00:00,11.65,0.822,10.72,18,11.8116666666667
2025-08-14 06:15:00,12.1,0.818,10.7233333333333,18,11.3541111111111
2025-08-14 06:30:00,12.4,0.819,10.6866666666667,17.9,11.4301666666667
2025-08-14 06:45:00,13.75,0.775,10.705,17.95,12.2068333333333
2025-08-14 07:00:00,15.05,0.731,10.68,18,12.6633333333333
2025-08-14 07:15:00,16.4,0.682,11.16,18.2,14.7877777777778
2025-08-14 07:30:00,18.85,0.5735,11.865,18.6,17.0176666666667
2025-08-14 07:45:00,19.9,0.5305,13,19.05,18.1485
2025-08-14 08:00:00,20.65,0.512,13.96,19.2,18.8
2025-08-14 08:15:00,21,0.495,14.465,19.35,19.35
2025-08-14 08:30:00,21.2,0.469,14.75,19.5,19.6516666666667
2025-08-14 08:45:00,21.5666666666667,0.549333333333333,14.84,19.7,20.388
2025-08-14 09:00:00,22.2333333333333,0.527,14.94,19.9,21.076
2025-08-14 09:15:00,22.65,0.51,15.055,20.5,21.52
2025-08-14 09:30:00,22.9,0.483333333333333,15.1666666666667,21.9333333333333,21.7606666666667
2025-08-14 09:45:00,22.7,0.489,15.13,22.9,21.4171666666667
2025-08-14 10:00:00,23.1,0.4925,15.16,23.75,22.1675
2025-08-14 10:15:00,23.8,0.473,15.13,25.1,22.7326666666667
2025-08-14 10:30:00,24.1666666666667,0.463,15.1266666666667,25.9333333333333,23.3253333333333
2025-08-14 10:45:00,24.8,0.441,15.165,27.15,24.0335
2025-08-14 11:00:00,25.1333333333333,0.428333333333333,15.1366666666667,28.2,24.2351666666667
2025-08-14 11:15:00,25.3333333333333,0.426666666666667,15.1166666666667,29,24.6165
2025-08-14 11:30:00,25.65,0.4265,15.08,29.55,24.948
2025-08-14 11:45:00,25.8,0.433,14.89,29.6,25.3233333333333
2025-08-14 12:00:00,26.3,0.403666666666667,14.8066666666667,28.8,25.8253333333333
2025-08-14 12:15:00,26.65,0.385,14.68,27.8,26.0902777777778
2025-08-14 12:30:00,26.95,0.4185,14.6,26.6,26.6398333333333
2025-08-14 12:45:00,27.5,0.382,14.565,26,27.112
2025-08-14 13:00:00,27.65,0.3655,14.505,25.65,27.4475
2025-08-14 13:15:00,27.9,0.361666666666667,14.51,25.3333333333333,29.9715
2025-08-14 13:30:00,28.2,0.349,14.49,25.2,31.6573333333333
2025-08-14 13:45:00,28.5666666666667,0.33,14.58,25.4333333333333,32.632
2025-08-14 14:00:00,28.95,0.338,14.79,27.4,33.4013333333333
2025-08-14 14:15:00,29.4666666666667,0.31,14.7633333333333,30.3333333333333,33.412
2025-08-14 14:30:00,29.6333333333333,0.312,14.77,31.6666666666667,34.1573333333333
2025-08-14 14:45:00,29.9666666666667,0.314333333333333,14.7433333333333,32.5666666666667,34.232
2025-08-14 15:00:00,30.05,0.3015,14.705,33.05,33.7066666666667
2025-08-14 15:15:00,30.1,0.308,14.6533333333333,33.2,34.096
2025-08-14 15:30:00,30.35,0.269,14.565,33.3,34.048
2025-08-14 15:45:00,30.5,0.276666666666667,14.5066666666667,33.3,33.7228333333333
2025-08-14 16:00:00,30.65,0.2715,14.445,33.25,34.1386666666667
2025-08-14 16:15:00,30.8,0.259333333333333,14.3766666666667,33.1666666666667,34.1785555555556
2025-08-14 16:30:00,31,0.2675,14.34,33.15,34.9186666666667
2025-08-14 16:45:00,31.2666666666667,0.284,14.2733333333333,33.0666666666667,35.2986666666667
2025-08-14 17:00:00,31.45,0.2705,14.205,32.9,35.408
2025-08-14 17:15:00,31.85,0.247,13.985,31.15,36.0906666666667
2025-08-14 17:30:00,31.6,0.2635,13.915,29.95,34.861
2025-08-14 17:45:00,32.2,0.2875,13.885,28.75,36.968
2025-08-14 18:00:00,32.6,0.299,13.79,27.8,35.9273333333333
2025-08-14 18:15:00,32.4,0.293333333333333,13.76,27.5666666666667,33.128
2025-08-14 18:30:00,31.8,0.321,13.77,27.3,28.2241666666667
2025-08-14 18:45:00,30.7,0.342,13.745,26.75,26.7105555555556
2025-08-14 19:00:00,29.7,0.402,13.67,26.5,24.8811111111111
2025-08-14 19:15:00,27.9,0.46,13.63,26,23.5233333333333
2025-08-14 19:30:00,25.95,0.519,13.59,25.5,22.2063888888889
2025-08-14 19:45:00,24.35,0.5475,13.575,25,21.0266666666667
2025-08-14 20:00:00,22.8,0.531666666666667,13.5466666666667,24.7,19.8791666666667
2025-08-14 20:15:00,21.7,0.539,13.57,24.4,18.9075555555556
2025-08-14 20:30:00,20,0.5405,13.505,23.8,18.5672222222222
2025-08-14 20:45:00,19.5,0.556,13.49,23.4,18.3522222222222
2025-08-14 21:00:00,19.1,0.539,13.44,23.1,18.4641666666667
2025-08-14 21:15:00,19.65,0.516,13.41,22.7,19.21
2025-08-14 21:30:00,20.3,0.511,13.44,22.6,19.7944444444444
2025-08-14 21:45:00,20.6,0.477,13.45,22.4,19.8838888888889
2025-08-14 22:00:00,21.2,0.4155,13.37,21.95,20.0888888888889
2025-08-14 22:15:00,21.025,0.4045,13.39,21.75,19.9825
2025-08-14 22:30:00,20.85,0.3935,13.41,21.55,19.0491666666667
2025-08-14 22:45:00,19.8,0.4235,13.355,21.2,18.0666666666667
2025-08-14 23:00:00,19.1,0.437,13.345,21.05,17.555
2025-08-14 23:15:00,18.55,0.4585,13.345,20.85,17.4516666666667
2025-08-14 23:30:00,18.8,0.5015,13.355,20.8,17.9511111111111
2025-08-14 23:45:00,18.8,0.526,13.34,20.8,17.4958333333333
2025-08-15 00:00:00,18.5,0.581,13.34,20.8,16.615
2025-08-15 00:15:00,17.5,0.618,13.4,20.7,16.0933333333333
2025-08-15 00:30:00,16.8,0.655,13.33,20.5,15.2322222222222
2025-08-15 00:45:00,16.4,0.664,13.35,20.3,15.1872222222222
2025-08-15 01:00:00,16.25,0.678,13.33,20.15,15.3246666666667
2025-08-15 01:15:00,16.2,0.6885,13.365,20.25,15.42
2025-08-15 01:30:00,16.15,0.68825,13.3708333333333,20.2416666666667,15.3297222222222
2025-08-15 01:45:00,16.1,0.688,13.3766666666667,20.2333333333333,15.0397222222222
2025-08-15 02:00:00,15.85,0.689,13.375,20.05,14.6841666666667
2025-08-15 02:15:00,15.5,0.6875,13.37,19.8,14.5516666666667
2025-08-15 02:30:00,15.4,0.693,13.4,19.7,14.9963888888889
2025-08-15 02:45:00,15.9,0.675,13.37,19.6,14.8683333333333
2025-08-15 03:00:00,15.6,0.6895,13.375,19.35,14.3556666666667
2025-08-15 03:15:00,15.2,0.696333333333333,13.39,19.4,14.6186111111111
2025-08-15 03:30:00,15.45,0.6895,13.425,19.4,15.0472222222222
2025-08-15 03:45:00,15.6666666666667,0.693,13.42,19.4,15.3075
2025-08-15 04:00:00,15.95,0.6845,13.425,19.4,15.5244444444444
2025-08-15 04:15:00,16.1,0.683,13.465,19.4,15.7773333333333
2025-08-15 04:30:00,16.2,0.6885,13.46,19.4,15.8138888888889
2025-08-15 04:45:00,16.3,0.693,13.45,19.5,15.8375
2025-08-15 05:00:00,16.4,0.696,13.455,19.5,15.6961111111111
2025-08-15 05:15:00,16.2333333333333,0.691333333333333,13.4466666666667,19.4333333333333,15.3541666666667
2025-08-15 05:30:00,16.2,0.6995,13.48,19.4,15.4233333333333
2025-08-15 05:45:00,16.2,0.701,13.49,19.5,15.3661111111111
2025-08-15 06:00:00,16.05,0.7075,13.48,19.5,15.3672222222222
2025-08-15 06:15:00,15.9,0.714,13.47,19.5,15.3433333333333
2025-08-15 06:30:00,16.05,0.709,13.525,19.525,15.5532222222222
2025-08-15 06:45:00,16.2,0.704,13.58,19.55,16.0658333333333
2025-08-15 07:00:00,16.7,0.683,13.59,19.6,16.8316666666667
2025-08-15 07:15:00,17.6666666666667,0.652,13.6366666666667,19.9166666666667,17.6969444444444
2025-08-15 07:30:00,18.6333333333333,0.621,13.6833333333333,20.2333333333333,18.7257777777778
2025-08-15 07:45:00,19.6,0.59,13.73,20.55,19.1061111111111
2025-08-15 08:00:00,19.8,0.603,13.81,20.8,19.5577777777778
2025-08-15 08:15:00,19.8,0.579,13.8,20.9,19.6277777777778
2025-08-15 08:30:00,20.125,0.57825,13.935,21.25,20.3688333333333
2025-08-15 08:45:00,20.45,0.5775,14.07,21.6,21.3826666666667
2025-08-15 09:00:00,21.1666666666667,0.549,14.1633333333333,22.0333333333333,22.226
2025-08-15 09:15:00,21.5,0.535,14.2433333333333,22.1333333333333,22.106
2025-08-15 09:30:00,21.9333333333333,0.539333333333333,14.3733333333333,22.3333333333333,23.1133333333333
2025-08-15 09:45:00,24.1,0.512333333333333,14.6166666666667,23.9333333333333,25.0246666666667
2025-08-15 10:00:00,25.4,0.5295,14.75,25.75,24.7393333333333
2025-08-15 10:15:00,24.7666666666667,0.543666666666667,14.7333333333333,25.9666666666667,24.41
2025-08-15 10:30:00,24.55,0.5585,14.775,25.9,24.0353333333333
2025-08-15 10:45:00,25.2333333333333,0.561,14.9033333333333,27.1666666666667,24.4205
2025-08-15 11:00:00,25.9,0.5275,15.03,28.9,25.0246666666667
2025-08-15 11:15:00,26.5,0.516,15.08,30.5,25.6553333333333
2025-08-15 11:30:00,26.7,0.504,15.1,30.9666666666667,26.204
2025-08-15 11:45:00,26.9,0.484,15.13,31.3,26.8641666666667
2025-08-15 12:00:00,26.4333333333333,0.504666666666667,14.9066666666667,29.7666666666667,26.4033333333333
2025-08-15 12:15:00,25.7,0.518,14.805,28.15,25.6671666666667
2025-08-15 12:30:00,25.55,0.5295,14.81,27.35,26.0053333333333
2025-08-15 12:45:00,26.7,0.508333333333333,14.8,27.2666666666667,27.336
2025-08-15 13:00:00,27.3,0.4795,14.775,26.85,27.45
2025-08-15 13:15:00,26.95,0.482,14.75,26.8,27.2175
2025-08-15 13:30:00,27.3333333333333,0.467,14.77,26.7333333333333,29.851
2025-08-15 13:45:00,28.1,0.4585,14.825,27.05,31.492
2025-08-15 14:00:00,29.1,0.431,14.965,29.1,32.4493333333333
2025-08-15 14:15:00,28.2666666666667,0.443333333333333,14.89,30.1,29.3773333333333
2025-08-15 14:30:00,27.2,0.462,14.67,28.6,27.33
2025-08-15 14:45:00,27.35,0.4545,14.655,27.7,28.0633333333333
2025-08-15 15:00:00,27.75,0.4455,14.685,27.95,28.9846666666667
2025-08-15 15:15:00,27.8,0.455,14.69,28.1,29.389
2025-08-15 15:30:00,28.6333333333333,0.434666666666667,14.7433333333333,29.2666666666667,31.6031666666667
2025-08-15 15:45:00,28.7,0.4305,14.75,30.4,30.7053333333333
2025-08-15 16:00:00,26.95,0.475,14.52,29.35,27.0391666666667
2025-08-15 16:15:00,26.3,0.495,14.45,28.1,26.2286666666667
2025-08-15 16:30:00,26.7,0.494,14.475,27.55,28.318
2025-08-15 16:45:00,27.3333333333333,0.471,14.46,28.0666666666667,28.7301666666667
2025-08-15 17:00:00,27.3,0.482,14.4,27.9,28.3813333333333
2025-08-15 17:15:00,26.6333333333333,0.501333333333333,14.3133333333333,27.1666666666667,27.1053333333333
2025-08-15 17:30:00,26.8,0.521,14.3,26.7,28.0513333333333
2025-08-15 17:45:00,26.975,0.508,14.285,26.3,26.9491666666667
2025-08-15 18:00:00,27.15,0.495,14.27,25.9,29.0626666666667
2025-08-15 18:15:00,27.6333333333333,0.473666666666667,14.2466666666667,25.7,28.1906666666667
2025-08-15 18:30:00,26.7333333333333,0.49,14.1833333333333,25.3,25.4533333333333
2025-08-15 18:45:00,25.4333333333333,0.520666666666667,14.1133333333333,24.8,24.5042777777778
2025-08-15 19:00:00,25,0.5395,14.115,24.45,24.0123333333333
2025-08-15 19:15:00,24.55,0.557,14.115,24.2,23.6566666666667
2025-08-15 19:30:00,24.05,0.559,14.065,23.9,23.2538888888889
2025-08-15 19:45:00,23.65,0.575,14.085,23.65,22.7633333333333
2025-08-15 20:00:00,23.4,0.585666666666667,14.08,23.4666666666667,22.5066666666667
2025-08-15 20:15:00,23.3333333333333,0.583666666666667,14.04,23.2,22.6222222222222
2025-08-15 20:30:00,23.35,0.5845,14.045,23.05,22.37
2025-08-15 20:45:00,23,0.594333333333333,14.0166666666667,22.7666666666667,22.0843888888889
2025-08-15 21:00:00,23.0333333333333,0.592333333333333,14.03,22.6,22.2819444444444
2025-08-15 21:15:00,23,0.588,14,22.4,22.3191666666667
2025-08-15 21:30:00,23.05,0.5885,14,22.25,22.1347222222222
2025-08-15 21:45:00,22.4,0.619,14,22.1,21.4975
2025-08-15 22:00:00,22.0666666666667,0.641333333333333,13.9833333333333,22,21.0475
2025-08-15 22:15:00,21.55,0.6725,13.985,21.85,20.2077777777778
2025-08-15 22:30:00,20.5,0.682,13.97,21.7,19.6683333333333
2025-08-15 22:45:00,20.3,0.6845,13.955,21.6,19.57
2025-08-15 23:00:00,20.1666666666667,0.688,13.97,21.5333333333333,19.3072222222222
2025-08-15 23:15:00,20,0.6865,13.955,21.4,19.175
2025-08-15 23:30:00,20.3,0.689,13.94,21.3,19.5433333333333
2025-08-15 23:45:00,19.975,0.69525,13.9325,21.25,19.0775
