Timestamp,Air Temperature (IW),Relative Humidity (IW),Soil Temperature (IW),Soil Moisture (IW),Berry Temperature
2024-07-16 00:00:00,16.2,0.6495,24.25,2079.73,15.05
2024-07-16 00:15:00,15.5,0.695,23.9,2079.28,14.83
2024-07-16 00:30:00,15.5,0.68225,23.625,2079.1375,14.575
2024-07-16 00:45:00,15.5,0.6695,23.35,2078.995,14.32
2024-07-16 01:00:00,15.5,0.65675,23.075,2078.8525,14.065
2024-07-16 01:15:00,15.5,0.644,22.8,2078.71,13.81
2024-07-16 01:30:00,14.95,0.663,22.5,2079.755,13.5
2024-07-16 01:45:00,14.4,0.682,22.2,2080.8,13.19
2024-07-16 02:00:00,13.75,0.709,21.9,2079.81,12.645
2024-07-16 02:15:00,13.1,0.736,21.6,2078.82,12.1
2024-07-16 02:30:00,13.0125,0.73825,21.3625,2078.5425,12.00625
2024-07-16 02:45:00,12.925,0.7405,21.125,2078.265,11.9125
2024-07-16 03:00:00,12.8375,0.74275,20.8875,2077.9875,11.81875
2024-07-16 03:15:00,12.75,0.745,20.65,2077.71,11.725
2024-07-16 03:30:00,12.6625,0.74725,20.4125,2077.4325,11.63125
2024-07-16 03:45:00,12.575,0.7495,20.175,2077.155,11.5375
2024-07-16 04:00:00,12.4875,0.75175,19.9375,2076.8775,11.44375
2024-07-16 04:15:00,12.4,0.754,19.7,2076.6,11.35
2024-07-16 04:30:00,12.5857142857143,0.729571428571429,19.5428571428571,2076.75142857143,11.6128571428571
2024-07-16 04:45:00,12.7714285714286,0.705142857142857,19.3857142857143,2076.90285714286,11.8757142857143
2024-07-16 05:00:00,12.9571428571429,0.680714285714286,19.2285714285714,2077.05428571429,12.1385714285714
2024-07-16 05:15:00,13.1428571428571,0.656285714285714,19.0714285714286,2077.20571428571,12.4014285714286
2024-07-16 05:30:00,13.3285714285714,0.631857142857143,18.9142857142857,2077.35714285714,12.6642857142857
2024-07-16 05:45:00,13.5142857142857,0.607428571428571,18.7571428571429,2077.50857142857,12.9271428571429
2024-07-16 06:00:00,13.7,0.583,18.6,2077.66,13.19
2024-07-16 06:15:00,14.4333333333333,0.593,18.6,2077.66,13.8666666666667
2024-07-16 06:30:00,15.1666666666667,0.603,18.6,2077.66,14.5433333333333
2024-07-16 06:45:00,15.9,0.613,18.6,2077.66,15.22
2024-07-16 07:00:00,18,0.629,18.9,2077.7,16.88
2024-07-16 07:15:00,20.1,0.645,19.2,2077.74,18.54
2024-07-16 07:30:00,21.28,0.589,19.64,2077.358,19.728
2024-07-16 07:45:00,22.46,0.533,20.08,2076.976,20.916
2024-07-16 08:00:00,23.64,0.477,20.52,2076.594,22.104
2024-07-16 08:15:00,24.82,0.421,20.96,2076.212,23.292
2024-07-16 08:30:00,26,0.365,21.4,2075.83,24.48
2024-07-16 08:45:00,26.4,0.349,22.5333333333333,2075.36333333333,25.0166666666667
2024-07-16 09:00:00,26.8,0.333,23.6666666666667,2074.89666666667,25.5533333333333
2024-07-16 09:15:00,27.2,0.317,24.8,2074.43,26.09
2024-07-16 09:30:00,27.8285714285714,0.309571428571429,26.6857142857143,2075.09142857143,26.6442857142857
2024-07-16 09:45:00,28.4571428571429,0.302142857142857,28.5714285714286,2075.75285714286,27.1985714285714
2024-07-16 10:00:00,29.0857142857143,0.294714285714286,30.4571428571429,2076.41428571429,27.7528571428571
2024-07-16 10:15:00,29.7142857142857,0.287285714285714,32.3428571428571,2077.07571428571,28.3071428571429
2024-07-16 10:30:00,30.3428571428571,0.279857142857143,34.2285714285714,2077.73714285714,28.8614285714286
2024-07-16 10:45:00,30.9714285714286,0.272428571428571,36.1142857142857,2078.39857142857,29.4157142857143
2024-07-16 11:00:00,31.6,0.265,38,2079.06,29.97
2024-07-16 11:15:00,32.05,0.2565,39.05,2079.215,30.5675
2024-07-16 11:30:00,32.5,0.248,40.1,2079.37,31.165
2024-07-16 11:45:00,32.95,0.2395,41.15,2079.525,31.7625
2024-07-16 12:00:00,33.4,0.231,42.2,2079.68,32.36
2024-07-16 12:15:00,33.94,0.2246,40.92,2078.422,32.754
2024-07-16 12:30:00,34.48,0.2182,39.64,2077.164,33.148
2024-07-16 12:45:00,35.02,0.2118,38.36,2075.906,33.542
2024-07-16 13:00:00,35.56,0.2054,37.08,2074.648,33.936
2024-07-16 13:15:00,36.1,0.199,35.8,2073.39,34.33
2024-07-16 13:30:00,36.5,0.1915,36.6833333333333,2073.44,35.6533333333333
2024-07-16 13:45:00,36.9,0.184,37.5666666666667,2073.49,36.9766666666667
2024-07-16 14:00:00,37.3,0.1765,38.45,2073.54,38.3
2024-07-16 14:15:00,37.7,0.169,39.3333333333333,2073.59,39.6233333333333
2024-07-16 14:30:00,38.1,0.1615,40.2166666666667,2073.64,40.9466666666667
2024-07-16 14:45:00,38.5,0.154,41.1,2073.69,42.27
2024-07-16 15:00:00,38.775,0.14475,41.75,2074.0975,41.9775
2024-07-16 15:15:00,39.05,0.1355,42.4,2074.505,41.685
2024-07-16 15:30:00,39.325,0.12625,43.05,2074.9125,41.3925
2024-07-16 15:45:00,39.6,0.117,43.7,2075.32,41.1
2024-07-16 16:00:00,39.8,0.1255,44.05,2075.25,41.85
2024-07-16 16:15:00,40,0.134,44.4,2075.18,42.6
2024-07-16 16:30:00,39.625,0.13825,44.4,2074.6625,41.6575
2024-07-16 16:45:00,39.25,0.1425,44.4,2074.145,40.715
2024-07-16 17:00:00,38.875,0.14675,44.4,2073.6275,39.7725
2024-07-16 17:15:00,38.5,0.151,44.4,2073.11,38.83
2024-07-16 17:30:00,37.9,0.193,44.1,2072.22,38.78
2024-07-16 17:45:00,38.1333333333333,0.1935,42.8,2071.01333333333,38.725
2024-07-16 18:00:00,38.3666666666667,0.194,41.5,2069.80666666667,38.67
2024-07-16 18:15:00,38.6,0.1945,40.2,2068.6,38.615
2024-07-16 18:30:00,38.8333333333333,0.195,38.9,2067.39333333333,38.56
2024-07-16 18:45:00,39.0666666666667,0.1955,37.6,2066.18666666667,38.505
2024-07-16 19:00:00,39.3,0.196,36.3,2064.98,38.45
2024-07-16 19:15:00,37.75,0.2725,35.5,2063.89,33.425
2024-07-16 19:30:00,36.2,0.349,34.7,2062.8,28.4
2024-07-16 19:45:00,34.6,0.345,33.95,2062.32,26.485
2024-07-16 20:00:00,33,0.341,33.2,2061.84,24.57
2024-07-16 20:15:00,29.6,0.351,32.3,2060.6,24.12
2024-07-16 20:30:00,27.35,0.351,31.45,2060.28,23.18
2024-07-16 20:45:00,25.1,0.351,30.6,2059.96,22.24
2024-07-16 21:00:00,25,0.318,29.8,2059.46,22.59
2024-07-16 21:15:00,25.35,0.314,29.325,2059.48,22.9225
2024-07-16 21:30:00,25.7,0.31,28.85,2059.5,23.255
2024-07-16 21:45:00,26.05,0.306,28.375,2059.52,23.5875
2024-07-16 22:00:00,26.4,0.302,27.9,2059.54,23.92
2024-07-16 22:15:00,26.175,0.3,27.6,2059.2125,23.8025
2024-07-16 22:30:00,25.95,0.298,27.3,2058.885,23.685
2024-07-16 22:45:00,25.725,0.296,27,2058.5575,23.5675
2024-07-16 23:00:00,25.5,0.294,26.7,2058.23,23.45
2024-07-16 23:15:00,24.7,0.321,26.5,2057.46,21.74
2024-07-16 23:30:00,24.0333333333333,0.324,26.2333333333333,2057.64,21.61
2024-07-16 23:45:00,23.3666666666667,0.327,25.9666666666667,2057.82,21.48
2024-07-17 00:00:00,22.7,0.33,25.7,2058,21.35
2024-07-17 00:15:00,22.9,0.336,25.5,2057.94,21.29
2024-07-17 00:30:00,22.6,0.347,25.2,2058.21,20.99
2024-07-17 00:45:00,21.76,0.368,24.88,2058.148,20.292
2024-07-17 01:00:00,20.92,0.389,24.56,2058.086,19.594
2024-07-17 01:15:00,20.08,0.41,24.24,2058.024,18.896
2024-07-17 01:30:00,19.24,0.431,23.92,2057.962,18.198
2024-07-17 01:45:00,18.4,0.452,23.6,2057.9,17.5
2024-07-17 02:00:00,19.1,0.421,23.45,2058.165,18.285
2024-07-17 02:15:00,19.8,0.39,23.3,2058.43,19.07
2024-07-17 02:30:00,19.8,0.376,23.2,2057.01,18.65
2024-07-17 02:45:00,18.9,0.4575,23,2057.135,17.555
2024-07-17 03:00:00,18,0.539,22.8,2057.26,16.46
2024-07-17 03:15:00,18,0.5045,22.8,2057.55,17.035
2024-07-17 03:30:00,18,0.47,22.8,2057.84,17.61
2024-07-17 03:45:00,18.2,0.557,22.7,2056.95,17.12
2024-07-17 04:00:00,18,0.527,22.7,2057.38,17.97
2024-07-17 04:15:00,18.65,0.51,22.6,2057.555,18.06
2024-07-17 04:30:00,19.3,0.493,22.5,2057.73,18.15
2024-07-17 04:45:00,19.2,0.494,22.4,2057.19,18.07
2024-07-17 05:00:00,19.5,0.490142857142857,22.4142857142857,2078.62285714286,18.4828571428571
2024-07-17 05:15:00,19.8,0.486285714285714,22.4285714285714,2100.05571428571,18.8957142857143
2024-07-17 05:30:00,20.1,0.482428571428571,22.4428571428571,2121.48857142857,19.3085714285714
2024-07-17 05:45:00,20.4,0.478571428571429,22.4571428571429,2142.92142857143,19.7214285714286
2024-07-17 06:00:00,20.7,0.474714285714286,22.4714285714286,2164.35428571429,20.1342857142857
2024-07-17 06:15:00,21,0.470857142857143,22.4857142857143,2185.78714285714,20.5471428571429
2024-07-17 06:30:00,21.3,0.467,22.5,2207.22,20.96
2024-07-17 06:45:00,22.6,0.417333333333333,22.2666666666667,2326.23333333333,22.3166666666667
2024-07-17 07:00:00,23.9,0.367666666666667,22.0333333333333,2445.24666666667,23.6733333333333
2024-07-17 07:15:00,25.2,0.318,21.8,2564.26,25.03
2024-07-17 07:30:00,25.675,0.31495,22.3,2567.454,25.4725
2024-07-17 07:45:00,26.15,0.3119,22.8,2570.648,25.915
2024-07-17 08:00:00,26.625,0.30885,23.3,2573.842,26.3575
2024-07-17 08:15:00,27.1,0.3058,23.8,2577.036,26.8
2024-07-17 08:30:00,27.575,0.30275,24.3,2580.23,27.2425
2024-07-17 08:45:00,28.05,0.2997,24.8,2583.424,27.685
2024-07-17 09:00:00,28.525,0.29665,25.3,2586.618,28.1275
2024-07-17 09:15:00,29,0.2936,25.8,2589.812,28.57
2024-07-17 09:30:00,29.475,0.29055,26.3,2593.006,29.0125
2024-07-17 09:45:00,29.95,0.2875,26.8,2596.2,29.455
2024-07-17 10:00:00,30.425,0.28445,27.3,2599.394,29.8975
2024-07-17 10:15:00,30.9,0.2814,27.8,2602.588,30.34
2024-07-17 10:30:00,31.375,0.27835,28.3,2605.782,30.7825
2024-07-17 10:45:00,31.85,0.2753,28.8,2608.976,31.225
2024-07-17 11:00:00,32.325,0.27225,29.3,2612.17,31.6675
2024-07-17 11:15:00,32.8,0.2692,29.8,2615.364,32.11
2024-07-17 11:30:00,33.275,0.26615,30.3,2618.558,32.5525
2024-07-17 11:45:00,33.75,0.2631,30.8,2621.752,32.995
2024-07-17 12:00:00,34.225,0.26005,31.3,2624.946,33.4375
2024-07-17 12:15:00,34.7,0.257,31.8,2628.14,33.88
2024-07-17 12:30:00,34.8666666666667,0.251333333333333,31.1166666666667,2611.46666666667,34.055
2024-07-17 12:45:00,35.0333333333333,0.245666666666667,30.4333333333333,2594.79333333333,34.23
2024-07-17 13:00:00,35.2,0.24,29.75,2578.12,34.405
2024-07-17 13:15:00,35.3666666666667,0.234333333333333,29.0666666666667,2561.44666666667,34.58
2024-07-17 13:30:00,35.5333333333333,0.228666666666667,28.3833333333333,2544.77333333333,34.755
2024-07-17 13:45:00,35.7,0.223,27.7,2528.1,34.93
2024-07-17 14:00:00,35.8,0.235666666666667,28.9333333333333,2527,36.2966666666667
2024-07-17 14:15:00,35.9,0.248333333333333,30.1666666666667,2525.9,37.6633333333333
2024-07-17 14:30:00,36,0.261,31.4,2524.8,39.03
2024-07-17 14:45:00,35.3,0.2895,31.35,2514.625,36.415
2024-07-17 15:00:00,34.6,0.318,31.3,2504.45,33.8
2024-07-17 15:15:00,34.3,0.285,31,2495.52,34.38
2024-07-17 15:30:00,35.2,0.322,31.2,2489.3,35.33
2024-07-17 15:45:00,35.25,0.307,31.95,2512.65,36.8
2024-07-17 16:00:00,35.3,0.292,32.7,2536,38.27
2024-07-17 16:15:00,36.4,0.286,33.1,2547.66,39.03
2024-07-17 16:30:00,35.1,0.274333333333333,31.7,2535.96666666667,36.2466666666667
2024-07-17 16:45:00,33.8,0.262666666666667,30.3,2524.27333333333,33.4633333333333
2024-07-17 17:00:00,32.5,0.251,28.9,2512.58,30.68
2024-07-17 17:15:00,32.2,0.251,28.3,2505.155,31.56
2024-07-17 17:30:00,31.9,0.251,27.7,2497.73,32.44
2024-07-17 17:45:00,32.4,0.24,26.8,2491.75,30.87
2024-07-17 18:00:00,28.6,0.514,26.2,2500.83,20.47
2024-07-17 18:15:00,25.3,0.654,26,2504.67,23.48
2024-07-17 18:30:00,27,0.536,26.15,2499.765,26.325
2024-07-17 18:45:00,28.7,0.418,26.3,2494.86,29.17
2024-07-17 19:00:00,30.1,0.349,26,2489.7,29.55
2024-07-17 19:15:00,30.6,0.28,25.3,2483.69,27.91
2024-07-17 19:30:00,30.7,0.296,24.7,2480.72,27.08
2024-07-17 19:45:00,30.3,0.294,24.3333333333333,2476.60666666667,27.1733333333333
2024-07-17 20:00:00,29.9,0.292,23.9666666666667,2472.49333333333,27.2666666666667
2024-07-17 20:15:00,29.5,0.29,23.6,2468.38,27.36
2024-07-17 20:30:00,29.1,0.291333333333333,23.2333333333333,2465.66666666667,27.1091666666667
2024-07-17 20:45:00,28.7,0.292666666666667,22.8666666666667,2462.95333333333,26.8583333333333
2024-07-17 21:00:00,28.3,0.294,22.5,2460.24,26.6075
2024-07-17 21:15:00,28.7,0.287,22.2,2456.74,26.868
2024-07-17 21:30:00,28.3,0.301,21.95,2454.84,26.55775
2024-07-17 21:45:00,27.9,0.315,21.7,2452.94,26.2475
2024-07-17 22:00:00,26.52,0.3646,21.62,2450.988,24.7166666666667
2024-07-17 22:15:00,25.14,0.4142,21.54,2449.036,23.1858333333333
2024-07-17 22:30:00,23.76,0.4638,21.46,2447.084,21.655
2024-07-17 22:45:00,22.38,0.5134,21.38,2445.132,20.1241666666666
2024-07-17 23:00:00,21,0.563,21.3,2443.18,18.5933333333333
2024-07-17 23:15:00,20.5,0.571666666666667,21.1333333333333,2441.46666666667,18.5788888888889
2024-07-17 23:30:00,20,0.580333333333333,20.9666666666667,2439.75333333333,18.5644444444444
2024-07-17 23:45:00,19.5,0.589,20.8,2438.04,18.55
2024-07-18 00:00:00,19.4,0.599,20.6,2436.795,18.3075
2024-07-18 00:15:00,19.3,0.609,20.4,2435.55,18.065
2024-07-18 00:30:00,17.95,0.6925,20.25,2433.73,16.8741666666667
2024-07-18 00:45:00,16.6,0.776,20.1,2431.91,15.6833333333333
2024-07-18 01:00:00,16.3,0.792,20,2431.36,15.8
2024-07-18 01:15:00,16.8,0.758,19.9,2429.41,16.26
2024-07-18 01:30:00,16.6,0.725,19.7,2429.37,16.0575
2024-07-18 01:45:00,16.7,0.723,19.6,2428.33,16.06
2024-07-18 02:00:00,16.34,0.7462,19.48,2427.068,15.675
2024-07-18 02:15:00,15.98,0.7694,19.36,2425.806,15.29
2024-07-18 02:30:00,15.62,0.7926,19.24,2424.544,14.905
2024-07-18 02:45:00,15.26,0.8158,19.12,2423.282,14.52
2024-07-18 03:00:00,14.9,0.839,19,2422.02,14.135
2024-07-18 03:15:00,15.05,0.8315,18.85,2421.915,14.2758333333334
2024-07-18 03:30:00,15.2,0.824,18.7,2421.81,14.4166666666667
2024-07-18 03:45:00,14.6,0.837,18.6,2418.97,14.186
2024-07-18 04:00:00,14.5125,0.8405,18.4875,2418.48375,14.1168125
2024-07-18 04:15:00,14.425,0.844,18.375,2417.9975,14.047625
2024-07-18 04:30:00,14.3375,0.8475,18.2625,2417.51125,13.9784375
2024-07-18 04:45:00,14.25,0.851,18.15,2417.025,13.90925
2024-07-18 05:00:00,14.1625,0.8545,18.0375,2416.53875,13.8400625
2024-07-18 05:15:00,14.075,0.858,17.925,2416.0525,13.770875
2024-07-18 05:30:00,13.9875,0.8615,17.8125,2415.56625,13.7016875
2024-07-18 05:45:00,13.9,0.865,17.7,2415.08,13.6325
2024-07-18 06:00:00,15.05,0.842833333333333,17.9333333333333,2435.705,14.57625
2024-07-18 06:15:00,16.2,0.820666666666667,18.1666666666667,2456.33,15.52
2024-07-18 06:30:00,17.35,0.7985,18.4,2476.955,16.46375
2024-07-18 06:45:00,18.5,0.776333333333333,18.6333333333333,2497.58,17.4075
2024-07-18 07:00:00,19.65,0.754166666666667,18.8666666666667,2518.205,18.35125
2024-07-18 07:15:00,20.8,0.732,19.1,2538.83,19.295
2024-07-18 07:30:00,22.25,0.651,19.6,2546.645,20.5635
2024-07-18 07:45:00,23.7,0.57,20.1,2554.46,21.832
2024-07-18 08:00:00,24.15,0.539,20.35,2560.84,22.57475
2024-07-18 08:15:00,24.6,0.508,20.6,2567.22,23.3175
2024-07-18 08:30:00,24.9333333333333,0.512333333333333,21.2,2569.62666666667,23.7527777777778
2024-07-18 08:45:00,25.2666666666667,0.516666666666667,21.8,2572.03333333333,24.1880555555555
2024-07-18 09:00:00,25.6,0.521,22.4,2574.44,24.6233333333333
2024-07-18 09:15:00,25.9,0.461,23.9,2576.81,25.1075
2024-07-18 09:30:00,26.4666666666667,0.462166666666667,25.1333333333333,2577.75166666667,25.6156944444445
2024-07-18 09:45:00,27.0333333333333,0.463333333333333,26.3666666666667,2578.69333333333,26.1238888888889
2024-07-18 10:00:00,27.6,0.4645,27.6,2579.635,26.6320833333333
2024-07-18 10:15:00,28.1666666666667,0.465666666666667,28.8333333333333,2580.57666666667,27.1402777777778
2024-07-18 10:30:00,28.7333333333333,0.466833333333333,30.0666666666667,2581.51833333333,27.6484722222223
2024-07-18 10:45:00,29.3,0.468,31.3,2582.46,28.1566666666667
2024-07-18 11:00:00,29.8,0.432666666666667,31.9,2583.33666666667,28.6411111111111
2024-07-18 11:15:00,30.3,0.397333333333333,32.5,2584.21333333333,29.1255555555556
2024-07-18 11:30:00,30.8,0.362,33.1,2585.09,29.61
2024-07-18 11:45:00,31.85,0.344,33.35,2585.66,30.36
2024-07-18 12:00:00,32.9,0.326,33.6,2586.23,31.11
2024-07-18 12:15:00,33.4,0.329,33.9,2583,31.5725
2024-07-18 12:30:00,33.7,0.292,32.8,2564.31,31.9325
2024-07-18 12:45:00,33.8,0.361,30.8,2549.16,32.5125
2024-07-18 13:00:00,34.7,0.306,29.4,2541.19,32.7333333333333
2024-07-18 13:15:00,34.9,0.3025,29.9666666666667,2537,33.6961111111111
2024-07-18 13:30:00,35.1,0.299,30.5333333333333,2532.81,34.6588888888889
2024-07-18 13:45:00,35.3,0.2955,31.1,2528.62,35.6216666666666
2024-07-18 14:00:00,35.5,0.292,31.6666666666667,2524.43,36.5844444444444
2024-07-18 14:15:00,35.7,0.2885,32.2333333333333,2520.24,37.5472222222222
2024-07-18 14:30:00,35.9,0.285,32.8,2516.05,38.51
2024-07-18 14:45:00,36.1,0.3005,33.55,2508.3,38.8975
2024-07-18 15:00:00,36.3,0.316,34.3,2500.55,39.285
2024-07-18 15:15:00,36.5333333333333,0.303833333333333,34.1666666666667,2493.96,39.3775
2024-07-18 15:30:00,36.7666666666667,0.291666666666667,34.0333333333333,2487.37,39.47
2024-07-18 15:45:00,37,0.2795,33.9,2480.78,39.5625
2024-07-18 16:00:00,37.2333333333333,0.267333333333333,33.7666666666667,2474.19,39.655
2024-07-18 16:15:00,37.4666666666667,0.255166666666667,33.6333333333333,2467.6,39.7475
2024-07-18 16:30:00,37.7,0.243,33.5,2461.01,39.84
2024-07-18 16:45:00,37.85,0.25,33.3,2455.51,39.79625
2024-07-18 17:00:00,38,0.257,33.1,2450.01,39.7525
2024-07-18 17:15:00,37.9,0.2415,32.95,2445.71,39.265
2024-07-18 17:30:00,37.8,0.226,32.8,2441.41,38.7775
2024-07-18 17:45:00,37.3428571428571,0.242,32.0714285714286,2448.16285714286,37.722619047619
2024-07-18 18:00:00,36.8857142857143,0.258,31.3428571428571,2454.91571428571,36.6677380952381
2024-07-18 18:15:00,36.4285714285714,0.274,30.6142857142857,2461.66857142857,35.6128571428571
2024-07-18 18:30:00,35.9714285714286,0.29,29.8857142857143,2468.42142857143,34.5579761904762
2024-07-18 18:45:00,35.5142857142857,0.306,29.1571428571429,2475.17428571429,33.5030952380952
2024-07-18 19:00:00,35.0571428571429,0.322,28.4285714285714,2481.92714285714,32.4482142857143
2024-07-18 19:15:00,34.6,0.338,27.7,2488.68,31.3933333333333
2024-07-18 19:30:00,33.3,0.474,27.5,2480.95,28.035
2024-07-18 19:45:00,32.4,0.389,27.05,2475.96,28.3391666666666
2024-07-18 20:00:00,31.5,0.304,26.6,2470.97,28.6433333333333
2024-07-18 20:15:00,30.32,0.298,26.04,2467.41,27.5976666666666
2024-07-18 20:30:00,29.14,0.292,25.48,2463.85,26.552
2024-07-18 20:45:00,27.96,0.286,24.92,2460.29,25.5063333333333
2024-07-18 21:00:00,26.78,0.28,24.36,2456.73,24.4606666666667
2024-07-18 21:15:00,25.6,0.274,23.8,2453.17,23.415
2024-07-18 21:30:00,24.5,0.3132,23.46,2451.02,22.246
2024-07-18 21:45:00,23.4,0.3524,23.12,2448.87,21.077
2024-07-18 22:00:00,22.3,0.3916,22.78,2446.72,19.908
2024-07-18 22:15:00,21.2,0.4308,22.44,2444.57,18.739
2024-07-18 22:30:00,20.1,0.47,22.1,2442.42,17.57
2024-07-18 22:45:00,20.7,0.45,21.875,2440.5475,18.522
2024-07-18 23:00:00,21.3,0.43,21.65,2438.675,19.474
2024-07-18 23:15:00,21.9,0.41,21.425,2436.8025,20.426
2024-07-18 23:30:00,22.5,0.39,21.2,2434.93,21.378
2024-07-18 23:45:00,21.5666666666667,0.444333333333333,21.1,2434.25,19.7853333333333
2024-07-19 00:00:00,20.6333333333333,0.498666666666667,21,2433.57,18.1926666666667
2024-07-19 00:15:00,19.7,0.553,20.9,2432.89,16.6
2024-07-19 00:30:00,17.3,0.678,20.6,2432.09,14.9825
2024-07-19 00:45:00,17.2833333333333,0.685,20.4166666666667,2430.63666666667,15.29125
2024-07-19 01:00:00,17.2666666666667,0.692,20.2333333333333,2429.18333333333,15.6
2024-07-19 01:15:00,17.25,0.699,20.05,2427.73,15.90875
2024-07-19 01:30:00,17.2333333333333,0.706,19.8666666666667,2426.27666666667,16.2175
2024-07-19 01:45:00,17.2166666666667,0.713,19.6833333333333,2424.82333333333,16.52625
2024-07-19 02:00:00,17.2,0.72,19.5,2423.37,16.835
2024-07-19 02:15:00,16.8,0.758,19.45,2424.04,15.675
2024-07-19 02:30:00,16.4,0.796,19.4,2424.71,14.515
2024-07-19 02:45:00,16.22,0.8006,19.26,2423.506,14.4192
2024-07-19 03:00:00,16.04,0.8052,19.12,2422.302,14.3234
2024-07-19 03:15:00,15.86,0.8098,18.98,2421.098,14.2276
2024-07-19 03:30:00,15.68,0.8144,18.84,2419.894,14.1318
2024-07-19 03:45:00,15.5,0.819,18.7,2418.69,14.036
2024-07-19 04:00:00,14.3,0.868,18.6,2419.24,13.13
2024-07-19 04:15:00,13.8,0.896,18.4,2418.57,13.375
2024-07-19 04:30:00,14.3,0.857,18.3,2417.02,14.108
2024-07-19 04:45:00,14.7,0.8455,18.2,2416.3,13.919
2024-07-19 05:00:00,15.1,0.834,18.1,2415.58,13.73
2024-07-19 05:15:00,15.06,0.8354,18,2414.996,13.9206666666667
2024-07-19 05:30:00,15.02,0.8368,17.9,2414.412,14.1113333333333
2024-07-19 05:45:00,14.98,0.8382,17.8,2413.828,14.302
2024-07-19 06:00:00,14.94,0.8396,17.7,2413.244,14.4926666666666
2024-07-19 06:15:00,14.9,0.841,17.6,2412.66,14.6833333333333
2024-07-19 06:30:00,15.5,0.853,17.7,2411.41,14.52
2024-07-19 06:45:00,16,0.864,17.8,2412.26,15.1366666666667
2024-07-19 07:00:00,17.4,0.851,18.1,2411.03,16.3
2024-07-19 07:15:00,19.2666666666667,0.782,18.6,2410.60666666667,18.03
2024-07-19 07:30:00,21.1333333333333,0.713,19.1,2410.18333333333,19.76
2024-07-19 07:45:00,23,0.644,19.6,2409.76,21.49
2024-07-19 08:00:00,23.2,0.5775,19.9,2408.76,21.925
2024-07-19 08:15:00,23.4,0.511,20.2,2407.76,22.36
2024-07-19 08:30:00,23.7833333333333,0.510333333333333,21.1333333333333,2405.57333333333,22.823
2024-07-19 08:45:00,24.1666666666667,0.509666666666667,22.0666666666667,2403.38666666667,23.286
2024-07-19 09:00:00,24.55,0.509,23,2401.2,23.749
2024-07-19 09:15:00,24.9333333333333,0.508333333333333,23.9333333333333,2399.01333333333,24.212
2024-07-19 09:30:00,25.3166666666667,0.507666666666667,24.8666666666667,2396.82666666667,24.675
2024-07-19 09:45:00,25.7,0.507,25.8,2394.64,25.138
2024-07-19 10:00:00,26.4,0.47,27.1,2392.58,25.565
2024-07-19 10:15:00,26.95,0.452,28.1,2382.235,26.15625
2024-07-19 10:30:00,27.5,0.434,29.1,2371.89,26.7475
2024-07-19 10:45:00,28.3,0.423,29.95,2368.2,27.47375
2024-07-19 11:00:00,29.1,0.412,30.8,2364.51,28.2
2024-07-19 11:15:00,29.7,0.356,31.5,2361.58,28.67
2024-07-19 11:30:00,30.1,0.339,31.95,2357.35,29.131
2024-07-19 11:45:00,30.5,0.322,32.4,2353.12,29.592
2024-07-19 12:00:00,31.1,0.349,33,2349.41,30.1225
2024-07-19 12:15:00,31.56,0.3304,31.88,2344.444,30.566
2024-07-19 12:30:00,32.02,0.3118,30.76,2339.478,31.0095
2024-07-19 12:45:00,32.48,0.2932,29.64,2334.512,31.453
2024-07-19 13:00:00,32.94,0.2746,28.52,2329.546,31.8965
2024-07-19 13:15:00,33.4,0.256,27.4,2324.58,32.34
2024-07-19 13:30:00,33.775,0.23375,28.125,2321.0325,33.47125
2024-07-19 13:45:00,34.15,0.2115,28.85,2317.485,34.6025
2024-07-19 14:00:00,34.525,0.18925,29.575,2313.9375,35.73375
2024-07-19 14:15:00,34.9,0.167,30.3,2310.39,36.865
2024-07-19 14:30:00,35.1666666666667,0.187666666666667,31.6,2306.90333333333,37.8
2024-07-19 14:45:00,35.4333333333333,0.208333333333333,32.9,2303.41666666667,38.735
2024-07-19 15:00:00,35.7,0.229,34.2,2299.93,39.67
2024-07-19 15:15:00,35.8666666666667,0.24,34.6,2296.00666666667,39.47
2024-07-19 15:30:00,36.0333333333333,0.251,35,2292.08333333333,39.27
2024-07-19 15:45:00,36.2,0.262,35.4,2288.16,39.07
2024-07-19 16:00:00,36.4,0.2525,35.35,2284.015,38.993
2024-07-19 16:15:00,36.6,0.243,35.3,2279.87,38.916
2024-07-19 16:30:00,36.6666666666667,0.235666666666667,35.2666666666667,2276.13333333333,38.9106666666667
2024-07-19 16:45:00,36.7333333333333,0.228333333333333,35.2333333333333,2272.39666666667,38.9053333333333
2024-07-19 17:00:00,36.8,0.221,35.2,2268.66,38.9
2024-07-19 17:15:00,36.3,0.2304,34.28,2264.26,38.4815
2024-07-19 17:30:00,35.8,0.2398,33.36,2259.86,38.063
2024-07-19 17:45:00,35.3,0.2492,32.44,2255.46,37.6445
2024-07-19 18:00:00,34.8,0.2586,31.52,2251.06,37.226
2024-07-19 18:15:00,34.3,0.268,30.6,2246.66,36.8075
2024-07-19 18:30:00,34.1166666666667,0.304666666666667,30.1333333333333,2243.845,34.9391666666667
2024-07-19 18:45:00,33.9333333333333,0.341333333333333,29.6666666666667,2241.03,33.0708333333333
2024-07-19 19:00:00,33.75,0.378,29.2,2238.215,31.2025
2024-07-19 19:15:00,33.5666666666667,0.414666666666667,28.7333333333333,2235.4,29.3341666666667
2024-07-19 19:30:00,33.3833333333333,0.451333333333333,28.2666666666667,2232.585,27.4658333333333
2024-07-19 19:45:00,33.2,0.488,27.8,2229.77,25.5975
2024-07-19 20:00:00,31.6333333333333,0.464833333333333,27.2,2228.47333333333,25.0925
2024-07-19 20:15:00,30.0666666666667,0.441666666666667,26.6,2227.17666666667,24.5875
2024-07-19 20:30:00,28.5,0.4185,26,2225.88,24.0825
2024-07-19 20:45:00,26.9333333333333,0.395333333333333,25.4,2224.58333333333,23.5775
2024-07-19 21:00:00,25.3666666666667,0.372166666666667,24.8,2223.28666666667,23.0725
2024-07-19 21:15:00,23.8,0.349,24.2,2221.99,22.5675
2024-07-19 21:30:00,22.65,0.409,23.8,2221.475,20.610625
2024-07-19 21:45:00,21.5,0.469,23.4,2220.96,18.65375
2024-07-19 22:00:00,20.35,0.529,23,2220.445,16.696875
2024-07-19 22:15:00,19.2,0.589,22.6,2219.93,14.74
2024-07-19 22:30:00,19,0.59975,22.3,2219.6025,15.023
2024-07-19 22:45:00,18.8,0.6105,22,2219.275,15.306
2024-07-19 23:00:00,18.6,0.62125,21.7,2218.9475,15.589
2024-07-19 23:15:00,18.4,0.632,21.4,2218.62,15.872
2024-07-19 23:30:00,16.9,0.704,21.1,2217.27,15.1033333333333
2024-07-19 23:45:00,16.15,0.7305,20.85,2216.65,14.8616666666667
2024-07-20 00:00:00,15.4,0.757,20.6,2216.03,14.62
2024-07-20 00:15:00,15.6,0.754,20.4,2215.625,14.4625
2024-07-20 00:30:00,15.8,0.751,20.2,2215.22,14.305
2024-07-20 00:45:00,16,0.712,19.95,2214.405,15.0625
2024-07-20 01:00:00,16.2,0.673,19.7,2213.59,15.82
2024-07-20 01:15:00,16,0.726,19.5,2214.23,14.675
2024-07-20 01:30:00,15.3,0.7515,19.35,2213.875,14.06375
2024-07-20 01:45:00,14.6,0.777,19.2,2213.52,13.4525
2024-07-20 02:00:00,14.45,0.77725,19,2212.925,13.42375
2024-07-20 02:15:00,14.3,0.7775,18.8,2212.33,13.395
2024-07-20 02:30:00,14.15,0.77775,18.6,2211.735,13.36625
2024-07-20 02:45:00,14,0.778,18.4,2211.14,13.3375
2024-07-20 03:00:00,13.9142857142857,0.785285714285714,18.2428571428571,2210.93285714286,13.2567857142857
2024-07-20 03:15:00,13.8285714285714,0.792571428571429,18.0857142857143,2210.72571428571,13.1760714285714
2024-07-20 03:30:00,13.7428571428571,0.799857142857143,17.9285714285714,2210.51857142857,13.0953571428571
2024-07-20 03:45:00,13.6571428571429,0.807142857142857,17.7714285714286,2210.31142857143,13.0146428571429
2024-07-20 04:00:00,13.5714285714286,0.814428571428571,17.6142857142857,2210.10428571429,12.9339285714286
2024-07-20 04:15:00,13.4857142857143,0.821714285714286,17.4571428571429,2209.89714285714,12.8532142857143
2024-07-20 04:30:00,13.4,0.829,17.3,2209.69,12.7725
2024-07-20 04:45:00,13.3,0.82,17.2,2207.72,12.9166666666667
2024-07-20 05:00:00,13.1,0.841,17.1,2208.81,12.5366666666667
2024-07-20 05:15:00,13,0.839,16.9,2206.88,12.41
2024-07-20 05:30:00,13.1,0.8315,16.8,2207.175,12.721
2024-07-20 05:45:00,13.2,0.824,16.7,2207.47,13.032
2024-07-20 06:00:00,13.6,0.819,16.7,2207.325,13.2585
2024-07-20 06:15:00,14,0.814,16.7,2207.18,13.485
2024-07-20 06:30:00,15.3666666666667,0.793,16.8666666666667,2206.88,14.5911111111111
2024-07-20 06:45:00,16.7333333333333,0.772,17.0333333333333,2206.58,15.6972222222222
2024-07-20 07:00:00,18.1,0.751,17.2,2206.28,16.8033333333333
2024-07-20 07:15:00,19.6333333333333,0.678333333333333,17.7333333333333,2206.17,18.2863888888889
2024-07-20 07:30:00,21.1666666666667,0.605666666666667,18.2666666666667,2206.06,19.7694444444444
2024-07-20 07:45:00,22.7,0.533,18.8,2205.95,21.2525
2024-07-20 08:00:00,23.1,0.538,19.2,2204.97,21.87
2024-07-20 08:15:00,23.5,0.524,19.5,2203.56666666667,22.3922222222222
2024-07-20 08:30:00,23.9,0.51,19.8,2202.16333333333,22.9144444444445
2024-07-20 08:45:00,24.3,0.496,20.1,2200.76,23.4366666666667
2024-07-20 09:00:00,24.9,0.483,20.9,2201.09,24.155
2024-07-20 09:15:00,25.3,0.4735,22.9,2199.98,24.53
2024-07-20 09:30:00,25.7,0.464,24.9,2198.87,24.905
2024-07-20 09:45:00,26.3,0.444666666666667,26.6333333333333,2197.57333333333,25.4266666666667
2024-07-20 10:00:00,26.9,0.425333333333333,28.3666666666667,2196.27666666667,25.9483333333333
2024-07-20 10:15:00,27.5,0.406,30.1,2194.98,26.47
2024-07-20 10:30:00,28.17,0.3933,30.56,2192.513,27.10875
2024-07-20 10:45:00,28.84,0.3806,31.02,2190.046,27.7475
2024-07-20 11:00:00,29.51,0.3679,31.48,2187.579,28.38625
2024-07-20 11:15:00,30.18,0.3552,31.94,2185.112,29.025
2024-07-20 11:30:00,30.85,0.3425,32.4,2182.645,29.66375
2024-07-20 11:45:00,31.52,0.3298,32.86,2180.178,30.3025
2024-07-20 12:00:00,32.19,0.3171,33.32,2177.711,30.94125
2024-07-20 12:15:00,32.86,0.3044,33.78,2175.244,31.58
2024-07-20 12:30:00,33.53,0.2917,34.24,2172.777,32.21875
2024-07-20 12:45:00,34.2,0.279,34.7,2170.31,32.8575
2024-07-20 13:00:00,34.9,0.279,32.8,2167.75,33.422
2024-07-20 13:15:00,35.3,0.268,32.0333333333333,2164.10666666667,33.946
2024-07-20 13:30:00,35.7,0.257,31.2666666666667,2160.46333333333,34.47
2024-07-20 13:45:00,36.1,0.246,30.5,2156.82,34.994
2024-07-20 14:00:00,36.4666666666667,0.238,32.3,2155.87666666667,36.916
2024-07-20 14:15:00,36.8333333333333,0.23,34.1,2154.93333333333,38.838
2024-07-20 14:30:00,37.2,0.222,35.9,2153.99,40.76
2024-07-20 14:45:00,37.325,0.212,36.7,2152.17,40.9033333333333
2024-07-20 15:00:00,37.45,0.202,37.5,2150.35,41.0466666666667
2024-07-20 15:15:00,37.575,0.192,38.3,2148.53,41.19
2024-07-20 15:30:00,37.7,0.182,39.1,2146.71,41.3333333333333
2024-07-20 15:45:00,37.7333333333333,0.180666666666667,39.3333333333333,2145.06,41.0763888888889
2024-07-20 16:00:00,37.7666666666667,0.179333333333333,39.5666666666667,2143.41,40.8194444444444
2024-07-20 16:15:00,37.8,0.178,39.8,2141.76,40.5625
2024-07-20 16:30:00,37.775,0.18275,39.65,2140.3475,40.435625
2024-07-20 16:45:00,37.75,0.1875,39.5,2138.935,40.30875
2024-07-20 17:00:00,37.725,0.19225,39.35,2137.5225,40.181875
2024-07-20 17:15:00,37.7,0.197,39.2,2136.11,40.055
2024-07-20 17:30:00,37.88,0.2068,38.28,2134.364,39.73
2024-07-20 17:45:00,38.06,0.2166,37.36,2132.618,39.405
2024-07-20 18:00:00,38.24,0.2264,36.44,2130.872,39.08
2024-07-20 18:15:00,38.42,0.2362,35.52,2129.126,38.755
2024-07-20 18:30:00,38.6,0.246,34.6,2127.38,38.43
2024-07-20 18:45:00,36.9125,0.27425,33.8875,2126.255,36.3340625
2024-07-20 19:00:00,35.225,0.3025,33.175,2125.13,34.238125
2024-07-20 19:15:00,33.5375,0.33075,32.4625,2124.005,32.1421875
2024-07-20 19:30:00,31.85,0.359,31.75,2122.88,30.04625
2024-07-20 19:45:00,30.1625,0.38725,31.0375,2121.755,27.9503125
2024-07-20 20:00:00,28.475,0.4155,30.325,2120.63,25.854375
2024-07-20 20:15:00,26.7875,0.44375,29.6125,2119.505,23.7584375
2024-07-20 20:30:00,25.1,0.472,28.9,2118.38,21.6625
2024-07-20 20:45:00,24.1,0.4275,28.1,2117.995,21.7029166666667
2024-07-20 21:00:00,23.1,0.383,27.3,2117.61,21.7433333333333
2024-07-20 21:15:00,22.8,0.383,26.7,2116.62,20.834
2024-07-20 21:30:00,21.6,0.386,26.15,2117.33,20.4703333333333
2024-07-20 21:45:00,20.4,0.389,25.6,2118.04,20.1066666666667
2024-07-20 22:00:00,23.2,0.314,25.2,2115.96,21.396
2024-07-20 22:15:00,23.9,0.287,24.9,2115.635,22.488
2024-07-20 22:30:00,24.6,0.26,24.6,2115.31,23.58
2024-07-20 22:45:00,24.85,0.266,24.35,2114.575,23.89
2024-07-20 23:00:00,25.1,0.272,24.1,2113.84,24.2
2024-07-20 23:15:00,24.88,0.2858,23.96,2113.682,23.537
2024-07-20 23:30:00,24.66,0.2996,23.82,2113.524,22.874
2024-07-20 23:45:00,24.44,0.3134,23.68,2113.366,22.211
2024-07-21 00:00:00,24.22,0.3272,23.54,2113.208,21.548
2024-07-21 00:15:00,24,0.341,23.4,2113.05,20.885
2024-07-21 00:30:00,21.5,0.464,23.1,2113.4,17.81
2024-07-21 00:45:00,18.6,0.545,22.7,2113.59,16.65
2024-07-21 01:00:00,17.4,0.585,22.4,2113.94,16.4366666666667
2024-07-21 01:15:00,17.1,0.609,22,2113.09,15.8375
2024-07-21 01:30:00,16.775,0.623625,21.7875,2112.80125,15.51875
2024-07-21 01:45:00,16.45,0.63825,21.575,2112.5125,15.2
2024-07-21 02:00:00,16.125,0.652875,21.3625,2112.22375,14.88125
2024-07-21 02:15:00,15.8,0.6675,21.15,2111.935,14.5625
2024-07-21 02:30:00,15.475,0.682125,20.9375,2111.64625,14.24375
2024-07-21 02:45:00,15.15,0.69675,20.725,2111.3575,13.925
2024-07-21 03:00:00,14.825,0.711375,20.5125,2111.06875,13.60625
2024-07-21 03:15:00,14.5,0.726,20.3,2110.78,13.2875
2024-07-21 03:30:00,14.16,0.7558,20.08,2110.65,13.112
2024-07-21 03:45:00,13.82,0.7856,19.86,2110.52,12.9365
2024-07-21 04:00:00,13.48,0.8154,19.64,2110.39,12.761
2024-07-21 04:15:00,13.14,0.8452,19.42,2110.26,12.5855
2024-07-21 04:30:00,12.8,0.875,19.2,2110.13,12.41
2024-07-21 04:45:00,12.85,0.8465,19.05,2109.34,12.4525
2024-07-21 05:00:00,12.9,0.818,18.9,2108.55,12.495
2024-07-21 05:15:00,14.5666666666667,0.721333333333333,18.8333333333333,2109.07666666667,14.2733333333333
2024-07-21 05:30:00,16.2333333333333,0.624666666666667,18.7666666666667,2109.60333333333,16.0516666666667
2024-07-21 05:45:00,17.9,0.528,18.7,2110.13,17.83
2024-07-21 06:00:00,18.6,0.636,18.8,2108.68,16.17
2024-07-21 06:15:00,18.35,0.6135,18.95,2108.845,16.8
2024-07-21 06:30:00,18.1,0.591,19.1,2109.01,17.43
2024-07-21 06:45:00,19,0.641,19.3,2107.975,17.8
2024-07-21 07:00:00,19.9,0.691,19.5,2106.94,18.17
2024-07-21 07:15:00,21.4,0.514,19.9,2106.8,21.0625
2024-07-21 07:30:00,22.4333333333333,0.513666666666667,20.3333333333333,2106.28333333333,21.7803333333333
2024-07-21 07:45:00,23.4666666666667,0.513333333333333,20.7666666666667,2105.76666666667,22.4981666666667
2024-07-21 08:00:00,24.5,0.513,21.2,2105.25,23.216
2024-07-21 08:15:00,24.95,0.4915,21.6,2104.555,23.5946666666667
2024-07-21 08:30:00,25.4,0.47,22,2103.86,23.9733333333333
2024-07-21 08:45:00,26.05,0.458,22.65,2104.38,24.7926666666666
2024-07-21 09:00:00,26.7,0.446,23.3,2104.9,25.612
2024-07-21 09:15:00,27.15,0.4335,24.95,2104.495,25.986
2024-07-21 09:30:00,27.6,0.421,26.6,2104.09,26.36
2024-07-21 09:45:00,27.8,0.413,28.5,2104.43,26.996
2024-07-21 10:00:00,28.5,0.428,30,2103.57,28.048
2024-07-21 10:15:00,28.725,0.41725,30.775,2103.2,28.3126666666667
2024-07-21 10:30:00,28.95,0.4065,31.55,2102.83,28.5773333333333
2024-07-21 10:45:00,29.175,0.39575,32.325,2102.46,28.842
2024-07-21 11:00:00,29.4,0.385,33.1,2102.09,29.1066666666667
2024-07-21 11:15:00,30.15,0.394,33.7,2102.055,29.8833333333334
2024-07-21 11:30:00,30.9,0.403,34.3,2102.02,30.66
2024-07-21 11:45:00,31.5,0.388,35.5,2100.64,30.6325
2024-07-21 12:00:00,32.0666666666667,0.355,35.6,2100.32333333333,31.2658333333333
2024-07-21 12:15:00,32.6333333333333,0.322,35.7,2100.00666666667,31.8991666666667
2024-07-21 12:30:00,33.2,0.289,35.8,2099.69,32.5325
2024-07-21 12:45:00,33.5,0.29,34.7,2098.59,33.305
2024-07-21 13:00:00,34.05,0.2775,34.3,2097.83,33.72625
2024-07-21 13:15:00,34.6,0.265,33.9,2097.07,34.1475
2024-07-21 13:30:00,34.5,0.308,33.8,2095.02,33.57
2024-07-21 13:45:00,33.45,0.3405,33.8,2094.105,32.424
2024-07-21 14:00:00,32.4,0.373,33.8,2093.19,31.278
2024-07-21 14:15:00,31.55,0.4175,33.4,2093.68,30.234
2024-07-21 14:30:00,30.7,0.462,33,2094.17,29.19
2024-07-21 14:45:00,30.2333333333333,0.480333333333333,32.5,2092.88666666667,29.2641666666667
2024-07-21 15:00:00,29.7666666666667,0.498666666666667,32,2091.60333333333,29.3383333333333
2024-07-21 15:15:00,29.3,0.517,31.5,2090.32,29.4125
2024-07-21 15:30:00,29.55,0.50825,31.35,2090.095,29.208125
2024-07-21 15:45:00,29.8,0.4995,31.2,2089.87,29.00375
2024-07-21 16:00:00,30.05,0.49075,31.05,2089.645,28.799375
2024-07-21 16:15:00,30.3,0.482,30.9,2089.42,28.595
2024-07-21 16:30:00,30.2,0.45,30.5333333333333,2089.3,28.8611111111111
2024-07-21 16:45:00,30.1,0.418,30.1666666666667,2089.18,29.1272222222222
2024-07-21 17:00:00,30,0.386,29.8,2089.06,29.3933333333333
2024-07-21 17:15:00,32.25,0.3035,29.8,2088.11,31.3341666666666
2024-07-21 17:30:00,34.5,0.221,29.8,2087.16,33.275
2024-07-21 17:45:00,33.975,0.26825,29.7375,2086.8325,32.5714583333333
2024-07-21 18:00:00,33.45,0.3155,29.675,2086.505,31.8679166666667
2024-07-21 18:15:00,32.925,0.36275,29.6125,2086.1775,31.164375
2024-07-21 18:30:00,32.4,0.41,29.55,2085.85,30.4608333333333
2024-07-21 18:45:00,31.875,0.45725,29.4875,2085.5225,29.7572916666667
2024-07-21 19:00:00,31.35,0.5045,29.425,2085.195,29.05375
2024-07-21 19:15:00,30.825,0.55175,29.3625,2084.8675,28.3502083333334
2024-07-21 19:30:00,30.3,0.599,29.3,2084.54,27.6466666666667
2024-07-21 19:45:00,30.6,0.36,29,2084.71,28.75
2024-07-21 20:00:00,30.6,0.433,28.6,2083.62,27.446
2024-07-21 20:15:00,29.5,0.384,28.4,2083.21,26.3766666666667
2024-07-21 20:30:00,27.8,0.514,28.2,2083.45,24.715
2024-07-21 20:45:00,26.5,0.551,27.7,2083.97,23.4733333333333
2024-07-21 21:00:00,24.5,0.587,27.2,2083.38,22.3866666666667
2024-07-21 21:15:00,23.4,0.58,26.7,2082.93,22.7
2024-07-21 21:30:00,23.3,0.606,26.3,2082.67,22.17
2024-07-21 21:45:00,23.1,0.589,26,2081.19,22.2575
2024-07-21 22:00:00,23.9,0.55,25.8,2081.47,23.66
2024-07-21 22:15:00,24.9,0.514,25.7333333333333,2081.62333333333,24.0866666666667
2024-07-21 22:30:00,25.9,0.478,25.6666666666667,2081.77666666667,24.5133333333333
2024-07-21 22:45:00,26.9,0.442,25.6,2081.93,24.94
2024-07-21 23:00:00,26.7,0.429,25.4333333333333,2081.93666666667,25.0477777777778
2024-07-21 23:15:00,26.5,0.416,25.2666666666667,2081.94333333333,25.1555555555555
2024-07-21 23:30:00,26.3,0.403,25.1,2081.95,25.2633333333333
2024-07-21 23:45:00,25.85,0.44075,24.975,2081.9725,24.536875
2024-07-22 00:00:00,25.4,0.4785,24.85,2081.995,23.8104166666667
2024-07-22 00:15:00,24.95,0.51625,24.725,2082.0175,23.0839583333333
2024-07-22 00:30:00,24.5,0.554,24.6,2082.04,22.3575
2024-07-22 00:45:00,23.55,0.602,24.45,2081.805,21.62875
2024-07-22 01:00:00,22.6,0.65,24.3,2081.57,20.9
2024-07-22 01:15:00,21.7666666666667,0.684333333333333,24.0333333333333,2081.12333333333,20.2716666666667
2024-07-22 01:30:00,20.9333333333333,0.718666666666667,23.7666666666667,2080.67666666667,19.6433333333333
2024-07-22 01:45:00,20.1,0.753,23.5,2080.23,19.015
2024-07-22 02:00:00,19.6,0.749,23.3,2081.28,19.2266666666667
2024-07-22 02:15:00,20.35,0.72,23.1,2080.92,19.3958333333334
2024-07-22 02:30:00,21.1,0.691,22.9,2080.56,19.565
2024-07-22 02:45:00,20.8857142857143,0.699857142857143,22.7285714285714,2080.57571428571,19.504
2024-07-22 03:00:00,20.6714285714286,0.708714285714286,22.5571428571429,2080.59142857143,19.443
2024-07-22 03:15:00,20.4571428571429,0.717571428571429,22.3857142857143,2080.60714285714,19.382
2024-07-22 03:30:00,20.2428571428571,0.726428571428571,22.2142857142857,2080.62285714286,19.321
2024-07-22 03:45:00,20.0285714285714,0.735285714285714,22.0428571428571,2080.63857142857,19.26
2024-07-22 04:00:00,19.8142857142857,0.744142857142857,21.8714285714286,2080.65428571429,19.199
2024-07-22 04:15:00,19.6,0.753,21.7,2080.67,19.138
2024-07-22 04:30:00,19.4,0.763,21.6,2079.6,18.522
2024-07-22 04:45:00,18.9,0.784,21.5,2079.43,17.7825
2024-07-22 05:00:00,18.8,0.783333333333333,21.3666666666667,2079.13333333333,17.7708333333333
2024-07-22 05:15:00,18.7,0.782666666666667,21.2333333333333,2078.83666666667,17.7591666666667
2024-07-22 05:30:00,18.6,0.782,21.1,2078.54,17.7475
2024-07-22 05:45:00,18.4,0.79,20.95,2078.675,17.56375
2024-07-22 06:00:00,18.2,0.798,20.8,2078.81,17.38
2024-07-22 06:15:00,18.4,0.791,20.8,2079,17.806
2024-07-22 06:30:00,18.6,0.784,20.8,2079.19,18.232
2024-07-22 06:45:00,18.9,0.781,20.8,2079.74,18.2833333333333
2024-07-22 07:00:00,19.12,0.7738,20.96,2079.634,18.6246666666666
2024-07-22 07:15:00,19.34,0.7666,21.12,2079.528,18.966
2024-07-22 07:30:00,19.56,0.7594,21.28,2079.422,19.3073333333333
2024-07-22 07:45:00,19.78,0.7522,21.44,2079.316,19.6486666666667
2024-07-22 08:00:00,20,0.745,21.6,2079.21,19.99
2024-07-22 08:15:00,20.6818181818182,0.721454545454545,22.5,2079.20727272727,20.6247727272727
2024-07-22 08:30:00,21.3636363636364,0.697909090909091,23.4,2079.20454545455,21.2595454545455
2024-07-22 08:45:00,22.0454545454545,0.674363636363636,24.3,2079.20181818182,21.8943181818182
2024-07-22 09:00:00,22.7272727272727,0.650818181818182,25.2,2079.19909090909,22.5290909090909
2024-07-22 09:15:00,23.4090909090909,0.627272727272727,26.1,2079.19636363636,23.1638636363636
2024-07-22 09:30:00,24.0909090909091,0.603727272727273,27,2079.19363636364,23.7986363636364
2024-07-22 09:45:00,24.7727272727273,0.580181818181818,27.9,2079.19090909091,24.4334090909091
2024-07-22 10:00:00,25.4545454545455,0.556636363636364,28.8,2079.18818181818,25.0681818181818
2024-07-22 10:15:00,26.1363636363636,0.533090909090909,29.7,2079.18545454545,25.7029545454545
2024-07-22 10:30:00,26.8181818181818,0.509545454545455,30.6,2079.18272727273,26.3377272727273
2024-07-22 10:45:00,27.5,0.486,31.5,2079.18,26.9725
2024-07-22 11:00:00,27.8,0.483,32.2666666666667,2079.34,27.1441666666667
2024-07-22 11:15:00,28.1,0.48,33.0333333333333,2079.5,27.3158333333333
2024-07-22 11:30:00,28.4,0.477,33.8,2079.66,27.4875
2024-07-22 11:45:00,28.8,0.47,34.45,2079.08,28.25075
2024-07-22 12:00:00,29.2,0.463,35.1,2078.5,29.014
2024-07-22 12:15:00,29.9,0.423,35.7,2078.55,29.6925
2024-07-22 12:30:00,30.525,0.411,35.2,2077.5725,30.3225
2024-07-22 12:45:00,31.15,0.399,34.7,2076.595,30.9525
2024-07-22 13:00:00,31.775,0.387,34.2,2075.6175,31.5825
2024-07-22 13:15:00,32.4,0.375,33.7,2074.64,32.2125
2024-07-22 13:30:00,32.775,0.37025,34.125,2074.185,33.339375
2024-07-22 13:45:00,33.15,0.3655,34.55,2073.73,34.46625
2024-07-22 14:00:00,33.525,0.36075,34.975,2073.275,35.593125
2024-07-22 14:15:00,33.9,0.356,35.4,2072.82,36.72
2024-07-22 14:30:00,34.2,0.346666666666667,36.7666666666667,2073.42666666667,37.44
2024-07-22 14:45:00,34.5,0.337333333333333,38.1333333333333,2074.03333333333,38.16
2024-07-22 15:00:00,34.8,0.328,39.5,2074.64,38.88
2024-07-22 15:15:00,35.1,0.316,40.2,2075.92,39.48
2024-07-22 15:30:00,35.3,0.297,40.7,2075.55,38.6666666666667
2024-07-22 15:45:00,35.6,0.302,40.85,2075.335,38.6758333333333
2024-07-22 16:00:00,35.9,0.307,41,2075.12,38.685
2024-07-22 16:15:00,35.6,0.312,40.9,2074.47,38.305
2024-07-22 16:30:00,35.7,0.294,40.8,2074.16,38.15
2024-07-22 16:45:00,35.9,0.296,40.65,2075.92,38.16
2024-07-22 17:00:00,36.1,0.298,40.5,2077.68,38.17
2024-07-22 17:15:00,36.9,0.289,39.3,2113.6,38.035
2024-07-22 17:30:00,37,0.294,37.5,2133.09,37.5866666666667
2024-07-22 17:45:00,36.7,0.307,35.75,2146.755,37.42
2024-07-22 18:00:00,36.4,0.32,34,2160.42,37.2533333333333
2024-07-22 18:15:00,36.15,0.3225,33.05,2168.86,36.2486666666666
2024-07-22 18:30:00,35.9,0.325,32.1,2177.3,35.244
2024-07-22 18:45:00,35,0.345,31.3,2181.86,34.51
2024-07-22 19:00:00,34.4,0.38,30.8,2186.04,33.46
2024-07-22 19:15:00,33.2,0.418,30.6,2189.1,30.21
2024-07-22 19:30:00,31.1,0.376,30,2190.25,28.77
2024-07-22 19:45:00,30.4,0.395,29.3,2189.98,27.99
2024-07-22 20:00:00,29.4,0.415,28.6,2189.84,27.614
2024-07-22 20:15:00,28.1,0.438,27.9,2187.89,26.2
2024-07-22 20:30:00,26.75,0.454,27.25,2187.655,25.14
2024-07-22 20:45:00,25.4,0.47,26.6,2187.42,24.08
2024-07-22 21:00:00,24.45,0.4935,26.05,2185.575,23.195
2024-07-22 21:15:00,23.5,0.517,25.5,2183.73,22.31
2024-07-22 21:30:00,22.45,0.5365,25.05,2182.7,21.1975
2024-07-22 21:45:00,21.4,0.556,24.6,2181.67,20.085
2024-07-22 22:00:00,20.9,0.5715,24.1,2180.125,19.01
2024-07-22 22:15:00,20.4,0.587,23.6,2178.58,17.935
2024-07-22 22:30:00,18.5,0.646,23.15,2178.03,16.9625
2024-07-22 22:45:00,16.6,0.705,22.7,2177.48,15.99
2024-07-22 23:00:00,15.7,0.7404,22.26,2176.276,15.083
2024-07-22 23:15:00,14.8,0.7758,21.82,2175.072,14.176
2024-07-22 23:30:00,13.9,0.8112,21.38,2173.868,13.269
2024-07-22 23:45:00,13,0.8466,20.94,2172.664,12.362
2024-07-23 00:00:00,12.1,0.882,20.5,2171.46,11.455
2024-07-23 00:15:00,11.64,0.8892,20.1,2170.636,10.992
2024-07-23 00:30:00,11.18,0.8964,19.7,2169.812,10.529
2024-07-23 00:45:00,10.72,0.9036,19.3,2168.988,10.066
2024-07-23 01:00:00,10.26,0.9108,18.9,2168.164,9.603
2024-07-23 01:15:00,9.8,0.918,18.5,2167.34,9.14
2024-07-23 01:30:00,9.45,0.924,18.15,2166.83,8.724
2024-07-23 01:45:00,9.1,0.93,17.8,2166.32,8.308
2024-07-23 02:00:00,9.25,0.9375,17.45,2165.38,8.75025
2024-07-23 02:15:00,9.4,0.945,17.1,2164.44,9.1925
2024-07-23 02:30:00,9.4,0.91,16.9,2163.85,8.835
2024-07-23 02:45:00,9.18,0.9122,16.64,2163.398,8.63066666666667
2024-07-23 03:00:00,8.96,0.9144,16.38,2162.946,8.42633333333333
2024-07-23 03:15:00,8.74,0.9166,16.12,2162.494,8.222
2024-07-23 03:30:00,8.52,0.9188,15.86,2162.042,8.01766666666666
2024-07-23 03:45:00,8.3,0.921,15.6,2161.59,7.81333333333333
2024-07-23 04:00:00,8.3,0.927,15.4,2160.69,7.885
2024-07-23 04:15:00,8.14285714285714,0.925428571428571,15.2142857142857,2160.23571428571,7.75771428571429
2024-07-23 04:30:00,7.98571428571429,0.923857142857143,15.0285714285714,2159.78142857143,7.63042857142857
2024-07-23 04:45:00,7.82857142857143,0.922285714285714,14.8428571428571,2159.32714285714,7.50314285714286
2024-07-23 05:00:00,7.67142857142857,0.920714285714286,14.6571428571429,2158.87285714286,7.37585714285714
2024-07-23 05:15:00,7.51428571428571,0.919142857142857,14.4714285714286,2158.41857142857,7.24857142857143
2024-07-23 05:30:00,7.35714285714286,0.917571428571429,14.2857142857143,2157.96428571429,7.12128571428571
2024-07-23 05:45:00,7.2,0.916,14.1,2157.51,6.994
2024-07-23 06:00:00,7.8,0.914,14.0666666666667,2157.52333333333,7.63683333333333
2024-07-23 06:15:00,8.4,0.912,14.0333333333333,2157.53666666667,8.27966666666667
2024-07-23 06:30:00,9,0.91,14,2157.55,8.9225
2024-07-23 06:45:00,10.775,0.8345,14.3,2156.925,10.494375
2024-07-23 07:00:00,12.55,0.759,14.6,2156.3,12.06625
2024-07-23 07:15:00,14.325,0.6835,14.9,2155.675,13.638125
2024-07-23 07:30:00,16.1,0.608,15.2,2155.05,15.21
2024-07-23 07:45:00,16.9,0.589333333333333,15.5666666666667,2154.14,16.03
2024-07-23 08:00:00,17.7,0.570666666666667,15.9333333333333,2153.23,16.85
2024-07-23 08:15:00,18.5,0.552,16.3,2152.32,17.67
2024-07-23 08:30:00,18.9666666666667,0.531333333333333,16.7333333333333,2150.06333333333,18.2411111111111
2024-07-23 08:45:00,19.4333333333333,0.510666666666667,17.1666666666667,2147.80666666667,18.8122222222222
2024-07-23 09:00:00,19.9,0.49,17.6,2145.55,19.3833333333333
2024-07-23 09:15:00,20.3,0.474666666666667,19.7,2144.54666666667,19.8711111111111
2024-07-23 09:30:00,20.7,0.459333333333333,21.8,2143.54333333333,20.3588888888889
2024-07-23 09:45:00,21.1,0.444,23.9,2142.54,20.8466666666667
2024-07-23 10:00:00,21.7,0.434333333333333,25.4333333333333,2141.61333333333,21.4194444444445
2024-07-23 10:15:00,22.3,0.424666666666667,26.9666666666667,2140.68666666667,21.9922222222222
2024-07-23 10:30:00,22.9,0.415,28.5,2139.76,22.565
2024-07-23 10:45:00,23.5333333333333,0.398,29.7,2138.21666666667,23.3733333333333
2024-07-23 11:00:00,24.1666666666667,0.381,30.9,2136.67333333333,24.1816666666667
2024-07-23 11:15:00,24.8,0.364,32.1,2135.13,24.99
2024-07-23 11:30:00,25.3571428571429,0.349714285714286,31.8571428571429,2133.20428571429,25.4237142857143
2024-07-23 11:45:00,25.9142857142857,0.335428571428571,31.6142857142857,2131.27857142857,25.8574285714286
2024-07-23 12:00:00,26.4714285714286,0.321142857142857,31.3714285714286,2129.35285714286,26.2911428571429
2024-07-23 12:15:00,27.0285714285714,0.306857142857143,31.1285714285714,2127.42714285714,26.7248571428571
2024-07-23 12:30:00,27.5857142857143,0.292571428571429,30.8857142857143,2125.50142857143,27.1585714285714
2024-07-23 12:45:00,28.1428571428571,0.278285714285714,30.6428571428571,2123.57571428571,27.5922857142857
2024-07-23 13:00:00,28.7,0.264,30.4,2121.65,28.026
2024-07-23 13:15:00,29.15,0.2555,29.4,2119.545,28.254
2024-07-23 13:30:00,29.6,0.247,28.4,2117.44,28.482
2024-07-23 13:45:00,30.4,0.236,27.9,2116.65,30.505
2024-07-23 14:00:00,30.9,0.213,28.5,2115.33,31.71
2024-07-23 14:15:00,30.8,0.194666666666667,30.9333333333333,2115.57666666667,32.8966666666667
2024-07-23 14:30:00,30.7,0.176333333333333,33.3666666666667,2115.82333333333,34.0833333333333
2024-07-23 14:45:00,30.6,0.158,35.8,2116.07,35.27
2024-07-23 15:00:00,31.6,0.177,36.9,2116.05,35.9766666666667
2024-07-23 15:15:00,32.1,0.1775,37.65,2115.39,36.2120833333334
2024-07-23 15:30:00,32.6,0.178,38.4,2114.73,36.4475
2024-07-23 15:45:00,32.7375,0.17775,38.4625,2113.66125,36.2535625
2024-07-23 16:00:00,32.875,0.1775,38.525,2112.5925,36.059625
2024-07-23 16:15:00,33.0125,0.17725,38.5875,2111.52375,35.8656875
2024-07-23 16:30:00,33.15,0.177,38.65,2110.455,35.67175
2024-07-23 16:45:00,33.2875,0.17675,38.7125,2109.38625,35.4778125
2024-07-23 17:00:00,33.425,0.1765,38.775,2108.3175,35.283875
2024-07-23 17:15:00,33.5625,0.17625,38.8375,2107.24875,35.0899375
2024-07-23 17:30:00,33.7,0.176,38.9,2106.18,34.896
2024-07-23 17:45:00,33.8,0.157,38.1,2103.98,36.79
2024-07-23 18:00:00,33.6333333333333,0.206166666666667,36.9666666666667,2102.425,35.2372222222222
2024-07-23 18:15:00,33.4666666666667,0.255333333333333,35.8333333333333,2100.87,33.6844444444444
2024-07-23 18:30:00,33.3,0.3045,34.7,2099.315,32.1316666666666
2024-07-23 18:45:00,33.1333333333333,0.353666666666667,33.5666666666667,2097.76,30.5788888888889
2024-07-23 19:00:00,32.9666666666667,0.402833333333333,32.4333333333333,2096.205,29.0261111111111
2024-07-23 19:15:00,32.8,0.452,31.3,2094.65,27.4733333333333
2024-07-23 19:30:00,31.7,0.441,30.6,2093.625,25.2841666666666
2024-07-23 19:45:00,30.6,0.43,29.9,2092.6,23.095
2024-07-23 20:00:00,28.4166666666667,0.4465,29.0833333333333,2091.925,21.94875
2024-07-23 20:15:00,26.2333333333333,0.463,28.2666666666667,2091.25,20.8025
2024-07-23 20:30:00,24.05,0.4795,27.45,2090.575,19.65625
2024-07-23 20:45:00,21.8666666666667,0.496,26.6333333333333,2089.9,18.51
2024-07-23 21:00:00,19.6833333333333,0.5125,25.8166666666667,2089.225,17.36375
2024-07-23 21:15:00,17.5,0.529,25,2088.55,16.2175
2024-07-23 21:30:00,17.1333333333333,0.528333333333333,24.4333333333333,2088.49333333333,15.837
2024-07-23 21:45:00,16.7666666666667,0.527666666666667,23.8666666666667,2088.43666666667,15.4565
2024-07-23 22:00:00,16.4,0.527,23.3,2088.38,15.076
2024-07-23 22:15:00,16.1,0.522,22.8,2089.34,15.13
2024-07-23 22:30:00,16.2,0.5075,22.4,2089.5,15.27125
2024-07-23 22:45:00,16.3,0.493,22,2089.66,15.4125
2024-07-23 23:00:00,15.8333333333333,0.504,21.6666666666667,2089.33333333333,14.9733333333333
2024-07-23 23:15:00,15.3666666666667,0.515,21.3333333333333,2089.00666666667,14.5341666666667
2024-07-23 23:30:00,14.9,0.526,21,2088.68,14.095
2024-07-23 23:45:00,14.5,0.548,20.7,2087.86,13.474
2024-07-24 00:00:00,14.8,0.5215,20.4,2088.39,13.757
2024-07-24 00:15:00,15.1,0.495,20.1,2088.92,14.04
2024-07-24 00:30:00,15,0.4975,19.85,2088.465,13.7725
2024-07-24 00:45:00,14.9,0.5,19.6,2088.01,13.505
2024-07-24 01:00:00,14.3,0.5195,19.35,2088.38,13.1815
2024-07-24 01:15:00,13.7,0.539,19.1,2088.75,12.858
2024-07-24 01:30:00,13.6,0.523,18.9,2087.17,12.97
2024-07-24 01:45:00,13.5,0.52,18.7,2087.53,12.815
2024-07-24 02:00:00,13.15,0.5415,18.4833333333333,2087.46333333333,12.445
2024-07-24 02:15:00,12.8,0.563,18.2666666666667,2087.39666666667,12.075
2024-07-24 02:30:00,12.45,0.5845,18.05,2087.33,11.705
2024-07-24 02:45:00,12.1,0.606,17.8333333333333,2087.26333333333,11.335
2024-07-24 03:00:00,11.75,0.6275,17.6166666666667,2087.19666666667,10.965
2024-07-24 03:15:00,11.4,0.649,17.4,2087.13,10.595
2024-07-24 03:30:00,10.9,0.679,17.2,2087.18,10.2066666666667
2024-07-24 03:45:00,10.8,0.673,17,2086.38,10.285
2024-07-24 04:00:00,10.8,0.676,16.8,2086.67,10.384
2024-07-24 04:15:00,10.35,0.7095,16.6,2086.84,9.767
2024-07-24 04:30:00,9.9,0.743,16.4,2087.01,9.15
2024-07-24 04:45:00,9.6,0.7765,16.2,2086.58,8.95333333333334
2024-07-24 05:00:00,9.3,0.81,16,2086.15,8.75666666666667
2024-07-24 05:15:00,9.3,0.8095,15.85,2086.16,8.98533333333334
2024-07-24 05:30:00,9.3,0.809,15.7,2086.17,9.214
2024-07-24 05:45:00,9.3,0.831,15.6,2086.83,8.51666666666667
2024-07-24 06:00:00,9.6,0.798,15.4,2086.02,9.118
2024-07-24 06:15:00,9.7,0.815,15.4,2087.59,9.8325
2024-07-24 06:30:00,11,0.79,15.4666666666667,2092.59,10.8425
2024-07-24 06:45:00,12.3,0.765,15.5333333333333,2097.59,11.8525
2024-07-24 07:00:00,13.6,0.74,15.6,2102.59,12.8625
2024-07-24 07:15:00,15.4,0.738,15.7,2121.47,14.6975
2024-07-24 07:30:00,17.4,0.736,16.2,2138.32,16.82
2024-07-24 07:45:00,17.4705426356589,0.732418604651163,16.2868217054264,2140.56899224806,16.9132299741602
2024-07-24 08:00:00,17.5410852713178,0.728837209302326,16.3736434108527,2142.81798449612,17.0064599483204
2024-07-24 08:15:00,17.6116279069767,0.725255813953488,16.4604651162791,2145.06697674419,17.0996899224806
2024-07-24 08:30:00,17.6821705426357,0.721674418604651,16.5472868217054,2147.31596899225,17.1929198966408
2024-07-24 08:45:00,17.7527131782946,0.718093023255814,16.6341085271318,2149.56496124031,17.286149870801
2024-07-24 09:00:00,17.8232558139535,0.714511627906977,16.7209302325581,2151.81395348837,17.3793798449612
2024-07-24 09:15:00,17.8937984496124,0.710930232558139,16.8077519379845,2154.06294573643,17.4726098191214
2024-07-24 09:30:00,17.9643410852713,0.707348837209302,16.8945736434109,2156.3119379845,17.5658397932817
2024-07-24 09:45:00,18.0348837209302,0.703767441860465,16.9813953488372,2158.56093023256,17.6590697674419
2024-07-24 10:00:00,18.1054263565891,0.700186046511628,17.0682170542636,2160.80992248062,17.7522997416021
2024-07-24 10:15:00,18.1759689922481,0.696604651162791,17.1550387596899,2163.05891472868,17.8455297157623
2024-07-24 10:30:00,18.246511627907,0.693023255813954,17.2418604651163,2165.30790697674,17.9387596899225
2024-07-24 10:45:00,18.3170542635659,0.689441860465116,17.3286821705426,2167.55689922481,18.0319896640827
2024-07-24 11:00:00,18.3875968992248,0.685860465116279,17.415503875969,2169.80589147287,18.1252196382429
2024-07-24 11:15:00,18.4581395348837,0.682279069767442,17.5023255813953,2172.05488372093,18.2184496124031
2024-07-24 11:30:00,18.5286821705426,0.678697674418605,17.5891472868217,2174.30387596899,18.3116795865633
2024-07-24 11:45:00,18.5992248062015,0.675116279069767,17.6759689922481,2176.55286821705,18.4049095607235
2024-07-24 12:00:00,18.6697674418605,0.67153488372093,17.7627906976744,2178.80186046512,18.4981395348837
2024-07-24 12:15:00,18.7403100775194,0.667953488372093,17.8496124031008,2181.05085271318,18.5913695090439
2024-07-24 12:30:00,18.8108527131783,0.664372093023256,17.9364341085271,2183.29984496124,18.6845994832041
2024-07-24 12:45:00,18.8813953488372,0.660790697674419,18.0232558139535,2185.5488372093,18.7778294573643
2024-07-24 13:00:00,18.9519379844961,0.657209302325581,18.1100775193798,2187.79782945736,18.8710594315246
2024-07-24 13:15:00,19.022480620155,0.653627906976744,18.1968992248062,2190.04682170543,18.9642894056848
2024-07-24 13:30:00,19.093023255814,0.650046511627907,18.2837209302326,2192.29581395349,19.057519379845
2024-07-24 13:45:00,19.1635658914729,0.64646511627907,18.3705426356589,2194.54480620155,19.1507493540052
2024-07-24 14:00:00,19.2341085271318,0.642883720930232,18.4573643410853,2196.79379844961,19.2439793281654
2024-07-24 14:15:00,19.3046511627907,0.639302325581395,18.5441860465116,2199.04279069767,19.3372093023256
2024-07-24 14:30:00,19.3751937984496,0.635720930232558,18.631007751938,2201.29178294574,19.4304392764858
2024-07-24 14:45:00,19.4457364341085,0.632139534883721,18.7178294573643,2203.5407751938,19.523669250646
2024-07-24 15:00:00,19.5162790697674,0.628558139534884,18.8046511627907,2205.78976744186,19.6168992248062
2024-07-24 15:15:00,19.5868217054264,0.624976744186047,18.8914728682171,2208.03875968992,19.7101291989664
2024-07-24 15:30:00,19.6573643410853,0.621395348837209,18.9782945736434,2210.28775193798,19.8033591731266
2024-07-24 15:45:00,19.7279069767442,0.617813953488372,19.0651162790698,2212.53674418605,19.8965891472868
2024-07-24 16:00:00,19.7984496124031,0.614232558139535,19.1519379844961,2214.78573643411,19.989819121447
2024-07-24 16:15:00,19.868992248062,0.610651162790698,19.2387596899225,2217.03472868217,20.0830490956072
2024-07-24 16:30:00,19.9395348837209,0.60706976744186,19.3255813953488,2219.28372093023,20.1762790697674
2024-07-24 16:45:00,20.0100775193798,0.603488372093023,19.4124031007752,2221.53271317829,20.2695090439277
2024-07-24 17:00:00,20.0806201550388,0.599906976744186,19.4992248062015,2223.78170542636,20.3627390180879
2024-07-24 17:15:00,20.1511627906977,0.596325581395349,19.5860465116279,2226.03069767442,20.4559689922481
2024-07-24 17:30:00,20.2217054263566,0.592744186046512,19.6728682170543,2228.27968992248,20.5491989664083
2024-07-24 17:45:00,20.2922480620155,0.589162790697674,19.7596899224806,2230.52868217054,20.6424289405685
2024-07-24 18:00:00,20.3627906976744,0.585581395348837,19.846511627907,2232.7776744186,20.7356589147287
2024-07-24 18:15:00,20.4333333333333,0.582,19.9333333333333,2235.02666666667,20.8288888888889
2024-07-24 18:30:00,20.5038759689922,0.578418604651163,20.0201550387597,2237.27565891473,20.9221188630491
2024-07-24 18:45:00,20.5744186046512,0.574837209302326,20.106976744186,2239.52465116279,21.0153488372093
2024-07-24 19:00:00,20.6449612403101,0.571255813953488,20.1937984496124,2241.77364341085,21.1085788113695
2024-07-24 19:15:00,20.715503875969,0.567674418604651,20.2806201550388,2244.02263565891,21.2018087855297
2024-07-24 19:30:00,20.7860465116279,0.564093023255814,20.3674418604651,2246.27162790698,21.2950387596899
2024-07-24 19:45:00,20.8565891472868,0.560511627906977,20.4542635658915,2248.52062015504,21.3882687338501
2024-07-24 20:00:00,20.9271317829457,0.55693023255814,20.5410852713178,2250.7696124031,21.4814987080103
2024-07-24 20:15:00,20.9976744186046,0.553348837209302,20.6279069767442,2253.01860465116,21.5747286821706
2024-07-24 20:30:00,21.0682170542636,0.549767441860465,20.7147286821705,2255.26759689922,21.6679586563308
2024-07-24 20:45:00,21.1387596899225,0.546186046511628,20.8015503875969,2257.51658914729,21.761188630491
2024-07-24 21:00:00,21.2093023255814,0.542604651162791,20.8883720930233,2259.76558139535,21.8544186046512
2024-07-24 21:15:00,21.2798449612403,0.539023255813954,20.9751937984496,2262.01457364341,21.9476485788114
2024-07-24 21:30:00,21.3503875968992,0.535441860465116,21.062015503876,2264.26356589147,22.0408785529716
2024-07-24 21:45:00,21.4209302325581,0.531860465116279,21.1488372093023,2266.51255813954,22.1341085271318
2024-07-24 22:00:00,21.4914728682171,0.528279069767442,21.2356589147287,2268.7615503876,22.227338501292
2024-07-24 22:15:00,21.562015503876,0.524697674418605,21.322480620155,2271.01054263566,22.3205684754522
2024-07-24 22:30:00,21.6325581395349,0.521116279069767,21.4093023255814,2273.25953488372,22.4137984496124
2024-07-24 22:45:00,21.7031007751938,0.51753488372093,21.4961240310078,2275.50852713178,22.5070284237726
2024-07-24 23:00:00,21.7736434108527,0.513953488372093,21.5829457364341,2277.75751937985,22.6002583979328
2024-07-24 23:15:00,21.8441860465116,0.510372093023256,21.6697674418605,2280.00651162791,22.693488372093
2024-07-24 23:30:00,21.9147286821705,0.506790697674419,21.7565891472868,2282.25550387597,22.7867183462532
2024-07-24 23:45:00,21.9852713178295,0.503209302325581,21.8434108527132,2284.50449612403,22.8799483204135
2024-07-25 00:00:00,22.0558139534884,0.499627906976744,21.9302325581395,2286.75348837209,22.9731782945737
2024-07-25 00:15:00,22.1263565891473,0.496046511627907,22.0170542635659,2289.00248062015,23.0664082687339
2024-07-25 00:30:00,22.1968992248062,0.49246511627907,22.1038759689922,2291.25147286822,23.1596382428941
2024-07-25 00:45:00,22.2674418604651,0.488883720930233,22.1906976744186,2293.50046511628,23.2528682170543
2024-07-25 01:00:00,22.337984496124,0.485302325581395,22.277519379845,2295.74945736434,23.3460981912145
2024-07-25 01:15:00,22.4085271317829,0.481720930232558,22.3643410852713,2297.9984496124,23.4393281653747
2024-07-25 01:30:00,22.4790697674419,0.478139534883721,22.4511627906977,2300.24744186047,23.5325581395349
2024-07-25 01:45:00,22.5496124031008,0.474558139534884,22.537984496124,2302.49643410853,23.6257881136951
2024-07-25 02:00:00,22.6201550387597,0.470976744186047,22.6248062015504,2304.74542635659,23.7190180878553
2024-07-25 02:15:00,22.6906976744186,0.467395348837209,22.7116279069767,2306.99441860465,23.8122480620155
2024-07-25 02:30:00,22.7612403100775,0.463813953488372,22.7984496124031,2309.24341085271,23.9054780361757
2024-07-25 02:45:00,22.8317829457364,0.460232558139535,22.8852713178295,2311.49240310078,23.9987080103359
2024-07-25 03:00:00,22.9023255813953,0.456651162790698,22.9720930232558,2313.74139534884,24.0919379844961
2024-07-25 03:15:00,22.9728682170543,0.45306976744186,23.0589147286822,2315.9903875969,24.1851679586563
2024-07-25 03:30:00,23.0434108527132,0.449488372093023,23.1457364341085,2318.23937984496,24.2783979328166
2024-07-25 03:45:00,23.1139534883721,0.445906976744186,23.2325581395349,2320.48837209302,24.3716279069768
2024-07-25 04:00:00,23.184496124031,0.442325581395349,23.3193798449612,2322.73736434109,24.464857881137
2024-07-25 04:15:00,23.2550387596899,0.438744186046512,23.4062015503876,2324.98635658915,24.5580878552972
2024-07-25 04:30:00,23.3255813953488,0.435162790697674,23.493023255814,2327.23534883721,24.6513178294574
2024-07-25 04:45:00,23.3961240310078,0.431581395348837,23.5798449612403,2329.48434108527,24.7445478036176
2024-07-25 05:00:00,23.4666666666667,0.428,23.6666666666667,2331.73333333333,24.8377777777778
2024-07-25 05:15:00,23.5372093023256,0.424418604651163,23.753488372093,2333.9823255814,24.931007751938
2024-07-25 05:30:00,23.6077519379845,0.420837209302326,23.8403100775194,2336.23131782946,25.0242377260982
2024-07-25 05:45:00,23.6782945736434,0.417255813953488,23.9271317829457,2338.48031007752,25.1174677002584
2024-07-25 06:00:00,23.7488372093023,0.413674418604651,24.0139534883721,2340.72930232558,25.2106976744186
2024-07-25 06:15:00,23.8193798449612,0.410093023255814,24.1007751937984,2342.97829457364,25.3039276485788
2024-07-25 06:30:00,23.8899224806202,0.406511627906977,24.1875968992248,2345.22728682171,25.397157622739
2024-07-25 06:45:00,23.9604651162791,0.40293023255814,24.2744186046512,2347.47627906977,25.4903875968992
2024-07-25 07:00:00,24.031007751938,0.399348837209302,24.3612403100775,2349.72527131783,25.5836175710595
2024-07-25 07:15:00,24.1015503875969,0.395767441860465,24.4480620155039,2351.97426356589,25.6768475452197
2024-07-25 07:30:00,24.1720930232558,0.392186046511628,24.5348837209302,2354.22325581395,25.7700775193799
2024-07-25 07:45:00,24.2426356589147,0.388604651162791,24.6217054263566,2356.47224806202,25.8633074935401
2024-07-25 08:00:00,24.3131782945736,0.385023255813953,24.7085271317829,2358.72124031008,25.9565374677003
2024-07-25 08:15:00,24.3837209302326,0.381441860465116,24.7953488372093,2360.97023255814,26.0497674418605
2024-07-25 08:30:00,24.4542635658915,0.377860465116279,24.8821705426357,2363.2192248062,26.1429974160207
2024-07-25 08:45:00,24.5248062015504,0.374279069767442,24.968992248062,2365.46821705426,26.2362273901809
2024-07-25 09:00:00,24.5953488372093,0.370697674418605,25.0558139534884,2367.71720930233,26.3294573643411
2024-07-25 09:15:00,24.6658914728682,0.367116279069767,25.1426356589147,2369.96620155039,26.4226873385013
2024-07-25 09:30:00,24.7364341085271,0.36353488372093,25.2294573643411,2372.21519379845,26.5159173126615
2024-07-25 09:45:00,24.806976744186,0.359953488372093,25.3162790697674,2374.46418604651,26.6091472868217
2024-07-25 10:00:00,24.877519379845,0.356372093023256,25.4031007751938,2376.71317829457,26.7023772609819
2024-07-25 10:15:00,24.9480620155039,0.352790697674419,25.4899224806201,2378.96217054264,26.7956072351421
2024-07-25 10:30:00,25.0186046511628,0.349209302325581,25.5767441860465,2381.2111627907,26.8888372093024
2024-07-25 10:45:00,25.0891472868217,0.345627906976744,25.6635658914729,2383.46015503876,26.9820671834626
2024-07-25 11:00:00,25.1596899224806,0.342046511627907,25.7503875968992,2385.70914728682,27.0752971576228
2024-07-25 11:15:00,25.2302325581395,0.33846511627907,25.8372093023256,2387.95813953488,27.168527131783
2024-07-25 11:30:00,25.3007751937985,0.334883720930233,25.9240310077519,2390.20713178295,27.2617571059432
2024-07-25 11:45:00,25.3713178294574,0.331302325581395,26.0108527131783,2392.45612403101,27.3549870801034
2024-07-25 12:00:00,25.4418604651163,0.327720930232558,26.0976744186047,2394.70511627907,27.4482170542636
2024-07-25 12:15:00,25.5124031007752,0.324139534883721,26.184496124031,2396.95410852713,27.5414470284238
2024-07-25 12:30:00,25.5829457364341,0.320558139534884,26.2713178294574,2399.20310077519,27.634677002584
2024-07-25 12:45:00,25.653488372093,0.316976744186047,26.3581395348837,2401.45209302326,27.7279069767442
2024-07-25 13:00:00,25.7240310077519,0.313395348837209,26.4449612403101,2403.70108527132,27.8211369509044
2024-07-25 13:15:00,25.7945736434109,0.309813953488372,26.5317829457364,2405.95007751938,27.9143669250646
2024-07-25 13:30:00,25.8651162790698,0.306232558139535,26.6186046511628,2408.19906976744,28.0075968992248
2024-07-25 13:45:00,25.9356589147287,0.302651162790698,26.7054263565891,2410.4480620155,28.100826873385
2024-07-25 14:00:00,26.0062015503876,0.29906976744186,26.7922480620155,2412.69705426357,28.1940568475453
2024-07-25 14:15:00,26.0767441860465,0.295488372093023,26.8790697674419,2414.94604651163,28.2872868217055
2024-07-25 14:30:00,26.1472868217054,0.291906976744186,26.9658914728682,2417.19503875969,28.3805167958657
2024-07-25 14:45:00,26.2178294573643,0.288325581395349,27.0527131782946,2419.44403100775,28.4737467700259
2024-07-25 15:00:00,26.2883720930233,0.284744186046512,27.1395348837209,2421.69302325581,28.5669767441861
2024-07-25 15:15:00,26.3589147286822,0.281162790697674,27.2263565891473,2423.94201550388,28.6602067183463
2024-07-25 15:30:00,26.4294573643411,0.277581395348837,27.3131782945736,2426.19100775194,28.7534366925065
2024-07-25 15:45:00,26.5,0.274,27.4,2428.44,28.8466666666667
2024-07-25 16:00:00,26.45,0.2715,27.35,2423.33,29.3245833333334
2024-07-25 16:15:00,26.4,0.269,27.3,2418.22,29.8025
2024-07-25 16:30:00,26.9,0.271,27.3,2411.3,29.8825
2024-07-25 16:45:00,26.8333333333333,0.267333333333333,27.2,2406.27333333333,29.695
2024-07-25 17:00:00,26.7666666666667,0.263666666666667,27.1,2401.24666666667,29.5075
2024-07-25 17:15:00,26.7,0.26,27,2396.22,29.32
2024-07-25 17:30:00,26.8,0.274,26.7,2391.09,28.3233333333333
2024-07-25 17:45:00,27.2,0.281,26.1,2387.19,28.86
2024-07-25 18:00:00,26.75,0.278,25.05,2382.5,28.185
2024-07-25 18:15:00,26.3,0.275,24,2377.81,27.51
2024-07-25 18:30:00,26.0333333333333,0.293666666666667,23.5666666666667,2375.01,26.85
2024-07-25 18:45:00,25.7666666666667,0.312333333333333,23.1333333333333,2372.21,26.19
2024-07-25 19:00:00,25.5,0.331,22.7,2369.41,25.53
2024-07-25 19:15:00,24.7875,0.33025,22.1875,2367.86875,24.6415
2024-07-25 19:30:00,24.075,0.3295,21.675,2366.3275,23.753
2024-07-25 19:45:00,23.3625,0.32875,21.1625,2364.78625,22.8645
2024-07-25 20:00:00,22.65,0.328,20.65,2363.245,21.976
2024-07-25 20:15:00,21.9375,0.32725,20.1375,2361.70375,21.0875
2024-07-25 20:30:00,21.225,0.3265,19.625,2360.1625,20.199
2024-07-25 20:45:00,20.5125,0.32575,19.1125,2358.62125,19.3105
2024-07-25 21:00:00,19.8,0.325,18.6,2357.08,18.422
2024-07-25 21:15:00,19.2,0.338,18.2,2356.97,17.6566666666667
2024-07-25 21:30:00,18,0.406,18,2354.47,14.958
2024-07-25 21:45:00,17.1,0.398,17.7,2352.69,16.104
2024-07-25 22:00:00,16.05,0.4715,17.5,2352.77,14.2286666666667
2024-07-25 22:15:00,15,0.545,17.3,2352.85,12.3533333333333
2024-07-25 22:30:00,13.8,0.592666666666667,17.0333333333333,2351.44666666667,11.9595555555555
2024-07-25 22:45:00,12.6,0.640333333333333,16.7666666666667,2350.04333333333,11.5657777777778
2024-07-25 23:00:00,11.4,0.688,16.5,2348.64,11.172
2024-07-25 23:15:00,11.5,0.674,16.3,2348.25,11.074
2024-07-25 23:30:00,11.6,0.658,16,2347.31,10.868
2024-07-25 23:45:00,11.44,0.6514,15.76,2346.752,10.7629
2024-07-26 00:00:00,11.28,0.6448,15.52,2346.194,10.6578
2024-07-26 00:15:00,11.12,0.6382,15.28,2345.636,10.5527
2024-07-26 00:30:00,10.96,0.6316,15.04,2345.078,10.4476
2024-07-26 00:45:00,10.8,0.625,14.8,2344.52,10.3425
2024-07-26 01:00:00,10.9,0.646,14.6,2344.04,9.8625
2024-07-26 01:15:00,10.7,0.648,14.4,2342.06,10.475
2024-07-26 01:30:00,9.95,0.7085,14.25,2341.605,9.06583333333333
2024-07-26 01:45:00,9.2,0.769,14.1,2341.15,7.65666666666667
2024-07-26 02:00:00,8.85,0.79125,13.925,2340.4075,7.606
2024-07-26 02:15:00,8.5,0.8135,13.75,2339.665,7.55533333333334
2024-07-26 02:30:00,8.15,0.83575,13.575,2338.9225,7.50466666666667
2024-07-26 02:45:00,7.8,0.858,13.4,2338.18,7.454
2024-07-26 03:00:00,7.7,0.858,13.25,2338.13,7.076
2024-07-26 03:15:00,7.6,0.858,13.1,2338.08,6.698
2024-07-26 03:30:00,7.4,0.888,13,2337.96,7.0525
2024-07-26 03:45:00,7.4,0.89,12.9,2337.71,6.9
2024-07-26 04:00:00,7.5,0.878,12.8,2337.195,6.96
2024-07-26 04:15:00,7.6,0.866,12.7,2336.68,7.02
2024-07-26 04:30:00,7.5,0.8664,12.58,2336.226,6.8155
2024-07-26 04:45:00,7.4,0.8668,12.46,2335.772,6.611
2024-07-26 05:00:00,7.3,0.8672,12.34,2335.318,6.4065
2024-07-26 05:15:00,7.2,0.8676,12.22,2334.864,6.202
2024-07-26 05:30:00,7.1,0.868,12.1,2334.41,5.9975
2024-07-26 05:45:00,7.76666666666667,0.852833333333333,12.1333333333333,2336.59833333333,6.70625
2024-07-26 06:00:00,8.43333333333333,0.837666666666667,12.1666666666667,2338.78666666667,7.415
2024-07-26 06:15:00,9.1,0.8225,12.2,2340.975,8.12375
2024-07-26 06:30:00,9.76666666666667,0.807333333333333,12.2333333333333,2343.16333333333,8.8325
2024-07-26 06:45:00,10.4333333333333,0.792166666666667,12.2666666666667,2345.35166666667,9.54125
2024-07-26 07:00:00,11.1,0.777,12.3,2347.54,10.25
2024-07-26 07:15:00,12,0.735333333333333,12.6666666666667,2372.97666666667,11.2270833333333
2024-07-26 07:30:00,12.9,0.693666666666667,13.0333333333333,2398.41333333333,12.2041666666667
2024-07-26 07:45:00,13.8,0.652,13.4,2423.85,13.18125
2024-07-26 08:00:00,14.7,0.610333333333333,13.7666666666667,2449.28666666667,14.1583333333333
2024-07-26 08:15:00,15.6,0.568666666666667,14.1333333333333,2474.72333333333,15.1354166666667
2024-07-26 08:30:00,16.5,0.527,14.5,2500.16,16.1125
2024-07-26 08:45:00,17.05,0.5225,14.85,2504.3,16.72425
2024-07-26 09:00:00,17.6,0.518,15.2,2508.44,17.336
2024-07-26 09:15:00,18.1,0.499,17.1,2511.03333333333,17.796
2024-07-26 09:30:00,18.6,0.48,19,2513.62666666667,18.256
2024-07-26 09:45:00,19.1,0.461,20.9,2516.22,18.716
2024-07-26 10:00:00,19.7,0.4504,21.88,2517.012,19.4276
2024-07-26 10:15:00,20.3,0.4398,22.86,2517.804,20.1392
2024-07-26 10:30:00,20.9,0.4292,23.84,2518.596,20.8508
2024-07-26 10:45:00,21.5,0.4186,24.82,2519.388,21.5624
2024-07-26 11:00:00,22.1,0.408,25.8,2520.18,22.274
2024-07-26 11:15:00,22.6333333333333,0.393833333333333,26.1666666666667,2519.28666666667,22.6870833333333
2024-07-26 11:30:00,23.1666666666667,0.379666666666667,26.5333333333333,2518.39333333333,23.1001666666667
2024-07-26 11:45:00,23.7,0.3655,26.9,2517.5,23.51325
2024-07-26 12:00:00,24.2333333333333,0.351333333333333,27.2666666666667,2516.60666666667,23.9263333333333
2024-07-26 12:15:00,24.7666666666667,0.337166666666667,27.6333333333333,2515.71333333333,24.3394166666667
2024-07-26 12:30:00,25.3,0.323,28,2514.82,24.7525
2024-07-26 12:45:00,25.7,0.309,26.1,2507.845,25.09225
2024-07-26 13:00:00,26.1,0.295,24.2,2500.87,25.432
2024-07-26 13:15:00,26.4666666666667,0.289,23.5666666666667,2494.94333333333,26.2913333333333
2024-07-26 13:30:00,26.8333333333333,0.283,22.9333333333333,2489.01666666667,27.1506666666667
2024-07-26 13:45:00,27.2,0.277,22.3,2483.09,28.01
2024-07-26 14:00:00,27.4333333333333,0.272,23.2666666666667,2477.78666666667,28.7626666666667
2024-07-26 14:15:00,27.6666666666667,0.267,24.2333333333333,2472.48333333333,29.5153333333333
2024-07-26 14:30:00,27.9,0.262,25.2,2467.18,30.268
2024-07-26 14:45:00,28.1333333333333,0.257,26.1666666666667,2461.87666666667,31.0206666666667
2024-07-26 15:00:00,28.3666666666667,0.252,27.1333333333333,2456.57333333333,31.7733333333333
2024-07-26 15:15:00,28.6,0.247,28.1,2451.27,32.526
2024-07-26 15:30:00,28.5,0.255,28.8,2444.37,31.9
2024-07-26 15:45:00,29,0.245,28.9,2438.57666666667,32.7822222222222
2024-07-26 16:00:00,29.5,0.235,29,2432.78333333333,33.6644444444445
2024-07-26 16:15:00,30,0.225,29.1,2426.99,34.5466666666667
2024-07-26 16:30:00,29.6,0.23,29.1,2422.57,32.564
2024-07-26 16:45:00,29.4333333333333,0.229833333333333,28.55,2417.70666666667,31.9405555555555
2024-07-26 17:00:00,29.2666666666667,0.229666666666667,28,2412.84333333333,31.3171111111111
2024-07-26 17:15:00,29.1,0.2295,27.45,2407.98,30.6936666666666
2024-07-26 17:30:00,28.9333333333333,0.229333333333333,26.9,2403.11666666667,30.0702222222222
2024-07-26 17:45:00,28.7666666666667,0.229166666666667,26.35,2398.25333333333,29.4467777777777
2024-07-26 18:00:00,28.6,0.229,25.8,2393.39,28.8233333333333
2024-07-26 18:15:00,27.6,0.2855,25.3666666666667,2391.68,27.3056944444444
2024-07-26 18:30:00,26.6,0.342,24.9333333333333,2389.97,25.7880555555555
2024-07-26 18:45:00,25.6,0.3985,24.5,2388.26,24.2704166666666
2024-07-26 19:00:00,24.6,0.455,24.0666666666667,2386.55,22.7527777777778
2024-07-26 19:15:00,23.6,0.5115,23.6333333333333,2384.84,21.2351388888889
2024-07-26 19:30:00,22.6,0.568,23.2,2383.13,19.7175
2024-07-26 19:45:00,20.9,0.5855,22.6,2380.915,18.32475
2024-07-26 20:00:00,19.2,0.603,22,2378.7,16.932
2024-07-26 20:15:00,18.5,0.57,21.5,2378.69,16.542
2024-07-26 20:30:00,17,0.5985,20.9,2377.33,15.47475
2024-07-26 20:45:00,15.5,0.627,20.3,2375.97,14.4075
2024-07-26 21:00:00,14.9,0.627,19.8,2376.07,13.942
2024-07-26 21:15:00,14.5,0.599,19.4,2375.57,13.7133333333333
2024-07-26 21:30:00,14.25,0.5985,19,2374.205,13.4941666666667
2024-07-26 21:45:00,14,0.598,18.6,2372.84,13.275
2024-07-26 22:00:00,14.1,0.562,18.2,2371.52,13.2575
2024-07-26 22:15:00,14.32,0.541,17.92,2371.168,13.479
2024-07-26 22:30:00,14.54,0.52,17.64,2370.816,13.7005
2024-07-26 22:45:00,14.76,0.499,17.36,2370.464,13.922
2024-07-26 23:00:00,14.98,0.478,17.08,2370.112,14.1435
2024-07-26 23:15:00,15.2,0.457,16.8,2369.76,14.365
2024-07-26 23:30:00,15.1,0.476,16.5,2369.63,14.19
2024-07-26 23:45:00,14.8333333333333,0.479333333333333,16.3,2368.75666666667,13.9541666666667
2024-07-27 00:00:00,14.5666666666667,0.482666666666667,16.1,2367.88333333333,13.7183333333333
2024-07-27 00:15:00,14.3,0.486,15.9,2367.01,13.4825
2024-07-27 00:30:00,14,0.497,15.7,2367.32,13.14
2024-07-27 00:45:00,13.5,0.5325,15.6,2367.02,12.565
2024-07-27 01:00:00,13,0.568,15.5,2366.72,11.99
2024-07-27 01:15:00,12.4,0.573,15.3,2365.9,11.55
2024-07-27 01:30:00,11.95,0.604,15.1,2364.94,11.125
2024-07-27 01:45:00,11.5,0.635,14.9,2363.98,10.7
2024-07-27 02:00:00,11.1,0.625,14.7,2363.3,10.42
2024-07-27 02:15:00,11.5,0.635,14.6,2363.21,10.8633333333333
2024-07-27 02:30:00,11.2,0.634,14.5,2362.68,10.4575
2024-07-27 02:45:00,11.1,0.604,14.3,2362.29,10.58
2024-07-27 03:00:00,11.2,0.616,14.2,2362.78,10.646
2024-07-27 03:15:00,11,0.639,14,2362.07,10.4875
2024-07-27 03:30:00,11,0.634,13.9,2362.14,10.405
2024-07-27 03:45:00,10.4,0.672,13.8,2361.3,9.718
2024-07-27 04:00:00,10.175,0.68625,13.7,2360.42,9.54225
2024-07-27 04:15:00,9.95,0.7005,13.6,2359.54,9.3665
2024-07-27 04:30:00,9.725,0.71475,13.5,2358.66,9.19075
2024-07-27 04:45:00,9.5,0.729,13.4,2357.78,9.015
2024-07-27 05:00:00,9.4,0.741333333333333,13.3,2358.28,8.92916666666667
2024-07-27 05:15:00,9.3,0.753666666666667,13.2,2358.78,8.84333333333333
2024-07-27 05:30:00,9.2,0.766,13.1,2359.28,8.7575
2024-07-27 05:45:00,8.95,0.7865,13,2358.47,8.45541666666666
2024-07-27 06:00:00,8.7,0.807,12.9,2357.66,8.15333333333333
2024-07-27 06:15:00,8.3,0.842,12.9,2356.91,7.79666666666667
2024-07-27 06:30:00,9,0.852,13,2357.74,8.5175
2024-07-27 06:45:00,10.3,0.816,13.1,2357.37,9.998
2024-07-27 07:00:00,12.05,0.7935,13.5,2356.97,11.344
2024-07-27 07:15:00,13.8,0.771,13.9,2356.57,12.69
2024-07-27 07:30:00,14.9,0.772,14.4,2356.63,13.54
2024-07-27 07:45:00,16.65,0.665,14.85,2355.49,15.5675
2024-07-27 08:00:00,18.4,0.558,15.3,2354.35,17.595
2024-07-27 08:15:00,19.15,0.5225,15.825,2353.28,18.345
2024-07-27 08:30:00,19.9,0.487,16.35,2352.21,19.095
2024-07-27 08:45:00,20.65,0.4515,16.875,2351.14,19.845
2024-07-27 09:00:00,21.4,0.416,17.4,2350.07,20.595
2024-07-27 09:15:00,21.6666666666667,0.415333333333333,18.5666666666667,2348.63,20.8808333333333
2024-07-27 09:30:00,21.9333333333333,0.414666666666667,19.7333333333333,2347.19,21.1666666666667
2024-07-27 09:45:00,22.2,0.414,20.9,2345.75,21.4525
2024-07-27 10:00:00,22.7,0.411,21.85,2343.855,22.115
2024-07-27 10:15:00,23.2,0.408,22.8,2341.96,22.7775
2024-07-27 10:30:00,23.46875,0.401875,22.99375,2338.866875,23.10625
2024-07-27 10:45:00,23.7375,0.39575,23.1875,2335.77375,23.435
2024-07-27 11:00:00,24.00625,0.389625,23.38125,2332.680625,23.76375
2024-07-27 11:15:00,24.275,0.3835,23.575,2329.5875,24.0925
2024-07-27 11:30:00,24.54375,0.377375,23.76875,2326.494375,24.42125
2024-07-27 11:45:00,24.8125,0.37125,23.9625,2323.40125,24.75
2024-07-27 12:00:00,25.08125,0.365125,24.15625,2320.308125,25.07875
2024-07-27 12:15:00,25.35,0.359,24.35,2317.215,25.4075
2024-07-27 12:30:00,25.61875,0.352875,24.54375,2314.121875,25.73625
2024-07-27 12:45:00,25.8875,0.34675,24.7375,2311.02875,26.065
2024-07-27 13:00:00,26.15625,0.340625,24.93125,2307.935625,26.39375
2024-07-27 13:15:00,26.425,0.3345,25.125,2304.8425,26.7225
2024-07-27 13:30:00,26.69375,0.328375,25.31875,2301.749375,27.05125
2024-07-27 13:45:00,26.9625,0.32225,25.5125,2298.65625,27.38
2024-07-27 14:00:00,27.23125,0.316125,25.70625,2295.563125,27.70875
2024-07-27 14:15:00,27.5,0.31,25.9,2292.47,28.0375
2024-07-27 14:30:00,28.0333333333333,0.298666666666667,26.7333333333333,2289.61333333333,29.1316666666667
2024-07-27 14:45:00,28.5666666666667,0.287333333333333,27.5666666666667,2286.75666666667,30.2258333333333
2024-07-27 15:00:00,29.1,0.276,28.4,2283.9,31.32
2024-07-27 15:15:00,29.18,0.2824,28.5,2280.508,31.2835
2024-07-27 15:30:00,29.26,0.2888,28.6,2277.116,31.247
2024-07-27 15:45:00,29.34,0.2952,28.7,2273.724,31.2105
2024-07-27 16:00:00,29.42,0.3016,28.8,2270.332,31.174
2024-07-27 16:15:00,29.5,0.308,28.9,2266.94,31.1375
2024-07-27 16:30:00,29.75,0.302,28.9,2264.05,31.25575
2024-07-27 16:45:00,30,0.296,28.9,2261.16,31.374
2024-07-27 17:00:00,30.5666666666667,0.29,29.0666666666667,2258.58,31.9851666666667
2024-07-27 17:15:00,31.1333333333333,0.284,29.2333333333333,2256,32.5963333333333
2024-07-27 17:30:00,31.7,0.278,29.4,2253.42,33.2075
2024-07-27 17:45:00,31.0111111111111,0.300111111111111,28.7777777777778,2251.21555555556,32.0133333333333
2024-07-27 18:00:00,30.3222222222222,0.322222222222222,28.1555555555556,2249.01111111111,30.8191666666667
2024-07-27 18:15:00,29.6333333333333,0.344333333333333,27.5333333333333,2246.80666666667,29.625
2024-07-27 18:30:00,28.9444444444444,0.366444444444444,26.9111111111111,2244.60222222222,28.4308333333333
2024-07-27 18:45:00,28.2555555555556,0.388555555555556,26.2888888888889,2242.39777777778,27.2366666666667
2024-07-27 19:00:00,27.5666666666667,0.410666666666667,25.6666666666667,2240.19333333333,26.0425
2024-07-27 19:15:00,26.8777777777778,0.432777777777778,25.0444444444444,2237.98888888889,24.8483333333333
2024-07-27 19:30:00,26.1888888888889,0.454888888888889,24.4222222222222,2235.78444444444,23.6541666666667
2024-07-27 19:45:00,25.5,0.477,23.8,2233.58,22.46
2024-07-27 20:00:00,23.7,0.516,23.5,2233.49,21.1475
2024-07-27 20:15:00,22,0.524,23.1,2234.29,20.1566666666667
2024-07-27 20:30:00,20.8,0.534,22.6,2233.86,19.474
2024-07-27 20:45:00,20,0.528,22.2,2233.45,18.8333333333333
2024-07-27 21:00:00,20.1333333333333,0.489666666666667,21.7333333333333,2232.36333333333,18.8613888888889
2024-07-27 21:15:00,20.2666666666667,0.451333333333333,21.2666666666667,2231.27666666667,18.8894444444444
2024-07-27 21:30:00,20.4,0.413,20.8,2230.19,18.9175
2024-07-27 21:45:00,20.9,0.416,20.4,2230.77,19.27
2024-07-27 22:00:00,19.9,0.448,20.1,2230.39,18.35
2024-07-27 22:15:00,19,0.512,19.8,2228.58,17.28
2024-07-27 22:30:00,17.2,0.579,19.5,2229.41,15.725
2024-07-27 22:45:00,16.88,0.5902,19.26,2228.734,15.5293333333333
2024-07-27 23:00:00,16.56,0.6014,19.02,2228.058,15.3336666666667
2024-07-27 23:15:00,16.24,0.6126,18.78,2227.382,15.138
2024-07-27 23:30:00,15.92,0.6238,18.54,2226.706,14.9423333333334
2024-07-27 23:45:00,15.6,0.635,18.3,2226.03,14.7466666666667
2024-07-28 00:00:00,15.8,0.643,18.1,2226.07,14.9875
2024-07-28 00:15:00,15.6,0.63,18,2226.72,14.9175
2024-07-28 00:30:00,15.5,0.6312,17.88,2226.402,14.956
2024-07-28 00:45:00,15.4,0.6324,17.76,2226.084,14.9945
2024-07-28 01:00:00,15.3,0.6336,17.64,2225.766,15.033
2024-07-28 01:15:00,15.2,0.6348,17.52,2225.448,15.0715
2024-07-28 01:30:00,15.1,0.636,17.4,2225.13,15.11
2024-07-28 01:45:00,14.7333333333333,0.676666666666667,17.2666666666667,2224.4,13.9291666666667
2024-07-28 02:00:00,14.3666666666667,0.717333333333333,17.1333333333333,2223.67,12.7483333333333
2024-07-28 02:15:00,14,0.758,17,2222.94,11.5675
2024-07-28 02:30:00,13.6,0.7625,16.8,2223.055,11.54875
2024-07-28 02:45:00,13.2,0.767,16.6,2223.17,11.53
2024-07-28 03:00:00,12.8333333333333,0.783166666666667,16.4,2222.625,11.2544444444444
2024-07-28 03:15:00,12.4666666666667,0.799333333333333,16.2,2222.08,10.9788888888889
2024-07-28 03:30:00,12.1,0.8155,16,2221.535,10.7033333333333
2024-07-28 03:45:00,11.7333333333333,0.831666666666667,15.8,2220.99,10.4277777777778
2024-07-28 04:00:00,11.3666666666667,0.847833333333333,15.6,2220.445,10.1522222222222
2024-07-28 04:15:00,11,0.864,15.4,2219.9,9.87666666666667
2024-07-28 04:30:00,11.35,0.8535,15.325,2219.79,10.10375
2024-07-28 04:45:00,11.7,0.843,15.25,2219.68,10.3308333333333
2024-07-28 05:00:00,12.05,0.8325,15.175,2219.57,10.5579166666667
2024-07-28 05:15:00,12.4,0.822,15.1,2219.46,10.785
2024-07-28 05:30:00,11.7,0.8545,15,2218.635,10.3758333333333
2024-07-28 05:45:00,11,0.887,14.9,2217.81,9.96666666666667
2024-07-28 06:00:00,10.6,0.91,14.8,2217.62,9.8525
2024-07-28 06:15:00,11.4666666666667,0.889666666666667,14.8666666666667,2217.87333333333,10.8356666666667
2024-07-28 06:30:00,12.3333333333333,0.869333333333333,14.9333333333333,2218.12666666667,11.8188333333333
2024-07-28 06:45:00,13.2,0.849,15,2218.38,12.802
2024-07-28 07:00:00,14.3,0.824,15.3,2218.51,13.7275
2024-07-28 07:15:00,15.7,0.776,15.6,2216.61,15
2024-07-28 07:30:00,17.4,0.726,16.2,2217.13,16.6666666666667
2024-07-28 07:45:00,18,0.702272727272727,16.9636363636364,2216.00272727273,17.3544696969697
2024-07-28 08:00:00,18.6,0.678545454545455,17.7272727272727,2214.87545454545,18.0422727272728
2024-07-28 08:15:00,19.2,0.654818181818182,18.4909090909091,2213.74818181818,18.7300757575758
2024-07-28 08:30:00,19.8,0.631090909090909,19.2545454545455,2212.62090909091,19.4178787878788
2024-07-28 08:45:00,20.4,0.607363636363636,20.0181818181818,2211.49363636364,20.1056818181818
2024-07-28 09:00:00,21,0.583636363636364,20.7818181818182,2210.36636363636,20.7934848484849
2024-07-28 09:15:00,21.6,0.559909090909091,21.5454545454545,2209.23909090909,21.4812878787879
2024-07-28 09:30:00,22.2,0.536181818181818,22.3090909090909,2208.11181818182,22.1690909090909
2024-07-28 09:45:00,22.8,0.512454545454546,23.0727272727273,2206.98454545455,22.8568939393939
2024-07-28 10:00:00,23.4,0.488727272727273,23.8363636363636,2205.85727272727,23.544696969697
2024-07-28 10:15:00,24,0.465,24.6,2204.73,24.2325
2024-07-28 10:30:00,24,0.465,24.3666666666667,2202.87666666667,24.1308333333333
2024-07-28 10:45:00,24,0.465,24.1333333333333,2201.02333333333,24.0291666666667
2024-07-28 11:00:00,24,0.465,23.9,2199.17,23.9275
2024-07-28 11:15:00,24.6,0.450916666666667,24.1666666666667,2196.96583333333,24.798125
2024-07-28 11:30:00,25.2,0.436833333333333,24.4333333333333,2194.76166666667,25.66875
2024-07-28 11:45:00,25.8,0.42275,24.7,2192.5575,26.539375
2024-07-28 12:00:00,26.4,0.408666666666667,24.9666666666667,2190.35333333333,27.41
2024-07-28 12:15:00,27,0.394583333333333,25.2333333333333,2188.14916666667,28.280625
2024-07-28 12:30:00,27.6,0.3805,25.5,2185.945,29.15125
2024-07-28 12:45:00,28.2,0.366416666666667,25.7666666666667,2183.74083333333,30.021875
2024-07-28 13:00:00,28.8,0.352333333333333,26.0333333333333,2181.53666666667,30.8925
2024-07-28 13:15:00,29.4,0.33825,26.3,2179.3325,31.763125
2024-07-28 13:30:00,30,0.324166666666667,26.5666666666667,2177.12833333333,32.63375
2024-07-28 13:45:00,30.6,0.310083333333333,26.8333333333333,2174.92416666667,33.504375
2024-07-28 14:00:00,31.2,0.296,27.1,2172.72,34.375
2024-07-28 14:15:00,31.025,0.3045,28.275,2170.755,34.3025
2024-07-28 14:30:00,30.85,0.313,29.45,2168.79,34.23
2024-07-28 14:45:00,30.675,0.3215,30.625,2166.825,34.1575
2024-07-28 15:00:00,30.5,0.33,31.8,2164.86,34.085
2024-07-28 15:15:00,31.55,0.3005,32.9,2162.555,35.9275
2024-07-28 15:30:00,32.6,0.271,34,2160.25,37.77
2024-07-28 15:45:00,30.1,0.293,33.9,2158.45,29.4233333333333
2024-07-28 16:00:00,30.1,0.3,33.6714285714286,2156.34285714286,29.7767857142857
2024-07-28 16:15:00,30.1,0.307,33.4428571428571,2154.23571428571,30.1302380952381
2024-07-28 16:30:00,30.1,0.314,33.2142857142857,2152.12857142857,30.4836904761905
2024-07-28 16:45:00,30.1,0.321,32.9857142857143,2150.02142857143,30.8371428571428
2024-07-28 17:00:00,30.1,0.328,32.7571428571429,2147.91428571429,31.1905952380952
2024-07-28 17:15:00,30.1,0.335,32.5285714285714,2145.80714285714,31.5440476190476
2024-07-28 17:30:00,30.1,0.342,32.3,2143.7,31.8975
2024-07-28 17:45:00,30.52,0.3378,31.68,2141.784,32.092
2024-07-28 18:00:00,30.94,0.3336,31.06,2139.868,32.2865
2024-07-28 18:15:00,31.36,0.3294,30.44,2137.952,32.481
2024-07-28 18:30:00,31.78,0.3252,29.82,2136.036,32.6755
2024-07-28 18:45:00,32.2,0.321,29.2,2134.12,32.87
2024-07-28 19:00:00,31.65,0.36475,28.65,2133.3225,30.5
2024-07-28 19:15:00,31.1,0.4085,28.1,2132.525,28.13
2024-07-28 19:30:00,30.55,0.45225,27.55,2131.7275,25.76
2024-07-28 19:45:00,30,0.496,27,2130.93,23.39
2024-07-28 20:00:00,27.55,0.52575,26.35,2130.495,22.18
2024-07-28 20:15:00,25.1,0.5555,25.7,2130.06,20.97
2024-07-28 20:30:00,22.65,0.58525,25.05,2129.625,19.76
2024-07-28 20:45:00,20.2,0.615,24.4,2129.19,18.55
2024-07-28 21:00:00,20.2,0.564,23.8,2127.59,19.1633333333333
2024-07-28 21:15:00,21.2,0.52,23.3,2127.54,20.42
2024-07-28 21:30:00,22.3,0.455,22.9,2128.65,21.82
2024-07-28 21:45:00,22.6,0.445,22.6,2129.52,21.275
2024-07-28 22:00:00,22.2,0.46,22.3,2128.55,20.2866666666667
2024-07-28 22:15:00,20.5,0.508,22,2127.9,18.874
2024-07-28 22:30:00,19.8,0.528,21.6,2128.18,18.324
2024-07-28 22:45:00,18.3,0.619,21.3,2128.35,16.202
2024-07-28 23:00:00,16.65,0.6935,20.9,2128.44,15.066
2024-07-28 23:15:00,15,0.768,20.5,2128.53,13.93
2024-07-28 23:30:00,14.3,0.804,20.15,2128.245,13.4533333333334
2024-07-28 23:45:00,13.6,0.84,19.8,2127.96,12.9766666666667
2024-07-29 00:00:00,13.6,0.818,19.5,2127.83,13.0255555555556
2024-07-29 00:15:00,13.6,0.796,19.2,2127.7,13.0744444444444
2024-07-29 00:30:00,13.6,0.774,18.9,2127.57,13.1233333333333
2024-07-29 00:45:00,13.4,0.791,18.6,2127.82,12.585
2024-07-29 01:00:00,13.2,0.801333333333333,18.3333333333333,2127.8,12.4066666666667
2024-07-29 01:15:00,13,0.811666666666667,18.0666666666667,2127.78,12.2283333333333
2024-07-29 01:30:00,12.8,0.822,17.8,2127.76,12.05
2024-07-29 01:45:00,12.1,0.854,17.6,2127.43,11.2566666666667
2024-07-29 02:00:00,11.5,0.885,17.4,2127.79,10.77
2024-07-29 02:15:00,11.45,0.8805,17.2,2127.98,10.9133333333334
2024-07-29 02:30:00,11.4,0.876,17,2128.17,11.0566666666667
2024-07-29 02:45:00,11.4,0.872,16.8333333333333,2127.84666666667,11.0347222222223
2024-07-29 03:00:00,11.4,0.868,16.6666666666667,2127.52333333333,11.0127777777778
2024-07-29 03:15:00,11.4,0.864,16.5,2127.2,10.9908333333334
2024-07-29 03:30:00,11.4,0.86,16.3333333333333,2126.87666666667,10.9688888888889
2024-07-29 03:45:00,11.4,0.856,16.1666666666667,2126.55333333333,10.9469444444445
2024-07-29 04:00:00,11.4,0.852,16,2126.23,10.925
2024-07-29 04:15:00,11.5,0.857,15.9,2126.35,11.092
2024-07-29 04:30:00,11.5,0.861,15.75,2126.215,11.1343333333334
2024-07-29 04:45:00,11.5,0.865,15.6,2126.08,11.1766666666667
2024-07-29 05:00:00,11.4666666666667,0.862333333333333,15.5,2125.76333333333,11.1555555555556
2024-07-29 05:15:00,11.4333333333333,0.859666666666667,15.4,2125.44666666667,11.1344444444444
2024-07-29 05:30:00,11.4,0.857,15.3,2125.13,11.1133333333333
2024-07-29 05:45:00,11.15,0.876,15.2,2125.975,10.6504166666666
2024-07-29 06:00:00,10.9,0.895,15.1,2126.82,10.1875
2024-07-29 06:15:00,11.4,0.885,15.1,2126.355,10.73625
2024-07-29 06:30:00,11.9,0.875,15.1,2125.89,11.285
2024-07-29 06:45:00,12.8,0.859,15.3,2126.7,12.83
2024-07-29 07:00:00,13.9,0.864,15.7,2126.39,13.775
2024-07-29 07:15:00,14.9,0.833,16.1,2127.58,15.09
2024-07-29 07:30:00,16.4,0.735,16.7,2126.43,16.4866666666667
2024-07-29 07:45:00,17.2,0.738,17.2,2126.84,16.794
2024-07-29 08:00:00,17.8,0.7,17.6,2126.7,17.28
2024-07-29 08:15:00,18.2,0.709,17.9,2126.83,17.466
2024-07-29 08:30:00,18.8,0.685,18.3,2126.63,18.506
2024-07-29 08:45:00,19.4,0.661,18.7,2126.43,19.546
2024-07-29 09:00:00,20.8,0.578,19.6,2125.62,20.4625
2024-07-29 09:15:00,21.5,0.578,20.5,2123.23,21.135
2024-07-29 09:30:00,22.3333333333333,0.533333333333333,22.5,2122.93,21.9883333333333
2024-07-29 09:45:00,23.1666666666667,0.488666666666667,24.5,2122.63,22.8416666666667
2024-07-29 10:00:00,24,0.444,26.5,2122.33,23.695
2024-07-29 10:15:00,24.125,0.444125,26.8375,2121.2825,23.824875
2024-07-29 10:30:00,24.25,0.44425,27.175,2120.235,23.95475
2024-07-29 10:45:00,24.375,0.444375,27.5125,2119.1875,24.084625
2024-07-29 11:00:00,24.5,0.4445,27.85,2118.14,24.2145
2024-07-29 11:15:00,24.625,0.444625,28.1875,2117.0925,24.344375
2024-07-29 11:30:00,24.75,0.44475,28.525,2116.045,24.47425
2024-07-29 11:45:00,24.875,0.444875,28.8625,2114.9975,24.604125
2024-07-29 12:00:00,25,0.445,29.2,2113.95,24.734
2024-07-29 12:15:00,24.5,0.439,28.4,2113.37,24.534
2024-07-29 12:30:00,24.95,0.4495,28.4,2112.145,25.239
2024-07-29 12:45:00,25.4,0.46,28.4,2110.92,25.944
2024-07-29 13:00:00,26.7,0.458,28.9,2110.2,26.995
2024-07-29 13:15:00,26.5,0.465,29,2109.09,26.8775
2024-07-29 13:30:00,26.3,0.472,29.1,2107.98,26.76
2024-07-29 13:45:00,25.4,0.4975,28.8,2107.145,25.501
2024-07-29 14:00:00,24.5,0.523,28.5,2106.31,24.242
2024-07-29 14:15:00,24.64,0.5234,28.44,2105.606,24.4588
2024-07-29 14:30:00,24.78,0.5238,28.38,2104.902,24.6756
2024-07-29 14:45:00,24.92,0.5242,28.32,2104.198,24.8924
2024-07-29 15:00:00,25.06,0.5246,28.26,2103.494,25.1092
2024-07-29 15:15:00,25.2,0.525,28.2,2102.79,25.326
2024-07-29 15:30:00,24.7,0.529,28.1,2102.83,24.59
2024-07-29 15:45:00,25.05,0.519,28.05,2102.495,25.4775
2024-07-29 16:00:00,25.4,0.509,28,2102.16,26.365
2024-07-29 16:15:00,25.85,0.4995,28.6,2101.85,26.8185
2024-07-29 16:30:00,26.3,0.49,29.2,2101.54,27.272
2024-07-29 16:45:00,26.7,0.472,29.7,2100.31,28.0225
2024-07-29 17:00:00,26.36,0.4794,29.26,2099.508,27.4295
2024-07-29 17:15:00,26.02,0.4868,28.82,2098.706,26.8365
2024-07-29 17:30:00,25.68,0.4942,28.38,2097.904,26.2435
2024-07-29 17:45:00,25.34,0.5016,27.94,2097.102,25.6505
2024-07-29 18:00:00,25,0.509,27.5,2096.3,25.0575
2024-07-29 18:15:00,24.5,0.54,27.2,2097.1,24.0725
2024-07-29 18:30:00,24.3,0.557,26.8,2095.38,24.4325
2024-07-29 18:45:00,23.85,0.574,26.55,2095.005,23.59725
2024-07-29 19:00:00,23.4,0.591,26.3,2094.63,22.762
2024-07-29 19:15:00,22.8,0.581,25.9,2094.69,22.2825
2024-07-29 19:30:00,22.2333333333333,0.611666666666667,25.3666666666667,2094.66666666667,21.7325
2024-07-29 19:45:00,21.6666666666667,0.642333333333333,24.8333333333333,2094.64333333333,21.1825
2024-07-29 20:00:00,21.1,0.673,24.3,2094.62,20.6325
2024-07-29 20:15:00,20.85,0.68125,23.925,2094.25,20.2827083333333
2024-07-29 20:30:00,20.6,0.6895,23.55,2093.88,19.9329166666666
2024-07-29 20:45:00,20.35,0.69775,23.175,2093.51,19.583125
2024-07-29 21:00:00,20.1,0.706,22.8,2093.14,19.2333333333333
2024-07-29 21:15:00,19.4,0.745,22.6,2092.35,18.395
2024-07-29 21:30:00,18.9,0.765,22.3,2092.64,18.32
2024-07-29 21:45:00,18.75,0.777,22.15,2092.96,18.1875
2024-07-29 22:00:00,18.6,0.789,22,2093.28,18.055
2024-07-29 22:15:00,18.4,0.797,21.85,2092.58,17.9975
2024-07-29 22:30:00,18.2,0.805,21.7,2091.88,17.94
2024-07-29 22:45:00,18.45,0.78875,21.575,2092.3125,18.06625
2024-07-29 23:00:00,18.7,0.7725,21.45,2092.745,18.1925
2024-07-29 23:15:00,18.95,0.75625,21.325,2093.1775,18.31875
2024-07-29 23:30:00,19.2,0.74,21.2,2093.61,18.445
2024-07-29 23:45:00,18.7,0.772,21.1,2093.2,17.7966666666667
2024-07-30 00:00:00,18.1,0.819,20.9,2092.95,17.2833333333333
2024-07-30 00:15:00,17.5571428571429,0.833571428571429,20.6714285714286,2092.86714285714,16.8028571428571
2024-07-30 00:30:00,17.0142857142857,0.848142857142857,20.4428571428571,2092.78428571429,16.3223809523809
2024-07-30 00:45:00,16.4714285714286,0.862714285714286,20.2142857142857,2092.70142857143,15.8419047619047
2024-07-30 01:00:00,15.9285714285714,0.877285714285714,19.9857142857143,2092.61857142857,15.3614285714286
2024-07-30 01:15:00,15.3857142857143,0.891857142857143,19.7571428571429,2092.53571428571,14.8809523809524
2024-07-30 01:30:00,14.8428571428571,0.906428571428572,19.5285714285714,2092.45285714286,14.4004761904762
2024-07-30 01:45:00,14.3,0.921,19.3,2092.37,13.92
2024-07-30 02:00:00,14.4,0.924,19,2093.55,14.1433333333333
2024-07-30 02:15:00,14.4,0.922,18.9,2093.09,14.1375
2024-07-30 02:30:00,14.3,0.9238,18.72,2092.886,14.0375
2024-07-30 02:45:00,14.2,0.9256,18.54,2092.682,13.9375
2024-07-30 03:00:00,14.1,0.9274,18.36,2092.478,13.8375
2024-07-30 03:15:00,14,0.9292,18.18,2092.274,13.7375
2024-07-30 03:30:00,13.9,0.931,18,2092.07,13.6375
2024-07-30 03:45:00,13.9,0.927,18.1,2092.53,13.7925
2024-07-30 04:00:00,14.2,0.932,18.1,2094.21,14.35
2024-07-30 04:15:00,14.6,0.93,18.2,2092.5,14.754
2024-07-30 04:30:00,15.05,0.92,18.25,2092.255,15.1286666666667
2024-07-30 04:45:00,15.5,0.91,18.3,2092.01,15.5033333333333
2024-07-30 05:00:00,15.4,0.908,18.3,2093.62,15.05
2024-07-30 05:15:00,15.1,0.904,18.2,2092.76,14.412
2024-07-30 05:30:00,15.05,0.90125,18.075,2093.0125,14.563375
2024-07-30 05:45:00,15,0.8985,17.95,2093.265,14.71475
2024-07-30 06:00:00,14.95,0.89575,17.825,2093.5175,14.866125
2024-07-30 06:15:00,14.9,0.893,17.7,2093.77,15.0175
2024-07-30 06:30:00,15.3,0.898,17.8,2092.3,14.8375
2024-07-30 06:45:00,15.9,0.876,17.8,2093.43,15.09
2024-07-30 07:00:00,16.8,0.837333333333333,18.0166666666667,2093.07166666667,16.0141666666667
2024-07-30 07:15:00,17.7,0.798666666666667,18.2333333333333,2092.71333333333,16.9383333333333
2024-07-30 07:30:00,18.6,0.76,18.45,2092.355,17.8625
2024-07-30 07:45:00,19.5,0.721333333333333,18.6666666666667,2091.99666666667,18.7866666666667
2024-07-30 08:00:00,20.4,0.682666666666667,18.8833333333333,2091.63833333333,19.7108333333333
2024-07-30 08:15:00,21.3,0.644,19.1,2091.28,20.635
2024-07-30 08:30:00,21.8,0.629,19.4,2089.7,21.294
2024-07-30 08:45:00,22.4,0.614,19.7,2088.83,22.0433333333333
2024-07-30 09:00:00,22.825,0.588,21.575,2089.0225,22.513
2024-07-30 09:15:00,23.25,0.562,23.45,2089.215,22.9826666666667
2024-07-30 09:30:00,23.675,0.536,25.325,2089.4075,23.4523333333333
2024-07-30 09:45:00,24.1,0.51,27.2,2089.6,23.922
2024-07-30 10:00:00,24.6,0.505,28.9333333333333,2089.92,24.323
2024-07-30 10:15:00,25.1,0.5,30.6666666666667,2090.24,24.724
2024-07-30 10:30:00,25.6,0.495,32.4,2090.56,25.125
2024-07-30 10:45:00,25.8666666666667,0.484833333333333,33.3333333333333,2090.84833333333,25.4379166666667
2024-07-30 11:00:00,26.1333333333333,0.474666666666667,34.2666666666667,2091.13666666667,25.7508333333333
2024-07-30 11:15:00,26.4,0.4645,35.2,2091.425,26.06375
2024-07-30 11:30:00,26.6666666666667,0.454333333333333,36.1333333333333,2091.71333333333,26.3766666666667
2024-07-30 11:45:00,26.9333333333333,0.444166666666667,37.0666666666667,2092.00166666667,26.6895833333333
2024-07-30 12:00:00,27.2,0.434,38,2092.29,27.0025
2024-07-30 12:15:00,27.5,0.458,38.6,2091.18,27.415
2024-07-30 12:30:00,28.1,0.426,36.25,2101.51,27.8908333333333
2024-07-30 12:45:00,28.7,0.394,33.9,2111.84,28.3666666666667
2024-07-30 13:00:00,28.7,0.415,28.9,2172.84,28.52
2024-07-30 13:15:00,29.6,0.385,26.8,2357.88,29.0466666666667
2024-07-30 13:30:00,29.85,0.38275,27.175,2390.355,30.415
2024-07-30 13:45:00,30.1,0.3805,27.55,2422.83,31.7833333333334
2024-07-30 14:00:00,30.35,0.37825,27.925,2455.305,33.1516666666667
2024-07-30 14:15:00,30.6,0.376,28.3,2487.78,34.52
2024-07-30 14:30:00,30.8666666666667,0.371,29,2494.03333333333,35.7888888888889
2024-07-30 14:45:00,31.1333333333333,0.366,29.7,2500.28666666667,37.0577777777778
2024-07-30 15:00:00,31.4,0.361,30.4,2506.54,38.3266666666667
2024-07-30 15:15:00,30.8,0.362,31.2,2504.57,35.01
2024-07-30 15:30:00,30.9444444444444,0.359111111111111,30.9888888888889,2505.96666666667,35.0388888888889
2024-07-30 15:45:00,31.0888888888889,0.356222222222222,30.7777777777778,2507.36333333333,35.0677777777778
2024-07-30 16:00:00,31.2333333333333,0.353333333333333,30.5666666666667,2508.76,35.0966666666667
2024-07-30 16:15:00,31.3777777777778,0.350444444444444,30.3555555555556,2510.15666666667,35.1255555555556
2024-07-30 16:30:00,31.5222222222222,0.347555555555556,30.1444444444444,2511.55333333333,35.1544444444444
2024-07-30 16:45:00,31.6666666666667,0.344666666666667,29.9333333333333,2512.95,35.1833333333333
2024-07-30 17:00:00,31.8111111111111,0.341777777777778,29.7222222222222,2514.34666666667,35.2122222222222
2024-07-30 17:15:00,31.9555555555556,0.338888888888889,29.5111111111111,2515.74333333333,35.2411111111111
2024-07-30 17:30:00,32.1,0.336,29.3,2517.14,35.27
2024-07-30 17:45:00,31.5666666666667,0.344583333333333,28.7333333333333,2517.71833333333,34.3241666666667
2024-07-30 18:00:00,31.0333333333333,0.353166666666667,28.1666666666667,2518.29666666667,33.3783333333333
2024-07-30 18:15:00,30.5,0.36175,27.6,2518.875,32.4325
2024-07-30 18:30:00,29.9666666666667,0.370333333333333,27.0333333333333,2519.45333333333,31.4866666666667
2024-07-30 18:45:00,29.4333333333333,0.378916666666667,26.4666666666667,2520.03166666667,30.5408333333333
2024-07-30 19:00:00,28.9,0.3875,25.9,2520.61,29.595
2024-07-30 19:15:00,28.3666666666667,0.396083333333333,25.3333333333333,2521.18833333333,28.6491666666667
2024-07-30 19:30:00,27.8333333333333,0.404666666666667,24.7666666666667,2521.76666666667,27.7033333333333
2024-07-30 19:45:00,27.3,0.41325,24.2,2522.345,26.7575
2024-07-30 20:00:00,26.7666666666667,0.421833333333333,23.6333333333333,2522.92333333333,25.8116666666667
2024-07-30 20:15:00,26.2333333333333,0.430416666666667,23.0666666666667,2523.50166666667,24.8658333333333
2024-07-30 20:30:00,25.7,0.439,22.5,2524.08,23.92
2024-07-30 20:45:00,25.1333333333333,0.456666666666667,22.2416666666667,2524.73583333333,23.3966666666667
2024-07-30 21:00:00,24.5666666666667,0.474333333333333,21.9833333333333,2525.39166666667,22.8733333333333
2024-07-30 21:15:00,24,0.492,21.725,2526.0475,22.35
2024-07-30 21:30:00,23.4333333333333,0.509666666666667,21.4666666666667,2526.70333333333,21.8266666666667
2024-07-30 21:45:00,22.8666666666667,0.527333333333333,21.2083333333333,2527.35916666667,21.3033333333333
2024-07-30 22:00:00,22.3,0.545,20.95,2528.015,20.78
2024-07-30 22:15:00,21.7333333333333,0.562666666666667,20.6916666666667,2528.67083333333,20.2566666666667
2024-07-30 22:30:00,21.1666666666667,0.580333333333333,20.4333333333333,2529.32666666667,19.7333333333333
2024-07-30 22:45:00,20.6,0.598,20.175,2529.9825,19.21
2024-07-30 23:00:00,20.0333333333333,0.615666666666667,19.9166666666667,2530.63833333333,18.6866666666667
2024-07-30 23:15:00,19.4666666666667,0.633333333333333,19.6583333333333,2531.29416666667,18.1633333333333
2024-07-30 23:30:00,18.9,0.651,19.4,2531.95,17.64
2024-07-30 23:45:00,17.7333333333333,0.712,19.1666666666667,2532.66,16.6
2024-07-31 00:00:00,16.5666666666667,0.773,18.9333333333333,2533.37,15.56
2024-07-31 00:15:00,15.4,0.834,18.7,2534.08,14.52
2024-07-31 00:30:00,15.4,0.85,18.5,2534.185,14.484
2024-07-31 00:45:00,15.4,0.866,18.3,2534.29,14.448
2024-07-31 01:00:00,16.2,0.831,18.2,2534.68,14.884
2024-07-31 01:15:00,16.25,0.82525,18.075,2535.2675,14.8775
2024-07-31 01:30:00,16.3,0.8195,17.95,2535.855,14.871
2024-07-31 01:45:00,16.35,0.81375,17.825,2536.4425,14.8645
2024-07-31 02:00:00,16.4,0.808,17.7,2537.03,14.858
2024-07-31 02:15:00,15.2,0.851,17.6,2537.06,13.922
2024-07-31 02:30:00,14.4,0.876,17.4,2538.47,13.545
2024-07-31 02:45:00,14.1,0.889,17.2,2538.99333333333,13.26
2024-07-31 03:00:00,13.8,0.902,17,2539.51666666667,12.975
2024-07-31 03:15:00,13.5,0.915,16.8,2540.04,12.69
2024-07-31 03:30:00,13.3,0.912333333333333,16.6666666666667,2540.66,12.4925
2024-07-31 03:45:00,13.1,0.909666666666667,16.5333333333333,2541.28,12.295
2024-07-31 04:00:00,12.9,0.907,16.4,2541.9,12.0975
2024-07-31 04:15:00,12.75,0.918,16.25,2542.975,12.10975
2024-07-31 04:30:00,12.6,0.929,16.1,2544.05,12.122
2024-07-31 04:45:00,12.7,0.929,15.9,2544.8,12.055
2024-07-31 05:00:00,12.5,0.927,15.8,2545.97,12.02
2024-07-31 05:15:00,12.4666666666667,0.925666666666667,15.7,2546.04666666667,11.9653333333333
2024-07-31 05:30:00,12.4333333333333,0.924333333333333,15.6,2546.12333333333,11.9106666666667
2024-07-31 05:45:00,12.4,0.923,15.5,2546.2,11.856
2024-07-31 06:00:00,12.25,0.927,15.4,2546.845,11.7346666666666
2024-07-31 06:15:00,12.1,0.931,15.3,2547.49,11.6133333333333
2024-07-31 06:30:00,12.4,0.94,15.3,2544.94,11.9866666666667
2024-07-31 06:45:00,14.4,0.9015,15.4,2539.985,13.3708333333334
2024-07-31 07:00:00,16.4,0.863,15.5,2535.03,14.755
2024-07-31 07:15:00,18.7,0.769,15.8,2530.37,16.55
2024-07-31 07:30:00,19.8,0.7065,16.2,2526.905,17.7833333333334
2024-07-31 07:45:00,20.9,0.644,16.6,2523.44,19.0166666666667
2024-07-31 08:00:00,21.2,0.624,16.9,2519.56,19.83
2024-07-31 08:15:00,21.45,0.61875,17.15,2516.7275,20.2715
2024-07-31 08:30:00,21.7,0.6135,17.4,2513.895,20.713
2024-07-31 08:45:00,21.95,0.60825,17.65,2511.0625,21.1545
2024-07-31 09:00:00,22.2,0.603,17.9,2508.23,21.596
2024-07-31 09:15:00,22.75,0.5915,20,2504.535,21.9946666666667
2024-07-31 09:30:00,23.3,0.58,22.1,2500.84,22.3933333333333
2024-07-31 09:45:00,23.1,0.583,24,2497.41,22.46
2024-07-31 10:00:00,23.7,0.538,25.4,2493.22,23.1333333333333
2024-07-31 10:15:00,23.9,0.57,26.5,2488.01,23.56
2024-07-31 10:30:00,24.3333333333333,0.568333333333333,27.3,2484.37333333333,24.0006666666667
2024-07-31 10:45:00,24.7666666666667,0.566666666666667,28.1,2480.73666666667,24.4413333333333
2024-07-31 11:00:00,25.2,0.565,28.9,2477.1,24.882
2024-07-31 11:15:00,25.7,0.545,29.3,2471.68,25.425
2024-07-31 11:30:00,26.3,0.524,29.7,2467.95,26.1245
2024-07-31 11:45:00,26.9,0.503,30.1,2464.22,26.824
2024-07-31 12:00:00,27.3,0.483,30.6,2460.04,26.884
2024-07-31 12:15:00,27.6333333333333,0.471222222222222,30.3111111111111,2456.85555555556,27.7187407407407
2024-07-31 12:30:00,27.9666666666667,0.459444444444444,30.0222222222222,2453.67111111111,28.5534814814815
2024-07-31 12:45:00,28.3,0.447666666666667,29.7333333333333,2450.48666666667,29.3882222222222
2024-07-31 13:00:00,28.6333333333333,0.435888888888889,29.4444444444444,2447.30222222222,30.222962962963
2024-07-31 13:15:00,28.9666666666667,0.424111111111111,29.1555555555556,2444.11777777778,31.0577037037037
2024-07-31 13:30:00,29.3,0.412333333333333,28.8666666666667,2440.93333333333,31.8924444444445
2024-07-31 13:45:00,29.6333333333333,0.400555555555556,28.5777777777778,2437.74888888889,32.7271851851852
2024-07-31 14:00:00,29.9666666666667,0.388777777777778,28.2888888888889,2434.56444444444,33.561925925926
2024-07-31 14:15:00,30.3,0.377,28,2431.38,34.3966666666667
2024-07-31 14:30:00,30.5888888888889,0.371444444444444,28.4777777777778,2426.51333333333,34.6663703703704
2024-07-31 14:45:00,30.8777777777778,0.365888888888889,28.9555555555556,2421.64666666667,34.9360740740741
2024-07-31 15:00:00,31.1666666666667,0.360333333333333,29.4333333333333,2416.78,35.2057777777778
2024-07-31 15:15:00,31.4555555555556,0.354777777777778,29.9111111111111,2411.91333333333,35.4754814814815
2024-07-31 15:30:00,31.7444444444444,0.349222222222222,30.3888888888889,2407.04666666667,35.7451851851852
2024-07-31 15:45:00,32.0333333333333,0.343666666666667,30.8666666666667,2402.18,36.0148888888889
2024-07-31 16:00:00,32.3222222222222,0.338111111111111,31.3444444444444,2397.31333333333,36.2845925925926
2024-07-31 16:15:00,32.6111111111111,0.332555555555556,31.8222222222222,2392.44666666667,36.5542962962963
2024-07-31 16:30:00,32.9,0.327,32.3,2387.58,36.824
2024-07-31 16:45:00,32.96,0.3224,31.9,2383.292,36.4832
2024-07-31 17:00:00,33.02,0.3178,31.5,2379.004,36.1424
2024-07-31 17:15:00,33.08,0.3132,31.1,2374.716,35.8016
2024-07-31 17:30:00,33.14,0.3086,30.7,2370.428,35.4608
2024-07-31 17:45:00,33.2,0.304,30.3,2366.14,35.12
2024-07-31 18:00:00,33.1,0.336,28.8,2362.12,34.84
2024-07-31 18:15:00,32.9,0.348,27.8,2358.1,33.54
2024-07-31 18:30:00,32.8,0.379,27.2,2355.98,33.518
2024-07-31 18:45:00,33.4,0.376,26.9,2353.22,34.085
2024-07-31 19:00:00,34.15,0.4315,26.7,2351.735,31.0955
2024-07-31 19:15:00,34.9,0.487,26.5,2350.25,28.106
2024-07-31 19:30:00,34.4,0.487,26.3,2349.43,25.7725
2024-07-31 19:45:00,31.85,0.473,25.8,2347.79,24.26325
2024-07-31 20:00:00,29.3,0.459,25.3,2346.15,22.754
2024-07-31 20:15:00,26.5,0.52,24.75,2345.385,21.67825
2024-07-31 20:30:00,23.7,0.581,24.2,2344.62,20.6025
2024-07-31 20:45:00,23.2666666666667,0.566333333333333,23.6333333333333,2344.35333333333,20.643
2024-07-31 21:00:00,22.8333333333333,0.551666666666667,23.0666666666667,2344.08666666667,20.6835
2024-07-31 21:15:00,22.4,0.537,22.5,2343.82,20.724
2024-07-31 21:30:00,22.2,0.544,22.1,2342.12,20.4875
2024-07-31 21:45:00,22.4,0.534,21.8,2342.86,20.6375
2024-07-31 22:00:00,22.3,0.533,21.5,2342.53,20.5325
2024-07-31 22:15:00,22.2285714285714,0.532714285714286,21.3,2342.30428571429,20.4589285714286
2024-07-31 22:30:00,22.1571428571429,0.532428571428572,21.1,2342.07857142857,20.3853571428571
2024-07-31 22:45:00,22.0857142857143,0.532142857142857,20.9,2341.85285714286,20.3117857142857
2024-07-31 23:00:00,22.0142857142857,0.531857142857143,20.7,2341.62714285714,20.2382142857143
2024-07-31 23:15:00,21.9428571428571,0.531571428571429,20.5,2341.40142857143,20.1646428571429
2024-07-31 23:30:00,21.8714285714286,0.531285714285714,20.3,2341.17571428571,20.0910714285714
2024-07-31 23:45:00,21.8,0.531,20.1,2340.95,20.0175
2024-08-01 00:00:00,21.4,0.534,20,2338.94,19.6725
2024-08-01 00:15:00,21.0666666666667,0.541333333333333,19.8333333333333,2339.10666666667,19.5516666666667
2024-08-01 00:30:00,20.7333333333333,0.548666666666667,19.6666666666667,2339.27333333333,19.4308333333333
2024-08-01 00:45:00,20.4,0.556,19.5,2339.44,19.31
2024-08-01 01:00:00,20.05,0.5705,19.35,2338.16,18.996
2024-08-01 01:15:00,19.7,0.585,19.2,2336.88,18.682
2024-08-01 01:30:00,19.45,0.5915,19.05,2337.35,18.566
2024-08-01 01:45:00,19.2,0.598,18.9,2337.82,18.45
2024-08-01 02:00:00,19,0.606,18.7,2337.7,18.104
2024-08-01 02:15:00,18.7,0.611,18.6,2337.38,17.9
2024-08-01 02:30:00,18.5,0.618,18.5,2336.66,17.7225
2024-08-01 02:45:00,18,0.64,18.4,2336.83,16.68
2024-08-01 03:00:00,17.4,0.674,18.3,2336.8,15.502
2024-08-01 03:15:00,16.1,0.75,18.1,2337.71,14.7025
2024-08-01 03:30:00,15,0.81,18,2337.56,13.9025
2024-08-01 03:45:00,14.6,0.835,17.8,2337.64,14.246
2024-08-01 04:00:00,14.76,0.82,17.7,2337.194,14.3672
2024-08-01 04:15:00,14.92,0.805,17.6,2336.748,14.4884
2024-08-01 04:30:00,15.08,0.79,17.5,2336.302,14.6096
2024-08-01 04:45:00,15.24,0.775,17.4,2335.856,14.7308
2024-08-01 05:00:00,15.4,0.76,17.3,2335.41,14.852
2024-08-01 05:15:00,15.1,0.77375,17.2,2335.52,14.5825
2024-08-01 05:30:00,14.8,0.7875,17.1,2335.63,14.313
2024-08-01 05:45:00,14.5,0.80125,17,2335.74,14.0435
2024-08-01 06:00:00,14.2,0.815,16.9,2335.85,13.774
2024-08-01 06:15:00,14.1,0.822,16.8,2336.3,13.61
2024-08-01 06:30:00,15,0.8105,16.85,2338.02,14.4175
2024-08-01 06:45:00,15.9,0.799,16.9,2339.74,15.225
2024-08-01 07:00:00,17.8,0.777,17.3,2370.52,16.9125
2024-08-01 07:15:00,18.9833333333333,0.740666666666667,17.9666666666667,2401.83666666667,18.0654166666667
2024-08-01 07:30:00,20.1666666666667,0.704333333333333,18.6333333333333,2433.15333333333,19.2183333333333
2024-08-01 07:45:00,21.35,0.668,19.3,2464.47,20.37125
2024-08-01 08:00:00,22.5333333333333,0.631666666666667,19.9666666666667,2495.78666666667,21.5241666666667
2024-08-01 08:15:00,23.7166666666667,0.595333333333333,20.6333333333333,2527.10333333333,22.6770833333333
2024-08-01 08:30:00,24.9,0.559,21.3,2558.42,23.83
2024-08-01 08:45:00,25.2666666666667,0.541333333333333,21.5666666666667,2554.38,24.27
2024-08-01 09:00:00,25.6333333333333,0.523666666666667,21.8333333333333,2550.34,24.71
2024-08-01 09:15:00,26,0.506,22.1,2546.3,25.15
2024-08-01 09:30:00,26.5666666666667,0.5,23.9333333333333,2545.44,25.6873333333333
2024-08-01 09:45:00,27.1333333333333,0.494,25.7666666666667,2544.58,26.2246666666667
2024-08-01 10:00:00,27.7,0.488,27.6,2543.72,26.762
2024-08-01 10:15:00,28.4,0.411,28.7,2540.44,27.125
2024-08-01 10:30:00,28.91,0.4049,28.79,2537.985,27.65225
2024-08-01 10:45:00,29.42,0.3988,28.88,2535.53,28.1795
2024-08-01 11:00:00,29.93,0.3927,28.97,2533.075,28.70675
2024-08-01 11:15:00,30.44,0.3866,29.06,2530.62,29.234
2024-08-01 11:30:00,30.95,0.3805,29.15,2528.165,29.76125
2024-08-01 11:45:00,31.46,0.3744,29.24,2525.71,30.2885
2024-08-01 12:00:00,31.97,0.3683,29.33,2523.255,30.81575
2024-08-01 12:15:00,32.48,0.3622,29.42,2520.8,31.343
2024-08-01 12:30:00,32.99,0.3561,29.51,2518.345,31.87025
2024-08-01 12:45:00,33.5,0.35,29.6,2515.89,32.3975
2024-08-01 13:00:00,33.7,0.346,29.6142857142857,2511.74285714286,33.3042857142857
2024-08-01 13:15:00,33.9,0.342,29.6285714285714,2507.59571428571,34.2110714285714
2024-08-01 13:30:00,34.1,0.338,29.6428571428571,2503.44857142857,35.1178571428571
2024-08-01 13:45:00,34.3,0.334,29.6571428571429,2499.30142857143,36.0246428571429
2024-08-01 14:00:00,34.5,0.33,29.6714285714286,2495.15428571429,36.9314285714286
2024-08-01 14:15:00,34.7,0.326,29.6857142857143,2491.00714285714,37.8382142857143
2024-08-01 14:30:00,34.9,0.322,29.7,2486.86,38.745
2024-08-01 14:45:00,35.3,0.322,30.5,2490.61,38.592
2024-08-01 15:00:00,35,0.333,30.7,2493.97,38.496
2024-08-01 15:15:00,34.9,0.328,30.7,2486.76,38.4325
2024-08-01 15:30:00,34.96,0.331533333333333,30.74,2480.40733333333,38.5085
2024-08-01 15:45:00,35.02,0.335066666666667,30.78,2474.05466666667,38.5845
2024-08-01 16:00:00,35.08,0.3386,30.82,2467.702,38.6605
2024-08-01 16:15:00,35.14,0.342133333333334,30.86,2461.34933333334,38.7365
2024-08-01 16:30:00,35.2,0.345666666666667,30.9,2454.99666666667,38.8125
2024-08-01 16:45:00,35.25,0.334,30.7,2449.315,38.414
2024-08-01 17:00:00,35.275,0.3305,30.4,2444.09,38.578
2024-08-01 17:15:00,35.5,0.325666666666667,30.1333333333333,2440.35333333333,38.442
2024-08-01 17:30:00,35.5,0.315,29.4,2434.39,38.074
2024-08-01 17:45:00,35.5,0.3225,29.35,2430.125,37.9875
2024-08-01 18:00:00,34.9333333333333,0.336666666666667,28.2666666666667,2425.21,36.9
2024-08-01 18:15:00,34.3333333333333,0.334,27.3,2421.72666666667,35.6975
2024-08-01 18:30:00,34.025,0.33925,26.625,2426.7925,35.195
2024-08-01 18:45:00,33.7,0.3405,26.1,2438.65,34.554
2024-08-01 19:00:00,33.35,0.366,25.75,2449.745,33.6025
2024-08-01 19:15:00,32.8333333333333,0.369666666666667,25.6,2459.1,29.645
2024-08-01 19:30:00,31.6666666666667,0.380333333333333,25.4,2466.46666666667,28.032
2024-08-01 19:45:00,30.65,0.38575,25.175,2473.5775,27.0075
2024-08-01 20:00:00,29.7,0.372333333333333,24.8333333333333,2479.96333333333,26.5825
2024-08-01 20:15:00,29.06,0.3736,24.44,2484.856,26.575
2024-08-01 20:30:00,28.4333333333333,0.379666666666667,24.1,2490.7,25.825
2024-08-01 20:45:00,28.2,0.3532,23.82,2494.396,25.9075
2024-08-01 21:00:00,28,0.357,23.5,2497.38,25.19
2024-08-01 21:15:00,27.325,0.36275,23.175,2501.0925,25.418
2024-08-01 21:30:00,27.5,0.3485,22.9,2504.22,25.7775
2024-08-01 21:45:00,27.5,0.358666666666667,22.7,2506.24666666667,25.096
2024-08-01 22:00:00,26.1,0.405666666666667,22.6,2508.16333333333,22.91
2024-08-01 22:15:00,24.775,0.49425,22.425,2510.7825,21.61
2024-08-01 22:30:00,23.4,0.518,22.2,2512.35666666667,21.265
2024-08-01 22:45:00,25.06,0.4164,22.1,2513.884,24.52
2024-08-01 23:00:00,26.55,0.4115,22,2515.235,24.044
2024-08-01 23:15:00,25,0.448,21.8,2515.82,22.7675
2024-08-01 23:30:00,23.2,0.543,21.6,2518.045,20.5025
2024-08-01 23:45:00,21.8,0.554,21.4,2519.65,20.328
2024-08-02 00:00:00,22.65,0.5415,21.2,2521.53,21.69
2024-08-02 00:15:00,21.9333333333333,0.570333333333333,21,2522.02,20.606
2024-08-02 00:30:00,22.275,0.51425,20.9,2523.0875,21.39
2024-08-02 00:45:00,23.6,0.463333333333333,20.7,2524.83666666667,22.5725
2024-08-02 01:00:00,23.9,0.467,20.6,2525.52,22.202
2024-08-02 01:15:00,22.5,0.5325,20.45,2526.255,20.0225
2024-08-02 01:30:00,20.9,0.606333333333333,20.3,2527.47,18.404
2024-08-02 01:45:00,19.4,0.6796,20.18,2529.142,17.55
2024-08-02 02:00:00,18.3333333333333,0.72,20,2530,17.406
2024-08-02 02:15:00,18.55,0.7115,19.8,2530.615,17.82
2024-08-02 02:30:00,18.4666666666667,0.734666666666667,19.7,2531.47333333333,17.3233333333333
2024-08-02 02:45:00,18.25,0.72325,19.6,2532.815,17.754
2024-08-02 03:00:00,18.1,0.7475,19.5,2533.89,16.9275
2024-08-02 03:15:00,17.5666666666667,0.770333333333333,19.4,2534.15666666667,16.4825
2024-08-02 03:30:00,17.2,0.77,19.2333333333333,2535.26,16.38
2024-08-02 03:45:00,18.05,0.7375,19.15,2535.93,17.4
2024-08-02 04:00:00,17.9666666666667,0.741333333333333,19.0333333333333,2537.02666666667,16.6666666666667
2024-08-02 04:15:00,17.2,0.763,18.9,2538.195,16.605
2024-08-02 04:30:00,17.7,0.7625,18.8,2540.07,16.7325
2024-08-02 04:45:00,17.5666666666666,0.769583333333333,18.75,2540.15166666666,16.95875
2024-08-02 05:00:00,17.4333333333333,0.776666666666667,18.7,2540.23333333333,17.185
2024-08-02 05:15:00,17.7766666666667,0.736033333333334,18.6,2540.60166666666,17.4191666666666
2024-08-02 05:30:00,18.12,0.6954,18.5,2540.97,17.6533333333333
2024-08-02 05:45:00,18,0.69775,18.45,2541.79,17.0633333333333
2024-08-02 06:00:00,17.9,0.713,18.4,2542.735,17.0725
2024-08-02 06:15:00,18.28,0.6836,18.4,2543.002,17.752
2024-08-02 06:30:00,18.7333333333333,0.693,18.4666666666667,2543.15333333333,17.9525
2024-08-02 06:45:00,19.1666666666667,0.719666666666667,18.6,2545.09666666667,18.2633333333333
2024-08-02 07:00:00,19.65,0.723,18.75,2545.345,19.05
2024-08-02 07:15:00,20.8666666666667,0.737,19.0666666666667,2546.24666666667,19.98
2024-08-02 07:30:00,22,0.738,19.45,2546.565,21.154
2024-08-02 07:45:00,23.5,0.727,19.9333333333333,2546.79333333333,22.61
2024-08-02 08:00:00,25.1,0.655,20.45,2547.75,23.9333333333333
2024-08-02 08:15:00,26.75,0.637,21.1,2547.635,25.2366666666667
2024-08-02 08:30:00,28.25,0.592,21.7,2548.47,26.5375
2024-08-02 08:45:00,28.8666666666667,0.558,22.2333333333333,2547.7,26.9875
2024-08-02 09:00:00,29.1,0.552,22.65,2548.68,27.4266666666667
2024-08-02 09:15:00,29.3,0.489,23.7,2547.38,27.632
2024-08-02 09:30:00,29.5666666666667,0.5,24.9333333333333,2546.69,28.285
2024-08-02 09:45:00,30,0.446,26.5,2546.42,28.598
2024-08-02 10:00:00,30.3,0.441333333333333,27.2333333333333,2544.88333333333,28.93
2024-08-02 10:15:00,30.85,0.4055,28.2,2544.955,29.362
2024-08-02 10:30:00,31.125,0.436,28.85,2543.72,29.795
2024-08-02 10:45:00,31.2,0.429666666666667,29.5,2542.67,29.8825
2024-08-02 11:00:00,31.7,0.394,30.1,2541.85,30.4225
2024-08-02 11:15:00,32.2,0.385,30.9,2540.92,30.5925
2024-08-02 11:30:00,32.8,0.445,31.3,2539.52,31.58
2024-08-02 11:45:00,33.325,0.418,31.775,2539.48,32.0175
2024-08-02 12:00:00,33.4,0.415,31.9,2538.38666666667,32.276
2024-08-02 12:15:00,33.85,0.4255,32.15,2536.285,32.9275
2024-08-02 12:30:00,34.7,0.355333333333333,31.8666666666667,2526.78333333333,33.72
2024-08-02 12:45:00,35.275,0.351,30.275,2520.33,33.962
2024-08-02 13:00:00,36,0.33025,29.15,2514.6875,34.336
2024-08-02 13:15:00,36.85,0.3155,28.65,2510.355,35.08
2024-08-02 13:30:00,37.56,0.267,28.36,2505.434,35.528
2024-08-02 13:45:00,37.48,0.2708,28.2,2500.836,38.6775
2024-08-02 14:00:00,37.85,0.2645,28.45,2496.395,40.345
2024-08-02 14:15:00,38.25,0.26175,30.925,2499.4125,38.885
2024-08-02 14:30:00,38.1,0.2875,32.15,2496.645,38.618
2024-08-02 14:45:00,38.3,0.2405,32.7,2490.66,40.365
2024-08-02 15:00:00,38.82,0.2456,33.32,2484.544,40.9425
2024-08-02 15:15:00,39.025,0.261,33.825,2479.3375,41.368
2024-08-02 15:30:00,39.3666666666667,0.261333333333333,34.1,2473.54666666667,42.3875
2024-08-02 15:45:00,39.475,0.26475,34.3,2468.765,42.1133333333333
2024-08-02 16:00:00,39.52,0.2856,34.4,2463.946,42.208
2024-08-02 16:15:00,40.05,0.28925,34.6,2459.8175,43.265
2024-08-02 16:30:00,40.15,0.2675,34.95,2455.41,42.552
2024-08-02 16:45:00,40.7666666666667,0.259,35.2,2451.56666666667,41.78
2024-08-02 17:00:00,40.3666666666667,0.311666666666667,34.9333333333333,2447.47333333333,41.102
2024-08-02 17:15:00,39.6,0.391,34.3,2443.72,39.545
2024-08-02 17:30:00,39.75,0.445,34,2442.0325,38.3575
2024-08-02 17:45:00,39.2,0.425666666666667,33.8,2439.21,38.445
2024-08-02 18:00:00,38.9,0.50275,32.775,2436.5475,38.755
2024-08-02 18:15:00,38.1,0.4555,32.1,2435.365,38.2233333333333
2024-08-02 18:30:00,37.7,0.451666666666667,31.5333333333333,2432.98333333333,38.6733333333333
2024-08-02 18:45:00,37.7,0.548,31.1,2431.54,37.1166666666667
2024-08-02 19:00:00,38.7333333333333,0.533,30.7666666666667,2430.2,35.722
2024-08-02 19:15:00,37.5,0.514,30.35,2429.47,30.61
2024-08-02 19:30:00,34.2333333333333,0.522666666666667,29.8,2428.90333333333,28.6266666666667
2024-08-02 19:45:00,31.5333333333333,0.566333333333333,29.1666666666667,2428.00333333333,27.474
2024-08-02 20:00:00,29.375,0.626,28.575,2426.995,26
2024-08-02 20:15:00,27.6,0.566,28,2426.96,25.845
2024-08-02 20:30:00,27,0.536,27.4,2426.42,25.325
2024-08-02 20:45:00,26.6,0.4905,26.7,2425.7,25.235
2024-08-02 21:00:00,26.6666666666667,0.469,26.0666666666667,2425.41333333333,24.775
2024-08-02 21:15:00,25.6,0.508666666666667,25.6333333333333,2424.62333333333,23.3325
2024-08-02 21:30:00,25.6666666666667,0.477666666666667,25.1333333333333,2424.45,24.73
2024-08-02 21:45:00,25.4,0.496,24.7666666666667,2424.21666666667,23.55
2024-08-02 22:00:00,24.4666666666667,0.521666666666667,24.3666666666667,2423.48,22.7266666666667
2024-08-02 22:15:00,23.55,0.5645,24.05,2422.295,21.628
2024-08-02 22:30:00,24.15,0.469,23.75,2423.225,23.705
2024-08-02 22:45:00,25.05,0.454,23.55,2422.505,23.164
2024-08-02 23:00:00,23.8666666666667,0.479333333333333,23.3666666666667,2421.83666666667,21.84
2024-08-02 23:15:00,24.7,0.4655,23.2,2421.75,23.1
2024-08-02 23:30:00,23.7666666666667,0.574,23.1,2422.36333333333,20.754
2024-08-02 23:45:00,22.25,0.627,22.9,2422.28,19.9966666666667
2024-08-03 00:00:00,21,0.682,22.7,2421,19.2633333333333
2024-08-03 00:15:00,20.1,0.7315,22.5,2422.065,19.195
2024-08-03 00:30:00,20.9666666666667,0.711,22.3666666666667,2420.75333333333,20.8925
2024-08-03 00:45:00,22.2666666666667,0.663333333333333,22.3,2421.32,21.815
2024-08-03 01:00:00,23.925,0.5965,22.225,2420.8525,23.376
2024-08-03 01:15:00,24.875,0.55925,22.2,2420.045,24.065
2024-08-03 01:30:00,25.2,0.5415,22.2,2420.635,24.3
2024-08-03 01:45:00,24.76,0.5662,22.1,2419.818,23.325
2024-08-03 02:00:00,24.1,0.5795,22,2420.54,23.1575
2024-08-03 02:15:00,24.45,0.566,21.9,2420.025,23.148
2024-08-03 02:30:00,24.0666666666667,0.583333333333333,21.9,2419.58666666667,22.73
2024-08-03 02:45:00,23.3666666666667,0.617666666666667,21.8,2419.15666666667,21.6425
2024-08-03 03:00:00,22.275,0.6835,21.8,2417.7325,20.91
2024-08-03 03:15:00,21.98,0.6936,21.66,2418.432,20.8425
2024-08-03 03:30:00,21.5,0.726,21.6,2418.41,19.768
2024-08-03 03:45:00,20.15,0.792,21.5,2417.9825,18.8966666666667
2024-08-03 04:00:00,19.7333333333333,0.809,21.4666666666667,2417.53333333333,18.768
2024-08-03 04:15:00,19.2,0.828,21.4,2417.695,18.475
2024-08-03 04:30:00,18.85,0.841,21.3,2416.65,17.965
2024-08-03 04:45:00,18.68,0.845,21.1,2416.886,18.4025
2024-08-03 05:00:00,19.05,0.8215,21,2416.965,18.6775
2024-08-03 05:15:00,19.125,0.8115,20.9,2415.985,18.5
2024-08-03 05:30:00,18.95,0.8335,20.9,2417.085,18.1825
2024-08-03 05:45:00,19.025,0.79225,20.9,2415.69,19.018
2024-08-03 06:00:00,19.925,0.74725,20.9,2415.6825,19.39
2024-08-03 06:15:00,20.7,0.736,20.9,2415.43,19.73
2024-08-03 06:30:00,20.4,0.77,20.9,2414.8,19.0633333333333
2024-08-03 06:45:00,19.88,0.7992,20.9,2415.04,18.918
2024-08-03 07:00:00,20.4333333333333,0.779666666666667,21,2414.73,20.5875
2024-08-03 07:15:00,21.8,0.723666666666667,21.3666666666667,2414.74666666667,21.6725
2024-08-03 07:30:00,22.45,0.7305,21.6,2414.435,21.62
2024-08-03 07:45:00,22.5,0.79575,21.9,2414.345,21.785
2024-08-03 08:00:00,22.9,0.751,22.2,2413.15,22.804
2024-08-03 08:15:00,23.68,0.696,22.5,2413.68,23.29
2024-08-03 08:30:00,24.1666666666667,0.675666666666667,22.8,2412.60333333333,23.9325
2024-08-03 08:45:00,24.85,0.644,23.15,2411.33,24.425
2024-08-03 09:00:00,25.32,0.6158,23.46,2410.406,25.114
2024-08-03 09:15:00,26.4,0.5655,24.3,2409.24,25.928
2024-08-03 09:30:00,26.6333333333333,0.545,24.8,2408.06666666667,26.1475
2024-08-03 09:45:00,27.3,0.546,25.2,2406.64,27.2725
2024-08-03 10:00:00,27.9333333333333,0.515,26.0666666666667,2404.18,27.17
2024-08-03 10:15:00,27.4666666666667,0.521,25.8666666666667,2402.17333333333,26.6366666666667
2024-08-03 10:30:00,27.6,0.5376,25.8,2399.724,26.89
2024-08-03 10:45:00,27.6,0.552666666666667,25.8,2397.50666666667,27.295
2024-08-03 11:00:00,28.3666666666667,0.506,26.2,2396.16333333333,27.93
2024-08-03 11:15:00,28.66,0.5046,26.4,2394.786,28.206
2024-08-03 11:30:00,29.75,0.4765,26.85,2391.86,29.856
2024-08-03 11:45:00,30.55,0.455,28,2389.82,30.142
2024-08-03 12:00:00,31.1,0.415666666666667,28.6666666666667,2386.69,30.455
2024-08-03 12:15:00,30.9333333333333,0.402,28.5,2383.36,30.5275
2024-08-03 12:30:00,32.1,0.388,28.9,2380.06,30.99
2024-08-03 12:45:00,31.75,0.4265,28.5,2376.255,31.2175
2024-08-03 13:00:00,31.8,0.4095,28.5,2372.085,30.6675
2024-08-03 13:15:00,31.75,0.451,28.4,2370.38,31.5566666666667
2024-08-03 13:30:00,32.6,0.42975,28.6,2367.625,31.87
2024-08-03 13:45:00,32,0.443333333333333,28.5,2364.55666666667,30.215
2024-08-03 14:00:00,31.3,0.47,28.3,2362.57,29.35
2024-08-03 14:15:00,30.9,0.4965,28.1,2360.62,29.525
2024-08-03 14:30:00,30.4,0.542,28,2356.96,28.09
2024-08-03 14:45:00,29.35,0.6465,27.65,2356.445,26.96
2024-08-03 15:00:00,27.95,0.709,27.25,2355.035,26.635
2024-08-03 15:15:00,27.6,0.7535,27.1,2353.72,26.7675
2024-08-03 15:30:00,27.8,0.61,27.1,2353.83,27.205
2024-08-03 15:45:00,28.05,0.585,26.7,2352.52,27.365
2024-08-03 16:00:00,28.55,0.5275,26.7,2351.325,27.922
2024-08-03 16:15:00,28.9666666666667,0.526666666666667,26.6666666666667,2349.17666666667,27.985
2024-08-03 16:30:00,29.1,0.5365,26.675,2347.825,27.835
2024-08-03 16:45:00,30.125,0.44425,27.1,2347.0025,31.2175
2024-08-03 17:00:00,30.5666666666667,0.456,27.5,2345.66333333333,28.5
2024-08-03 17:15:00,29.65,0.4825,27.2,2343.775,27.472
2024-08-03 17:30:00,28.85,0.56175,26.9,2343.085,26.455
2024-08-03 17:45:00,28.1,0.487,26.7,2341.94,26.358
2024-08-03 18:00:00,28.05,0.4605,26.05,2340.89,26.135
2024-08-03 18:15:00,27.5,0.56,25.7,2339.62,25.655
2024-08-03 18:30:00,26.6,0.544,25.5,2337.86,25.25
2024-08-03 18:45:00,26.3,0.5475,25.3,2337,25.28
2024-08-03 19:00:00,26.0666666666667,0.559333333333333,25.1333333333333,2336.38,25.05
2024-08-03 19:15:00,26.1666666666667,0.529,24.8666666666667,2336.24,25.06
2024-08-03 19:30:00,26.3,0.5145,24.8,2335.635,25.28
2024-08-03 19:45:00,26.3,0.511666666666667,24.5333333333333,2334.82666666667,24.925
2024-08-03 20:00:00,26.225,0.49,24.3,2334.3025,24.8425
2024-08-03 20:15:00,25.9,0.545,24.1,2334.72,24.0733333333333
2024-08-03 20:30:00,25.1333333333333,0.551,23.9,2333.43666666667,23.93
2024-08-03 20:45:00,25.05,0.516,23.8,2333.165,24.24
2024-08-03 21:00:00,25.1,0.562,23.5,2332.9,23.4766666666667
2024-08-03 21:15:00,24.35,0.584,23.4,2331.955,22.65
2024-08-03 21:30:00,23.4,0.647,23.3,2331.73,21.852
2024-08-03 21:45:00,22.65,0.6455,23.1,2331.72,21.6925
2024-08-03 22:00:00,22.7,0.6225,23,2331.465,21.9133333333333
2024-08-03 22:15:00,22.7666666666667,0.594,22.9,2332.34333333333,21.7875
2024-08-03 22:30:00,23.15,0.572,22.7,2330.045,21.79
2024-08-03 22:45:00,22.65,0.6055,22.6,2331.455,21.26
2024-08-03 23:00:00,22.3,0.605,22.5,2330.01,21.33
2024-08-03 23:15:00,22.0333333333333,0.634,22.3,2329.92666666667,21.075
2024-08-03 23:30:00,21.75,0.663,22.15,2330.49,20.6975
2024-08-03 23:45:00,21.25,0.684,22,2329.565,20.2833333333333
2024-08-04 00:00:00,21.175,0.67175,22,2329.13,20.665
2024-08-04 00:15:00,21.2,0.675,21.9,2329.24333333333,20.58
2024-08-04 00:30:00,21.1333333333333,0.69,21.9,2329.27333333333,20.3775
2024-08-04 00:45:00,21.225,0.6905,21.8,2329.085,20.7166666666667
2024-08-04 01:00:00,21.4,0.693666666666667,21.8,2329.14666666667,20.7425
2024-08-04 01:15:00,21.3,0.675,21.7,2328.16,20.5866666666667
2024-08-04 01:30:00,20.75,0.792,21.7,2328.89,18.3175
2024-08-04 01:45:00,19.3,0.83675,21.575,2328.655,17.815
2024-08-04 02:00:00,19,0.8275,21.4,2327.57,17.7433333333333
2024-08-04 02:15:00,19.35,0.7915,21.3,2328.265,18.16
2024-08-04 02:30:00,19.85,0.7605,21.25,2327.455,18.4566666666667
2024-08-04 02:45:00,19.9,0.792,21.2,2326.81,18.328
2024-08-04 03:00:00,19.8,0.76175,21.1,2326.8725,18.652
2024-08-04 03:15:00,19.775,0.79825,21.075,2326.8075,18.23
2024-08-04 03:30:00,19.6875,0.783125,20.9875,2326.86375,18.345
2024-08-04 03:45:00,19.6,0.768,20.9,2326.92,18.46
2024-08-04 04:00:00,19.6,0.795,20.9,2326.2025,18.2466666666667
2024-08-04 04:15:00,19.3,0.796,20.8,2325.61,18.095
2024-08-04 04:30:00,19.3,0.779,20.8,2326.45,18.45
2024-08-04 04:45:00,20.05,0.7565,20.7,2326.32,18.875
2024-08-04 05:00:00,20,0.766,20.7,2325.55,18.6
2024-08-04 05:15:00,19.8,0.757666666666667,20.6,2325.78333333333,18.805
2024-08-04 05:30:00,20,0.71,20.5,2325.85,18.825
2024-08-04 05:45:00,20,0.752,20.5,2326.06,18.686
2024-08-04 06:00:00,19.7,0.791,20.4,2324.58,18.62
2024-08-04 06:15:00,19.5,0.8005,20.4,2324.775,18.76
2024-08-04 06:30:00,19.5,0.7945,20.5,2324.315,19.0775
2024-08-04 06:45:00,19.8,0.805,20.5,2324.325,19.29
2024-08-04 07:00:00,20.075,0.783,20.675,2324.5425,19.5275
2024-08-04 07:15:00,20.6,0.723,20.8,2324.13,19.86
2024-08-04 07:30:00,20.8666666666667,0.703166666666666,20.9,2324.41833333333,19.69375
2024-08-04 07:45:00,21.1333333333333,0.683333333333333,21,2324.70666666667,19.5275
2024-08-04 08:00:00,21.75,0.6475,20.9,2322.775,20.88
2024-08-04 08:15:00,22.9,0.6035,20.9,2323.075,21.7266666666667
2024-08-04 08:30:00,24.8666666666667,0.525333333333333,21.1666666666667,2321.87333333333,23.6533333333333
2024-08-04 08:45:00,25.75,0.551,21.4,2321.735,24.4025
2024-08-04 09:00:00,26.95,0.4815,21.7,2319.82,24.688
2024-08-04 09:15:00,27.2333333333333,0.447,23.0666666666667,2318.62666666667,25.215
2024-08-04 09:30:00,27.35,0.4825,25.125,2317.575,25.9725
2024-08-04 09:45:00,27.825,0.45475,26.3125,2316.5625,26.5245833333333
2024-08-04 10:00:00,28.3,0.427,27.5,2315.55,27.0766666666667
2024-08-04 10:15:00,28.925,0.403,28.625,2312.7325,27.58
2024-08-04 10:30:00,29.1,0.372,29.35,2310.275,27.7125
2024-08-04 10:45:00,29.45,0.367,29.85,2307.22,28.146
2024-08-04 11:00:00,29.9,0.3565,30.5,2305.275,28.625
2024-08-04 11:15:00,30.5,0.323,31.4,2302.51,29.3175
2024-08-04 11:30:00,30.8,0.327375,32.175,2299.93,29.5420833333333
2024-08-04 11:45:00,31.1,0.33175,32.95,2297.35,29.7666666666667
2024-08-04 12:00:00,31.95,0.285,33.7,2293.89,30.4133333333333
2024-08-04 12:15:00,32.2,0.281,34.2,2291.73,30.9525
2024-08-04 12:30:00,32.5,0.270666666666667,33.4,2288.99333333333,31.126
2024-08-04 12:45:00,32.75,0.259,30.85,2283.435,31.245
2024-08-04 13:00:00,33.3,0.246,29.1,2279.28,31.666
2024-08-04 13:15:00,34.05,0.2805,28.35,2276.06,32.41
2024-08-04 13:30:00,34.225,0.2765,27.975,2272.2475,32.7275
2024-08-04 13:45:00,34.4,0.2725,27.6,2268.435,33.045
2024-08-04 14:00:00,34.5,0.292,28,2264.82,34.4333333333333
2024-08-04 14:15:00,35.02,0.272,30.98,2261.362,34.4033333333333
2024-08-04 14:30:00,35.31,0.2945,32.74,2258.216,37.1354166666667
2024-08-04 14:45:00,35.6,0.317,34.5,2255.07,39.8675
2024-08-04 15:00:00,35.925,0.25575,35.2,2253.2575,40.7175
2024-08-04 15:15:00,36.6,0.246,36,2249.38,41.62
2024-08-04 15:30:00,36.1,0.2425,36.3,2247.27,41.0033333333333
2024-08-04 15:45:00,36.5,0.2285,36.6,2243.245,41.98
2024-08-04 16:00:00,36.85,0.231,36.9,2240.5075,41.8575
2024-08-04 16:15:00,36.5,0.246,36.95,2236.29,41.8275
2024-08-04 16:30:00,36.6333333333333,0.220333333333333,37,2233.43,41.265
2024-08-04 16:45:00,36.7666666666667,0.245,36.8666666666667,2229.63666666667,41.468
2024-08-04 17:00:00,37.2583333333334,0.2455,36.4583333333333,2226.58583333333,40.57775
2024-08-04 17:15:00,37.75,0.246,36.05,2223.535,39.6875
2024-08-04 17:30:00,37.65,0.268,35.7,2219.685,40.0933333333333
2024-08-04 17:45:00,37,0.283,35.6,2216.37,39.305
2024-08-04 18:00:00,37,0.289,34,2213.04,38.93
2024-08-04 18:15:00,36.6,0.32,32.625,2209.8825,38.684
2024-08-04 18:30:00,36.875,0.345,31.7,2207.8175,38.036
2024-08-04 18:45:00,37.55,0.4085,31,2205.25,33.955
2024-08-04 19:00:00,36.6,0.3205,30.5,2204.485,34.76
2024-08-04 19:15:00,35.1,0.4395,29.8,2202.755,28.996
2024-08-04 19:30:00,34.4,0.4625,29.35,2202.02,25.9866666666667
2024-08-04 19:45:00,31.85,0.4905,28.6,2201.785,24.184
2024-08-04 20:00:00,28.1,0.550333333333333,28.0666666666667,2200.64333333333,22.9233333333333
2024-08-04 20:15:00,24.05,0.66875,27.375,2200.6375,21.635
2024-08-04 20:30:00,22.7,0.609,26.7,2200.15,21.47
2024-08-04 20:45:00,22.15,0.5475,26.1,2199.55,20.96
2024-08-04 21:00:00,21.9666666666667,0.537666666666667,25.5333333333333,2199.89666666667,20.7675
2024-08-04 21:15:00,21.3333333333333,0.552333333333333,25.0666666666666,2199.84333333334,19.83875
2024-08-04 21:30:00,20.7,0.567,24.6,2199.79,18.91
2024-08-04 21:45:00,20.2666666666667,0.552333333333333,24.1333333333333,2199.34,19.37
2024-08-04 22:00:00,20.3,0.55,23.75,2199.135,19.044
2024-08-04 22:15:00,20.85,0.4585,23.5,2198.805,20.68
2024-08-04 22:30:00,21.5,0.468,23.25,2197.995,20.446
2024-08-04 22:45:00,21.3333333333333,0.471,22.9333333333333,2197.92333333333,20.274
2024-08-04 23:00:00,21.05,0.4885,22.675,2197.2525,19.67
2024-08-04 23:15:00,20.7,0.5014,22.4,2197.334,19.2333333333333
2024-08-04 23:30:00,20.2,0.5355,22.15,2196.16,18.7725
2024-08-04 23:45:00,19.45,0.5425,21.9,2197.15,18.236
2024-08-05 00:00:00,19.4,0.544,21.7,2196.79,18.57
2024-08-05 00:15:00,19.9,0.475666666666667,21.5,2196.48666666667,19.115
2024-08-05 00:30:00,20.8,0.4834,21.3,2196.006,18.654
2024-08-05 00:45:00,19.3,0.534,21.1666666666667,2195.98666666667,17.24
2024-08-05 01:00:00,18.6,0.530666666666667,21,2195.73666666667,17.605
2024-08-05 01:15:00,18.46,0.548,20.76,2195.148,17.4475
2024-08-05 01:30:00,18.1,0.563,20.6,2194.9475,17.1
2024-08-05 01:45:00,17.75,0.62,20.4,2193.715,16.2575
2024-08-05 02:00:00,17.15,0.647,20.3,2194.22,15.55
2024-08-05 02:15:00,16.4333333333333,0.671666666666667,20.1,2194.12666666667,15.06
2024-08-05 02:30:00,15.9,0.6925,19.9,2194.065,15.2075
2024-08-05 02:45:00,15.65,0.71225,19.7,2193.8,14.812
2024-08-05 03:00:00,15.65,0.718,19.5,2193.4,15.812
2024-08-05 03:15:00,16.85,0.719,19.6,2193.24,16.6125
2024-08-05 03:30:00,17.875,0.66675,19.6,2193.2025,17.506
2024-08-05 03:45:00,17.9,0.674,19.6,2193.23333333333,17.48
2024-08-05 04:00:00,18.8333333333333,0.591333333333333,19.7,2193.21666666667,18.73
2024-08-05 04:15:00,19.4,0.5705,19.8,2192.9,18.49
2024-08-05 04:30:00,19.125,0.59475,19.8,2192.5025,17.975
2024-08-05 04:45:00,19.1,0.5765,19.8,2192.83,18.2366666666667
2024-08-05 05:00:00,18.875,0.58875,19.625,2191.865,17.742
2024-08-05 05:15:00,18.25,0.64,19.5,2191.64,16.5633333333333
2024-08-05 05:30:00,17.15,0.697,19.3,2192.41,15.62
2024-08-05 05:45:00,16.3,0.719,19.1,2191.3875,15.5225
2024-08-05 06:00:00,17.425,0.61125,18.925,2190.31,17.1825
2024-08-05 06:15:00,18.75,0.626,18.8,2191.125,17.9366666666667
2024-08-05 06:30:00,18.6,0.665,18.9,2190.80666666667,17.63
2024-08-05 06:45:00,18.82,0.7032,19,2190.98,17.285
2024-08-05 07:00:00,19.4,0.6695,19.15,2191.065,17.854
2024-08-05 07:15:00,20.1,0.663,19.3,2189.94,18.56
2024-08-05 07:30:00,20.7666666666667,0.654666666666667,19.5333333333333,2190.68333333333,19.12
2024-08-05 07:45:00,21.7,0.634,19.8,2189.68,20.424
2024-08-05 08:00:00,23.6,0.572,20.2,2189.11,22.37
2024-08-05 08:15:00,24.55,0.518,20.6,2188.905,22.94
2024-08-05 08:30:00,25.2,0.535,20.9,2188.18,23.9333333333333
2024-08-05 08:45:00,26,0.532,21.3,2187.8,24.722
2024-08-05 09:00:00,26.8,0.4495,21.8,2186.4625,25.23
2024-08-05 09:15:00,27.3,0.4,23.3,2185.03,25.5133333333333
2024-08-05 09:30:00,27.3,0.4425,25.7,2183.6,25.8733333333333
2024-08-05 09:45:00,28.02,0.4668,27.5,2183.346,26.44
2024-08-05 10:00:00,28.25,0.43,29.2,2182.115,26.8975
2024-08-05 10:15:00,28.175,0.44575,30.425,2181.8925,27.025
2024-08-05 10:30:00,28.7,0.405,31.7,2180.44,27.44
2024-08-05 10:45:00,28.95,0.421,32.85,2178.685,27.554
2024-08-05 11:00:00,29.35,0.44325,33.8,2177.57,28.54
2024-08-05 11:15:00,30.3,0.385333333333333,34.8333333333333,2175.83666666667,29.17
2024-08-05 11:30:00,30.7,0.38,35.55,2174.215,29.42
2024-08-05 11:45:00,31.325,0.37575,36.5,2171.6925,30.04
2024-08-05 12:00:00,31.5333333333333,0.385,37.1333333333333,2170.10333333333,30.36
2024-08-05 12:15:00,32.1666666666667,0.353333333333333,37.6666666666667,2168.74,30.84
2024-08-05 12:30:00,32.15,0.364,37,2165.32,31.0133333333333
2024-08-05 12:45:00,32.5,0.331333333333333,34.7666666666667,2161.44666666667,31.4325
2024-08-05 13:00:00,32.8,0.3465,33.1,2157.8875,32.0175
2024-08-05 13:15:00,33.2,0.342666666666667,32.2,2154.10333333333,32.245
2024-08-05 13:30:00,33.6,0.335833333333334,31.6,2151.22916666667,32.71125
2024-08-05 13:45:00,34,0.329,31,2148.355,33.1775
2024-08-05 14:00:00,34.1,0.295666666666667,31.3333333333333,2146.04,34.31
2024-08-05 14:15:00,34.2333333333333,0.250666666666667,34.1666666666667,2146.08666666667,33.9733333333333
2024-08-05 14:30:00,34.8,0.274666666666667,36.5666666666667,2145.18,37.7475
2024-08-05 14:45:00,36.1,0.2455,38.35,2144.445,40.1875
2024-08-05 15:00:00,35.7666666666667,0.269666666666667,39.3333333333333,2143.42333333333,39.58
2024-08-05 15:15:00,35.6,0.227,40.2,2142.15,39.38
2024-08-05 15:30:00,36.45,0.2475,40.7,2140.865,39.8633333333334
2024-08-05 15:45:00,37.3,0.268,41.2,2139.58,40.3466666666667
2024-08-05 16:00:00,36.95,0.2315,41.4,2136.815,40.354
2024-08-05 16:15:00,36.7,0.238333333333333,41.4,2135.85,40.8525
2024-08-05 16:30:00,36.45,0.2715,41.3,2134.295,39.4625
2024-08-05 16:45:00,36.3666666666667,0.283666666666667,41.1333333333333,2132.7,39.816
2024-08-05 17:00:00,36.32,0.2792,40.88,2130.832,39.134
2024-08-05 17:15:00,36.4,0.2985,40,2128.585,38.8075
2024-08-05 17:30:00,36.7,0.272,39.1,2127.41,39.3525
2024-08-05 17:45:00,37.25,0.309,39,2126.045,38.868
2024-08-05 18:00:00,37.7,0.38325,37.55,2124.1225,38.5933333333333
2024-08-05 18:15:00,37.25,0.383,36.2,2122.66,37.52
2024-08-05 18:30:00,36.1,0.418,35.0333333333333,2122.16666666667,36.92
2024-08-05 18:45:00,36.825,0.46225,34.2,2120.95,32.71
2024-08-05 19:00:00,36.475,0.522,33.525,2119.5125,34.242
2024-08-05 19:15:00,34.725,0.527625,32.7875,2119.4725,30.3185
2024-08-05 19:30:00,32.975,0.53325,32.05,2119.4325,26.395
2024-08-05 19:45:00,30.5666666666667,0.548666666666667,31.2333333333333,2118.82666666667,24.916
2024-08-05 20:00:00,27.9,0.597333333333333,30.4,2118.74666666667,23.206
2024-08-05 20:15:00,24.9666666666667,0.625333333333333,29.5333333333333,2117.99666666667,22.706
2024-08-05 20:30:00,23.8,0.5665,28.85,2118.445,22.1725
2024-08-05 20:45:00,22.6,0.597,28.1,2118.54,21.2933333333333
2024-08-05 21:00:00,22.05,0.606,27.4,2118.205,20.625
2024-08-05 21:15:00,21.05,0.5745,26.75,2118.48,20.345
2024-08-05 21:30:00,21.7,0.558,26.3,2117.14,20.55
2024-08-05 21:45:00,21.6,0.55875,25.875,2118.1475,20.505
2024-08-05 22:00:00,21.15,0.584,25.5,2117.695,20.358
2024-08-05 22:15:00,21.55,0.5775,25.1,2118.465,19.7566666666667
2024-08-05 22:30:00,20.475,0.612,24.775,2117.925,18.58
2024-08-05 22:45:00,19.86,0.649,24.42,2118.104,18.078
2024-08-05 23:00:00,19,0.653,24.1,2118.365,17.962
2024-08-05 23:15:00,18.3,0.708,23.7666666666667,2117.65666666667,16.84
2024-08-05 23:30:00,17.94,0.6914,23.44,2117.564,17.4075
2024-08-05 23:45:00,19.6,0.616333333333333,23.1333333333333,2117.29666666667,19.0625
2024-08-06 00:00:00,19.75,0.62725,22.975,2117.65,18.3375
2024-08-06 00:15:00,20.9,0.522333333333333,22.7666666666667,2117.50333333333,20.084
2024-08-06 00:30:00,21.3666666666667,0.487333333333333,22.6,2116.9,19.83
2024-08-06 00:45:00,20.4,0.504,22.4,2118.86,18.395
2024-08-06 01:00:00,18.9333333333333,0.547333333333333,22.1,2117.8,17.32
2024-08-06 01:15:00,19.2,0.5135,21.85,2117.225,18.31
2024-08-06 01:30:00,19.1,0.52,21.6,2116.97666666667,17.55
2024-08-06 01:45:00,17.9,0.5495,21.35,2116.455,16.3
2024-08-06 02:00:00,18.4,0.527666666666667,21.1,2116.98666666667,17.87
2024-08-06 02:15:00,19.2,0.463666666666667,20.9,2116.56,18.145
2024-08-06 02:30:00,19.05,0.4805,20.7,2116.2,17.5975
2024-08-06 02:45:00,17.9333333333333,0.591666666666667,20.5333333333333,2117.04,15.4533333333333
2024-08-06 03:00:00,15.8,0.639,20.2333333333333,2115.85333333333,13.3475
2024-08-06 03:15:00,14.26,0.6818,19.92,2115.864,12.63
2024-08-06 03:30:00,14.5,0.644666666666667,19.6,2116.05333333333,13.5
2024-08-06 03:45:00,13.7333333333333,0.725,19.3333333333333,2115.98,11.8825
2024-08-06 04:00:00,12.35,0.7835,19.05,2115.835,11.118
2024-08-06 04:15:00,11.4666666666667,0.837333333333333,18.7,2115.83,10.7275
2024-08-06 04:30:00,11.0333333333333,0.851333333333333,18.4666666666667,2115.13333333333,10.368
2024-08-06 04:45:00,11,0.8535,18.2,2115.43,10.73
2024-08-06 05:00:00,11.3,0.842666666666667,18,2115.67,10.725
2024-08-06 05:15:00,10.9,0.867666666666667,17.8,2114.63666666667,10.0633333333333
2024-08-06 05:30:00,10.575,0.8875,17.6,2115.0125,9.935
2024-08-06 05:45:00,10.34,0.8984,17.4,2114.944,9.682
2024-08-06 06:00:00,10.1,0.906,17.2,2114.895,9.626
2024-08-06 06:15:00,10.35,0.8895,17.1,2113.9,10.39
2024-08-06 06:30:00,11.35,0.8265,17.1,2114.4875,11.424
2024-08-06 06:45:00,12.6,0.816,17.1,2115.13,12.2966666666667
2024-08-06 07:00:00,14.05,0.804,17.3,2113.97,13.558
2024-08-06 07:15:00,15.75,0.7885,17.5,2115.17,14.8225
2024-08-06 07:30:00,17.9333333333333,0.725333333333333,17.8666666666667,2115.40666666667,16.78
2024-08-06 07:45:00,20.0666666666667,0.612333333333333,18.3333333333333,2115.59666666667,19.1066666666667
2024-08-06 08:00:00,21.65,0.515,18.9,2114.92,20.4275
2024-08-06 08:15:00,22.5,0.5155,19.3,2115.015,21.192
2024-08-06 08:30:00,23,0.4435,19.65,2113.48,21.83
2024-08-06 08:45:00,23.525,0.43175,20.05,2112.0975,22.5075
2024-08-06 09:00:00,23.8,0.412,20.4,2111.5375,22.878
2024-08-06 09:15:00,24.2666666666667,0.439666666666667,21.9666666666667,2111.60666666667,23.638
2024-08-06 09:30:00,24.9,0.41,24.475,2111.835,23.82
2024-08-06 09:45:00,25.2,0.39475,26.5,2111.995,24.2775
2024-08-06 10:00:00,25.8,0.409,28.2666666666667,2111.51666666667,24.8866666666667
2024-08-06 10:15:00,25.95,0.4005,29.875,2111.965,25.16
2024-08-06 10:30:00,26.2666666666667,0.41,31.1666666666667,2112.04333333333,25.62
2024-08-06 10:45:00,26.925,0.36225,32.4,2111.49,26.1175
2024-08-06 11:00:00,27.2,0.3625,33.45,2111.47,26.565
2024-08-06 11:15:00,27.9,0.362,34.55,2110.9375,27.6375
2024-08-06 11:30:00,28.6,0.366,35.7,2110.76,27.824
2024-08-06 11:45:00,28.975,0.34,36.65,2110.98,28.1675
2024-08-06 12:00:00,29.35,0.32525,37.45,2110.7375,28.4675
2024-08-06 12:15:00,29.725,0.3375,37.975,2110.3375,29.27
2024-08-06 12:30:00,30.4,0.335,37.325,2109.3975,29.69
2024-08-06 12:45:00,30.65,0.3335,34.9,2106,30.24
2024-08-06 13:00:00,30.8,0.295666666666667,33.4,2104.00666666667,30.1425
2024-08-06 13:15:00,31.25,0.3175,32.05,2102.24,30.7566666666667
2024-08-06 13:30:00,31.5333333333333,0.299,31.3666666666667,2100.38666666667,30.9433333333333
2024-08-06 13:45:00,32.1,0.279666666666667,30.9,2098.91,33.902
2024-08-06 14:00:00,32.3666666666667,0.268,31.3333333333333,2098.19666666667,33.14
2024-08-06 14:15:00,32.75,0.259,34.1,2099.3,34.21
2024-08-06 14:30:00,33,0.262,36.5,2100.21333333333,35.45
2024-08-06 14:45:00,33.15,0.23,38,2100.365,36.3825
2024-08-06 15:00:00,33.3,0.27,38.85,2100.925,36.834
2024-08-06 15:15:00,33.6,0.24,39.4,2099.645,36.8633333333333
2024-08-06 15:30:00,33.7,0.249,39.8,2097.56,37.74
2024-08-06 15:45:00,33.3,0.2575,40.1,2098.315,36.4775
2024-08-06 16:00:00,33.275,0.2415,40.2,2096.9125,36.538
2024-08-06 16:15:00,33.55,0.241,40.2,2096.43,36.7633333333333
2024-08-06 16:30:00,33.35,0.2595,40.4,2095.71,37.165
2024-08-06 16:45:00,33.7,0.253333333333333,40.4,2095.19,37.342
2024-08-06 17:00:00,33.8,0.259,40.3,2094.24333333333,37.078
2024-08-06 17:15:00,33.5,0.253666666666667,39.5666666666667,2093.94333333333,35.816
2024-08-06 17:30:00,33.45,0.273,38.3,2092.105,36.1425
2024-08-06 17:45:00,34.15,0.3145,38.2,2090.7375,37.462
2024-08-06 18:00:00,34.7,0.2802,36.86,2089.994,37.19
2024-08-06 18:15:00,34.4666666666667,0.312,35.4,2089.17666666667,35.814
2024-08-06 18:30:00,33.725,0.332,34.225,2087.6925,34.255
2024-08-06 18:45:00,33.54,0.4106,33.28,2087.132,29.96
2024-08-06 19:00:00,32.75,0.416,32.5,2086.735,30.792
2024-08-06 19:15:00,31.7,0.449333333333333,31.8,2086.02333333333,26.4966666666667
2024-08-06 19:30:00,28.95,0.382,31.05,2085.82,24.97
2024-08-06 19:45:00,27.5,0.3625,30.1,2085.82,24.715
2024-08-06 20:00:00,26.7,0.331,29.1666666666667,2085.1,24.175
2024-08-06 20:15:00,25.6666666666667,0.341333333333333,28.3666666666667,2084.00333333333,23.108
2024-08-06 20:30:00,24.4,0.397,27.75,2083.885,21.238
2024-08-06 20:45:00,22.3,0.430333333333333,27.1,2084.72333333333,19.98
2024-08-06 21:00:00,20.2,0.5245,26.3,2084.31,17.8475
2024-08-06 21:15:00,19.18,0.5208,25.7,2084.32,18.38
2024-08-06 21:30:00,19.7,0.50925,25.225,2084.4025,18.635
2024-08-06 21:45:00,19.575,0.50025,24.75,2084.1775,18.3425
2024-08-06 22:00:00,19.625,0.49575,24.325,2084.7175,18.238
2024-08-06 22:15:00,19.4,0.498666666666667,24,2084.91,18.104
2024-08-06 22:30:00,19.65,0.50675,23.65,2084.405,18.15
2024-08-06 22:45:00,19.175,0.50075,23.35,2084.405,17.9925
2024-08-06 23:00:00,18.925,0.5375,23.025,2084.5075,17.736
2024-08-06 23:15:00,18.55,0.592,22.8,2084.555,16.09
2024-08-06 23:30:00,16.68,0.6692,22.46,2084.086,14.51
2024-08-06 23:45:00,15.4,0.695,22,2085.01,14.51
2024-08-07 00:00:00,14.9333333333333,0.733666666666667,21.7333333333333,2084.09,13.848
2024-08-07 00:15:00,14.325,0.76925,21.45,2083.7,13.19
2024-08-07 00:30:00,13.8,0.775,21.15,2083.98,13.108
2024-08-07 00:45:00,14.4,0.758333333333334,20.8916666666666,2084,13.449
2024-08-07 01:00:00,15,0.741666666666667,20.6333333333333,2084.02,13.79
2024-08-07 01:15:00,15.225,0.72425,20.45,2084.035,14.818
2024-08-07 01:30:00,15.8,0.694666666666666,20.3,2084.14,14.6975
2024-08-07 01:45:00,15.4333333333333,0.691,20.1333333333333,2083.22666666667,14.55
2024-08-07 02:00:00,15.425,0.7025,20,2084.0125,13.895
2024-08-07 02:15:00,14.8,0.716,19.8,2083.13666666667,14.2233333333333
2024-08-07 02:30:00,14.675,0.7485,19.6,2083.425,13.2
2024-08-07 02:45:00,13.8,0.804666666666667,19.4333333333333,2082.78333333333,12.5866666666667
2024-08-07 03:00:00,13.6,0.817,19.3,2083.33,12.575
2024-08-07 03:15:00,13.04,0.8514,19.1,2082.858,12.004
2024-08-07 03:30:00,12.425,0.877,18.9,2083.3075,11.684
2024-08-07 03:45:00,12.4,0.887666666666667,18.7,2082.98666666667,11.914
2024-08-07 04:00:00,13.3,0.851333333333333,18.5666666666667,2082.83,12.8066666666667
2024-08-07 04:15:00,14.3,0.802,18.5,2082.4,14.466
2024-08-07 04:30:00,14.8666666666667,0.790333333333333,18.4,2082.54666666667,13.305
2024-08-07 04:45:00,14.7,0.7875,18.3,2082.43,13.932
2024-08-07 05:00:00,15.625,0.74675,18.3,2082.675,14.61
2024-08-07 05:15:00,15.6,0.7415,18.2,2081.61,14.1375
2024-08-07 05:30:00,15.2,0.759,18.15,2082.42,13.926
2024-08-07 05:45:00,14.25,0.7995,18,2082.91,12.748
2024-08-07 06:00:00,14.3,0.814,17.9,2082.42,13.3
2024-08-07 06:15:00,14.025,0.8255,17.8,2082.2975,12.87
2024-08-07 06:30:00,14,0.836,17.7,2082.59,13.136
2024-08-07 06:45:00,15.3666666666667,0.793666666666667,17.8333333333333,2083.07666666667,14.6325
2024-08-07 07:00:00,16,0.768,18,2083.44,15.026
2024-08-07 07:15:00,17.1,0.743333333333333,18.2666666666667,2082.29,16.0425
2024-08-07 07:30:00,18.2,0.697333333333333,18.6,2083.27,17.206
2024-08-07 07:45:00,19.3666666666667,0.680666666666667,19.0666666666667,2082.35666666667,18.07
2024-08-07 08:00:00,19.9,0.634333333333333,19.5,2082.38333333333,18.752
2024-08-07 08:15:00,20.46,0.623,19.88,2082.632,19.384
2024-08-07 08:30:00,20.7,0.60425,20.275,2082.395,19.702
2024-08-07 08:45:00,21.16,0.5994,20.72,2082.104,20.38
2024-08-07 09:00:00,21.5,0.588,21.1,2081.82,20.992
2024-08-07 09:15:00,22.1,0.57625,22.175,2082.145,21.524
2024-08-07 09:30:00,23.1,0.554333333333333,24.0666666666667,2082.61666666667,22.46
2024-08-07 09:45:00,24.0666666666667,0.553,26.0666666666667,2082.84,23.19
2024-08-07 10:00:00,24.8666666666667,0.516,27.9,2083.11333333333,24.02
2024-08-07 10:15:00,26.2,0.524,29.75,2087.22,25.245
2024-08-07 10:30:00,26.34,0.5108,30.84,2093.886,25.5025
2024-08-07 10:45:00,27,0.478,31.6,2101.17,26.1966666666667
2024-08-07 11:00:00,27.62,0.4724,32.16,2110.114,27.036
2024-08-07 11:15:00,28.2,0.4055,32.325,2133.71,27.56
2024-08-07 11:30:00,28.5,0.416333333333333,32.3,2155.13333333333,27.9925
2024-08-07 11:45:00,29.06,0.3936,32.3,2246.566,28.485
2024-08-07 12:00:00,29.3,0.3784,32.28,2358.488,28.688
2024-08-07 12:15:00,29.75,0.381,32,2401.765,29.18
2024-08-07 12:30:00,30.25,0.36275,30.85,2412.58,29.825
2024-08-07 12:45:00,30.46,0.3518,29.4,2406.746,29.9333333333333
2024-08-07 13:00:00,30.4,0.354666666666667,28.4666666666667,2402.27,30.1
2024-08-07 13:15:00,30.7,0.351666666666667,27.9333333333333,2396.42333333333,30.4475
2024-08-07 13:30:00,31.1333333333333,0.342333333333333,27.7,2389.4,30.575
2024-08-07 13:45:00,31.8333333333333,0.313333333333333,27.7,2384.82666666667,33.635
2024-08-07 14:00:00,32.2666666666667,0.315666666666667,28.2,2378.6,34.8825
2024-08-07 14:15:00,32.65,0.3155,29.95,2370.935,35.3275
2024-08-07 14:30:00,32.8,0.29025,31.35,2365.3925,34.9525
2024-08-07 14:45:00,32.8333333333333,0.281666666666667,31.9333333333333,2359.43333333333,37.2525
2024-08-07 15:00:00,33.1,0.2845,32.1,2351.7825,37.57
2024-08-07 15:15:00,33.7333333333333,0.278,32.2666666666667,2343.26,38.7525
2024-08-07 15:30:00,33.9,0.268,32.8,2337.21,39.27
2024-08-07 15:45:00,33.7,0.252666666666667,33,2329.70333333333,38.9775
2024-08-07 16:00:00,33.7,0.277,33.4,2321.57,38.0875
2024-08-07 16:15:00,34.2,0.264666666666667,33.5666666666667,2315.42666666667,39.49
2024-08-07 16:30:00,34.3,0.25025,33.8,2308.33,39.536
2024-08-07 16:45:00,34.5,0.2764,33.84,2301.892,39.034
2024-08-07 17:00:00,34.2,0.2485,33.7,2294.295,38.538
2024-08-07 17:15:00,34.625,0.2655,32.8,2288.2175,39.052
2024-08-07 17:30:00,34.6666666666667,0.262,32.4,2281.6,39.0775
2024-08-07 17:45:00,34.4,0.267,32.45,2275.395,37.1866666666667
2024-08-07 18:00:00,33.5,0.297666666666667,30.9,2268.19666666667,36.77
2024-08-07 18:15:00,33.375,0.28875,29.775,2262.415,36.01
2024-08-07 18:30:00,32.88,0.333,29,2256.65,34.546
2024-08-07 18:45:00,32.615,0.343375,28.5625,2252.36125,32.9105
2024-08-07 19:00:00,32.35,0.35375,28.125,2248.0725,31.275
2024-08-07 19:15:00,31.675,0.384,27.75,2245.205,26.706
2024-08-07 19:30:00,30.25,0.4055,27.3,2242.77,24.235
2024-08-07 19:45:00,27.7,0.457,26.8,2240.71,22.478
2024-08-07 20:00:00,25.12,0.5044,26.24,2239.138,20.888
2024-08-07 20:15:00,22.8,0.494,25.625,2238.205,20.1375
2024-08-07 20:30:00,21.65,0.48325,24.875,2236.715,20.0575
2024-08-07 20:45:00,22,0.431,24.26,2236.322,20.72
2024-08-07 21:00:00,21.7,0.42,23.8,2235.66,20.016
2024-08-07 21:15:00,21.45,0.424,23.35,2234.425,19.6325
2024-08-07 21:30:00,20.8,0.4344,22.86,2234.342,19.33
2024-08-07 21:45:00,20.6,0.416,22.4333333333333,2233.47666666667,19.06
2024-08-07 22:00:00,20.1,0.402666666666667,22.0666666666667,2232.61333333333,18.7975
2024-08-07 22:15:00,20.1666666666667,0.392666666666667,21.7333333333333,2232.98,19.04
2024-08-07 22:30:00,20,0.385,21.4,2231.89,18.9175
2024-08-07 22:45:00,19.65,0.3845,21.05,2230.36,18.258
2024-08-07 23:00:00,20.35,0.3705,20.8,2230.725,19.38
2024-08-07 23:15:00,19.525,0.4075,20.575,2229.69,17.89
2024-08-07 23:30:00,19,0.425666666666667,20.2333333333333,2229.15333333333,17.56
2024-08-07 23:45:00,18.4,0.4445,20,2228.8,16.8675
2024-08-08 00:00:00,18.1,0.445,19.8,2227.855,17.1666666666667
2024-08-08 00:15:00,18.75,0.4295,19.6,2227.5625,17.644
2024-08-08 00:30:00,17.9,0.5175,19.45,2227.06,14.8525
2024-08-08 00:45:00,16.2,0.552,19.2,2226.61,14.455
2024-08-08 01:00:00,14.9,0.6128,18.96,2226.136,13.116
2024-08-08 01:15:00,13.9,0.674666666666667,18.7,2225.67666666667,12.715
2024-08-08 01:30:00,13.75,0.7035,18.45,2225.185,12.662
2024-08-08 01:45:00,13.4,0.697666666666667,18.2,2224.56333333333,12.7625
2024-08-08 02:00:00,13.4,0.67275,18.075,2224.85,12.704
2024-08-08 02:15:00,13.175,0.6985,17.9,2223.52,12.1925
2024-08-08 02:30:00,13,0.687,17.7,2223.24,12.328
2024-08-08 02:45:00,12.8666666666667,0.717666666666667,17.5333333333333,2222.98333333333,11.878
2024-08-08 03:00:00,12.7,0.729333333333333,17.3,2223.04333333333,11.785
2024-08-08 03:15:00,13.0333333333333,0.705,17.2,2222.54666666667,12.87
2024-08-08 03:30:00,13.4,0.709,17.0666666666667,2221.24666666667,12.6825
2024-08-08 03:45:00,13.4,0.712,17,2220.95,12.51
2024-08-08 04:00:00,13.4,0.7,16.8666666666667,2220.48333333333,12.6475
2024-08-08 04:15:00,13.2,0.7275,16.7,2220.89,12.39
2024-08-08 04:30:00,12.9666666666667,0.739333333333333,16.6,2220.35666666667,11.9466666666667
2024-08-08 04:45:00,12.85,0.735,16.5,2220.01,12.6666666666667
2024-08-08 05:00:00,14.6,0.664,16.4,2219.395,13.7566666666667
2024-08-08 05:15:00,15.9,0.606,16.4,2219.98,15.065
2024-08-08 05:30:00,16.7,0.577,16.5,2218.72,15.5966666666667
2024-08-08 05:45:00,16.75,0.5695,16.5,2217.665,15.57
2024-08-08 06:00:00,16.5333333333333,0.574333333333333,16.5,2218.3,14.822
2024-08-08 06:15:00,15.8,0.631,16.5,2217.65,13.782
2024-08-08 06:30:00,14.8333333333333,0.727333333333333,16.5,2217.34,12.945
2024-08-08 06:45:00,14.65,0.764,16.55,2219.86,13.306
2024-08-08 07:00:00,15.25,0.7915,16.8,2262.855,14.2025
2024-08-08 07:15:00,16.5,0.767666666666667,17.0333333333333,2292.96666666667,15.3566666666667
2024-08-08 07:30:00,18.5,0.72025,17.325,2372.545,16.9075
2024-08-08 07:45:00,20.025,0.6625,17.75,2422.9025,18.355
2024-08-08 08:00:00,21.8,0.562333333333333,18.2666666666667,2449.33666666667,19.4775
2024-08-08 08:15:00,23,0.532,18.6,2464.98,20.4425
2024-08-08 08:30:00,23.8333333333333,0.525333333333333,18.9,2475.26,21.292
2024-08-08 08:45:00,24.7666666666667,0.490666666666667,19.2,2482.41333333333,22.11
2024-08-08 09:00:00,24.2,0.492,19.45,2491.39,22.4925
2024-08-08 09:15:00,24.3,0.468,20.9,2492.17,23.115
2024-08-08 09:30:00,24.75,0.4655,22.7,2493.57,23.605
2024-08-08 09:45:00,25.2,0.4876,24.14,2495.412,24.442
2024-08-08 10:00:00,26.3333333333333,0.458333333333333,25.4333333333333,2498.28,25.6225
2024-08-08 10:15:00,27.2333333333333,0.406666666666667,26.5333333333333,2500.41333333333,26.015
2024-08-08 10:30:00,27.6,0.42125,27.35,2499.665,26.175
2024-08-08 10:45:00,27.5333333333333,0.426333333333333,28.2,2499.23666666667,26.768
2024-08-08 11:00:00,27.825,0.42425,28.95,2499.7575,26.838
2024-08-08 11:15:00,28.52,0.4298,29.52,2500.048,28.19
2024-08-08 11:30:00,29.2,0.393,29.9,2501.77,28.372
2024-08-08 11:45:00,29.5666666666667,0.382,30.4,2501.25333333333,29.196
2024-08-08 12:00:00,30.9,0.315666666666667,30.0666666666667,2501.40666666667,30.3733333333333
2024-08-08 12:15:00,31.3333333333333,0.309333333333333,29.5666666666667,2501.24,30.78
2024-08-08 12:30:00,31.75,0.3055,28.5,2495.86,31.4
2024-08-08 12:45:00,32.2,0.28,27,2486.49,31.572
2024-08-08 13:00:00,32.6,0.28975,25.775,2477.09,32.048
2024-08-08 13:15:00,32.5,0.29,25.2333333333333,2470.31,31.8875
2024-08-08 13:30:00,32.4,0.2855,24.7,2462.9425,31.998
2024-08-08 13:45:00,32.775,0.29675,24.4,2456.5025,35.6725
2024-08-08 14:00:00,33.05,0.27525,25.2,2452.24,35.45
2024-08-08 14:15:00,33.35,0.299,27.15,2448.96,36.742
2024-08-08 14:30:00,33.6333333333333,0.275666666666667,28.3666666666667,2443.64666666667,38.318
2024-08-08 14:45:00,33.6,0.267,28.94,2435.894,38.8566666666667
2024-08-08 15:00:00,33.75,0.2625,29.45,2428.665,39.22
2024-08-08 15:15:00,33.4333333333333,0.276666666666667,29.4,2420.63666666667,37.9566666666667
2024-08-08 15:30:00,33.3333333333333,0.271,29.1,2413.18,37.802
2024-08-08 15:45:00,33.65,0.2535,29.55,2406.655,39.7175
2024-08-08 16:00:00,33.95,0.282,30.1,2400.86,39.8575
2024-08-08 16:15:00,34,0.275666666666667,30.4,2393.18666666667,39.2
2024-08-08 16:30:00,34.1,0.2905,30.4,2385.855,40.3933333333333
2024-08-08 16:45:00,34.15,0.2575,30.5,2379.82,39.0525
2024-08-08 17:00:00,33.7,0.321,30.3,2372.49,38.685
2024-08-08 17:15:00,33.925,0.25675,29.7,2367.5425,37.93
2024-08-08 17:30:00,34.05,0.2655,29.05,2361.165,37.096
2024-08-08 17:45:00,33.65,0.26025,28.55,2356.1825,37.48
2024-08-08 18:00:00,34.0333333333333,0.243,27.7666666666667,2350.92,36.4466666666667
2024-08-08 18:15:00,33.975,0.249,27.025,2349.0975,36.0625
2024-08-08 18:30:00,32.4666666666667,0.265666666666667,26.2333333333333,2347.49333333333,32.405
2024-08-08 18:45:00,32.4666666666667,0.254666666666667,25.7666666666667,2345.93666666667,30.6433333333333
2024-08-08 19:00:00,32.1,0.279,25.5,2344.4,31.55
2024-08-08 19:15:00,31.8666666666667,0.283333333333333,25.3,2342.18333333333,28.89
2024-08-08 19:30:00,30.8,0.2765,25.15,2341.75,26.2925
2024-08-08 19:45:00,29.7,0.2585,24.65,2339.81,26.64
2024-08-08 20:00:00,29,0.285,24.0333333333333,2338.64333333333,25.242
2024-08-08 20:15:00,27.2333333333333,0.279666666666667,23.6666666666667,2338.11,24.9425
2024-08-08 20:30:00,27.9,0.267,23,2336.72,25.94
2024-08-08 20:45:00,27.92,0.2624,22.64,2336.546,26.03
2024-08-08 21:00:00,28.3,0.252,22.25,2335.305,26.5125
2024-08-08 21:15:00,28.3333333333333,0.251,21.9,2334.93,26.578
2024-08-08 21:30:00,28.2666666666667,0.249,21.6,2334.06333333333,26.33
2024-08-08 21:45:00,28,0.246,21.4,2333.035,26.105
2024-08-08 22:00:00,28.2,0.244666666666667,21.2,2331.89,26.1775
2024-08-08 22:15:00,27.92,0.246,21,2331.82,25.845
2024-08-08 22:30:00,27.3,0.25,20.8666666666667,2330.41,25.175
2024-08-08 22:45:00,26.8666666666667,0.250666666666667,20.6666666666667,2329.66333333333,24.72
2024-08-08 23:00:00,26.3,0.264333333333333,20.4333333333333,2327.42333333333,24.118
2024-08-08 23:15:00,25.95,0.276,20.3,2327.82,23.96
2024-08-08 23:30:00,25.95,0.286,20.2,2326.875,24.085
2024-08-08 23:45:00,26,0.29,20.1,2324.85666666667,23.87
2024-08-09 00:00:00,25.8,0.299666666666667,20,2324.65333333333,23.8775
2024-08-09 00:15:00,25.8,0.304,19.9,2324.4,24.1975
2024-08-09 00:30:00,25.925,0.30975,19.8,2322.0525,24.34
2024-08-09 00:45:00,25.8,0.3155,19.7,2322.075,24.154
2024-08-09 01:00:00,25.5,0.326,19.7,2320.39,23.87
2024-08-09 01:15:00,25.3,0.326,19.55,2319.405,23.615
2024-08-09 01:30:00,25.3,0.302666666666667,19.4666666666667,2319.30666666667,23.468
2024-08-09 01:45:00,24.4,0.341,19.4,2317.68,21.5766666666667
2024-08-09 02:00:00,21.8666666666667,0.436333333333333,19.3,2316.64,18.915
2024-08-09 02:15:00,19.65,0.51075,19.075,2316.1725,17.606
2024-08-09 02:30:00,18.525,0.556375,18.8875,2314.79925,16.8113333333334
2024-08-09 02:45:00,17.4,0.602,18.7,2313.426,16.0166666666667
2024-08-09 03:00:00,16.925,0.6195,18.5,2313.3,15.806
2024-08-09 03:15:00,18.1,0.5355,18.4,2311.945,18.15
2024-08-09 03:30:00,24.075,0.368,18.5,2309.495,23.545
2024-08-09 03:45:00,24.6,0.354,18.6,2309.82,23.03
2024-08-09 04:00:00,24.9,0.35275,18.6,2308.76375,23.417
2024-08-09 04:15:00,25.2,0.3515,18.6,2307.7075,23.804
2024-08-09 04:30:00,25.2,0.3515,18.6,2308.625,24.032
2024-08-09 04:45:00,24.6,0.368333333333333,18.6,2307.37,22.7333333333333
2024-08-09 05:00:00,24.4666666666667,0.370333333333333,18.6,2306.04666666667,23.2533333333333
2024-08-09 05:15:00,24.15,0.37975,18.5,2305.8625,22.69
2024-08-09 05:30:00,24.65,0.369,18.5,2305.045,23.518
2024-08-09 05:45:00,24.6,0.3715,18.5,2304.36,22.9625
2024-08-09 06:00:00,23.85,0.38775,18.4,2303.3925,21.99
2024-08-09 06:15:00,24.075,0.386625,18.475,2303.67125,22.635
2024-08-09 06:30:00,24.3,0.3855,18.55,2303.95,23.28
2024-08-09 06:45:00,24.4,0.398666666666667,18.7333333333333,2310.65,22.6533333333333
2024-08-09 07:00:00,24.4333333333333,0.390666666666667,19,2333.75,22.718
2024-08-09 07:15:00,23.8,0.404,18.8333333333333,2381.85,21.95
2024-08-09 07:30:00,24.3666666666667,0.400666666666667,18.9,2436.84666666667,23.5366666666667
2024-08-09 07:45:00,25.4,0.3865,19.25,2463.21,23.9133333333333
2024-08-09 08:00:00,24.9,0.392,19.5333333333333,2480.75333333333,23.71
2024-08-09 08:15:00,25.4333333333333,0.386,19.7333333333333,2489.77666666667,24.6
2024-08-09 08:30:00,25.5,0.42825,20.05,2497.39,24.29
2024-08-09 08:45:00,25.475,0.41425,20.475,2502.84,24.2075
2024-08-09 09:00:00,25.6,0.364,21,2504.665,24.5
2024-08-09 09:15:00,25.9666666666667,0.446666666666667,21.5666666666667,2506.54,24.6875
2024-08-09 09:30:00,25.8,0.405,21.9,2507.475,24.23
2024-08-09 09:45:00,26.7666666666667,0.394666666666667,22.3666666666667,2510.13333333333,26.2333333333333
2024-08-09 10:00:00,28.75,0.361,25,2512.695,27.97
2024-08-09 10:15:00,28.25,0.348,25.7,2513.085,26.86
2024-08-09 10:30:00,28.05,0.362,25.35,2514.415,27.33
2024-08-09 10:45:00,29.5,0.3355,26.825,2514.25,28.78
2024-08-09 11:00:00,29.9,0.3405,28.15,2514.305,28.845
2024-08-09 11:15:00,30.525,0.3205,28.8,2514.0875,29.4666666666667
2024-08-09 11:30:00,30.98,0.3076,29.44,2513.906,29.585
2024-08-09 11:45:00,29.7666666666667,0.338,28.5666666666667,2514.08333333333,28.9
2024-08-09 12:00:00,30.9,0.291,28.9,2513.99,30.325
2024-08-09 12:15:00,31.8,0.288333333333333,29.9666666666667,2513.17666666667,30.392
2024-08-09 12:30:00,32,0.2825,29.05,2507.47,31.3266666666667
2024-08-09 12:45:00,31.8,0.2862,27.56,2499.122,31.062
2024-08-09 13:00:00,31.5,0.275,26.6666666666667,2490.27,30.79
2024-08-09 13:15:00,31.7666666666667,0.283333333333333,26.3,2483.62333333333,31.2175
2024-08-09 13:30:00,31.1333333333333,0.3,26.1333333333333,2477.80333333333,30.465
2024-08-09 13:45:00,31.675,0.27875,25.525,2473.0575,32.566
2024-08-09 14:00:00,32.7,0.2675,26.3,2465.73,36.868
2024-08-09 14:15:00,32.66,0.2872,27.44,2460.422,35.5375
2024-08-09 14:30:00,32.8333333333333,0.281333333333333,28.5666666666667,2454.11666666667,35.9975
2024-08-09 14:45:00,33.2,0.275,29.2,2448.245,38.305
2024-08-09 15:00:00,33.2,0.278666666666667,29.2666666666667,2442.11333333333,38.79
2024-08-09 15:15:00,34,0.255,30.1,2436.285,39.455
2024-08-09 15:30:00,33.7,0.272,30.1,2429.17333333333,36.274
2024-08-09 15:45:00,32.675,0.3,29.525,2423.585,34.215
2024-08-09 16:00:00,32.8666666666667,0.286666666666667,29.4666666666667,2417.50666666667,34.78
2024-08-09 16:15:00,33.8666666666667,0.275666666666667,30.2,2412.39,39.2425
2024-08-09 16:30:00,33.8333333333333,0.269666666666667,30.4,2408.41333333333,38.8075
2024-08-09 16:45:00,33.6,0.30225,30.6,2401.22,36.7075
2024-08-09 17:00:00,32.4333333333333,0.336666666666667,30.4666666666667,2396.95666666667,31.94
2024-08-09 17:15:00,30.6,0.363,29.2,2391.53,28.956
2024-08-09 17:30:00,29.4,0.427,28.3333333333333,2388.02,27.5375
2024-08-09 17:45:00,28.675,0.44925,27.825,2386.125,26.93
2024-08-09 18:00:00,28.2,0.503333333333333,27.4,2383.1,26.154
2024-08-09 18:15:00,27.4,0.479,27.05,2381.335,26
2024-08-09 18:30:00,27.525,0.513,26.775,2380.53,26.295
2024-08-09 18:45:00,27.7,0.626,26.8,2378.465,26.1733333333333
2024-08-09 19:00:00,27,0.4775,26.6,2377.085,25.49
2024-08-09 19:15:00,26.8,0.448,25.9333333333333,2376.41333333333,25.14
2024-08-09 19:30:00,26.85,0.40775,25.45,2374.8375,25.575
2024-08-09 19:45:00,27.65,0.3605,25,2373.95,26.4475
2024-08-09 20:00:00,27.7,0.371666666666667,24.5666666666667,2372.68333333333,25.6533333333333
2024-08-09 20:15:00,27.05,0.3495,24.25,2371.985,25.2866666666667
2024-08-09 20:30:00,26.3,0.348,23.7,2370.3,24.24
2024-08-09 20:45:00,25.95,0.32725,23.15,2368.7125,24.916
2024-08-09 21:00:00,27.5,0.3035,22.75,2366.65,26.972
2024-08-09 21:15:00,28.1666666666667,0.307,22.1333333333333,2365.81666666667,26.96
2024-08-09 21:30:00,27.65,0.3115,21.65,2363.725,26.55
2024-08-09 21:45:00,27.2666666666667,0.307,21.3,2363.96,26.16
2024-08-09 22:00:00,27.5,0.2895,21,2361.82,26.312
2024-08-09 22:15:00,27.66,0.28,20.8,2359.604,26.6066666666667
2024-08-09 22:30:00,27.68,0.277125,20.7,2358.48575,26.6173333333333
2024-08-09 22:45:00,27.7,0.27425,20.6,2357.3675,26.628
2024-08-09 23:00:00,27.8,0.268,20.45,2357.13,26.695
2024-08-09 23:15:00,27.9,0.266,20.4,2354.635,26.742
2024-08-09 23:30:00,27.6333333333333,0.275333333333333,20.3,2353.51333333333,26.3325
2024-08-09 23:45:00,26.725,0.31275,20.3,2352.7975,24.46
2024-08-10 00:00:00,25.25,0.35625,20.4,2352.21,23.28
2024-08-10 00:15:00,24.6,0.355666666666667,20.4,2350.62333333333,23.394
2024-08-10 00:30:00,24.3,0.377,20.4,2349.83,23.3975
2024-08-10 00:45:00,24.55,0.367,20.3,2349.065,23.2575
2024-08-10 01:00:00,24.325,0.3885,20.2,2346.655,22.535
2024-08-10 01:15:00,23.6666666666667,0.399,20.1,2346.19,22.256
2024-08-10 01:30:00,23.2,0.4355,20.1,2345.3225,21.0725
2024-08-10 01:45:00,21.8,0.4595,20,2344.475,20.3833333333333
2024-08-10 02:00:00,20.9,0.514333333333333,19.8,2345.37,18.7575
2024-08-10 02:15:00,20.05,0.5465,19.6,2344.085,18.3366666666667
2024-08-10 02:30:00,18.8,0.599333333333333,19.4,2342.66,17.1433333333333
2024-08-10 02:45:00,18,0.606,19.1666666666667,2342,16.8875
2024-08-10 03:00:00,17.4,0.651,19,2342.46,16.26
2024-08-10 03:15:00,17.175,0.672,18.9,2340.885,15.8225
2024-08-10 03:30:00,16.3,0.715333333333333,18.7,2339.74666666667,15.095
2024-08-10 03:45:00,15.625,0.757916666666667,18.5,2339.28083333334,14.5975
2024-08-10 04:00:00,14.95,0.8005,18.3,2338.815,14.1
2024-08-10 04:15:00,14.3666666666667,0.825666666666667,18.1333333333333,2337.93333333333,13.5433333333333
2024-08-10 04:30:00,13.8,0.8455,18,2337.985,12.99
2024-08-10 04:45:00,13.725,0.84925,17.8,2337.73,13.284
2024-08-10 05:00:00,14.3,0.8245,17.7,2336.68,13.76
2024-08-10 05:15:00,14.6666666666667,0.78,17.5666666666667,2336.51,14.3133333333333
2024-08-10 05:30:00,15,0.7445,17.4,2336.015,14.262
2024-08-10 05:45:00,15.05,0.695,17.3,2335.5675,14.465
2024-08-10 06:00:00,15.1,0.7015,17.2,2334.855,14.2433333333333
2024-08-10 06:15:00,15.3,0.7165,17.1,2334.795,14.5375
2024-08-10 06:30:00,15.1666666666667,0.729,17.1333333333333,2334.42,14.5866666666667
2024-08-10 06:45:00,16.3333333333333,0.694666666666667,17.2,2334.35666666667,15.78
2024-08-10 07:00:00,17.075,0.72275,17.425,2334.435,15.595
2024-08-10 07:15:00,18.05,0.74575,17.7,2333.5525,16.3
2024-08-10 07:30:00,19.6,0.658,18.0333333333333,2333.32,18.61
2024-08-10 07:45:00,21.3,0.594,18.5,2332.6,20.165
2024-08-10 08:00:00,22.325,0.58325,19.05,2331.945,20.855
2024-08-10 08:15:00,23.05,0.5475,19.4,2330.375,21.675
2024-08-10 08:30:00,23.5,0.521,19.7,2329.13,22.0766666666667
2024-08-10 08:45:00,23.55,0.523,20,2327.495,22.4466666666667
2024-08-10 09:00:00,24.3,0.541,20.5,2324.88,23.3475
2024-08-10 09:15:00,25,0.517333333333333,22.3,2324.91666666667,24.215
2024-08-10 09:30:00,24.8,0.494,22.9,2321.55,23.884
2024-08-10 09:45:00,24.65,0.487,23.4,2320.125,24.062
2024-08-10 10:00:00,24.9,0.513333333333333,23.7,2318.88666666667,24.3275
2024-08-10 10:15:00,24.9,0.504,23.8,2317.55,24.22
2024-08-10 10:30:00,25.05,0.4905,24.0166666666666,2315.37666666666,24.465
2024-08-10 10:45:00,25.2,0.477,24.2333333333333,2313.20333333333,24.71
2024-08-10 11:00:00,26,0.497,25,2311.78,25.1866666666667
2024-08-10 11:15:00,27.475,0.4115,27.175,2309.81,26.7075
2024-08-10 11:30:00,28.9,0.3995,28.95,2306.92,28.0425
2024-08-10 11:45:00,29.75,0.3845,30.125,2304.4725,28.895
2024-08-10 12:00:00,29.775,0.37525,29.9,2301.56,28.49
2024-08-10 12:15:00,30.45,0.3905,29.8,2298.365,29.885
2024-08-10 12:30:00,30.7,0.350666666666667,29.3666666666667,2296.12333333333,29.7975
2024-08-10 12:45:00,30.575,0.35475,28.275,2290.68,29.6425
2024-08-10 13:00:00,30.95,0.3125,27.75,2287.215,30.0666666666667
2024-08-10 13:15:00,31.4333333333333,0.318333333333333,27.5,2283.65666666667,30.6825
2024-08-10 13:30:00,31.9,0.31,27.275,2278.9025,31.0475
2024-08-10 13:45:00,31.9,0.2925,27.1,2274.825,32.965
2024-08-10 14:00:00,32.425,0.2755,28.125,2270.5375,35.0525
2024-08-10 14:15:00,32.8,0.32,30.1,2267.31,35.3725
2024-08-10 14:30:00,33.1,0.275,31.3,2264.03666666667,36.4333333333333
2024-08-10 14:45:00,33.7,0.3005,32.15,2261.215,36.51
2024-08-10 15:00:00,33.575,0.285,32.625,2257.1775,35.64
2024-08-10 15:15:00,33.35,0.3245,32.95,2253.035,36.08
2024-08-10 15:30:00,34,0.2965,33.35,2250.98,37.5166666666667
2024-08-10 15:45:00,34.05,0.30075,33.5,2246.0275,36.1533333333333
2024-08-10 16:00:00,33.875,0.30525,33.4,2242.555,37.0975
2024-08-10 16:15:00,33.7,0.3425,33.275,2237.595,35.9966666666667
2024-08-10 16:30:00,33.5666666666667,0.314333333333333,33.1,2233.80666666667,36.005
2024-08-10 16:45:00,33.9,0.2805,33.1,2230.025,36.0075
2024-08-10 17:00:00,33.6,0.328,33,2226.355,35.878
2024-08-10 17:15:00,33.5333333333333,0.33,32.2666666666667,2221.93333333333,35.272
2024-08-10 17:30:00,32.9333333333333,0.350333333333333,31.8,2218.18,34.5533333333333
2024-08-10 17:45:00,32.7333333333333,0.339,31.4333333333333,2214.37333333333,33.606
2024-08-10 18:00:00,32.6333333333333,0.383333333333333,30.3333333333333,2211.37,33.598
2024-08-10 18:15:00,32.125,0.38375,29.575,2207.8425,32.3075
2024-08-10 18:30:00,31.8333333333333,0.371333333333333,28.9666666666667,2205.11333333333,31.49
2024-08-10 18:45:00,31.725,0.482,28.45,2202.385,29.08
2024-08-10 19:00:00,30.2666666666667,0.544666666666667,28,2201.59333333333,27.7175
2024-08-10 19:15:00,29.2083333333333,0.552083333333334,27.6,2200.31916666667,26.15625
2024-08-10 19:30:00,28.15,0.5595,27.2,2199.045,24.595
2024-08-10 19:45:00,25.9666666666667,0.612666666666667,26.7666666666667,2198.88333333333,23.0966666666667
2024-08-10 20:00:00,23.9,0.643,26.2,2199.32,21.76
2024-08-10 20:15:00,22.5,0.643333333333333,25.5666666666667,2198.72,21.25
2024-08-10 20:30:00,21.6666666666667,0.660333333333333,25.0666666666667,2198.77,20.24
2024-08-10 20:45:00,21,0.6085,24.55,2197.8925,20.0525
2024-08-10 21:00:00,20.9,0.58225,24.075,2197.6125,20.0425
2024-08-10 21:15:00,20.7666666666667,0.590333333333333,23.6333333333333,2197.53333333333,19.848
2024-08-10 21:30:00,20.55,0.589,23.25,2197.42,19.8066666666667
2024-08-10 21:45:00,21.1,0.557,22.9,2198.51,20.24
2024-08-10 22:00:00,21.6,0.531,22.6333333333333,2197.94333333333,20.2866666666667
2024-08-10 22:15:00,21.2,0.542333333333333,22.4,2197.63,20.0866666666667
2024-08-10 22:30:00,21.225,0.5135,22.175,2196.8925,20.218
2024-08-10 22:45:00,20.8666666666667,0.568,21.9333333333333,2197.21,19.01
2024-08-10 23:00:00,22.1,0.503,21.7,2195.98333333333,21.2175
2024-08-10 23:15:00,23.55,0.4355,21.6,2196.855,23.268
2024-08-10 23:30:00,23.95,0.4385,21.5,2195.905,22.6266666666667
2024-08-10 23:45:00,22.8,0.483333333333333,21.3666666666667,2195.72666666667,21.444
2024-08-11 00:00:00,21.7666666666667,0.636,21.1666666666667,2196.22666666667,19.424
2024-08-11 00:15:00,19.7333333333333,0.651,20.9333333333333,2197.14333333333,16.244
2024-08-11 00:30:00,18.775,0.7135,20.65,2196.0925,15.84
2024-08-11 00:45:00,18.85,0.6615,20.4,2196.23,17.33
2024-08-11 01:00:00,19,0.63,20.2666666666667,2195.72666666667,17.865
2024-08-11 01:15:00,19,0.608333333333333,20.1,2196.42333333333,17.9
2024-08-11 01:30:00,19.4,0.5885,19.9,2195.545,18.2633333333333
2024-08-11 01:45:00,19.7,0.57,19.7333333333333,2195.62333333333,18.6325
2024-08-11 02:00:00,19.1,0.592333333333333,19.6,2195.16333333333,17.71
2024-08-11 02:15:00,18.3333333333333,0.653666666666667,19.4666666666667,2195.23,16.504
2024-08-11 02:30:00,17.0666666666667,0.71,19.2333333333333,2194.93666666667,15.2
2024-08-11 02:45:00,15.3666666666667,0.784,18.9666666666667,2194.45333333333,14.4033333333333
2024-08-11 03:00:00,14.9,0.808,18.8,2195.1,13.722
2024-08-11 03:15:00,13.8333333333333,0.853333333333333,18.5,2194.21,13.045
2024-08-11 03:30:00,13.35,0.867,18.25,2194.4,12.75
2024-08-11 03:45:00,13.3,0.872,18,2193.41,12.6775
2024-08-11 04:00:00,12.9,0.879,17.9,2194.36,12.21
2024-08-11 04:15:00,12.825,0.88725,17.675,2193.7625,12.444
2024-08-11 04:30:00,12.9,0.8695,17.5,2192.85,12.222
2024-08-11 04:45:00,13.0333333333333,0.861,17.3,2193.02666666667,12.6
2024-08-11 05:00:00,13.1,0.859,17.2,2193.2,12.5825
2024-08-11 05:15:00,13.1,0.85925,17.05,2192.2675,12.55
2024-08-11 05:30:00,13.2,0.859333333333333,16.9,2192.00333333333,12.6333333333333
2024-08-11 05:45:00,13.2,0.8525,16.8,2192.775,12.6033333333333
2024-08-11 06:00:00,12.8,0.863,16.7,2191.91,11.9
2024-08-11 06:15:00,12.5,0.8775,16.6,2191.615,11.91
2024-08-11 06:30:00,12.7666666666667,0.879,16.6,2191.28666666667,12.3833333333333
2024-08-11 06:45:00,13.5,0.87,16.6,2190.865,12.9025
2024-08-11 07:00:00,14.425,0.86,16.725,2190.5925,13.762
2024-08-11 07:15:00,16.2,0.82225,16.975,2190.3,15.21
2024-08-11 07:30:00,17.9,0.812333333333334,17.3,2190.19333333333,16.5933333333333
2024-08-11 07:45:00,19.5,0.757,17.7,2190.57,18.22
2024-08-11 08:00:00,22.1,0.608666666666667,18.4333333333333,2190.40666666667,19.99
2024-08-11 08:15:00,23.5,0.5365,18.85,2189.465,20.7966666666667
2024-08-11 08:30:00,24.0875,0.50925,19.2125,2188.0925,21.5408333333334
2024-08-11 08:45:00,24.675,0.482,19.575,2186.72,22.285
2024-08-11 09:00:00,24.4,0.482,19.9,2185.96,22.642
2024-08-11 09:15:00,25,0.505,20.5,2183.57,23.78
2024-08-11 09:30:00,25.6333333333333,0.493,22.9333333333333,2181.03,24.0675
2024-08-11 09:45:00,26.2,0.475,25.15,2180.765,25.07
2024-08-11 10:00:00,26.6,0.453,26.85,2178.7,25.37
2024-08-11 10:15:00,26.54,0.44,28.2,2176.45,25.39
2024-08-11 10:30:00,27.2666666666667,0.431,29.3666666666667,2174.74,26.3233333333333
2024-08-11 10:45:00,27.8583333333333,0.42525,30.4833333333333,2173.005,26.9929166666666
2024-08-11 11:00:00,28.45,0.4195,31.6,2171.27,27.6625
2024-08-11 11:15:00,29.0333333333333,0.396666666666667,32.6333333333333,2168.63,27.815
2024-08-11 11:30:00,28.925,0.3895,33.5,2165.9375,27.842
2024-08-11 11:45:00,29.2333333333333,0.377,34.3,2163.3,28.6566666666667
2024-08-11 12:00:00,30.0666666666667,0.362,35.0666666666667,2160.79,30.1975
2024-08-11 12:15:00,30.55,0.3555,35.5,2158.185,29.9925
2024-08-11 12:30:00,30.625,0.34525,34.225,2155.185,29.572
2024-08-11 12:45:00,30.8333333333333,0.348,32.4333333333333,2150.52333333333,30.5866666666667
2024-08-11 13:00:00,31.35,0.317,31.35,2147.44,30.852
2024-08-11 13:15:00,31.9,0.332,30.6,2143.73,31.935
2024-08-11 13:30:00,31.8,0.29275,30.5,2141.0575,30.98
2024-08-11 13:45:00,32,0.314,30.7,2139.35,33.095
2024-08-11 14:00:00,31.8333333333333,0.32,32.0333333333333,2136.90333333333,31.88
2024-08-11 14:15:00,30.9,0.3485,32.4,2135.3125,30.7425
2024-08-11 14:30:00,30.5333333333333,0.354,32.2333333333333,2133.51666666667,31.25
2024-08-11 14:45:00,31.7,0.352666666666667,32.8333333333333,2132.13,32.405
2024-08-11 15:00:00,30.92,0.3684,33.24,2130.504,30.658
2024-08-11 15:15:00,30.9,0.342666666666667,32.8333333333333,2129.45333333333,32.338
2024-08-11 15:30:00,32.1,0.35,33.4,2127.425,33.575
2024-08-11 15:45:00,32.15,0.293,34.1,2125.535,35.575
2024-08-11 16:00:00,34.4,0.285,35.7,2124.09666666667,39.81
2024-08-11 16:15:00,33.7,0.3245,36.85,2124.75,34.44
2024-08-11 16:30:00,33.1333333333333,0.302333333333333,36.3666666666667,2122.77,36.05
2024-08-11 16:45:00,32.0666666666667,0.341333333333333,36.0333333333333,2121.84666666667,31.5575
2024-08-11 17:00:00,31.8,0.362,34.95,2119.79,33.57
2024-08-11 17:15:00,32.25,0.36025,34.15,2118.1825,33.4666666666667
2024-08-11 17:30:00,33.12,0.2996,33.72,2116.444,34.91
2024-08-11 17:45:00,33.225,0.3515,33.85,2116.0825,32.4833333333333
2024-08-11 18:00:00,32.2333333333333,0.436666666666667,33.0666666666667,2115.11,32.2
2024-08-11 18:15:00,31.5,0.465666666666667,32.3,2113.68333333333,29.614
2024-08-11 18:30:00,31.75,0.4765,31.825,2112.6175,31.47
2024-08-11 18:45:00,31.4,0.528,31.5,2112.21,29.76
2024-08-11 19:00:00,30.3,0.490333333333333,31.0666666666667,2111.47666666667,27.28
2024-08-11 19:15:00,29,0.543,30.4,2111.33,25.9225
2024-08-11 19:30:00,27.2,0.559333333333333,29.6666666666667,2110.06333333333,24.52
2024-08-11 19:45:00,25.7,0.61,28.95,2109.745,23.4625
2024-08-11 20:00:00,24.25,0.62,28.3,2108.235,22.402
2024-08-11 20:15:00,24,0.543,27.6,2107.28,22.5775
2024-08-11 20:30:00,24.5,0.49,27,2107.17,22.7675
2024-08-11 20:45:00,25.25,0.428,26.45,2106.73,23.558
2024-08-11 21:00:00,25.4,0.4015,26.05,2107.825,23.66
2024-08-11 21:15:00,25.6,0.3865,25.65,2106.96,23.91
2024-08-11 21:30:00,25.64,0.387,25.34,2106.498,23.5533333333333
2024-08-11 21:45:00,24.625,0.42375,25.05,2106.6,21.7833333333333
2024-08-11 22:00:00,23.4,0.4546,24.72,2106.354,22.03
2024-08-11 22:15:00,22.74,0.501,24.4,2106.08,20.79
2024-08-11 22:30:00,21.55,0.5485,24.15,2106.875,20.2825
2024-08-11 22:45:00,21.44,0.5758,23.88,2105.978,20.3566666666667
2024-08-11 23:00:00,20.7,0.599,23.6,2105.045,19.6
2024-08-11 23:15:00,20.3,0.6305,23.4,2106.06,19.026
2024-08-11 23:30:00,19.44,0.649,23.12,2105.496,18.2925
2024-08-11 23:45:00,19.05,0.68175,22.875,2105.94,17.8733333333333
2024-08-12 00:00:00,18.3333333333333,0.710333333333333,22.6333333333333,2106.38666666667,17.102
2024-08-12 00:15:00,17.5333333333333,0.766333333333333,22.3333333333333,2106.14333333333,16.754
2024-08-12 00:30:00,17.375,0.77525,22.1,2105.9375,16.44
2024-08-12 00:45:00,16.9,0.8075,21.9,2107.14,16.1075
2024-08-12 01:00:00,16.7,0.810666666666667,21.7,2106.53,16.0433333333333
2024-08-12 01:15:00,16.45,0.817,21.45,2106.445,15.7
2024-08-12 01:30:00,16.1,0.8395,21.2,2106.9,15.4733333333333
2024-08-12 01:45:00,16.2,0.829,21,2106.05,15.59
2024-08-12 02:00:00,16.35,0.814,20.85,2106.265,15.77
2024-08-12 02:15:00,16.1,0.824,20.6666666666667,2105.58333333333,15.446
2024-08-12 02:30:00,15.95,0.838,20.5,2106.045,15.1533333333333
2024-08-12 02:45:00,15.6,0.843333333333333,20.3333333333333,2105.77333333333,15.135
2024-08-12 03:00:00,15.7,0.839,20.2,2104.56,15.16
2024-08-12 03:15:00,15.6,0.846,20.0666666666667,2105.09666666667,15.1
2024-08-12 03:30:00,15.5,0.852,19.975,2104.9275,14.96
2024-08-12 03:45:00,15.375,0.86025,19.875,2105.0475,14.805
2024-08-12 04:00:00,15.125,0.86575,19.675,2105.675,14.2075
2024-08-12 04:15:00,14.4333333333333,0.880666666666667,19.4,2105.92,13.7
2024-08-12 04:30:00,14.3,0.8825,19.1,2106.555,13.7933333333333
2024-08-12 04:45:00,14.1,0.881666666666667,18.9,2106.12333333333,13.525
2024-08-12 05:00:00,13.8,0.885,18.7,2104.905,13.132
2024-08-12 05:15:00,13.3666666666667,0.885,18.4,2105.43333333333,12.7075
2024-08-12 05:30:00,13.275,0.894,18.225,2105.53,12.8675
2024-08-12 05:45:00,13.2666666666667,0.893666666666667,18.0666666666667,2105.68666666667,12.4666666666667
2024-08-12 06:00:00,13.075,0.90925,17.9,2104.8325,12.66
2024-08-12 06:15:00,13.2,0.9075,17.8,2104.895,12.76
2024-08-12 06:30:00,13.225,0.90475,17.7,2105.1175,12.8675
2024-08-12 06:45:00,13.8,0.901,17.7,2105.28333333333,13.515
2024-08-12 07:00:00,15.3,0.877,17.85,2104.785,14.5475
2024-08-12 07:15:00,16.95,0.851,18.125,2103.93,15.725
2024-08-12 07:30:00,18.0333333333333,0.816666666666667,18.4,2103.79666666667,17.468
2024-08-12 07:45:00,19.7,0.74625,19,2103.685,18.725
2024-08-12 08:00:00,20.9,0.688666666666667,19.6333333333333,2102.62666666667,19.93
2024-08-12 08:15:00,21.7666666666667,0.616333333333333,20.2,2102.91333333333,20.94
2024-08-12 08:30:00,22.4,0.584,20.5,2100.46,21.404
2024-08-12 08:45:00,22.8,0.555,20.85,2100.55,22.16
2024-08-12 09:00:00,23.525,0.52525,21.625,2099.7625,22.75625
2024-08-12 09:15:00,24.25,0.4955,22.4,2098.975,23.3525
2024-08-12 09:30:00,24.0666666666667,0.474,25.1666666666667,2097.37333333333,22.9925
2024-08-12 09:45:00,24.4,0.489,26.5,2097.64,23.8025
2024-08-12 10:00:00,23.8,0.494333333333333,28.0333333333333,2097.74666666667,23.2725
2024-08-12 10:15:00,24.7333333333333,0.479,29.3666666666667,2098.04,24.485
2024-08-12 10:30:00,25.3,0.458666666666667,30.9666666666667,2097.83,25.31
2024-08-12 10:45:00,25.4,0.43,32.35,2097.605,25.0533333333333
2024-08-12 11:00:00,25.2333333333333,0.421666666666667,32.3333333333333,2096.76333333333,24.98
2024-08-12 11:15:00,25.2,0.4588,32.7,2096.752,25.0425
2024-08-12 11:30:00,26.5666666666667,0.405333333333333,34,2097.03333333333,26.13
2024-08-12 11:45:00,26.8,0.374333333333333,35.5333333333333,2097.65,26.3625
2024-08-12 12:00:00,27.05,0.3735,35.9,2096.545,26.69
2024-08-12 12:15:00,27.5,0.361,35.9,2097.17,27.165
2024-08-12 12:30:00,27.475,0.36525,34.5,2095.215,27.3725
2024-08-12 12:45:00,28.2333333333333,0.341333333333333,32.8,2092.74333333333,28.025
2024-08-12 13:00:00,29,0.315,31.5,2091.31,28.0675
2024-08-12 13:15:00,29.7,0.311,30.7,2090.1425,29.85
2024-08-12 13:30:00,30,0.315,30,2088.58333333333,30.4066666666667
2024-08-12 13:45:00,30.1,0.286,29.6,2088.17333333333,30.2233333333333
2024-08-12 14:00:00,30.7,0.331666666666667,30.5333333333333,2087.46666666667,35.6466666666667
2024-08-12 14:15:00,30.8666666666667,0.276666666666667,33.7,2088.73,34.0133333333333
2024-08-12 14:30:00,30.8,0.272,34.9,2089.36,34.455
2024-08-12 14:45:00,30.35,0.3165,35.3,2089.455,33.8666666666667
2024-08-12 15:00:00,31.0333333333333,0.287,35.9,2088.73333333333,35.27
2024-08-12 15:15:00,31.875,0.266,36.6,2088.9375,35.7975
2024-08-12 15:30:00,32.3,0.250333333333333,37.6,2088.10333333333,38.0525
2024-08-12 15:45:00,32.2,0.234333333333333,37.9333333333333,2088.57,36.81
2024-08-12 16:00:00,32.325,0.267,38.45,2088.045,36.385
2024-08-12 16:15:00,32.3,0.230666666666667,39.1333333333333,2088.17666666667,34.656
2024-08-12 16:30:00,31.3,0.302,38.4,2086.98,34.6533333333333
2024-08-12 16:45:00,31.4,0.284,38.3,2086.5575,35.59
2024-08-12 17:00:00,31.5,0.272,38.35,2085.28,34.815
2024-08-12 17:15:00,31.5,0.25,37.35,2084.76,34.405
2024-08-12 17:30:00,31.425,0.2525,36.45,2084.285,34.8825
2024-08-12 17:45:00,31.4,0.268,35.7666666666667,2083.68,34.594
2024-08-12 18:00:00,31.2,0.264,34.1,2081.24,33.33
2024-08-12 18:15:00,30.275,0.28475,32.75,2080.9025,31.928
2024-08-12 18:30:00,29.6,0.315333333333333,31.6,2079.41666666667,29.1233333333333
2024-08-12 18:45:00,29.3333333333333,0.356333333333333,30.8,2079.02,28.65
2024-08-12 19:00:00,28.425,0.3615,30.025,2077.835,28.134
2024-08-12 19:15:00,27.6,0.4215,29.25,2077.58,24.595
2024-08-12 19:30:00,25.6625,0.489125,28.575,2076.97875,21.9835
2024-08-12 19:45:00,23.725,0.55675,27.9,2076.3775,19.372
2024-08-12 20:00:00,20.625,0.588,27.05,2076.075,18.7675
2024-08-12 20:15:00,20.4,0.5805,26.35,2076.925,19.085
2024-08-12 20:30:00,19.05,0.61675,25.7,2075.6725,17.24
2024-08-12 20:45:00,17.65,0.642,25,2074.78,16.4775
2024-08-12 21:00:00,18.2666666666667,0.608333333333333,24.5666666666667,2074.79333333333,17.525
2024-08-12 21:15:00,18.8,0.576333333333333,24.1333333333333,2075.35,17.805
2024-08-12 21:30:00,17.95,0.614,23.65,2075.18,16.63
2024-08-12 21:45:00,16.9,0.6975,23.25,2074.625,15.2175
2024-08-12 22:00:00,15.5666666666667,0.724333333333333,22.9,2074.75333333333,14.615
2024-08-12 22:15:00,15.1666666666667,0.745666666666667,22.5333333333333,2074.90666666667,14.3175
2024-08-12 22:30:00,14.55,0.7885,22.2,2074.03,13.7533333333333
2024-08-12 22:45:00,14.0333333333333,0.816666666666666,21.9333333333333,2074.19666666667,13.39
2024-08-12 23:00:00,13.8,0.822,21.7,2073.49,13.475
2024-08-12 23:15:00,13.9,0.836,21.4,2073.71,13.52
2024-08-12 23:30:00,13.8,0.847666666666667,21.2,2074.35,13.225
2024-08-12 23:45:00,13.5666666666667,0.848666666666666,20.9333333333333,2073.36666666667,12.9775
2024-08-13 00:00:00,13.325,0.86125,20.7,2073.805,12.955
2024-08-13 00:15:00,13.5,0.857,20.5666666666667,2073.52333333333,13.514
2024-08-13 00:30:00,13.8,0.850333333333333,20.4666666666667,2073.09333333333,13.4775
2024-08-13 00:45:00,13.7333333333333,0.852666666666667,20.3333333333333,2073.37666666667,13.305
2024-08-13 01:00:00,13.4666666666667,0.865,20.1666666666667,2073.56666666667,12.724
2024-08-13 01:15:00,12.9,0.863,19.8,2072.98,11.852
2024-08-13 01:30:00,12.4,0.864,19.4,2073.15,11.27
2024-08-13 01:45:00,11.7,0.86975,18.975,2072.9875,10.54
2024-08-13 02:00:00,11.05,0.8945,18.6,2073.325,10.235
2024-08-13 02:15:00,10.5666666666667,0.892,18.3,2072.16666666667,9.72666666666667
2024-08-13 02:30:00,10.1,0.90175,17.95,2072.8225,9.49
2024-08-13 02:45:00,9.9,0.893,17.65,2072.915,9.15
2024-08-13 03:00:00,9.6,0.8985,17.3,2072.64,9.005
2024-08-13 03:15:00,9.425,0.9005,17.05,2072.8575,8.7825
2024-08-13 03:30:00,9.25,0.9025,16.8,2073.075,8.56
2024-08-13 03:45:00,9.1,0.908,16.55,2073.08,8.54
2024-08-13 04:00:00,8.75,0.8985,16.35,2072.095,7.94666666666667
2024-08-13 04:15:00,8.7,0.914666666666667,16.1,2072.37666666667,8.0875
2024-08-13 04:30:00,8.64,0.9098,15.9,2071.982,8.086
2024-08-13 04:45:00,8.45,0.9055,15.7,2071.685,7.73333333333333
2024-08-13 05:00:00,8.35,0.908,15.5,2072.2,7.6825
2024-08-13 05:15:00,8.3,0.91975,15.3,2071.8825,7.702
2024-08-13 05:30:00,8.16666666666667,0.919666666666667,15.1666666666667,2072.36,7.49
2024-08-13 05:45:00,8.075,0.9255,15,2071.88,7.67666666666667
2024-08-13 06:00:00,8.5,0.9215,14.875,2072.2025,7.94
2024-08-13 06:15:00,8.5,0.923,14.8,2071.88666666667,8.08
2024-08-13 06:30:00,8.5,0.907333333333333,14.7,2071.55,7.76
2024-08-13 06:45:00,9.1,0.913,14.7,2071.54666666667,8.5275
2024-08-13 07:00:00,10.25,0.8965,14.75,2072.595,9.406
2024-08-13 07:15:00,11.7,0.8715,14.95,2072.455,10.914
2024-08-13 07:30:00,13.9,0.80575,15.375,2072.1625,12.602
2024-08-13 07:45:00,16.1,0.74,15.8,2071.87,14.29
2024-08-13 08:00:00,17.75,0.617,16.75,2072.37,15.6575
2024-08-13 08:15:00,18.8,0.61375,17.075,2073.205,16.77
2024-08-13 08:30:00,18.9,0.582,17.4,2072.61,17.32
2024-08-13 08:45:00,19.05,0.59,17.6,2071.94,17.43
2024-08-13 09:00:00,20.1,0.56275,18.15,2071.925,18.52
2024-08-13 09:15:00,19.85,0.5435,19.05,2070.84,18.7525
2024-08-13 09:30:00,20,0.543,21.65,2072.695,19.4033333333333
2024-08-13 09:45:00,20.8,0.505,24.2,2072.42,20.04
2024-08-13 10:00:00,21.7,0.503,25.7,2073.37,20.98
2024-08-13 10:15:00,21.3,0.493,27.7,2073.29,20.3566666666667
2024-08-13 10:30:00,22.2,0.464,28.8666666666667,2074.6,21.1025
2024-08-13 10:45:00,22.3,0.469,30.25,2074.38,21.71
2024-08-13 11:00:00,22.5,0.426,31.6,2075.26,21.8325
2024-08-13 11:15:00,22.975,0.46325,32.75,2075.91,22.67
2024-08-13 11:30:00,23.3,0.428666666666667,33.7666666666667,2075.87333333333,22.896
2024-08-13 11:45:00,23.3,0.435,34.55,2076.56,22.8325
2024-08-13 12:00:00,23.7666666666667,0.428,35.2666666666667,2076.84333333333,23.4475
2024-08-13 12:15:00,24.1,0.426,35.6,2076.99,23.64
2024-08-13 12:30:00,24.4333333333333,0.419666666666667,33.6333333333333,2075.24,24.41
2024-08-13 12:45:00,24.8666666666667,0.414333333333333,31.6,2073.33,24.6
2024-08-13 13:00:00,25.1,0.3865,30.15,2071.485,24.745
2024-08-13 13:15:00,25.8,0.377,29.1,2069.525,25.7575
2024-08-13 13:30:00,26,0.367,28.4333333333333,2069.31,26.6475
2024-08-13 13:45:00,26.5,0.357666666666667,28,2068.19,28.0733333333333
2024-08-13 14:00:00,26.4,0.341,28.9,2068.28,31.71
2024-08-13 14:15:00,27.08,0.3416,32.1,2070.286,32.0466666666667
2024-08-13 14:30:00,27.6333333333333,0.354,34.4666666666667,2071.5,34.6125
2024-08-13 14:45:00,27.475,0.3385,36.225,2073.3275,32.028
2024-08-13 15:00:00,27.95,0.3365,37.35,2073.305,36.4875
2024-08-13 15:15:00,28.2,0.339666666666667,38.1333333333333,2073.46333333333,33.2966666666667
2024-08-13 15:30:00,27.95,0.33375,38.75,2072.9125,33.14
2024-08-13 15:45:00,29.05,0.3235,39.1,2072.83,35.79
2024-08-13 16:00:00,29.1666666666667,0.310666666666667,38.9333333333333,2073.00333333333,35.7966666666667
2024-08-13 16:15:00,28.7,0.3205,38.65,2072.1575,33.6525
2024-08-13 16:30:00,28.2,0.328,37.9,2070.58,32.615
2024-08-13 16:45:00,28.5666666666667,0.330333333333333,37.2333333333333,2070.72333333333,34.4733333333333
2024-08-13 17:00:00,28.8,0.326,36.8,2070.38,34.0175
2024-08-13 17:15:00,28.4,0.322,35.25,2068.735,33.302
2024-08-13 17:30:00,28.5,0.329,33.85,2066.97,32.5
2024-08-13 17:45:00,28.4,0.326333333333333,32.9666666666667,2066.66333333333,32.418
2024-08-13 18:00:00,28.15,0.3415,31.65,2066.32,31.175
2024-08-13 18:15:00,27.95,0.33325,30.5,2064.9925,30.59
2024-08-13 18:30:00,27.8,0.34075,29.7,2063.8125,27.9333333333333
2024-08-13 18:45:00,27.35,0.34575,28.95,2063.22,27.78
2024-08-13 19:00:00,26.8,0.355,28.3333333333333,2062.64333333333,27.62
2024-08-13 19:15:00,25.9666666666667,0.368,27.6333333333333,2062.14666666667,23.9075
2024-08-13 19:30:00,25,0.382,27,2060.51,22.4733333333333
2024-08-13 19:45:00,23.875,0.41,26.45,2061.1525,21.23
2024-08-13 20:00:00,22.425,0.4395,25.9,2061.155,20.16
2024-08-13 20:15:00,21,0.487,25.3,2059.51,18.7633333333333
2024-08-13 20:30:00,19.8333333333333,0.517,24.7,2059.89,17.878
2024-08-13 20:45:00,19,0.55575,24.125,2059.4,17.0525
2024-08-13 21:00:00,18.25,0.583,23.6,2058.635,16.466
2024-08-13 21:15:00,17.8,0.59,23.1,2057.77,16.17
2024-08-13 21:30:00,17.5,0.603,22.7333333333333,2058.58666666667,15.915
2024-08-13 21:45:00,17.2,0.626,22.4,2059.01,15.506
2024-08-13 22:00:00,16.8,0.63975,21.975,2058.2025,15.2425
2024-08-13 22:15:00,16.25,0.6615,21.6,2057.43,14.4475
2024-08-13 22:30:00,15.925,0.682,21.3,2058.18,14.3054166666667
2024-08-13 22:45:00,15.6,0.7025,21,2058.93,14.1633333333333
2024-08-13 23:00:00,15.2666666666667,0.721333333333333,20.7,2057.48333333333,13.89
2024-08-13 23:15:00,14.9,0.736,20.4,2056.62,13.5425
2024-08-13 23:30:00,15.1,0.7275,20.175,2057.6,13.7625
2024-08-13 23:45:00,14.9,0.729,19.95,2057.405,13.6375
2024-08-14 00:00:00,14.65,0.737,19.7,2056.89,13.1766666666667
2024-08-14 00:15:00,14.1666666666667,0.764333333333333,19.4666666666667,2057.30333333333,12.8566666666667
2024-08-14 00:30:00,13.85,0.771,19.2,2057.05,12.6525
2024-08-14 00:45:00,13.8,0.7685,19,2057.345,12.566
2024-08-14 01:00:00,13.5,0.776,18.7333333333333,2057.22333333333,12.228
2024-08-14 01:15:00,13.5,0.7775,18.5,2057.03,12.3
2024-08-14 01:30:00,13.4,0.7835,18.35,2057.095,12.13
2024-08-14 01:45:00,13.2,0.793,18.2,2057.56,11.9825
2024-08-14 02:00:00,13.1,0.797,18,2056.85,11.7933333333333
2024-08-14 02:15:00,12.8,0.808,17.8,2058.13,11.29
2024-08-14 02:30:00,12.7,0.812,17.625,2057.9075,11.317
2024-08-14 02:45:00,12.6,0.816,17.45,2057.685,11.344
2024-08-14 03:00:00,12.6,0.8125,17.3,2058.675,11.37
2024-08-14 03:15:00,12.6,0.813,17.2,2058.205,11.47
2024-08-14 03:30:00,12.6,0.81375,17.075,2058.355,11.42
2024-08-14 03:45:00,12.2,0.826,16.9,2058.27,10.71
2024-08-14 04:00:00,11.4,0.845,16.7,2057.16,10.0066666666667
2024-08-14 04:15:00,10.8333333333333,0.862666666666667,16.5,2057.65,9.4075
2024-08-14 04:30:00,10.2,0.876,16.3,2057.87,9.11
2024-08-14 04:45:00,9.7,0.893666666666667,16.0666666666667,2057.83,8.755
2024-08-14 05:00:00,9.6,0.9,15.9,2058.47,8.71
2024-08-14 05:15:00,9.45,0.9105,15.7,2057.955,8.78333333333333
2024-08-14 05:30:00,9.6,0.914,15.5,2057.565,8.98
2024-08-14 05:45:00,9.25,0.9045,15.4,2057.43,8.242
2024-08-14 06:00:00,9.1,0.914,15.2333333333333,2057.97666666667,8.33
2024-08-14 06:15:00,9.3,0.92,15.1,2058.09,8.522
2024-08-14 06:30:00,9.4,0.925333333333334,15.1,2057.53,8.946
2024-08-14 06:45:00,9.9,0.927,15.1,2057.09,9.344
2024-08-14 07:00:00,10.95,0.929,15.2,2057.53,10.285
2024-08-14 07:15:00,12.15,0.928,15.425,2057.43,11.5625
2024-08-14 07:30:00,14.75,0.7955,15.8,2058.12,13.544
2024-08-14 07:45:00,16.24,0.736,16.26,2058.208,15.0225
2024-08-14 08:00:00,17.1333333333333,0.694,17.1,2058.74666666667,16.04
2024-08-14 08:15:00,17.8,0.673,17.3333333333333,2059.16,16.6425
2024-08-14 08:30:00,18.3666666666667,0.644333333333333,17.6,2057.81666666667,17.485
2024-08-14 08:45:00,19.1666666666667,0.625333333333333,17.9,2058.86666666667,17.8125
2024-08-14 09:00:00,19.7,0.581666666666667,18.4,2058.42666666667,18.724
2024-08-14 09:15:00,20.4,0.5675,19.05,2056.765,19.505
2024-08-14 09:30:00,21.125,0.5365,21.775,2058.62,20.2
2024-08-14 09:45:00,21.55,0.535,24.35,2059.06,20.146
2024-08-14 10:00:00,22,0.532,26.5,2059.77,20.85
2024-08-14 10:15:00,22.4,0.509,28,2061.39,21.24
2024-08-14 10:30:00,22.75,0.4935,29.625,2062.0725,22.0316666666666
2024-08-14 10:45:00,23.1,0.478,31.25,2062.755,22.8233333333333
2024-08-14 11:00:00,23.7,0.467,32.45,2063.43,22.7475
2024-08-14 11:15:00,24.2,0.4585,33.85,2063.15,23.665
2024-08-14 11:30:00,24.475,0.45475,34.825,2063.4775,24.04625
2024-08-14 11:45:00,24.75,0.451,35.8,2063.805,24.4275
2024-08-14 12:00:00,25.2666666666667,0.436666666666667,36.6666666666667,2064.13,25.2925
2024-08-14 12:15:00,25.425,0.44125,37.05,2064.69,25.245
2024-08-14 12:30:00,25.7666666666667,0.420666666666667,35.4,2065.70333333333,24.668
2024-08-14 12:45:00,26.2333333333333,0.407666666666667,32.8,2068.24333333333,26.195
2024-08-14 13:00:00,26.5666666666667,0.413666666666667,30.7,2075.63,26.692
2024-08-14 13:15:00,26.3,0.423,29.2,2078.695,26.4525
2024-08-14 13:30:00,27.22,0.381,27.66,2087.012,28.0625
2024-08-14 13:45:00,27.18,0.392,26.54,2104.442,29.23
2024-08-14 14:00:00,27.9333333333333,0.381333333333333,27,2125.28333333333,34.666
2024-08-14 14:15:00,28.35,0.3705,28.9,2201.86,35.396
2024-08-14 14:30:00,29.2,0.351333333333333,30.2666666666667,2338.61333333333,35.715
2024-08-14 14:45:00,29.2666666666667,0.35,30.6333333333333,2381.63,38.5925
2024-08-14 15:00:00,29.4,0.351,30.9,2412.575,36.7566666666667
2024-08-14 15:15:00,29.4,0.364,31,2433.4,35.182
2024-08-14 15:30:00,29.7,0.341333333333333,31.0333333333333,2445.24333333334,36.74975
2024-08-14 15:45:00,30,0.318666666666667,31.0666666666667,2457.08666666667,38.3175
2024-08-14 16:00:00,30.35,0.3105,30.95,2462.505,37.078
2024-08-14 16:15:00,30.3,0.315,30.8,2465.71,35.6175
2024-08-14 16:30:00,30.35,0.313166666666666,30.4666666666666,2468.465,36.04375
2024-08-14 16:45:00,30.4,0.311333333333333,30.1333333333333,2471.22,36.47
2024-08-14 17:00:00,30.45,0.3135,29.65,2472.79,35.865
2024-08-14 17:15:00,30.45,0.3265,28.2,2474.75,34.7733333333333
2024-08-14 17:30:00,30.6,0.3195,27.175,2477.2775,36.6525
2024-08-14 17:45:00,30.6,0.313,26.4,2479.03,35.415
2024-08-14 18:00:00,31.18,0.305,25.84,2481.176,34.34
2024-08-14 18:15:00,30.55,0.313,25.35,2483.03,33.9375
2024-08-14 18:30:00,30.2,0.312,24.8,2484.57,30.42
2024-08-14 18:45:00,29.2666666666667,0.356,24.2666666666667,2486.9,30.4
2024-08-14 19:00:00,28.3333333333333,0.394,23.9,2488.97333333333,31.1733333333333
2024-08-14 19:15:00,27.55,0.4025,23.6,2490.01,26.5
2024-08-14 19:30:00,26.55,0.4175,23.3,2492.36,22.825
2024-08-14 19:45:00,24.2,0.4595,22.9,2493.86,21.156
2024-08-14 20:00:00,22.5333333333333,0.482333333333333,22.5333333333333,2496.22666666667,19.8233333333333
2024-08-14 20:15:00,21.15,0.527,22,2498.75,18.436
2024-08-14 20:30:00,18.95,0.606,21.4,2501.49,16.5975
2024-08-14 20:45:00,17.75,0.669,20.9,2502.8075,15.92
2024-08-14 21:00:00,16.4,0.695,20.4,2504.37,15.0175
2024-08-14 21:15:00,15.9,0.682,20.1,2504.3,15.3033333333333
2024-08-14 21:30:00,16.3666666666667,0.652666666666667,19.6666666666667,2506.08,15.39
2024-08-14 21:45:00,16.225,0.65625,19.325,2506.6075,15.354
2024-08-14 22:00:00,16.2,0.644,18.95,2507.655,15.39
2024-08-14 22:15:00,16.1333333333333,0.645666666666667,18.6333333333333,2509.11333333333,15.2675
2024-08-14 22:30:00,16,0.661,18.3,2508.965,15.1233333333333
2024-08-14 22:45:00,15.8833333333334,0.667833333333333,18.05,2510.31083333333,14.9856666666666
2024-08-14 23:00:00,15.7666666666667,0.674666666666667,17.8,2511.65666666667,14.848
2024-08-14 23:15:00,15.6666666666667,0.684,17.6,2511.61333333333,14.775
2024-08-14 23:30:00,15.5,0.689,17.4,2512.42,14.675
2024-08-14 23:45:00,15.5,0.6884,17.22,2513.436,14.6875
2024-08-15 00:00:00,15.4,0.689,17.0666666666667,2514.01666666667,14.5175
2024-08-15 00:15:00,15.3,0.692,16.9,2515.425,14.4666666666667
2024-08-15 00:30:00,15.2,0.7035,16.8,2515.705,14.1525
2024-08-15 00:45:00,14.8,0.722,16.675,2516.4575,13.8925
2024-08-15 01:00:00,14.6,0.743,16.5,2516.69666666667,13.6733333333333
2024-08-15 01:15:00,14.32,0.7508,16.4,2517.634,13.13
2024-08-15 01:30:00,14.3333333333333,0.752666666666667,16.3,2518.19666666667,13.575
2024-08-15 01:45:00,14.35,0.7545,16.2,2518.575,13.045
2024-08-15 02:00:00,13.45,0.7935,16.05,2518.865,11.968
2024-08-15 02:15:00,12.2666666666667,0.834,15.8666666666667,2519.54,11.07
2024-08-15 02:30:00,11.9,0.859,15.7,2520.895,11.12
2024-08-15 02:45:00,11.8,0.866333333333333,15.5666666666667,2520.98666666667,11.358
2024-08-15 03:00:00,12.2,0.855333333333333,15.4,2521.35666666667,11.45
2024-08-15 03:15:00,11.8,0.8525,15.3,2522.485,10.6975
2024-08-15 03:30:00,11.4,0.8705,15.2,2522.595,10.756
2024-08-15 03:45:00,11.5,0.86975,15.025,2522.735,10.735
2024-08-15 04:00:00,11.3,0.876,14.9333333333333,2524.07666666667,10.66
2024-08-15 04:15:00,11,0.87025,14.825,2524.5825,10.205
2024-08-15 04:30:00,10.7666666666667,0.878,14.7,2525.27333333333,9.90666666666667
2024-08-15 04:45:00,10.35,0.8835,14.6,2525.39,9.5525
2024-08-15 05:00:00,10.3666666666667,0.907,14.4666666666667,2525.94333333333,9.874
2024-08-15 05:15:00,10.6,0.905,14.3666666666667,2527.01333333333,10.0566666666667
2024-08-15 05:30:00,11.05,0.9045,14.3,2527.3575,10.732
2024-08-15 05:45:00,11.475,0.88675,14.2,2527.925,11.0525
2024-08-15 06:00:00,11.6,0.873333333333333,14.2,2528.50333333333,11.0366666666667
2024-08-15 06:15:00,11.475,0.86975,14.175,2529.58,10.54
2024-08-15 06:30:00,11.3333333333333,0.879,14.1,2528.33333333333,10.695
2024-08-15 06:45:00,11.5,0.883,14.2,2522.68,10.8825
2024-08-15 07:00:00,12.1,0.89,14.3,2518.155,11.844
2024-08-15 07:15:00,14.8,0.841333333333333,14.5333333333333,2514.1,13.92
2024-08-15 07:30:00,16.65,0.791,14.95,2511.325,15.476
2024-08-15 07:45:00,18.375,0.73925,15.5,2507.74,16.672
2024-08-15 08:00:00,19.85,0.6835,16.35,2505.86,17.97
2024-08-15 08:15:00,20.9,0.6225,16.675,2502.9775,18.85
2024-08-15 08:30:00,20.7,0.622,17,2499.71,18.4325
2024-08-15 08:45:00,20.08,0.6762,17.36,2498.33,18.38
2024-08-15 09:00:00,20.2,0.666,17.7,2495.73333333333,19.7675
2024-08-15 09:15:00,21.7,0.595,18.65,2492.8875,21.12
2024-08-15 09:30:00,21.6666666666667,0.594333333333333,19.7,2489.91666666667,20.624
2024-08-15 09:45:00,21.3666666666667,0.615,19.9333333333333,2487.11333333333,21.084
2024-08-15 10:00:00,21.1,0.628,20.4,2484.82,20.41
2024-08-15 10:15:00,21,0.6315,20.325,2481.8,20.616
2024-08-15 10:30:00,21.35,0.61375,20.3,2479.795,20.904
2024-08-15 10:45:00,21.9333333333333,0.583333333333333,20.7666666666667,2477.36333333333,21.624
2024-08-15 11:00:00,22.4,0.588,21.5,2475.56333333333,22.412
2024-08-15 11:15:00,22.45,0.566,21.5,2473.335,22.92
2024-08-15 11:30:00,24.38,0.521,22.9,2469.608,25.415
2024-08-15 11:45:00,24.6,0.521333333333333,24.9666666666667,2466.95,23.2025
2024-08-15 12:00:00,23.075,0.55125,23.7,2464.025,22.7975
2024-08-15 12:15:00,22.9,0.5624,22.7,2461.98,22.905
2024-08-15 12:30:00,22.8,0.558,22.3,2460.645,22.5275
2024-08-15 12:45:00,23.4666666666667,0.544333333333333,22.4333333333333,2457.52333333333,23.4975
2024-08-15 13:00:00,24.45,0.5295,22.925,2455.875,24.764
2024-08-15 13:15:00,25.4,0.496333333333333,23.5,2453.98,25.9633333333333
2024-08-15 13:30:00,25.15,0.4825,23.6,2452.415,25.15
2024-08-15 13:45:00,25.0333333333333,0.502666666666667,23.8,2449.83666666667,25.76
2024-08-15 14:00:00,26.65,0.48925,24.45,2447.185,32.385
2024-08-15 14:15:00,26.8,0.457333333333333,26.7333333333333,2444.43333333333,28.8166666666667
2024-08-15 14:30:00,27.75,0.4305,27.45,2440.175,34.805
2024-08-15 14:45:00,28.975,0.4175,28.675,2437.495,35.21
2024-08-15 15:00:00,29.1,0.39875,29.15,2432.91,35.384
2024-08-15 15:15:00,28.9333333333333,0.417,29.1666666666667,2428.89666666667,32.386
2024-08-15 15:30:00,29.12,0.3918,28.98,2424.936,36.3175
2024-08-15 15:45:00,29.675,0.377,29.2,2421.4225,34.0025
2024-08-15 16:00:00,29.25,0.386,28.8,2417.235,33.635
2024-08-15 16:15:00,29.94,0.382,28.52,2413.448,35.4525
2024-08-15 16:30:00,29.775,0.385,28.4,2409.785,34.2966666666667
2024-08-15 16:45:00,29.35,0.39925,27.925,2405.6,33.4575
2024-08-15 17:00:00,29.5666666666667,0.394,27.1333333333333,2401.66333333333,33.91
2024-08-15 17:15:00,29.4666666666667,0.376333333333333,26.0333333333333,2398.01333333333,32.1625
2024-08-15 17:30:00,29.6,0.368,25.4,2395.02,32.804
2024-08-15 17:45:00,30,0.3445,25.025,2391.2425,33.238
2024-08-15 18:00:00,30.3,0.334333333333333,24.7,2387.59,33.324
2024-08-15 18:15:00,30,0.336,24.4,2384.78,31.526
2024-08-15 18:30:00,28.26,0.3714,24.06,2382.652,27.602
2024-08-15 18:45:00,28.38,0.3847,23.98,2380.601,27.716
2024-08-15 19:00:00,28.5,0.398,23.9,2378.55,27.83
2024-08-15 19:15:00,26.4666666666667,0.445666666666667,23.4333333333333,2377.61666666667,25.0325
2024-08-15 19:30:00,26.05,0.4375,23.025,2376.1825,23.9975
2024-08-15 19:45:00,25.1,0.473,22.8,2375.27,23.0575
2024-08-15 20:00:00,23.95,0.513,22.6,2374.3275,22.03
2024-08-15 20:15:00,22.925,0.57525,22.4,2374.045,20.79
2024-08-15 20:30:00,21.7333333333333,0.623333333333333,22.1,2373.2,19.8675
2024-08-15 20:45:00,20.8,0.669,21.8,2372.295,19.7125
2024-08-15 21:00:00,21,0.650666666666667,21.5666666666667,2372.39,20.146
2024-08-15 21:15:00,20.675,0.6715,21.2,2372.13,18.81
2024-08-15 21:30:00,18.95,0.7325,20.85,2371.045,17.202
2024-08-15 21:45:00,17.6,0.78375,20.6,2370.705,16.395
2024-08-15 22:00:00,16.9333333333333,0.815,20.4,2370.07666666667,16.31
2024-08-15 22:15:00,16.8,0.82875,20.3,2370.44,16.385
2024-08-15 22:30:00,16.8333333333333,0.830333333333333,20.1666666666667,2370.25333333333,16.35
2024-08-15 22:45:00,16.9,0.826,20,2369.782,16.2775
2024-08-15 23:00:00,16.7,0.828,19.9,2369.89333333333,16.06
2024-08-15 23:15:00,16.7,0.822,19.8,2369.62,16.1466666666667
2024-08-15 23:30:00,16.8,0.823,19.6,2369.76,15.954
2024-08-15 23:45:00,16.6,0.8165,19.5,2369.89,15.908
