Timestamp,Air Temperature (OW),Relative Humidity (OW),Solar Radiation (OW),Wind Speed (OW),Berry Temperature
2024-07-16 00:00:00,20.3888888888889,45.1,0,3.2,15.05
2024-07-16 00:15:00,20.6111111111111,46.4,0,3.8,14.83
2024-07-16 00:30:00,20.5,44.8,0,3.6,14.575
2024-07-16 00:45:00,20.4444444444444,44,0,3.9,14.32
2024-07-16 01:00:00,20.1111111111111,43.8,0,3.4,14.065
2024-07-16 01:15:00,19.9444444444444,42.9,0,3.5,13.81
2024-07-16 01:30:00,19.5,42.8,0,3.5,13.5
2024-07-16 01:45:00,19.5,41.4,0,3.5,13.19
2024-07-16 02:00:00,19.1666666666667,43.4,0,3.3,12.645
2024-07-16 02:15:00,18.6666666666667,45.7,0,3.2,12.1
2024-07-16 02:30:00,18.1666666666667,47.4,0,3.6,12.00625
2024-07-16 02:45:00,17.4444444444444,50.1,0,4.2,11.9125
2024-07-16 03:00:00,17.6666666666667,48.9,0,4.2,11.81875
2024-07-16 03:15:00,17.2777777777778,50,0,3.6,11.725
2024-07-16 03:30:00,16.8333333333333,51.9,0,3.5,11.63125
2024-07-16 03:45:00,17.0555555555556,50.1,0,3.9,11.5375
2024-07-16 04:00:00,17.0555555555556,49.6,0,3.8,11.44375
2024-07-16 04:15:00,16.5555555555556,51.6,0,4,11.35
2024-07-16 04:30:00,16.6666666666667,50.5,0,4,11.6128571428571
2024-07-16 04:45:00,16.3888888888889,51.7,0,4,11.8757142857143
2024-07-16 05:00:00,15.3888888888889,56.7,0,3.2,12.1385714285714
2024-07-16 05:15:00,15.2777777777778,55.8,0,4.4,12.4014285714286
2024-07-16 05:30:00,14.8333333333333,57.2,4,3.8,12.6642857142857
2024-07-16 05:45:00,14.8333333333333,58.1,14,4.5,12.9271428571429
2024-07-16 06:00:00,15.2777777777778,56.8,29,3.3,13.19
2024-07-16 06:15:00,15.7222222222222,57.5,42,3.1,13.8666666666667
2024-07-16 06:30:00,16.2777777777778,57.6,45,2.9,14.5433333333333
2024-07-16 06:45:00,17.5,55.8,123,2.2,15.22
2024-07-16 07:00:00,19.6111111111111,55.9,152,1.6,16.88
2024-07-16 07:15:00,21.7222222222222,51.9,191,0.8,18.54
2024-07-16 07:30:00,23.4444444444444,41.9,229,1.8,19.728
2024-07-16 07:45:00,24.1111111111111,43.5,265,1.1,20.916
2024-07-16 08:00:00,24.5555555555556,42,285,2,22.104
2024-07-16 08:15:00,24.5,42.6,329,2.3,23.292
2024-07-16 08:30:00,24.7777777777778,42.9,386,2.4,24.48
2024-07-16 08:45:00,25.5,39.1,426,2.3,25.0166666666667
2024-07-16 09:00:00,26.0555555555556,35.8,465,2.9,25.5533333333333
2024-07-16 09:15:00,26.5,37.1,489,3,26.09
2024-07-16 09:30:00,26.7222222222222,34.9,472,3.5,26.6442857142857
2024-07-16 09:45:00,27.0555555555556,34.4,562,3.2,27.1985714285714
2024-07-16 10:00:00,27.6111111111111,35.7,607,3,27.7528571428571
2024-07-16 10:15:00,27.7222222222222,37.7,638,3.2,28.3071428571429
2024-07-16 10:30:00,28.3888888888889,36.6,671,2.5,28.8614285714286
2024-07-16 10:45:00,29.2222222222222,34.8,701,2.6,29.4157142857143
2024-07-16 11:00:00,29.8333333333333,31.7,730,2.8,29.97
2024-07-16 11:15:00,30.1111111111111,31.8,754,3.1,30.5675
2024-07-16 11:30:00,30.1666666666667,31.7,774,4.4,31.165
2024-07-16 11:45:00,30.8333333333333,31.6,790,4.4,31.7625
2024-07-16 12:00:00,31.5,30.4,806,3.5,32.36
2024-07-16 12:15:00,31.6666666666667,31.6,820,4.1,32.754
2024-07-16 12:30:00,32.0555555555556,31.1,830,4.3,33.148
2024-07-16 12:45:00,31.9444444444444,31.5,838,4.1,33.542
2024-07-16 13:00:00,32.6111111111111,30.5,781,4.6,33.936
2024-07-16 13:15:00,33,27.6,794,3.4,34.33
2024-07-16 13:30:00,33.7777777777778,24.2,844,3,35.6533333333333
2024-07-16 13:45:00,34.2777777777778,20.6,839,2.2,36.9766666666667
2024-07-16 14:00:00,34.7222222222222,20.9,801,2.6,38.3
2024-07-16 14:15:00,35,22.9,753,2.5,39.6233333333333
2024-07-16 14:30:00,35,22.8,689,3.2,40.9466666666667
2024-07-16 14:45:00,35.0555555555556,22.5,670,3.2,42.27
2024-07-16 15:00:00,35.3888888888889,19.8,705,3.2,41.9775
2024-07-16 15:15:00,35.7777777777778,17.7,716,2.9,41.685
2024-07-16 15:30:00,36,16.4,717,2.2,41.3925
2024-07-16 15:45:00,35.8333333333333,18.2,705,3.7,41.1
2024-07-16 16:00:00,35.8888888888889,17.6,676,2.6,41.85
2024-07-16 16:15:00,36.2777777777778,17.6,646,2.7,42.6
2024-07-16 16:30:00,36.2777777777778,18.1,613,2.8,41.6575
2024-07-16 16:45:00,36.4444444444444,17.4,578,2.2,40.715
2024-07-16 17:00:00,36.2777777777778,17.7,543,2.7,39.7725
2024-07-16 17:15:00,36.3333333333333,19.2,511,3.4,38.83
2024-07-16 17:30:00,36.2777777777778,18.3,461,3.9,38.78
2024-07-16 17:45:00,35.9444444444444,20.8,426,3.8,38.725
2024-07-16 18:00:00,35.7777777777778,22.2,383,3.1,38.67
2024-07-16 18:15:00,35.8333333333333,20.5,339,2.6,38.615
2024-07-16 18:30:00,35.6111111111111,21.4,297,2.1,38.56
2024-07-16 18:45:00,35.1111111111111,26.1,256,1.3,38.505
2024-07-16 19:00:00,34.6111111111111,25.8,216,2.2,38.45
2024-07-16 19:15:00,33.7777777777778,31.5,178,2.3,33.425
2024-07-16 19:30:00,33.0555555555556,35.2,143,2,28.4
2024-07-16 19:45:00,31.2777777777778,40.2,109,2.1,26.485
2024-07-16 20:00:00,30.2222222222222,40.2,79,2.4,24.57
2024-07-16 20:15:00,29.8333333333333,36.3,53,2.8,24.12
2024-07-16 20:30:00,27.6666666666667,39,28,3.2,23.18
2024-07-16 20:45:00,26.6111111111111,38.5,9,3.8,22.24
2024-07-16 21:00:00,27.3333333333333,31.3,3,5.6,22.59
2024-07-16 21:15:00,27,31,0,5.8,22.9225
2024-07-16 21:30:00,26.7777777777778,31.3,0,6.4,23.255
2024-07-16 21:45:00,26.6666666666667,31.9,0,6.3,23.5875
2024-07-16 22:00:00,26.6111111111111,32.7,0,6.2,23.92
2024-07-16 22:15:00,26.4444444444444,33.6,0,5.3,23.8025
2024-07-16 22:30:00,26.5555555555556,32.9,0,5.6,23.685
2024-07-16 22:45:00,26.6666666666667,32.4,0,5.3,23.5675
2024-07-16 23:00:00,26.5555555555556,31.9,0,5.3,23.45
2024-07-16 23:15:00,26.0555555555556,32,0,4.5,21.74
2024-07-16 23:30:00,25.2777777777778,33.4,0,4.4,21.61
2024-07-16 23:45:00,25.7777777777778,31.1,0,3.8,21.48
2024-07-17 00:00:00,25.1666666666667,32.4,0,4.6,21.35
2024-07-17 00:15:00,25.6666666666667,31.4,0,4.3,21.29
2024-07-17 00:30:00,25.8888888888889,30.4,0,3.4,20.99
2024-07-17 00:45:00,24.7222222222222,32.9,0,2.9,20.292
2024-07-17 01:00:00,23.1111111111111,36.6,0,3.4,19.594
2024-07-17 01:15:00,22.8333333333333,35.8,0,2.8,18.896
2024-07-17 01:30:00,22.2222222222222,36.2,0,3.1,18.198
2024-07-17 01:45:00,21.5,38,0,3.2,17.5
2024-07-17 02:00:00,21.9444444444444,36.5,0,3.7,18.285
2024-07-17 02:15:00,22,37.5,0,3.9,19.07
2024-07-17 02:30:00,21.8888888888889,38.2,0,4.1,18.65
2024-07-17 02:45:00,22.5555555555556,35.7,0,4.7,17.555
2024-07-17 03:00:00,22,37.3,0,3.1,16.46
2024-07-17 03:15:00,21.8333333333333,38.6,0,3.2,17.035
2024-07-17 03:30:00,23.8333333333333,34,0,3.5,17.61
2024-07-17 03:45:00,22.6111111111111,37.2,0,2.4,17.12
2024-07-17 04:00:00,22.4444444444444,39.7,0,3.1,17.97
2024-07-17 04:15:00,23.1111111111111,38.2,0,4,18.06
2024-07-17 04:30:00,22.8888888888889,38.7,0,2.8,18.15
2024-07-17 04:45:00,23.2222222222222,36.7,0,3.8,18.07
2024-07-17 05:00:00,22.5,39.5,0,2.7,18.4828571428571
2024-07-17 05:15:00,21.7222222222222,42.5,0,1.8,18.8957142857143
2024-07-17 05:30:00,21.6666666666667,43.9,3,3.1,19.3085714285714
2024-07-17 05:45:00,21.6111111111111,45.6,4,1.9,19.7214285714286
2024-07-17 06:00:00,21.5,47.1,4,5.7,20.1342857142857
2024-07-17 06:15:00,22.2777777777778,44.4,14,4.3,20.5471428571429
2024-07-17 06:30:00,22.3333333333333,44.2,52,4.6,20.96
2024-07-17 06:45:00,23.7777777777778,39.9,49,4.9,22.3166666666667
2024-07-17 07:00:00,25.3888888888889,35.1,32,4.4,23.6733333333333
2024-07-17 07:15:00,26.4444444444444,32.8,23,4.9,25.03
2024-07-17 07:30:00,27.1666666666667,32.3,37,5.8,25.4725
2024-07-17 07:45:00,28.1666666666667,31.2,32,7.3,25.915
2024-07-17 08:00:00,28.6111111111111,31.1,52,7.9,26.3575
2024-07-17 08:15:00,29.3888888888889,29.6,78,8,26.8
2024-07-17 08:30:00,30.2777777777778,27.8,109,6,27.2425
2024-07-17 08:45:00,29.8888888888889,30,183,5.7,27.685
2024-07-17 09:00:00,27.8888888888889,36.6,190,7.4,28.1275
2024-07-17 09:15:00,26.2777777777778,42.3,216,5.8,28.57
2024-07-17 09:30:00,26.5555555555556,43.6,319,6.1,29.0125
2024-07-17 09:45:00,27.6666666666667,43.5,628,5.5,29.455
2024-07-17 10:00:00,29,40.9,590,2.5,29.8975
2024-07-17 10:15:00,30.0555555555556,40.1,640,2.8,30.34
2024-07-17 10:30:00,30.7777777777778,39.7,652,3.4,30.7825
2024-07-17 10:45:00,31.0555555555556,36.5,674,3.3,31.225
2024-07-17 11:00:00,31.7222222222222,33.9,739,2.7,31.6675
2024-07-17 11:15:00,31.7222222222222,34.5,602,3.4,32.11
2024-07-17 11:30:00,31.2777777777778,36.2,749,4.4,32.5525
2024-07-17 11:45:00,31.7222222222222,33.8,806,4.1,32.995
2024-07-17 12:00:00,32.2777777777778,31.8,639,3.5,33.4375
2024-07-17 12:15:00,32.7777777777778,31.3,812,4.4,33.88
2024-07-17 12:30:00,33.1666666666667,31,799,3.9,34.055
2024-07-17 12:45:00,33.5,29.4,803,4.2,34.23
2024-07-17 13:00:00,33.8333333333333,26.8,746,3.1,34.405
2024-07-17 13:15:00,34.5,24.8,758,2.7,34.58
2024-07-17 13:30:00,35.3333333333333,24.3,803,4,34.755
2024-07-17 13:45:00,35.6111111111111,24.6,804,3.6,34.93
2024-07-17 14:00:00,35.8333333333333,25.5,690,3.5,36.2966666666667
2024-07-17 14:15:00,35.5555555555556,27.5,613,5.4,37.6633333333333
2024-07-17 14:30:00,35.6666666666667,29,626,4.6,39.03
2024-07-17 14:45:00,35.3888888888889,30.1,561,4.6,36.415
2024-07-17 15:00:00,34.8888888888889,30.4,366,5.3,33.8
2024-07-17 15:15:00,33.9444444444444,32.6,377,5.2,34.38
2024-07-17 15:30:00,34.6111111111111,29.5,606,5.3,35.33
2024-07-17 15:45:00,35.5555555555556,29,641,6.2,36.8
2024-07-17 16:00:00,35.9444444444444,28.9,654,5.5,38.27
2024-07-17 16:15:00,36.5555555555556,26,662,6.7,39.03
2024-07-17 16:30:00,36.2222222222222,22.8,429,8.8,36.2466666666667
2024-07-17 16:45:00,35,22.2,105,8.3,33.4633333333333
2024-07-17 17:00:00,34,22.2,95,6.6,30.68
2024-07-17 17:15:00,33.5,23.4,179,6.8,31.56
2024-07-17 17:30:00,32.6111111111111,27.6,223,8.9,32.44
2024-07-17 17:45:00,32.7222222222222,27.2,66,8.1,30.87
2024-07-17 18:00:00,29.1666666666667,39.7,37,7,20.47
2024-07-17 18:15:00,27.6111111111111,43.4,144,5.7,23.48
2024-07-17 18:30:00,27.8888888888889,46.2,337,4.8,26.325
2024-07-17 18:45:00,29.2777777777778,43.6,292,8,29.17
2024-07-17 19:00:00,30.6666666666667,36,231,8.7,29.55
2024-07-17 19:15:00,31,31.8,163,10,27.91
2024-07-17 19:30:00,30.5,32.7,126,6.6,27.08
2024-07-17 19:45:00,30.3888888888889,32.2,93,8.2,27.1733333333333
2024-07-17 20:00:00,30.5555555555556,30.6,65,8.9,27.2666666666667
2024-07-17 20:15:00,30.1111111111111,31.1,42,10,27.36
2024-07-17 20:30:00,30,30.3,18,11.1,27.1091666666667
2024-07-17 20:45:00,29.2222222222222,32.2,6,9.7,26.8583333333333
2024-07-17 21:00:00,28.8888888888889,32.7,1,10.5,26.6075
2024-07-17 21:15:00,29.3333333333333,31,0,10.9,26.868
2024-07-17 21:30:00,28.7222222222222,32.5,0,10.4,26.55775
2024-07-17 21:45:00,28.3333333333333,33.4,0,9.6,26.2475
2024-07-17 22:00:00,27.5555555555556,35.3,0,7.7,24.7166666666667
2024-07-17 22:15:00,27.1111111111111,35.9,0,6.7,23.1858333333333
2024-07-17 22:30:00,26.6111111111111,36.5,0,5.5,21.655
2024-07-17 22:45:00,24.6666666666667,42.6,0,2.1,20.1241666666666
2024-07-17 23:00:00,23.9444444444444,43.9,0,2.8,18.5933333333333
2024-07-17 23:15:00,22.6666666666667,48.6,0,4.5,18.5788888888889
2024-07-17 23:30:00,24.1111111111111,41.7,0,4.2,18.5644444444444
2024-07-17 23:45:00,23.1111111111111,45.1,0,4.5,18.55
2024-07-18 00:00:00,23.1666666666667,44.1,0,3.9,18.3075
2024-07-18 00:15:00,22.1666666666667,47.4,0,3.8,18.065
2024-07-18 00:30:00,21,52.6,0,2.1,16.8741666666667
2024-07-18 00:45:00,18.9444444444444,61.3,0,2.3,15.6833333333333
2024-07-18 01:00:00,18.5,62.8,0,2.6,15.8
2024-07-18 01:15:00,19.5555555555556,57.7,0,4.3,16.26
2024-07-18 01:30:00,19.5,56.6,0,3.7,16.0575
2024-07-18 01:45:00,19.6666666666667,55,0,2.8,16.06
2024-07-18 02:00:00,18,63.7,0,3.2,15.675
2024-07-18 02:15:00,20.2222222222222,53.1,0,4.5,15.29
2024-07-18 02:30:00,18.8888888888889,59.8,0,3,14.905
2024-07-18 02:45:00,17.5,67.3,0,1.7,14.52
2024-07-18 03:00:00,16.9444444444444,69,0,4.1,14.135
2024-07-18 03:15:00,16.4444444444444,71,0,3.2,14.2758333333334
2024-07-18 03:30:00,17.1111111111111,67,0,3,14.4166666666667
2024-07-18 03:45:00,16.6666666666667,68.9,0,3.1,14.186
2024-07-18 04:00:00,19.2777777777778,56.8,0,4.5,14.1168125
2024-07-18 04:15:00,19.2222222222222,57.7,0,4.6,14.047625
2024-07-18 04:30:00,18.6666666666667,59.2,0,5.2,13.9784375
2024-07-18 04:45:00,17.1666666666667,66.4,0,2.2,13.90925
2024-07-18 05:00:00,16.6666666666667,67.3,0,2.6,13.8400625
2024-07-18 05:15:00,15.9444444444444,70.7,0,2.5,13.770875
2024-07-18 05:30:00,15.5,73.3,2,3.1,13.7016875
2024-07-18 05:45:00,16.1111111111111,70.2,9,3.3,13.6325
2024-07-18 06:00:00,16.7222222222222,68.6,27,2.8,14.57625
2024-07-18 06:15:00,16.7222222222222,72.3,46,2.7,15.52
2024-07-18 06:30:00,17.8333333333333,70.5,72,1.8,16.46375
2024-07-18 06:45:00,19,68.2,93,2.2,17.4075
2024-07-18 07:00:00,19.7777777777778,69.2,120,2,18.35125
2024-07-18 07:15:00,21.7777777777778,62.1,161,2.7,19.295
2024-07-18 07:30:00,22.2777777777778,60.8,199,1.7,20.5635
2024-07-18 07:45:00,23.3333333333333,58.1,228,2.5,21.832
2024-07-18 08:00:00,23.5555555555556,56.2,245,3.6,22.57475
2024-07-18 08:15:00,23.8888888888889,54.4,306,3.6,23.3175
2024-07-18 08:30:00,24.1111111111111,55.2,357,4,23.7527777777778
2024-07-18 08:45:00,24.5,54.3,395,3.9,24.1880555555555
2024-07-18 09:00:00,24.8333333333333,52.1,430,3.8,24.6233333333333
2024-07-18 09:15:00,25.5555555555556,51.3,455,3.7,25.1075
2024-07-18 09:30:00,25.7777777777778,50,449,4.4,25.6156944444445
2024-07-18 09:45:00,26.2777777777778,48.9,535,4.6,26.1238888888889
2024-07-18 10:00:00,26.4444444444444,49.9,580,4.9,26.6320833333333
2024-07-18 10:15:00,27,48.7,613,3,27.1402777777778
2024-07-18 10:30:00,27.7777777777778,47.2,643,2.4,27.6484722222223
2024-07-18 10:45:00,28.5,45.9,670,2.8,28.1566666666667
2024-07-18 11:00:00,29.3333333333333,44.6,692,2.3,28.6411111111111
2024-07-18 11:15:00,29.7222222222222,43.9,716,3.1,29.1255555555556
2024-07-18 11:30:00,30.1666666666667,43.1,739,3.4,29.61
2024-07-18 11:45:00,30.5555555555556,40.9,758,3,30.36
2024-07-18 12:00:00,31.2222222222222,37.9,773,2.8,31.11
2024-07-18 12:15:00,32.0555555555556,37.4,788,1.9,31.5725
2024-07-18 12:30:00,32.1111111111111,37,798,2.6,31.9325
2024-07-18 12:45:00,32.6111111111111,36.9,803,2.3,32.5125
2024-07-18 13:00:00,33.1666666666667,35.9,747,2.4,32.7333333333333
2024-07-18 13:15:00,33.9444444444444,33,760,2.6,33.6961111111111
2024-07-18 13:30:00,34.7222222222222,28.7,806,2.6,34.6588888888889
2024-07-18 13:45:00,34.7777777777778,27.6,797,2.6,35.6216666666666
2024-07-18 14:00:00,34.9444444444444,27.2,762,3,36.5844444444444
2024-07-18 14:15:00,35.3333333333333,25.7,724,2.3,37.5472222222222
2024-07-18 14:30:00,35.8333333333333,24.5,668,2.9,38.51
2024-07-18 14:45:00,36.0555555555556,25.3,643,2.6,38.8975
2024-07-18 15:00:00,35.9444444444444,26.5,669,2.8,39.285
2024-07-18 15:15:00,36.0555555555556,27.1,638,2.3,39.3775
2024-07-18 15:30:00,36.4444444444444,27.3,642,3.9,39.47
2024-07-18 15:45:00,36.3888888888889,26.2,644,5.1,39.5625
2024-07-18 16:00:00,36.2222222222222,25.9,628,4.2,39.655
2024-07-18 16:15:00,36.2777777777778,25.6,591,4.7,39.7475
2024-07-18 16:30:00,36.3888888888889,24.2,560,2.6,39.84
2024-07-18 16:45:00,36.2222222222222,26.3,528,2.8,39.79625
2024-07-18 17:00:00,36.0555555555556,26.8,489,2.1,39.7525
2024-07-18 17:15:00,36,26.3,451,2.4,39.265
2024-07-18 17:30:00,36.1666666666667,25.7,419,2.1,38.7775
2024-07-18 17:45:00,35.8333333333333,28.7,374,1.5,37.722619047619
2024-07-18 18:00:00,35.5,29.6,340,2.6,36.6677380952381
2024-07-18 18:15:00,34.6666666666667,32,306,2.9,35.6128571428571
2024-07-18 18:30:00,34.5555555555556,31.5,271,2.3,34.5579761904762
2024-07-18 18:45:00,34.4444444444444,30.6,236,2.1,33.5030952380952
2024-07-18 19:00:00,34.2777777777778,29.6,201,2.7,32.4482142857143
2024-07-18 19:15:00,33.5,34.8,161,3,31.3933333333333
2024-07-18 19:30:00,32.6111111111111,38.5,125,2.4,28.035
2024-07-18 19:45:00,32.7777777777778,33.1,94,3.9,28.3391666666666
2024-07-18 20:00:00,32.2777777777778,32.1,68,5.5,28.6433333333333
2024-07-18 20:15:00,31.9444444444444,28.1,50,5.1,27.5976666666666
2024-07-18 20:30:00,31,26.3,27,4.6,26.552
2024-07-18 20:45:00,30.0555555555556,25.1,7,4.6,25.5063333333333
2024-07-18 21:00:00,28.8333333333333,25,2,3.8,24.4606666666667
2024-07-18 21:15:00,27.8888888888889,24.3,0,4.2,23.415
2024-07-18 21:30:00,27.2777777777778,24.5,0,3.7,22.246
2024-07-18 21:45:00,26.1666666666667,25.6,0,2.7,21.077
2024-07-18 22:00:00,24.6111111111111,29.4,0,1.8,19.908
2024-07-18 22:15:00,24.2777777777778,32.4,0,2.9,18.739
2024-07-18 22:30:00,25.3333333333333,31.4,0,4.3,17.57
2024-07-18 22:45:00,25.1111111111111,33.5,0,4.1,18.522
2024-07-18 23:00:00,24.8888888888889,34.4,0,3.8,19.474
2024-07-18 23:15:00,25.0555555555556,34.4,0,4,20.426
2024-07-18 23:30:00,24.2777777777778,37,0,4.1,21.378
2024-07-18 23:45:00,22.8888888888889,40.3,0,3.6,19.7853333333333
2024-07-19 00:00:00,21.7777777777778,43.2,0,2.6,18.1926666666667
2024-07-19 00:15:00,21.0555555555556,45.3,0,2.5,16.6
2024-07-19 00:30:00,19.6666666666667,51.3,0,2.4,14.9825
2024-07-19 00:45:00,20.7777777777778,48,0,3.6,15.29125
2024-07-19 01:00:00,20.3888888888889,50,0,3.8,15.6
2024-07-19 01:15:00,19.5,53.4,0,2.5,15.90875
2024-07-19 01:30:00,19.1666666666667,55,0,3,16.2175
2024-07-19 01:45:00,19.7777777777778,56.2,0,3.4,16.52625
2024-07-19 02:00:00,20.5,56,0,2.5,16.835
2024-07-19 02:15:00,20.9444444444444,57.5,0,2,15.675
2024-07-19 02:30:00,19.6666666666667,63,0,1.9,14.515
2024-07-19 02:45:00,19.5555555555556,63.7,0,2.4,14.4192
2024-07-19 03:00:00,18.5,67.9,0,2.7,14.3234
2024-07-19 03:15:00,19.0555555555556,65.2,0,3.8,14.2276
2024-07-19 03:30:00,19.2222222222222,63.9,0,3.9,14.1318
2024-07-19 03:45:00,18.8888888888889,64.2,0,2.1,14.036
2024-07-19 04:00:00,18.9444444444444,62.6,0,2.7,13.13
2024-07-19 04:15:00,18.7777777777778,63.1,0,3.2,13.375
2024-07-19 04:30:00,18.7777777777778,63.5,0,3.4,14.108
2024-07-19 04:45:00,18.5555555555556,64.5,0,3.7,13.919
2024-07-19 05:00:00,18.6666666666667,62.3,0,3.4,13.73
2024-07-19 05:15:00,17.6111111111111,66,0,1.8,13.9206666666667
2024-07-19 05:30:00,15.9444444444444,74.1,2,2.9,14.1113333333333
2024-07-19 05:45:00,16.0555555555556,73.7,9,2.8,14.302
2024-07-19 06:00:00,17.5,69.9,22,3.8,14.4926666666666
2024-07-19 06:15:00,18.4444444444444,66.9,41,4.2,14.6833333333333
2024-07-19 06:30:00,18.6666666666667,65.9,67,2,14.52
2024-07-19 06:45:00,18.7777777777778,68.1,96,0.9,15.1366666666667
2024-07-19 07:00:00,19.5,68.9,125,0.7,16.3
2024-07-19 07:15:00,20.7777777777778,64.7,164,0.8,18.03
2024-07-19 07:30:00,22.2777777777778,58.5,201,2.1,19.76
2024-07-19 07:45:00,23.3888888888889,54.8,229,3.6,21.49
2024-07-19 08:00:00,23.1666666666667,61.1,239,3.3,21.925
2024-07-19 08:15:00,23.3333333333333,56.1,290,3.8,22.36
2024-07-19 08:30:00,23.6111111111111,53.9,341,3.8,22.823
2024-07-19 08:45:00,23.8888888888889,53.8,376,3.3,23.286
2024-07-19 09:00:00,24,54.8,401,3.8,23.749
2024-07-19 09:15:00,24.0555555555556,55.8,424,4.1,24.212
2024-07-19 09:30:00,24.6111111111111,54.8,427,3.8,24.675
2024-07-19 09:45:00,25.2777777777778,53.8,510,4,25.138
2024-07-19 10:00:00,25.7777777777778,52.4,560,3.5,25.565
2024-07-19 10:15:00,26.4444444444444,50.1,594,4.4,26.15625
2024-07-19 10:30:00,26.9444444444444,49.1,633,4.7,26.7475
2024-07-19 10:45:00,27.5,47.3,665,4.9,27.47375
2024-07-19 11:00:00,28.2777777777778,44.9,693,5.1,28.2
2024-07-19 11:15:00,28.9444444444444,42.6,720,4.9,28.67
2024-07-19 11:30:00,29.6111111111111,40,742,4.7,29.131
2024-07-19 11:45:00,30.1666666666667,37.5,760,5.3,29.592
2024-07-19 12:00:00,30.8333333333333,35.2,777,4.9,30.1225
2024-07-19 12:15:00,31.4444444444444,30.3,793,5.6,30.566
2024-07-19 12:30:00,31.8888888888889,29,805,4.7,31.0095
2024-07-19 12:45:00,32.5,28,814,5,31.453
2024-07-19 13:00:00,32.7777777777778,26.7,755,5.4,31.8965
2024-07-19 13:15:00,32.7777777777778,27.6,762,5,32.34
2024-07-19 13:30:00,33.1111111111111,27.7,808,3.8,33.47125
2024-07-19 13:45:00,33.5,27.6,801,3,34.6025
2024-07-19 14:00:00,33.8333333333333,26.6,766,4.1,35.73375
2024-07-19 14:15:00,34.3888888888889,24.3,730,4.1,36.865
2024-07-19 14:30:00,34.3888888888889,20.9,674,2.6,37.8
2024-07-19 14:45:00,34.7777777777778,22.8,645,2.6,38.735
2024-07-19 15:00:00,35,22.3,669,4.3,39.67
2024-07-19 15:15:00,35.2777777777778,22.3,679,2.3,39.47
2024-07-19 15:30:00,34.6666666666667,23.8,672,2.7,39.27
2024-07-19 15:45:00,35.1666666666667,23.7,667,2.7,39.07
2024-07-19 16:00:00,35,25.3,644,3.1,38.993
2024-07-19 16:15:00,35.1111111111111,25.3,617,3.4,38.916
2024-07-19 16:30:00,35,26.4,594,2.8,38.9106666666667
2024-07-19 16:45:00,35.2777777777778,22.2,558,2.1,38.9053333333333
2024-07-19 17:00:00,35.5,23.2,520,1.8,38.9
2024-07-19 17:15:00,35.1111111111111,26,482,2.2,38.4815
2024-07-19 17:30:00,34.7777777777778,25.6,443,2.8,38.063
2024-07-19 17:45:00,34.5555555555556,25.8,405,3.2,37.6445
2024-07-19 18:00:00,34.2777777777778,25.5,366,3.8,37.226
2024-07-19 18:15:00,34,29.6,326,5.3,36.8075
2024-07-19 18:30:00,34.1666666666667,27.5,285,4.7,34.9391666666667
2024-07-19 18:45:00,34.0555555555556,27.1,246,4.1,33.0708333333333
2024-07-19 19:00:00,34.1666666666667,26.4,206,2.6,31.2025
2024-07-19 19:15:00,33.4444444444444,28.4,170,2.5,29.3341666666667
2024-07-19 19:30:00,32.8333333333333,31.3,136,2.3,27.4658333333333
2024-07-19 19:45:00,32.1666666666667,34.3,106,2.5,25.5975
2024-07-19 20:00:00,31.2777777777778,30.8,77,3.1,25.0925
2024-07-19 20:15:00,30.2222222222222,30.7,51,3.3,24.5875
2024-07-19 20:30:00,29.4444444444444,29.5,26,3.7,24.0825
2024-07-19 20:45:00,28.3333333333333,29.4,7,3.8,23.5775
2024-07-19 21:00:00,27.5555555555556,29.3,2,4.4,23.0725
2024-07-19 21:15:00,27.1666666666667,29.2,0,4.9,22.5675
2024-07-19 21:30:00,27.0555555555556,28.8,0,4.7,20.610625
2024-07-19 21:45:00,26.5,29.8,0,4.9,18.65375
2024-07-19 22:00:00,25.2222222222222,34.1,0,3.3,16.696875
2024-07-19 22:15:00,24.0555555555556,36.7,0,2.9,14.74
2024-07-19 22:30:00,24.5,35.9,0,3.6,15.023
2024-07-19 22:45:00,24.5555555555556,34.8,0,3.8,15.306
2024-07-19 23:00:00,24.0555555555556,37.4,0,3.2,15.589
2024-07-19 23:15:00,23,41.2,0,1.9,15.872
2024-07-19 23:30:00,22.6666666666667,42.2,0,3.1,15.1033333333333
2024-07-19 23:45:00,20,52.1,0,3,14.8616666666667
2024-07-20 00:00:00,20.2777777777778,50.5,0,2.1,14.62
2024-07-20 00:15:00,20.5555555555556,49.5,0,3.4,14.4625
2024-07-20 00:30:00,21.6111111111111,47,0,3.9,14.305
2024-07-20 00:45:00,21,47.9,0,3.8,15.0625
2024-07-20 01:00:00,21.2777777777778,46.7,0,4.7,15.82
2024-07-20 01:15:00,19.5,53.4,0,2.1,14.675
2024-07-20 01:30:00,17.6666666666667,60.3,0,3.7,14.06375
2024-07-20 01:45:00,17.1666666666667,61.6,0,3.5,13.4525
2024-07-20 02:00:00,16.5,64,0,2.7,13.42375
2024-07-20 02:15:00,16.5,63.8,0,3.1,13.395
2024-07-20 02:30:00,16.5,63.8,0,2.6,13.36625
2024-07-20 02:45:00,15.7777777777778,67.1,0,3.9,13.3375
2024-07-20 03:00:00,17.0555555555556,62.1,0,3.1,13.2567857142857
2024-07-20 03:15:00,15.6111111111111,68.7,0,2.5,13.1760714285714
2024-07-20 03:30:00,15.3333333333333,70.2,0,3.1,13.0953571428571
2024-07-20 03:45:00,15.8888888888889,68.4,0,3.1,13.0146428571429
2024-07-20 04:00:00,15.8333333333333,69.2,0,2.9,12.9339285714286
2024-07-20 04:15:00,15.3333333333333,71.9,0,3.6,12.8532142857143
2024-07-20 04:30:00,15.4444444444444,71,0,2.2,12.7725
2024-07-20 04:45:00,14.7222222222222,73.7,0,2.9,12.9166666666667
2024-07-20 05:00:00,14.5555555555556,75,0,2.5,12.5366666666667
2024-07-20 05:15:00,14.3888888888889,75.1,0,3.1,12.41
2024-07-20 05:30:00,14.3888888888889,75.3,2,3,12.721
2024-07-20 05:45:00,14.2777777777778,76.7,10,3,13.032
2024-07-20 06:00:00,15.1666666666667,74.2,28,3,13.2585
2024-07-20 06:15:00,15.7777777777778,75,46,2.3,13.485
2024-07-20 06:30:00,17.0555555555556,73,78,2.2,14.5911111111111
2024-07-20 06:45:00,18.1666666666667,72.5,110,1.4,15.6972222222222
2024-07-20 07:00:00,19.8888888888889,68.2,140,1.4,16.8033333333333
2024-07-20 07:15:00,21.3333333333333,65.2,178,1.1,18.2863888888889
2024-07-20 07:30:00,22.5555555555556,56.3,213,2.6,19.7694444444444
2024-07-20 07:45:00,22.8888888888889,55.8,239,3.5,21.2525
2024-07-20 08:00:00,23.1666666666667,54,256,3.4,21.87
2024-07-20 08:15:00,23.1666666666667,53.9,314,3.8,22.3922222222222
2024-07-20 08:30:00,23.5,54,360,4,22.9144444444445
2024-07-20 08:45:00,23.9444444444444,52.1,401,3.5,23.4366666666667
2024-07-20 09:00:00,24.4444444444444,51.7,445,3.5,24.155
2024-07-20 09:15:00,24.9444444444444,50.6,463,3.8,24.53
2024-07-20 09:30:00,25.1111111111111,48.7,461,4.6,24.905
2024-07-20 09:45:00,25.5,48.4,548,4,25.4266666666667
2024-07-20 10:00:00,25.8888888888889,49.3,589,3.8,25.9483333333333
2024-07-20 10:15:00,26.5555555555556,46.9,625,3.7,26.47
2024-07-20 10:30:00,27.0555555555556,45.4,657,3.4,27.10875
2024-07-20 10:45:00,27.6666666666667,43.7,686,2.8,27.7475
2024-07-20 11:00:00,28.4444444444444,42.9,712,2.6,28.38625
2024-07-20 11:15:00,29.3333333333333,40,736,2.3,29.025
2024-07-20 11:30:00,30.1111111111111,38.2,758,1.9,29.66375
2024-07-20 11:45:00,30.6111111111111,39.3,773,2.3,30.3025
2024-07-20 12:00:00,31,37.8,788,2.2,30.94125
2024-07-20 12:15:00,31.6666666666667,35.7,804,2.6,31.58
2024-07-20 12:30:00,32,34.7,816,2.8,32.21875
2024-07-20 12:45:00,32.3333333333333,33.8,822,2.9,32.8575
2024-07-20 13:00:00,32.8333333333333,33.5,761,3.9,33.422
2024-07-20 13:15:00,33.7222222222222,31.2,771,3,33.946
2024-07-20 13:30:00,33.7777777777778,31,828,3.5,34.47
2024-07-20 13:45:00,34,29.3,826,3.9,34.994
2024-07-20 14:00:00,34.1111111111111,27.9,795,4.3,36.916
2024-07-20 14:15:00,34.5555555555556,26.6,742,4.2,38.838
2024-07-20 14:30:00,34.7222222222222,27.2,682,4.9,40.76
2024-07-20 14:45:00,34.8888888888889,27,651,4.5,40.9033333333333
2024-07-20 15:00:00,35.2777777777778,23.8,680,4.2,41.0466666666667
2024-07-20 15:15:00,35.7222222222222,20.1,688,3.7,41.19
2024-07-20 15:30:00,35.8333333333333,22.4,686,3.8,41.3333333333333
2024-07-20 15:45:00,35.6111111111111,24,675,4.1,41.0763888888889
2024-07-20 16:00:00,35.6666666666667,24.3,646,3.9,40.8194444444444
2024-07-20 16:15:00,35.6666666666667,24.4,617,3.7,40.5625
2024-07-20 16:30:00,35.6666666666667,25.1,584,4.1,40.435625
2024-07-20 16:45:00,35.7777777777778,25.4,547,4,40.30875
2024-07-20 17:00:00,35.6111111111111,26.5,512,3.2,40.181875
2024-07-20 17:15:00,35.6111111111111,27.5,474,3,40.055
2024-07-20 17:30:00,35.4444444444444,27.6,438,3.7,39.73
2024-07-20 17:45:00,35.5555555555556,27.3,400,2.2,39.405
2024-07-20 18:00:00,35.2222222222222,27.3,358,2.5,39.08
2024-07-20 18:15:00,35.3888888888889,27.7,318,1.9,38.755
2024-07-20 18:30:00,35,30.6,282,2.2,38.43
2024-07-20 18:45:00,34.8888888888889,28.3,247,2.5,36.3340625
2024-07-20 19:00:00,34.7222222222222,25.9,206,2.3,34.238125
2024-07-20 19:15:00,34,29.2,166,2,32.1421875
2024-07-20 19:30:00,32.9444444444444,29,126,2.1,30.04625
2024-07-20 19:45:00,30.5,37.3,96,1.9,27.9503125
2024-07-20 20:00:00,29.1111111111111,39.3,65,2.6,25.854375
2024-07-20 20:15:00,28.1666666666667,37.4,40,2.2,23.7584375
2024-07-20 20:30:00,26.7777777777778,37.8,18,2.8,21.6625
2024-07-20 20:45:00,26,36.5,6,3.1,21.7029166666667
2024-07-20 21:00:00,26.2222222222222,33.1,1,3.5,21.7433333333333
2024-07-20 21:15:00,26.1666666666667,32,0,3.4,20.834
2024-07-20 21:30:00,27.3888888888889,28.6,0,4.9,20.4703333333333
2024-07-20 21:45:00,27.8333333333333,27.1,0,5.6,20.1066666666667
2024-07-20 22:00:00,27.1666666666667,26.5,0,4.9,21.396
2024-07-20 22:15:00,26.5,26.6,0,3.9,22.488
2024-07-20 22:30:00,27.3333333333333,23.8,0,4.2,23.58
2024-07-20 22:45:00,27.9444444444444,23.6,0,5.3,23.89
2024-07-20 23:00:00,28.5555555555556,24.2,0,6,24.2
2024-07-20 23:15:00,28.8888888888889,24.2,0,6.7,23.537
2024-07-20 23:30:00,29.1666666666667,24.7,0,6.8,22.874
2024-07-20 23:45:00,29.1666666666667,25,0,6.6,22.211
2024-07-21 00:00:00,28.8888888888889,24.4,0,4.9,21.548
2024-07-21 00:15:00,26.1111111111111,30.2,0,3.1,20.885
2024-07-21 00:30:00,25.7777777777778,30,0,1.9,17.81
2024-07-21 00:45:00,24.8888888888889,32.8,0,2.9,16.65
2024-07-21 01:00:00,21.8333333333333,40.6,0,3,16.4366666666667
2024-07-21 01:15:00,20.4444444444444,45.2,0,3.7,15.8375
2024-07-21 01:30:00,23.3333333333333,35.2,0,4.2,15.51875
2024-07-21 01:45:00,23.1111111111111,35.8,0,3.4,15.2
2024-07-21 02:00:00,23.8888888888889,32.9,0,4.6,14.88125
2024-07-21 02:15:00,24.2777777777778,31,0,5.3,14.5625
2024-07-21 02:30:00,24.5,30.6,0,4.7,14.24375
2024-07-21 02:45:00,22.3888888888889,36,0,2.5,13.925
2024-07-21 03:00:00,21.5555555555556,36.8,0,1.7,13.60625
2024-07-21 03:15:00,21.2777777777778,37,0,1.4,13.2875
2024-07-21 03:30:00,21.7777777777778,36.8,0,2.5,13.112
2024-07-21 03:45:00,21.0555555555556,41.9,0,2.6,12.9365
2024-07-21 04:00:00,20.5555555555556,44.8,0,3.6,12.761
2024-07-21 04:15:00,20.0555555555556,45.4,0,2.3,12.5855
2024-07-21 04:30:00,20.3888888888889,43.2,0,3.3,12.41
2024-07-21 04:45:00,21.2222222222222,38.6,0,2.5,12.4525
2024-07-21 05:00:00,20.6666666666667,41.7,0,3,12.495
2024-07-21 05:15:00,20.5,41,0,2.6,14.2733333333333
2024-07-21 05:30:00,21.3888888888889,38.3,2,4.3,16.0516666666667
2024-07-21 05:45:00,21.7222222222222,40.7,10,4.2,17.83
2024-07-21 06:00:00,21.4444444444444,44.2,24,2.7,16.17
2024-07-21 06:15:00,21.2777777777778,45.1,41,3.4,16.8
2024-07-21 06:30:00,21.2222222222222,47.8,65,2.7,17.43
2024-07-21 06:45:00,21.6111111111111,48.5,87,2.5,17.8
2024-07-21 07:00:00,22.5,47.2,108,3.1,18.17
2024-07-21 07:15:00,23.8333333333333,43.3,139,4.6,21.0625
2024-07-21 07:30:00,24.3333333333333,43,173,4.3,21.7803333333333
2024-07-21 07:45:00,24.7777777777778,44,199,2.9,22.4981666666667
2024-07-21 08:00:00,23.6111111111111,52.6,222,4,23.216
2024-07-21 08:15:00,23.7777777777778,51.6,281,3.4,23.5946666666667
2024-07-21 08:30:00,23.8888888888889,52,326,1.9,23.9733333333333
2024-07-21 08:45:00,24.9444444444444,49.6,361,2.2,24.7926666666666
2024-07-21 09:00:00,25.7222222222222,48.5,397,2,25.612
2024-07-21 09:15:00,26,49.3,405,2.4,25.986
2024-07-21 09:30:00,26.6666666666667,45.4,418,2.8,26.36
2024-07-21 09:45:00,27.3888888888889,44.8,493,3.2,26.996
2024-07-21 10:00:00,28.3888888888889,41.6,539,4,28.048
2024-07-21 10:15:00,28.8888888888889,40.3,476,4.5,28.3126666666667
2024-07-21 10:30:00,28.8888888888889,41.7,525,5.3,28.5773333333333
2024-07-21 10:45:00,29.3888888888889,41.2,596,5.1,28.842
2024-07-21 11:00:00,29.5555555555556,41.2,572,6.4,29.1066666666667
2024-07-21 11:15:00,29.8333333333333,39.3,588,6.2,29.8833333333334
2024-07-21 11:30:00,30.6666666666667,38.8,685,5.8,30.66
2024-07-21 11:45:00,31.7777777777778,35.2,546,5.6,30.6325
2024-07-21 12:00:00,33,30.7,584,6.5,31.2658333333333
2024-07-21 12:15:00,33.5,29.1,602,6.7,31.8991666666667
2024-07-21 12:30:00,34.3333333333333,25.6,691,8.1,32.5325
2024-07-21 12:45:00,34.2777777777778,27,651,7.4,33.305
2024-07-21 13:00:00,34.3333333333333,28.9,639,6.2,33.72625
2024-07-21 13:15:00,34.2222222222222,29.1,630,5.7,34.1475
2024-07-21 13:30:00,33.8333333333333,31.4,552,4.7,33.57
2024-07-21 13:45:00,33.7777777777778,32.9,533,8.4,32.424
2024-07-21 14:00:00,33.1111111111111,35.8,433,7.6,31.278
2024-07-21 14:15:00,32.1666666666667,37.4,234,5.7,30.234
2024-07-21 14:30:00,31.9444444444444,38.1,206,4.4,29.19
2024-07-21 14:45:00,30.8333333333333,44.4,150,5,29.2641666666667
2024-07-21 15:00:00,30.5,45.9,148,4.6,29.3383333333333
2024-07-21 15:15:00,31,41.9,231,4.3,29.4125
2024-07-21 15:30:00,32.1666666666667,33.5,266,3.6,29.208125
2024-07-21 15:45:00,32.4444444444444,30.3,183,4.4,29.00375
2024-07-21 16:00:00,32.3888888888889,30.6,134,4.3,28.799375
2024-07-21 16:15:00,33,28.8,137,3,28.595
2024-07-21 16:30:00,31.7222222222222,35.5,77,2.3,28.8611111111111
2024-07-21 16:45:00,31.3888888888889,37.5,80,3.3,29.1272222222222
2024-07-21 17:00:00,30.8888888888889,40.5,101,4.8,29.3933333333333
2024-07-21 17:15:00,33.8333333333333,28.7,132,7,31.3341666666666
2024-07-21 17:30:00,35.3888888888889,23.1,172,7.1,33.275
2024-07-21 17:45:00,36.0555555555556,21,164,6.3,32.5714583333333
2024-07-21 18:00:00,32.8333333333333,34,295,4.8,31.8679166666667
2024-07-21 18:15:00,32.6666666666667,37.7,198,3.9,31.164375
2024-07-21 18:30:00,31.1666666666667,43.4,158,3.3,30.4608333333333
2024-07-21 18:45:00,31.0555555555556,45,177,3.3,29.7572916666667
2024-07-21 19:00:00,30.8888888888889,43.5,128,3.1,29.05375
2024-07-21 19:15:00,31.4444444444444,38.5,125,3.2,28.3502083333334
2024-07-21 19:30:00,31.5,38.6,113,2.4,27.6466666666667
2024-07-21 19:45:00,31,38.6,100,4.7,28.75
2024-07-21 20:00:00,30.6111111111111,37.3,81,2.5,27.446
2024-07-21 20:15:00,30,38.9,66,1.5,26.3766666666667
2024-07-21 20:30:00,27.8333333333333,49.7,32,3.1,24.715
2024-07-21 20:45:00,27.1666666666667,49.8,12,3,23.4733333333333
2024-07-21 21:00:00,26.5,50,3,2.7,22.3866666666667
2024-07-21 21:15:00,26.0555555555556,49.9,0,2.6,22.7
2024-07-21 21:30:00,25.2777777777778,52.3,0,2.4,22.17
2024-07-21 21:45:00,25.8888888888889,49.8,0,2.6,22.2575
2024-07-21 22:00:00,26.3888888888889,48.4,0,3.4,23.66
2024-07-21 22:15:00,27.7222222222222,43.6,0,4.8,24.0866666666667
2024-07-21 22:30:00,28.6666666666667,39.9,0,4.1,24.5133333333333
2024-07-21 22:45:00,28.4444444444444,40.4,0,3.5,24.94
2024-07-21 23:00:00,28.4444444444444,39.6,0,4.1,25.0477777777778
2024-07-21 23:15:00,29,37.2,0,4.3,25.1555555555555
2024-07-21 23:30:00,29.1666666666667,36.4,0,4.6,25.2633333333333
2024-07-21 23:45:00,29.4444444444444,35.1,0,4,24.536875
2024-07-22 00:00:00,27.7777777777778,40,0,2.7,23.8104166666667
2024-07-22 00:15:00,26.3888888888889,47.8,0,2.5,23.0839583333333
2024-07-22 00:30:00,25.3888888888889,53,0,2.1,22.3575
2024-07-22 00:45:00,25.0555555555556,53.9,0,2.7,21.62875
2024-07-22 01:00:00,25.1666666666667,52.6,0,2.7,20.9
2024-07-22 01:15:00,24.9444444444444,54,0,3.3,20.2716666666667
2024-07-22 01:30:00,24.1666666666667,57.2,0,2.6,19.6433333333333
2024-07-22 01:45:00,23.6666666666667,58.7,0,1.5,19.015
2024-07-22 02:00:00,23.0555555555556,61.2,0,1.7,19.2266666666667
2024-07-22 02:15:00,22.1666666666667,65.8,0,3,19.3958333333334
2024-07-22 02:30:00,21.7222222222222,67.1,0,2.8,19.565
2024-07-22 02:45:00,20.6666666666667,71.3,0,1.6,19.504
2024-07-22 03:00:00,20.0555555555556,72.6,0,1.8,19.443
2024-07-22 03:15:00,19.8333333333333,72.9,0,3.1,19.382
2024-07-22 03:30:00,19.8888888888889,73.3,0,1.8,19.321
2024-07-22 03:45:00,19.8888888888889,73.2,0,2.4,19.26
2024-07-22 04:00:00,20.1111111111111,73.7,0,4.1,19.199
2024-07-22 04:15:00,19.8888888888889,75.4,0,3.7,19.138
2024-07-22 04:30:00,19.7222222222222,76.1,0,3.5,18.522
2024-07-22 04:45:00,19.3333333333333,77.6,0,2.1,17.7825
2024-07-22 05:00:00,19.2777777777778,77.5,0,2.5,17.7708333333333
2024-07-22 05:15:00,19.2777777777778,77.3,0,3.1,17.7591666666667
2024-07-22 05:30:00,18.8888888888889,78.8,0,3,17.7475
2024-07-22 05:45:00,18.7222222222222,78.9,2,3.3,17.56375
2024-07-22 06:00:00,18.4444444444444,80.1,8,3.6,17.38
2024-07-22 06:15:00,18.5,79.9,25,3.7,17.806
2024-07-22 06:30:00,18.5555555555556,80.5,47,3.8,18.232
2024-07-22 06:45:00,18.7777777777778,80.7,60,2.3,18.2833333333333
2024-07-22 07:00:00,19.1111111111111,80.8,65,1.7,18.6246666666666
2024-07-22 07:15:00,19.5,80.5,60,2,18.966
2024-07-22 07:30:00,19.5555555555556,78.9,66,3.4,19.3073333333333
2024-07-22 07:45:00,19.5,78.7,63,2.7,19.6486666666667
2024-07-22 08:00:00,19.7222222222222,78.1,90,1.9,19.99
2024-07-22 08:15:00,19.8888888888889,78.3,117,2.3,20.6247727272727
2024-07-22 08:30:00,20.2222222222222,78.1,197,3,21.2595454545455
2024-07-22 08:45:00,20.7222222222222,77.2,267,2.6,21.8943181818182
2024-07-22 09:00:00,21.3333333333333,75.8,356,3.4,22.5290909090909
2024-07-22 09:15:00,22.1111111111111,72.4,377,2.5,23.1638636363636
2024-07-22 09:30:00,22.8888888888889,69.8,391,1.8,23.7986363636364
2024-07-22 09:45:00,23.2777777777778,68,447,2.3,24.4334090909091
2024-07-22 10:00:00,24,65.2,475,2.3,25.0681818181818
2024-07-22 10:15:00,24.5,64.5,494,2.5,25.7029545454545
2024-07-22 10:30:00,24.9444444444444,62.1,496,2.9,26.3377272727273
2024-07-22 10:45:00,25.2222222222222,61.4,507,3.2,26.9725
2024-07-22 11:00:00,25.8333333333333,58.9,538,3.1,27.1441666666667
2024-07-22 11:15:00,25.8888888888889,59,538,2.6,27.3158333333333
2024-07-22 11:30:00,26.2777777777778,59.1,556,2.4,27.4875
2024-07-22 11:45:00,26.5,58.3,586,3.2,28.25075
2024-07-22 12:00:00,26.9444444444444,56.4,592,2.8,29.014
2024-07-22 12:15:00,27.5555555555556,55,639,3,29.6925
2024-07-22 12:30:00,28.2777777777778,53.1,668,2.8,30.3225
2024-07-22 12:45:00,28.9444444444444,51.2,690,3,30.9525
2024-07-22 13:00:00,29.5555555555556,49.9,624,3.2,31.5825
2024-07-22 13:15:00,29.9444444444444,48,649,3.7,32.2125
2024-07-22 13:30:00,30.2222222222222,47.2,705,4.1,33.339375
2024-07-22 13:45:00,30.2777777777778,46.2,726,3.4,34.46625
2024-07-22 14:00:00,30.6666666666667,45.4,730,4.2,35.593125
2024-07-22 14:15:00,30.9444444444444,45,690,3.7,36.72
2024-07-22 14:30:00,31.2777777777778,44.5,646,3.7,37.44
2024-07-22 14:45:00,31.5,43.4,618,3.3,38.16
2024-07-22 15:00:00,31.7777777777778,42.8,635,3.5,38.88
2024-07-22 15:15:00,32.1666666666667,42.1,639,3.3,39.48
2024-07-22 15:30:00,32.5,41.4,629,3.3,38.6666666666667
2024-07-22 15:45:00,32.6111111111111,41.6,611,3.6,38.6758333333333
2024-07-22 16:00:00,32.6666666666667,41.4,582,3.7,38.685
2024-07-22 16:15:00,32.7222222222222,41.2,538,3.9,38.305
2024-07-22 16:30:00,32.8888888888889,40.8,509,3.4,38.15
2024-07-22 16:45:00,32.7777777777778,41,487,3.6,38.16
2024-07-22 17:00:00,33,40.2,456,2.9,38.17
2024-07-22 17:15:00,33.1666666666667,40.6,422,2.6,38.035
2024-07-22 17:30:00,33.1111111111111,41.5,389,2.6,37.5866666666667
2024-07-22 17:45:00,32.7777777777778,42.6,355,2.5,37.42
2024-07-22 18:00:00,32.8333333333333,42.3,320,1.6,37.2533333333333
2024-07-22 18:15:00,32.7222222222222,42.5,286,1.9,36.2486666666666
2024-07-22 18:30:00,32.6111111111111,41.3,248,2.7,35.244
2024-07-22 18:45:00,32,42.1,212,3.5,34.51
2024-07-22 19:00:00,32.2222222222222,41.1,178,1.2,33.46
2024-07-22 19:15:00,32.2222222222222,41.8,136,3.2,30.21
2024-07-22 19:30:00,31.8333333333333,38.6,104,5.8,28.77
2024-07-22 19:45:00,30.8888888888889,39.7,80,5.5,27.99
2024-07-22 20:00:00,30,42.6,60,8.1,27.614
2024-07-22 20:15:00,28.7777777777778,45.9,37,6.7,26.2
2024-07-22 20:30:00,27.7222222222222,46.2,16,7.9,25.14
2024-07-22 20:45:00,26.8888888888889,45.9,5,6.4,24.08
2024-07-22 21:00:00,25.3888888888889,49.1,1,5.7,23.195
2024-07-22 21:15:00,23.8888888888889,53.5,0,6.7,22.31
2024-07-22 21:30:00,23.2222222222222,54.2,0,5.3,21.1975
2024-07-22 21:45:00,22.5555555555556,53.5,0,4.3,20.085
2024-07-22 22:00:00,22.2777777777778,51.5,0,4.4,19.01
2024-07-22 22:15:00,20.8888888888889,56.3,0,2.2,17.935
2024-07-22 22:30:00,19.1111111111111,63.2,0,2,16.9625
2024-07-22 22:45:00,19.2222222222222,61.1,0,4.2,15.99
2024-07-22 23:00:00,19.5,57,0,3.6,15.083
2024-07-22 23:15:00,18.5555555555556,60,0,2.8,14.176
2024-07-22 23:30:00,17.8333333333333,61.9,0,1.6,13.269
2024-07-22 23:45:00,16.2777777777778,68.2,0,1.7,12.362
2024-07-23 00:00:00,14.8888888888889,73.4,0,3.6,11.455
2024-07-23 00:15:00,13.8888888888889,76.8,0,3.1,10.992
2024-07-23 00:30:00,13.2222222222222,78.9,0,2.4,10.529
2024-07-23 00:45:00,12.6666666666667,80.1,0,2.7,10.066
2024-07-23 01:00:00,12.1111111111111,80.3,0,2,9.603
2024-07-23 01:15:00,11.8888888888889,79.3,0,1.9,9.14
2024-07-23 01:30:00,11.6666666666667,78.7,0,2.9,8.724
2024-07-23 01:45:00,12.3888888888889,76.1,0,2.7,8.308
2024-07-23 02:00:00,12,77.6,0,3.7,8.75025
2024-07-23 02:15:00,12.2222222222222,76.5,0,3.8,9.1925
2024-07-23 02:30:00,12.1111111111111,74.5,0,3.4,8.835
2024-07-23 02:45:00,10.2777777777778,80.1,0,1.6,8.63066666666667
2024-07-23 03:00:00,10.3333333333333,76.8,0,2.2,8.42633333333333
2024-07-23 03:15:00,10.8888888888889,74.9,0,3.7,8.222
2024-07-23 03:30:00,10.7777777777778,77,0,1.9,8.01766666666666
2024-07-23 03:45:00,11.9444444444444,73.2,0,3.9,7.81333333333333
2024-07-23 04:00:00,11.3333333333333,77.7,0,4.4,7.885
2024-07-23 04:15:00,11.2777777777778,75.8,0,4.7,7.75771428571429
2024-07-23 04:30:00,11.1111111111111,74.8,0,4,7.63042857142857
2024-07-23 04:45:00,10,79.2,0,2.8,7.50314285714286
2024-07-23 05:00:00,9.66666666666667,78.3,0,3.8,7.37585714285714
2024-07-23 05:15:00,9.33333333333333,77.6,0,3.2,7.24857142857143
2024-07-23 05:30:00,9.33333333333333,76.9,1,3.6,7.12128571428571
2024-07-23 05:45:00,9.88888888888889,77.1,7,3.8,6.994
2024-07-23 06:00:00,10.8888888888889,75.3,22,3.9,7.63683333333333
2024-07-23 06:15:00,11.2222222222222,76,38,3.2,8.27966666666667
2024-07-23 06:30:00,12,75.1,67,3.4,8.9225
2024-07-23 06:45:00,13,72.7,95,3.5,10.494375
2024-07-23 07:00:00,14.0555555555556,71.7,129,2.3,12.06625
2024-07-23 07:15:00,15.3333333333333,70.7,163,1,13.638125
2024-07-23 07:30:00,16.4444444444444,64.4,201,1,15.21
2024-07-23 07:45:00,16.8333333333333,61.2,225,3,16.03
2024-07-23 08:00:00,17.3333333333333,59.8,252,3.6,16.85
2024-07-23 08:15:00,17.3888888888889,61.3,318,3.3,17.67
2024-07-23 08:30:00,17.7777777777778,61.5,362,4.5,18.2411111111111
2024-07-23 08:45:00,18.3888888888889,58.3,404,4.9,18.8122222222222
2024-07-23 09:00:00,18.7777777777778,57.5,445,4.3,19.3833333333333
2024-07-23 09:15:00,19.3333333333333,55.2,449,4.9,19.8711111111111
2024-07-23 09:30:00,19.8333333333333,52.9,466,5,20.3588888888889
2024-07-23 09:45:00,20.1666666666667,51.7,552,5.5,20.8466666666667
2024-07-23 10:00:00,20.5555555555556,49.7,589,4.9,21.4194444444445
2024-07-23 10:15:00,21.2222222222222,47.5,621,3.6,21.9922222222222
2024-07-23 10:30:00,21.6666666666667,47.8,652,3.9,22.565
2024-07-23 10:45:00,22.2777777777778,46.6,679,4.4,23.3733333333333
2024-07-23 11:00:00,22.8333333333333,43.9,709,4.4,24.1816666666667
2024-07-23 11:15:00,23.3888888888889,44,733,4.2,24.99
2024-07-23 11:30:00,23.7777777777778,41.9,757,4.8,25.4237142857143
2024-07-23 11:45:00,24.3888888888889,38.1,775,3.9,25.8574285714286
2024-07-23 12:00:00,24.7777777777778,36.8,791,4.1,26.2911428571429
2024-07-23 12:15:00,25.0555555555556,35.1,805,3.4,26.7248571428571
2024-07-23 12:30:00,25.7222222222222,34.1,816,4.3,27.1585714285714
2024-07-23 12:45:00,26.1666666666667,33.5,823,3.9,27.5922857142857
2024-07-23 13:00:00,26.5,32.5,757,3.6,28.026
2024-07-23 13:15:00,27,31.6,766,4,28.254
2024-07-23 13:30:00,27.1666666666667,30.8,833,3.3,28.482
2024-07-23 13:45:00,27.4444444444444,30.7,829,3.5,30.505
2024-07-23 14:00:00,28.1111111111111,29.5,797,2.7,31.71
2024-07-23 14:15:00,28.3888888888889,27.8,754,3,32.8966666666667
2024-07-23 14:30:00,29,26,691,3.3,34.0833333333333
2024-07-23 14:45:00,29.4444444444444,22.1,660,4.7,35.27
2024-07-23 15:00:00,29.8333333333333,20,688,3.2,35.9766666666667
2024-07-23 15:15:00,29.7777777777778,22.2,701,3.6,36.2120833333334
2024-07-23 15:30:00,30.1111111111111,22.2,703,3.7,36.4475
2024-07-23 15:45:00,30.1666666666667,22.1,691,3,36.2535625
2024-07-23 16:00:00,30.1666666666667,23,663,3.5,36.059625
2024-07-23 16:15:00,30.6111111111111,21.1,628,3.3,35.8656875
2024-07-23 16:30:00,30.5555555555556,20.8,593,2.7,35.67175
2024-07-23 16:45:00,30.8333333333333,21.3,563,2.5,35.4778125
2024-07-23 17:00:00,30.6111111111111,21.9,528,2.8,35.283875
2024-07-23 17:15:00,30.6666666666667,21.7,490,2.9,35.0899375
2024-07-23 17:30:00,30.9444444444444,20.6,448,2.9,34.896
2024-07-23 17:45:00,31.1111111111111,19.3,410,2.8,36.79
2024-07-23 18:00:00,31.0555555555556,20.2,365,1.9,35.2372222222222
2024-07-23 18:15:00,31.1111111111111,19.1,324,1.3,33.6844444444444
2024-07-23 18:30:00,31,21.3,283,1.4,32.1316666666666
2024-07-23 18:45:00,30.9444444444444,22.3,241,1.2,30.5788888888889
2024-07-23 19:00:00,31.0555555555556,23.2,201,0.9,29.0261111111111
2024-07-23 19:15:00,30.6111111111111,26.3,160,0.7,27.4733333333333
2024-07-23 19:30:00,29.3888888888889,31.5,121,1,25.2841666666666
2024-07-23 19:45:00,28.0555555555556,37.1,85,1.7,23.095
2024-07-23 20:00:00,25.7222222222222,44.3,57,2,21.94875
2024-07-23 20:15:00,23.8888888888889,49,33,2.9,20.8025
2024-07-23 20:30:00,22.5,47.3,14,3.6,19.65625
2024-07-23 20:45:00,21.7777777777778,43.2,4,3.4,18.51
2024-07-23 21:00:00,20.7222222222222,46.1,1,4.2,17.36375
2024-07-23 21:15:00,21,42.6,0,4.7,16.2175
2024-07-23 21:30:00,21.1111111111111,40.9,0,5,15.837
2024-07-23 21:45:00,20.8888888888889,41.2,0,5.1,15.4565
2024-07-23 22:00:00,20.6111111111111,42.2,0,4.8,15.076
2024-07-23 22:15:00,19.7222222222222,44.6,0,4.3,15.13
2024-07-23 22:30:00,18.4444444444444,48.3,0,4.4,15.27125
2024-07-23 22:45:00,18.1666666666667,48.4,0,4.8,15.4125
2024-07-23 23:00:00,18.1111111111111,48.2,0,4.6,14.9733333333333
2024-07-23 23:15:00,17.5,49,0,4.1,14.5341666666667
2024-07-23 23:30:00,17.3888888888889,48.3,0,4.4,14.095
2024-07-23 23:45:00,17.6666666666667,46.5,0,5.3,13.474
2024-07-24 00:00:00,17.8333333333333,44.6,0,4.9,13.757
2024-07-24 00:15:00,18,43.7,0,5.1,14.04
2024-07-24 00:30:00,18.0555555555556,43.4,0,5.2,13.7725
2024-07-24 00:45:00,17.3888888888889,44.7,0,4.3,13.505
2024-07-24 01:00:00,16.6111111111111,47,0,4.3,13.1815
2024-07-24 01:15:00,16.3333333333333,47.6,0,3.9,12.858
2024-07-24 01:30:00,16.7777777777778,45.4,0,4.2,12.97
2024-07-24 01:45:00,15.0555555555556,52.1,0,3.3,12.815
2024-07-24 02:00:00,15.0555555555556,50.6,0,3.2,12.445
2024-07-24 02:15:00,14.5,52.4,0,3.5,12.075
2024-07-24 02:30:00,14.5555555555556,52.2,0,3.2,11.705
2024-07-24 02:45:00,13.8333333333333,54,0,2.4,11.335
2024-07-24 03:00:00,13.1111111111111,56.6,0,2.7,10.965
2024-07-24 03:15:00,12.7777777777778,58.6,0,2.5,10.595
2024-07-24 03:30:00,12.5555555555556,59.9,0,2.8,10.2066666666667
2024-07-24 03:45:00,14.3333333333333,53.7,0,3.1,10.285
2024-07-24 04:00:00,12.6111111111111,61.6,0,3.1,10.384
2024-07-24 04:15:00,11.8888888888889,64.6,0,2.5,9.767
2024-07-24 04:30:00,11.5,66,0,3,9.15
2024-07-24 04:45:00,11.5555555555556,66.3,0,3.1,8.95333333333334
2024-07-24 05:00:00,12.2777777777778,64.9,0,2.5,8.75666666666667
2024-07-24 05:15:00,11.3333333333333,70.6,0,2.6,8.98533333333334
2024-07-24 05:30:00,11,72.3,1,3.1,9.214
2024-07-24 05:45:00,10.9444444444444,72.9,6,3.2,8.51666666666667
2024-07-24 06:00:00,11.7222222222222,71.1,20,3,9.118
2024-07-24 06:15:00,12,72.7,36,3.8,9.8325
2024-07-24 06:30:00,13.2777777777778,70.2,64,3.4,10.8425
2024-07-24 06:45:00,14.0555555555556,71.7,91,3.3,11.8525
2024-07-24 07:00:00,15.6666666666667,69.1,126,2.7,12.8625
2024-07-24 07:15:00,17.5,66.1,164,1.8,14.6975
2024-07-24 07:30:00,19.1111111111111,60.9,199,0.9,16.82
2024-07-24 07:45:00,19.7222222222222,58,218,2.1,16.9132299741602
2024-07-24 08:00:00,20.0555555555556,59,247,2,17.0064599483204
2024-07-24 08:15:00,20.3333333333333,57.5,310,2.4,17.0996899224806
2024-07-24 08:30:00,20.8333333333333,56.3,353,2.9,17.1929198966408
2024-07-24 08:45:00,21.5555555555556,55.5,398,2.4,17.286149870801
2024-07-24 09:00:00,21.8333333333333,53.2,441,2.9,17.3793798449612
2024-07-24 09:15:00,21.9444444444444,53.4,447,3.4,17.4726098191214
2024-07-24 09:30:00,22.5555555555556,51.6,467,3.6,17.5658397932817
2024-07-24 09:45:00,23.2222222222222,49.6,549,3.1,17.6590697674419
2024-07-24 10:00:00,23.5555555555556,49.2,585,2.9,17.7522997416021
2024-07-24 10:15:00,24.1666666666667,47.6,617,2.9,17.8455297157623
2024-07-24 10:30:00,24.6666666666667,46.7,639,3.3,17.9387596899225
2024-07-24 10:45:00,24.8333333333333,46.3,666,3.7,18.0319896640827
2024-07-24 11:00:00,25.5,45.6,675,3.7,18.1252196382429
2024-07-24 11:15:00,25.7777777777778,44.1,665,4.4,18.2184496124031
2024-07-24 11:30:00,26.3888888888889,42.5,743,3.7,18.3116795865633
2024-07-24 11:45:00,26.8333333333333,40.5,771,3.4,18.4049095607235
2024-07-24 12:00:00,27.5555555555556,38,790,4,18.4981395348837
2024-07-24 12:15:00,27.4444444444444,37.6,584,4.9,18.5913695090439
2024-07-24 12:30:00,28.0555555555556,36.7,644,3.9,18.6845994832041
2024-07-24 12:45:00,28.5555555555556,36.5,758,2.8,18.7778294573643
2024-07-24 13:00:00,28.2222222222222,38.4,521,3.9,18.8710594315246
2024-07-24 13:15:00,28.2222222222222,38.2,544,5.2,18.9642894056848
2024-07-24 13:30:00,29.1111111111111,36,872,4.8,19.057519379845
2024-07-24 13:45:00,28.8888888888889,34.3,504,4,19.1507493540052
2024-07-24 14:00:00,29.6666666666667,33.3,626,3.4,19.2439793281654
2024-07-24 14:15:00,30.3333333333333,33,691,3.3,19.3372093023256
2024-07-24 14:30:00,31.1666666666667,32.9,711,3,19.4304392764858
2024-07-24 14:45:00,32.5,30.7,678,3.5,19.523669250646
2024-07-24 15:00:00,33.2222222222222,28.5,699,4.6,19.6168992248062
2024-07-24 15:15:00,33.8333333333333,28,700,2.8,19.7101291989664
2024-07-24 15:30:00,33.7222222222222,28.7,698,5,19.8033591731266
2024-07-24 15:45:00,34.2222222222222,26.1,684,6,19.8965891472868
2024-07-24 16:00:00,34.2222222222222,24.8,656,6.8,19.989819121447
2024-07-24 16:15:00,34.0555555555556,24.6,625,8.7,20.0830490956072
2024-07-24 16:30:00,33.8333333333333,24.9,597,8.7,20.1762790697674
2024-07-24 16:45:00,33.8333333333333,25.2,585,8.6,20.2695090439277
2024-07-24 17:00:00,33.6666666666667,25.5,527,7.7,20.3627390180879
2024-07-24 17:15:00,33.7222222222222,26.1,478,7.4,20.4559689922481
2024-07-24 17:30:00,33.5555555555556,26.3,438,6,20.5491989664083
2024-07-24 17:45:00,33.2222222222222,27.5,396,7,20.6424289405685
2024-07-24 18:00:00,32.8333333333333,28.1,357,10.3,20.7356589147287
2024-07-24 18:15:00,32.3888888888889,28,319,10.1,20.8288888888889
2024-07-24 18:30:00,32.0555555555556,28.7,281,10.2,20.9221188630491
2024-07-24 18:45:00,31.6666666666667,29.2,242,8.8,21.0153488372093
2024-07-24 19:00:00,31.0555555555556,28.9,203,11,21.1085788113695
2024-07-24 19:15:00,30.7222222222222,25.8,165,11.7,21.2018087855297
2024-07-24 19:30:00,30.1111111111111,24.8,130,7.5,21.2950387596899
2024-07-24 19:45:00,29.2222222222222,25.5,99,6.2,21.3882687338501
2024-07-24 20:00:00,28.4444444444444,23.2,68,8.8,21.4814987080103
2024-07-24 20:15:00,27.7222222222222,22.6,37,8.8,21.5747286821706
2024-07-24 20:30:00,26.7777777777778,24.6,10,8.8,21.6679586563308
2024-07-24 20:45:00,26.1111111111111,25.6,3,9.3,21.761188630491
2024-07-24 21:00:00,25.2777777777778,28.6,0,7.3,21.8544186046512
2024-07-24 21:15:00,24.4444444444444,35,0,5.8,21.9476485788114
2024-07-24 21:30:00,23.7222222222222,37.3,0,5,22.0408785529716
2024-07-24 21:45:00,22.4444444444444,40.8,0,4,22.1341085271318
2024-07-24 22:00:00,21,46.7,0,3,22.227338501292
2024-07-24 22:15:00,19.3888888888889,51.1,0,2,22.3205684754522
2024-07-24 22:30:00,18.6666666666667,52.6,0,3.3,22.4137984496124
2024-07-24 22:45:00,19.0555555555556,50.8,0,4.7,22.5070284237726
2024-07-24 23:00:00,19.2222222222222,51.2,0,4.7,22.6002583979328
2024-07-24 23:15:00,18.7777777777778,53.3,0,2.7,22.693488372093
2024-07-24 23:30:00,17.4444444444444,58.7,0,2.4,22.7867183462532
2024-07-24 23:45:00,17.1111111111111,59.5,0,4.1,22.8799483204135
2024-07-25 00:00:00,17.4444444444444,58.7,0,6.2,22.9731782945737
2024-07-25 00:15:00,16.8333333333333,60.1,0,5,23.0664082687339
2024-07-25 00:30:00,16.3333333333333,61.3,0,3.7,23.1596382428941
2024-07-25 00:45:00,15.8333333333333,63,0,1.5,23.2528682170543
2024-07-25 01:00:00,14.5,68.6,0,2.6,23.3460981912145
2024-07-25 01:15:00,14.0555555555556,70.2,0,2.6,23.4393281653747
2024-07-25 01:30:00,14.7777777777778,66,0,2.5,23.5325581395349
2024-07-25 01:45:00,15.3333333333333,63.8,0,2.8,23.6257881136951
2024-07-25 02:00:00,14.6111111111111,66.8,0,3,23.7190180878553
2024-07-25 02:15:00,13.8888888888889,69.3,0,2.6,23.8122480620155
2024-07-25 02:30:00,14,68.1,0,3.6,23.9054780361757
2024-07-25 02:45:00,14.6111111111111,65.5,0,3.5,23.9987080103359
2024-07-25 03:00:00,14.1111111111111,66.5,0,4,24.0919379844961
2024-07-25 03:15:00,13.7777777777778,66.8,0,2.7,24.1851679586563
2024-07-25 03:30:00,13.1666666666667,68.1,0,1.2,24.2783979328166
2024-07-25 03:45:00,12.8333333333333,67.9,0,2,24.3716279069768
2024-07-25 04:00:00,12.2777777777778,70.6,0,1.9,24.464857881137
2024-07-25 04:15:00,11.6666666666667,73.7,0,2.1,24.5580878552972
2024-07-25 04:30:00,12.5,69.8,0,3.3,24.6513178294574
2024-07-25 04:45:00,12.0555555555556,71.7,0,3.7,24.7445478036176
2024-07-25 05:00:00,12.4444444444444,70,0,4.4,24.8377777777778
2024-07-25 05:15:00,12.7222222222222,69.5,0,4.3,24.931007751938
2024-07-25 05:30:00,12.2777777777778,71.2,1,3.7,25.0242377260982
2024-07-25 05:45:00,11.9444444444444,72.3,6,3.6,25.1174677002584
2024-07-25 06:00:00,11.7777777777778,72,18,3,25.2106976744186
2024-07-25 06:15:00,12.3333333333333,70.8,32,3.8,25.3039276485788
2024-07-25 06:30:00,12.6111111111111,70.4,48,3.4,25.397157622739
2024-07-25 06:45:00,12.7777777777778,70.2,78,2.6,25.4903875968992
2024-07-25 07:00:00,13.3888888888889,69.5,103,3.8,25.5836175710595
2024-07-25 07:15:00,14.1666666666667,67.3,129,2.9,25.6768475452197
2024-07-25 07:30:00,14.6111111111111,67.2,170,3.9,25.7700775193799
2024-07-25 07:45:00,15.0555555555556,69,202,3,25.8633074935401
2024-07-25 08:00:00,15.3333333333333,69.6,245,3.8,25.9565374677003
2024-07-25 08:15:00,15.8333333333333,66.9,302,4.7,26.0497674418605
2024-07-25 08:30:00,16.2222222222222,64.7,342,5.8,26.1429974160207
2024-07-25 08:45:00,17.3333333333333,57.7,380,6.9,26.2362273901809
2024-07-25 09:00:00,17.6666666666667,56.1,418,7.2,26.3294573643411
2024-07-25 09:15:00,18.1666666666667,54.3,414,8.4,26.4226873385013
2024-07-25 09:30:00,18.5555555555556,52.3,449,9.4,26.5159173126615
2024-07-25 09:45:00,19.0555555555556,50.6,518,9.4,26.6091472868217
2024-07-25 10:00:00,19.1111111111111,49.9,541,9.1,26.7023772609819
2024-07-25 10:15:00,19.5,48.2,566,8.5,26.7956072351421
2024-07-25 10:30:00,20.0555555555556,45.9,599,8.9,26.8888372093024
2024-07-25 10:45:00,20.3888888888889,45.4,615,8.2,26.9820671834626
2024-07-25 11:00:00,20.7222222222222,44.4,633,7.9,27.0752971576228
2024-07-25 11:15:00,21,41.5,667,8.9,27.168527131783
2024-07-25 11:30:00,21.6111111111111,38,682,8.5,27.2617571059432
2024-07-25 11:45:00,21.8333333333333,35.1,710,8.3,27.3549870801034
2024-07-25 12:00:00,22.3888888888889,34.1,749,8.9,27.4482170542636
2024-07-25 12:15:00,22.1666666666667,33.6,723,9.4,27.5414470284238
2024-07-25 12:30:00,22.3888888888889,33.4,716,10,27.634677002584
2024-07-25 12:45:00,22.8888888888889,32.9,734,9.3,27.7279069767442
2024-07-25 13:00:00,23.2222222222222,32.6,688,6.5,27.8211369509044
2024-07-25 13:15:00,23.0555555555556,33.4,701,7.4,27.9143669250646
2024-07-25 13:30:00,23.5555555555556,32.9,754,9,28.0075968992248
2024-07-25 13:45:00,23.7777777777778,32.5,757,10.2,28.100826873385
2024-07-25 14:00:00,24.1666666666667,31.9,741,7.5,28.1940568475453
2024-07-25 14:15:00,24.3888888888889,31.4,704,8.3,28.2872868217055
2024-07-25 14:30:00,24.5,31.6,653,7.9,28.3805167958657
2024-07-25 14:45:00,24.6666666666667,31.7,605,6.8,28.4737467700259
2024-07-25 15:00:00,24.8333333333333,31.2,630,7.2,28.5669767441861
2024-07-25 15:15:00,24.8888888888889,31.8,620,6.9,28.6602067183463
2024-07-25 15:30:00,25,31.8,614,8.2,28.7534366925065
2024-07-25 15:45:00,25.1666666666667,31.1,609,6.4,28.8466666666667
2024-07-25 16:00:00,25.3333333333333,30.9,578,6.9,29.3245833333334
2024-07-25 16:15:00,25.5555555555556,30.6,549,5.7,29.8025
2024-07-25 16:30:00,25.4444444444444,30.5,524,5.1,29.8825
2024-07-25 16:45:00,25.6666666666667,29.9,502,6.6,29.695
2024-07-25 17:00:00,25.7222222222222,29.9,469,7.6,29.5075
2024-07-25 17:15:00,25.7222222222222,29.7,429,5.9,29.32
2024-07-25 17:30:00,25.7777777777778,29.8,396,6.6,28.3233333333333
2024-07-25 17:45:00,25.7777777777778,29,353,6.2,28.86
2024-07-25 18:00:00,25.6666666666667,29.7,310,6.4,28.185
2024-07-25 18:15:00,25.5555555555556,29.3,263,5.6,27.51
2024-07-25 18:30:00,25.3888888888889,29.3,228,5.1,26.85
2024-07-25 18:45:00,25.4444444444444,29.4,177,2.8,26.19
2024-07-25 19:00:00,24.8888888888889,32.1,141,3.6,25.53
2024-07-25 19:15:00,24.3888888888889,34.8,130,3.8,24.6415
2024-07-25 19:30:00,24.0555555555556,33.3,99,4,23.753
2024-07-25 19:45:00,23.2777777777778,31.8,65,5.3,22.8645
2024-07-25 20:00:00,22.3888888888889,32.1,34,6.3,21.976
2024-07-25 20:15:00,21.7777777777778,32.8,19,8.1,21.0875
2024-07-25 20:30:00,21.1111111111111,33.5,8,8.1,20.199
2024-07-25 20:45:00,20.8333333333333,33.7,2,8,19.3105
2024-07-25 21:00:00,20.3333333333333,34.4,0,7.5,18.422
2024-07-25 21:15:00,20.1111111111111,34.4,0,6.3,17.6566666666667
2024-07-25 21:30:00,19.1666666666667,37,0,2.9,14.958
2024-07-25 21:45:00,19.0555555555556,37.7,0,4.6,16.104
2024-07-25 22:00:00,19.3888888888889,36.8,0,3.6,14.2286666666667
2024-07-25 22:15:00,18.1666666666667,40.9,0,2.4,12.3533333333333
2024-07-25 22:30:00,17.1111111111111,44.2,0,3.2,11.9595555555555
2024-07-25 22:45:00,15.5555555555556,48.3,0,2.5,11.5657777777778
2024-07-25 23:00:00,15.3888888888889,48,0,3.9,11.172
2024-07-25 23:15:00,15.5,46.9,0,4.6,11.074
2024-07-25 23:30:00,15.3333333333333,47.6,0,4.2,10.868
2024-07-25 23:45:00,15.2222222222222,48.3,0,4.1,10.7629
2024-07-26 00:00:00,14.5,49.5,0,4,10.6578
2024-07-26 00:15:00,13.7777777777778,50.2,0,4.7,10.5527
2024-07-26 00:30:00,13.3888888888889,51.2,0,4.4,10.4476
2024-07-26 00:45:00,14.3888888888889,47.3,0,4.5,10.3425
2024-07-26 01:00:00,13.6666666666667,50.6,0,4.2,9.8625
2024-07-26 01:15:00,15.1111111111111,46.6,0,5,10.475
2024-07-26 01:30:00,13.5555555555556,53.6,0,2.8,9.06583333333333
2024-07-26 01:45:00,11.8888888888889,60.6,0,2.1,7.65666666666667
2024-07-26 02:00:00,11.7777777777778,59.3,0,3.2,7.606
2024-07-26 02:15:00,12.6666666666667,55.8,0,3.2,7.55533333333334
2024-07-26 02:30:00,12.1666666666667,58.2,0,2.3,7.50466666666667
2024-07-26 02:45:00,11.8888888888889,59.2,0,3.4,7.454
2024-07-26 03:00:00,12.1666666666667,58.2,0,3.8,7.076
2024-07-26 03:15:00,11.7777777777778,61.5,0,3.5,6.698
2024-07-26 03:30:00,11.5555555555556,62.5,0,3.4,7.0525
2024-07-26 03:45:00,11.1666666666667,64.1,0,3,6.9
2024-07-26 04:00:00,11.6666666666667,62.4,0,3.8,6.96
2024-07-26 04:15:00,11.4444444444444,63.5,0,4,7.02
2024-07-26 04:30:00,11.1666666666667,63.6,0,3.4,6.8155
2024-07-26 04:45:00,10.8333333333333,64.2,0,3,6.611
2024-07-26 05:00:00,10.1666666666667,66.4,0,3.4,6.4065
2024-07-26 05:15:00,11.1666666666667,63.1,0,3.4,6.202
2024-07-26 05:30:00,10.3333333333333,67.3,1,3.2,5.9975
2024-07-26 05:45:00,10.1111111111111,67.5,5,4.1,6.70625
2024-07-26 06:00:00,10.3333333333333,65.4,17,4.5,7.415
2024-07-26 06:15:00,10.6111111111111,64.8,33,4.6,8.12375
2024-07-26 06:30:00,11.5,61.9,57,4.5,8.8325
2024-07-26 06:45:00,12.1666666666667,61.7,89,3.7,9.54125
2024-07-26 07:00:00,13.0555555555556,61.8,118,2,10.25
2024-07-26 07:15:00,14.3333333333333,59.4,150,4,11.2270833333333
2024-07-26 07:30:00,15.1111111111111,57.8,186,5.1,12.2041666666667
2024-07-26 07:45:00,15.3333333333333,57.4,205,6,13.18125
2024-07-26 08:00:00,15.5,57.1,242,6.1,14.1583333333333
2024-07-26 08:15:00,15.8333333333333,57.5,301,5.3,15.1354166666667
2024-07-26 08:30:00,16.2222222222222,57.7,339,4.2,16.1125
2024-07-26 08:45:00,16.3888888888889,58,376,4.5,16.72425
2024-07-26 09:00:00,16.7222222222222,56.6,414,5.1,17.336
2024-07-26 09:15:00,17.2777777777778,55.1,415,5.1,17.796
2024-07-26 09:30:00,17.8333333333333,53.3,454,4.9,18.256
2024-07-26 09:45:00,18.3333333333333,51.9,525,5.7,18.716
2024-07-26 10:00:00,19.0555555555556,50,558,5.7,19.4276
2024-07-26 10:15:00,19.6111111111111,49.7,591,5.3,20.1392
2024-07-26 10:30:00,19.8888888888889,48.4,623,6,20.8508
2024-07-26 10:45:00,20.6666666666667,46.7,652,5.2,21.5624
2024-07-26 11:00:00,21.2222222222222,44.8,676,4.7,22.274
2024-07-26 11:15:00,21.6111111111111,43.4,702,4,22.6870833333333
2024-07-26 11:30:00,22.4444444444444,42.1,720,3.9,23.1001666666667
2024-07-26 11:45:00,22.9444444444444,40.9,738,5.1,23.51325
2024-07-26 12:00:00,23.1111111111111,39.7,755,4.3,23.9263333333333
2024-07-26 12:15:00,23.7777777777778,37,762,4.2,24.3394166666667
2024-07-26 12:30:00,23.7777777777778,37.2,777,4.4,24.7525
2024-07-26 12:45:00,24.4444444444444,35.9,788,5,25.09225
2024-07-26 13:00:00,24.5,34.5,728,5.1,25.432
2024-07-26 13:15:00,24.9444444444444,33.2,733,4.2,26.2913333333333
2024-07-26 13:30:00,25.2777777777778,32.8,796,3.5,27.1506666666667
2024-07-26 13:45:00,25.7222222222222,32.1,784,4.4,28.01
2024-07-26 14:00:00,25.7777777777778,31.9,752,4.6,28.7626666666667
2024-07-26 14:15:00,25.7777777777778,32.1,714,5,29.5153333333333
2024-07-26 14:30:00,26.3333333333333,31.4,672,5.4,30.268
2024-07-26 14:45:00,26.3333333333333,30.8,630,4.6,31.0206666666667
2024-07-26 15:00:00,26.6111111111111,30.3,646,4.5,31.7733333333333
2024-07-26 15:15:00,26.7777777777778,28.6,659,4.9,32.526
2024-07-26 15:30:00,26.9444444444444,27.5,658,4.3,31.9
2024-07-26 15:45:00,27.3888888888889,27.4,649,4.6,32.7822222222222
2024-07-26 16:00:00,27.0555555555556,27.4,629,4.9,33.6644444444445
2024-07-26 16:15:00,27.3333333333333,26.5,602,4.3,34.5466666666667
2024-07-26 16:30:00,27.3888888888889,25.8,568,3.7,32.564
2024-07-26 16:45:00,27.7222222222222,25.3,523,3.1,31.9405555555555
2024-07-26 17:00:00,27.5,25.4,484,3.4,31.3171111111111
2024-07-26 17:15:00,27.5555555555556,25.5,441,2.8,30.6936666666666
2024-07-26 17:30:00,27.2777777777778,26.3,341,3.4,30.0702222222222
2024-07-26 17:45:00,26.8333333333333,26,260,2.5,29.4467777777777
2024-07-26 18:00:00,27.1111111111111,24.6,278,2.2,28.8233333333333
2024-07-26 18:15:00,27.0555555555556,23.9,224,2,27.3056944444444
2024-07-26 18:30:00,27.0555555555556,23.9,166,1.4,25.7880555555555
2024-07-26 18:45:00,26.6111111111111,28.2,141,0.8,24.2704166666666
2024-07-26 19:00:00,25.6666666666667,34.4,123,1.1,22.7527777777778
2024-07-26 19:15:00,24.1666666666667,46.7,94,1.7,21.2351388888889
2024-07-26 19:30:00,22.5555555555556,52.4,68,2.3,19.7175
2024-07-26 19:45:00,21.3333333333333,47.4,48,2.2,18.32475
2024-07-26 20:00:00,20.8888888888889,51.5,34,2.8,16.932
2024-07-26 20:15:00,20.5,48.3,19,2.8,16.542
2024-07-26 20:30:00,19.5555555555556,48.1,9,3.5,15.47475
2024-07-26 20:45:00,19.2777777777778,46.4,2,3.4,14.4075
2024-07-26 21:00:00,18.4444444444444,47.4,0,4,13.942
2024-07-26 21:15:00,18.0555555555556,47.4,0,4,13.7133333333333
2024-07-26 21:30:00,17.3333333333333,50,0,3.9,13.4941666666667
2024-07-26 21:45:00,18,46.2,0,4.8,13.275
2024-07-26 22:00:00,17.7222222222222,46.9,0,4.4,13.2575
2024-07-26 22:15:00,17.2222222222222,48.4,0,4.9,13.479
2024-07-26 22:30:00,17,48.4,0,4.4,13.7005
2024-07-26 22:45:00,16.5,50,0,4.4,13.922
2024-07-26 23:00:00,16.9444444444444,47.1,0,5,14.1435
2024-07-26 23:15:00,17.5,44.4,0,4.6,14.365
2024-07-26 23:30:00,17.4444444444444,44.3,0,4.3,14.19
2024-07-26 23:45:00,16.5,48.1,0,4.2,13.9541666666667
2024-07-27 00:00:00,16.3888888888889,47.5,0,5,13.7183333333333
2024-07-27 00:15:00,15.8888888888889,48.7,0,4.6,13.4825
2024-07-27 00:30:00,16,48.1,0,4.9,13.14
2024-07-27 00:45:00,15.4444444444444,49.9,0,3.8,12.565
2024-07-27 01:00:00,14.7222222222222,52.4,0,4.5,11.99
2024-07-27 01:15:00,14.7777777777778,52.3,0,4.1,11.55
2024-07-27 01:30:00,14.8888888888889,51.8,0,3.8,11.125
2024-07-27 01:45:00,13.8333333333333,56.2,0,3.2,10.7
2024-07-27 02:00:00,13.2777777777778,57.5,0,3.3,10.42
2024-07-27 02:15:00,13.6666666666667,55.4,0,3.6,10.8633333333333
2024-07-27 02:30:00,12.9444444444444,57.6,0,2.7,10.4575
2024-07-27 02:45:00,12.5,58.6,0,3,10.58
2024-07-27 03:00:00,12.2222222222222,60,0,3.2,10.646
2024-07-27 03:15:00,12.2777777777778,59.2,0,2.6,10.4875
2024-07-27 03:30:00,12.6111111111111,56.9,0,2.7,10.405
2024-07-27 03:45:00,12.3888888888889,57.9,0,2.6,9.718
2024-07-27 04:00:00,11.2777777777778,65.3,0,2.5,9.54225
2024-07-27 04:15:00,11.3888888888889,63.4,0,2.1,9.3665
2024-07-27 04:30:00,11.3888888888889,63.5,0,2.2,9.19075
2024-07-27 04:45:00,11.0555555555556,65.6,0,2.1,9.015
2024-07-27 05:00:00,12,61.4,0,2.7,8.92916666666667
2024-07-27 05:15:00,11.3888888888889,65.7,0,2.1,8.84333333333333
2024-07-27 05:30:00,11.2777777777778,66.2,0,2.7,8.7575
2024-07-27 05:45:00,10.5,70.8,4,2.3,8.45541666666666
2024-07-27 06:00:00,10.4444444444444,71.7,14,2.9,8.15333333333333
2024-07-27 06:15:00,11.0555555555556,70.3,31,2.5,7.79666666666667
2024-07-27 06:30:00,12,69.2,54,2.2,8.5175
2024-07-27 06:45:00,12.8333333333333,68.1,73,3.2,9.998
2024-07-27 07:00:00,13.6111111111111,68.6,119,2.9,11.344
2024-07-27 07:15:00,14.9444444444444,65.6,124,2.2,12.69
2024-07-27 07:30:00,15.5,66.7,103,1.6,13.54
2024-07-27 07:45:00,16.5555555555556,64.2,181,2.1,15.5675
2024-07-27 08:00:00,17.6666666666667,59.3,242,2.2,17.595
2024-07-27 08:15:00,18.2777777777778,57,313,2,18.345
2024-07-27 08:30:00,19.1111111111111,53.1,362,2.1,19.095
2024-07-27 08:45:00,19.1666666666667,51.4,276,2.1,19.845
2024-07-27 09:00:00,19.6111111111111,49.8,400,2.7,20.595
2024-07-27 09:15:00,19.7777777777778,49.7,351,2.9,20.8808333333333
2024-07-27 09:30:00,20.1111111111111,49.7,386,2.6,21.1666666666667
2024-07-27 09:45:00,20.3333333333333,49.2,399,3.3,21.4525
2024-07-27 10:00:00,21,46.7,394,2.7,22.115
2024-07-27 10:15:00,21.5,44.8,540,3.5,22.7775
2024-07-27 10:30:00,22,43.7,508,2.6,23.10625
2024-07-27 10:45:00,22.1666666666667,44.4,406,3,23.435
2024-07-27 11:00:00,22.6111111111111,43.3,476,2.4,23.76375
2024-07-27 11:15:00,23.2777777777778,38.9,499,2.2,24.0925
2024-07-27 11:30:00,23.8888888888889,37,629,2.3,24.42125
2024-07-27 11:45:00,24.7777777777778,34.2,636,2.3,24.75
2024-07-27 12:00:00,24.5,36.6,616,4.2,25.07875
2024-07-27 12:15:00,24.6666666666667,37.5,626,3.1,25.4075
2024-07-27 12:30:00,25.5555555555556,37,815,3.7,25.73625
2024-07-27 12:45:00,26.1111111111111,36.5,824,4.3,26.065
2024-07-27 13:00:00,26.1111111111111,36.2,605,4.4,26.39375
2024-07-27 13:15:00,26.3333333333333,34.5,525,4.1,26.7225
2024-07-27 13:30:00,26.3333333333333,33.5,496,4.3,27.05125
2024-07-27 13:45:00,26.6111111111111,32.9,503,3.7,27.38
2024-07-27 14:00:00,26.8333333333333,32,477,4.5,27.70875
2024-07-27 14:15:00,26.8333333333333,32.8,456,4.6,28.0375
2024-07-27 14:30:00,27.1111111111111,32,481,3.2,29.1316666666667
2024-07-27 14:45:00,27.5555555555556,31,494,3.9,30.2258333333333
2024-07-27 15:00:00,27.8888888888889,29.8,591,4.7,31.32
2024-07-27 15:15:00,28.3888888888889,27.4,568,5,31.2835
2024-07-27 15:30:00,28.5555555555556,28.3,574,5,31.247
2024-07-27 15:45:00,28.5555555555556,28.8,526,4.7,31.2105
2024-07-27 16:00:00,28.5,28.1,480,4.3,31.174
2024-07-27 16:15:00,28.5555555555556,28.7,434,3.8,31.1375
2024-07-27 16:30:00,28.3333333333333,28.9,365,3,31.25575
2024-07-27 16:45:00,28.9444444444444,27.9,447,3.1,31.374
2024-07-27 17:00:00,29.5,27.1,506,3,31.9851666666667
2024-07-27 17:15:00,29.3333333333333,27.2,406,2.6,32.5963333333333
2024-07-27 17:30:00,29.3333333333333,28.3,373,2.5,33.2075
2024-07-27 17:45:00,29.0555555555556,31.3,327,2.6,32.0133333333333
2024-07-27 18:00:00,29.1666666666667,33.3,280,1.6,30.8191666666667
2024-07-27 18:15:00,28.7777777777778,35.7,231,2.1,29.625
2024-07-27 18:30:00,28.3888888888889,37.4,205,1.7,28.4308333333333
2024-07-27 18:45:00,28.1111111111111,38.3,170,2.1,27.2366666666667
2024-07-27 19:00:00,27.4444444444444,37.6,118,2.1,26.0425
2024-07-27 19:15:00,26.9444444444444,36.2,86,1.6,24.8483333333333
2024-07-27 19:30:00,26.0555555555556,36.6,50,1.7,23.6541666666667
2024-07-27 19:45:00,24.5555555555556,44,50,1.9,22.46
2024-07-27 20:00:00,23.7222222222222,46.6,34,2.6,21.1475
2024-07-27 20:15:00,23.1666666666667,46.3,19,2.6,20.1566666666667
2024-07-27 20:30:00,22.5,46,8,3.3,19.474
2024-07-27 20:45:00,21.2222222222222,49.1,1,2.3,18.8333333333333
2024-07-27 21:00:00,20.7777777777778,49.5,0,3.1,18.8613888888889
2024-07-27 21:15:00,21.5555555555556,43.6,0,4.5,18.8894444444444
2024-07-27 21:30:00,22.1111111111111,41,0,4,18.9175
2024-07-27 21:45:00,21.9444444444444,42.8,0,3.5,19.27
2024-07-27 22:00:00,21.8333333333333,42.7,0,4.2,18.35
2024-07-27 22:15:00,20.2222222222222,47.8,0,2.5,17.28
2024-07-27 22:30:00,19.1111111111111,52.3,0,3.7,15.725
2024-07-27 22:45:00,19.7222222222222,48.2,0,4.2,15.5293333333333
2024-07-27 23:00:00,19.5555555555556,49.3,0,1.9,15.3336666666667
2024-07-27 23:15:00,19.6111111111111,49,0,2.6,15.138
2024-07-27 23:30:00,19.1111111111111,50.8,0,2.3,14.9423333333334
2024-07-27 23:45:00,19.3333333333333,50.7,0,2.8,14.7466666666667
2024-07-28 00:00:00,19.1666666666667,51,0,3.5,14.9875
2024-07-28 00:15:00,18.6666666666667,51,0,3.8,14.9175
2024-07-28 00:30:00,17.7777777777778,54.2,0,2.9,14.956
2024-07-28 00:45:00,17.5,54.7,0,2.5,14.9945
2024-07-28 01:00:00,17.1111111111111,55.9,0,2.1,15.033
2024-07-28 01:15:00,17.0555555555556,55.1,0,2.7,15.0715
2024-07-28 01:30:00,17.3888888888889,54.3,0,2.9,15.11
2024-07-28 01:45:00,17.6111111111111,55.8,0,3.8,13.9291666666667
2024-07-28 02:00:00,16.9444444444444,59.2,0,2.8,12.7483333333333
2024-07-28 02:15:00,16.8888888888889,59.4,0,3.2,11.5675
2024-07-28 02:30:00,16.4444444444444,61.3,0,2.5,11.54875
2024-07-28 02:45:00,16.5,60.1,0,2.3,11.53
2024-07-28 03:00:00,16.3333333333333,59.5,0,2.2,11.2544444444444
2024-07-28 03:15:00,16,59.7,0,2,10.9788888888889
2024-07-28 03:30:00,15.1111111111111,61.9,0,2.2,10.7033333333333
2024-07-28 03:45:00,15.2777777777778,60.7,0,3.2,10.4277777777778
2024-07-28 04:00:00,14.5,64.6,0,1.5,10.1522222222222
2024-07-28 04:15:00,15.0555555555556,63.2,0,2.8,9.87666666666667
2024-07-28 04:30:00,14.8888888888889,63.8,0,3.3,10.10375
2024-07-28 04:45:00,15.6666666666667,60.7,0,4.3,10.3308333333333
2024-07-28 05:00:00,14.8888888888889,64.7,0,3.3,10.5579166666667
2024-07-28 05:15:00,14.5555555555556,67.5,0,2.8,10.785
2024-07-28 05:30:00,14.5,68.5,0,2.5,10.3758333333333
2024-07-28 05:45:00,13.8333333333333,72,3,1.5,9.96666666666667
2024-07-28 06:00:00,13.1666666666667,75.5,12,2.6,9.8525
2024-07-28 06:15:00,14.3333333333333,71.5,25,4.2,10.8356666666667
2024-07-28 06:30:00,15.2777777777778,70.5,41,2.5,11.8188333333333
2024-07-28 06:45:00,15.5,71.5,61,3.4,12.802
2024-07-28 07:00:00,15.9444444444444,69.9,87,3.6,13.7275
2024-07-28 07:15:00,16.7222222222222,68.7,117,4.1,15
2024-07-28 07:30:00,18.0555555555556,65.9,149,3.4,16.6666666666667
2024-07-28 07:45:00,19.1111111111111,63.4,164,3.6,17.3544696969697
2024-07-28 08:00:00,19.9444444444444,60.9,196,4.1,18.0422727272728
2024-07-28 08:15:00,20.8333333333333,57.3,256,4.8,18.7300757575758
2024-07-28 08:30:00,21.5,54.5,308,6.5,19.4178787878788
2024-07-28 08:45:00,22.0555555555556,51.1,344,8.3,20.1056818181818
2024-07-28 09:00:00,22.7222222222222,49,384,7.1,20.7934848484849
2024-07-28 09:15:00,23.2222222222222,48.1,430,7.2,21.4812878787879
2024-07-28 09:30:00,23.2222222222222,50.6,482,7.2,22.1690909090909
2024-07-28 09:45:00,23.1666666666667,52.1,527,7.8,22.8568939393939
2024-07-28 10:00:00,23.4444444444444,51.1,483,7.6,23.544696969697
2024-07-28 10:15:00,23.2777777777778,52.7,477,6.9,24.2325
2024-07-28 10:30:00,22.8333333333333,53.4,335,5.7,24.1308333333333
2024-07-28 10:45:00,23.0555555555556,51.8,284,4.7,24.0291666666667
2024-07-28 11:00:00,23,52.7,313,4.8,23.9275
2024-07-28 11:15:00,23.3888888888889,48.8,377,4.6,24.798125
2024-07-28 11:30:00,23.8333333333333,46.6,355,4.8,25.66875
2024-07-28 11:45:00,23.9444444444444,45.8,335,3,26.539375
2024-07-28 12:00:00,24,45.2,347,1.9,27.41
2024-07-28 12:15:00,24.5,45.2,374,1.7,28.280625
2024-07-28 12:30:00,24.6666666666667,45.4,342,1.7,29.15125
2024-07-28 12:45:00,25.0555555555556,45,404,1.2,30.021875
2024-07-28 13:00:00,26.3333333333333,44,785,2.4,30.8925
2024-07-28 13:15:00,27.5555555555556,41.7,871,4,31.763125
2024-07-28 13:30:00,27.2777777777778,40.6,736,3.2,32.63375
2024-07-28 13:45:00,27.7777777777778,40.3,718,2.6,33.504375
2024-07-28 14:00:00,28.6111111111111,37.9,807,3.5,34.375
2024-07-28 14:15:00,28.1666666666667,37.8,507,4.7,34.3025
2024-07-28 14:30:00,27.9444444444444,37.1,438,4,34.23
2024-07-28 14:45:00,28.8888888888889,36,725,4.2,34.1575
2024-07-28 15:00:00,29.2777777777778,35.2,635,3.1,34.085
2024-07-28 15:15:00,29.6111111111111,34.7,701,3.8,35.9275
2024-07-28 15:30:00,30.1111111111111,33.5,741,3.5,37.77
2024-07-28 15:45:00,29.5555555555556,33.2,398,3.9,29.4233333333333
2024-07-28 16:00:00,29.4444444444444,32,485,4.5,29.7767857142857
2024-07-28 16:15:00,29.9444444444444,31.3,615,5,30.1302380952381
2024-07-28 16:30:00,30.5,31.5,710,5.5,30.4836904761905
2024-07-28 16:45:00,30.7777777777778,31.5,687,5.2,30.8371428571428
2024-07-28 17:00:00,30.6111111111111,32.1,508,5.1,31.1905952380952
2024-07-28 17:15:00,30.1111111111111,32.8,359,5.3,31.5440476190476
2024-07-28 17:30:00,30.1666666666667,31.8,377,4.9,31.8975
2024-07-28 17:45:00,30.1666666666667,31.4,395,4.4,32.092
2024-07-28 18:00:00,30.5,31.2,378,5,32.2865
2024-07-28 18:15:00,30,33.3,230,4,32.481
2024-07-28 18:30:00,30,32.4,324,3.3,32.6755
2024-07-28 18:45:00,30.1666666666667,32.4,255,2.2,32.87
2024-07-28 19:00:00,29.8888888888889,32.9,198,3,30.5
2024-07-28 19:15:00,29.5555555555556,33.4,149,2.9,28.13
2024-07-28 19:30:00,29.1666666666667,34.9,110,1.8,25.76
2024-07-28 19:45:00,27.9444444444444,41.8,77,1.9,23.39
2024-07-28 20:00:00,26.8333333333333,43.7,49,2.1,22.18
2024-07-28 20:15:00,25.6666666666667,46.2,25,2.1,20.97
2024-07-28 20:30:00,24.1666666666667,47.3,8,2.5,19.76
2024-07-28 20:45:00,23.3888888888889,46.9,2,2.8,18.55
2024-07-28 21:00:00,22.6666666666667,48.5,0,3,19.1633333333333
2024-07-28 21:15:00,22.5555555555556,49.4,0,3.7,20.42
2024-07-28 21:30:00,23.5,45.7,0,4.9,21.82
2024-07-28 21:45:00,23.0555555555556,46.8,0,4.3,21.275
2024-07-28 22:00:00,22.2777777777778,49.2,0,2.6,20.2866666666667
2024-07-28 22:15:00,21.5,50.8,0,3.4,18.874
2024-07-28 22:30:00,21.2222222222222,51,0,2.8,18.324
2024-07-28 22:45:00,20.3333333333333,54,0,1.8,16.202
2024-07-28 23:00:00,19.2777777777778,57,0,2.7,15.066
2024-07-28 23:15:00,18.7222222222222,57.8,0,2,13.93
2024-07-28 23:30:00,18.3888888888889,59.4,0,2.1,13.4533333333334
2024-07-28 23:45:00,17.2222222222222,64.1,0,2.7,12.9766666666667
2024-07-29 00:00:00,16.8888888888889,64.8,0,2.8,13.0255555555556
2024-07-29 00:15:00,16.1666666666667,67.1,0,3.2,13.0744444444444
2024-07-29 00:30:00,16.1111111111111,65,0,3.8,13.1233333333333
2024-07-29 00:45:00,15.1666666666667,68.1,0,3.8,12.585
2024-07-29 01:00:00,14.7777777777778,69.3,0,2.3,12.4066666666667
2024-07-29 01:15:00,15,67.3,0,2.5,12.2283333333333
2024-07-29 01:30:00,14.9444444444444,67.6,0,3,12.05
2024-07-29 01:45:00,13.7777777777778,73.7,0,2.1,11.2566666666667
2024-07-29 02:00:00,13.0555555555556,76.6,0,2.3,10.77
2024-07-29 02:15:00,12.7777777777778,77.9,0,1.8,10.9133333333334
2024-07-29 02:30:00,13,76.5,0,3.1,11.0566666666667
2024-07-29 02:45:00,14.3888888888889,71.1,0,3.5,11.0347222222223
2024-07-29 03:00:00,13.9444444444444,74.1,0,2.8,11.0127777777778
2024-07-29 03:15:00,14.1111111111111,74.6,0,2.8,10.9908333333334
2024-07-29 03:30:00,14.3888888888889,72.3,0,3.6,10.9688888888889
2024-07-29 03:45:00,13.9444444444444,73.1,0,3,10.9469444444445
2024-07-29 04:00:00,13.9444444444444,72.3,0,2.8,10.925
2024-07-29 04:15:00,14.6111111111111,69.6,0,4.4,11.092
2024-07-29 04:30:00,14.3888888888889,69.8,0,3.7,11.1343333333334
2024-07-29 04:45:00,14.6666666666667,69.2,0,4.9,11.1766666666667
2024-07-29 05:00:00,14.6111111111111,68.2,0,4.4,11.1555555555556
2024-07-29 05:15:00,14.7222222222222,68,0,4.4,11.1344444444444
2024-07-29 05:30:00,14.7222222222222,67,0,5,11.1133333333333
2024-07-29 05:45:00,14.2777777777778,68.5,3,2.8,10.6504166666666
2024-07-29 06:00:00,13.3333333333333,72.9,9,1.2,10.1875
2024-07-29 06:15:00,14.3333333333333,68.1,20,3.4,10.73625
2024-07-29 06:30:00,14.3888888888889,70.5,35,1.9,11.285
2024-07-29 06:45:00,15.5,68.2,80,2.4,12.83
2024-07-29 07:00:00,15.6666666666667,72,65,1.4,13.775
2024-07-29 07:15:00,16.3333333333333,70.4,83,2.4,15.09
2024-07-29 07:30:00,17.5555555555556,65.8,100,3.6,16.4866666666667
2024-07-29 07:45:00,17.9444444444444,65.2,94,3.1,16.794
2024-07-29 08:00:00,18.4444444444444,63.9,111,3,17.28
2024-07-29 08:15:00,18.8333333333333,62.3,106,3.2,17.466
2024-07-29 08:30:00,18.4444444444444,68.5,128,2.3,18.506
2024-07-29 08:45:00,19,69.6,244,1.8,19.546
2024-07-29 09:00:00,20.3888888888889,58.9,255,3.7,20.4625
2024-07-29 09:15:00,20.9444444444444,57.2,301,4.9,21.135
2024-07-29 09:30:00,22,52.4,441,6.2,21.9883333333333
2024-07-29 09:45:00,22.4444444444444,52,565,5.3,22.8416666666667
2024-07-29 10:00:00,22.3888888888889,52.2,565,5.1,23.695
2024-07-29 10:15:00,23.2777777777778,49.4,665,4,23.824875
2024-07-29 10:30:00,24,47.9,665,4.5,23.95475
2024-07-29 10:45:00,23.5555555555556,47.6,460,4.3,24.084625
2024-07-29 11:00:00,24.0555555555556,45.1,509,4.7,24.2145
2024-07-29 11:15:00,24.2222222222222,45.1,491,5.7,24.344375
2024-07-29 11:30:00,24,46.4,337,5.3,24.47425
2024-07-29 11:45:00,24.5555555555556,46,518,7.2,24.604125
2024-07-29 12:00:00,25,45.3,364,8.3,24.734
2024-07-29 12:15:00,24.2222222222222,47.3,303,9.1,24.534
2024-07-29 12:30:00,24.4444444444444,47.6,389,8,25.239
2024-07-29 12:45:00,24.8333333333333,48.5,498,8.6,25.944
2024-07-29 13:00:00,26.2777777777778,47.2,799,8.8,26.995
2024-07-29 13:15:00,25.2222222222222,50,432,9.1,26.8775
2024-07-29 13:30:00,25.5,49.8,616,9.3,26.76
2024-07-29 13:45:00,25.3333333333333,51.7,360,8.5,25.501
2024-07-29 14:00:00,24.6666666666667,53.3,231,8.7,24.242
2024-07-29 14:15:00,24.0555555555556,55,226,8.5,24.4588
2024-07-29 14:30:00,24.1666666666667,54.8,282,7.1,24.6756
2024-07-29 14:45:00,24.7777777777778,53.9,320,7.1,24.8924
2024-07-29 15:00:00,25.1111111111111,53.4,345,7.8,25.1092
2024-07-29 15:15:00,24.8888888888889,54,314,9.6,25.326
2024-07-29 15:30:00,24.7222222222222,54.3,262,9.1,24.59
2024-07-29 15:45:00,24.6111111111111,55,300,8.5,25.4775
2024-07-29 16:00:00,24.8888888888889,54.7,336,8.3,26.365
2024-07-29 16:15:00,25.6666666666667,52.7,394,8.9,26.8185
2024-07-29 16:30:00,25.8333333333333,52.7,412,7.8,27.272
2024-07-29 16:45:00,25.9444444444444,52.6,342,7.3,28.0225
2024-07-29 17:00:00,26.6666666666667,51.2,384,6.2,27.4295
2024-07-29 17:15:00,26.1111111111111,52.3,188,6.8,26.8365
2024-07-29 17:30:00,25.7222222222222,52.7,197,9.4,26.2435
2024-07-29 17:45:00,25.4444444444444,52.1,166,10.6,25.6505
2024-07-29 18:00:00,25.1111111111111,52.9,183,10.5,25.0575
2024-07-29 18:15:00,24.6666666666667,54.8,134,7.3,24.0725
2024-07-29 18:30:00,24.2222222222222,56.8,105,7.3,24.4325
2024-07-29 18:45:00,24.0555555555556,57.6,163,7.8,23.59725
2024-07-29 19:00:00,23.5,60.4,99,7.3,22.762
2024-07-29 19:15:00,23.0555555555556,61.1,60,5.3,22.2825
2024-07-29 19:30:00,22.6666666666667,61.7,29,8.6,21.7325
2024-07-29 19:45:00,21.7777777777778,65,24,8.3,21.1825
2024-07-29 20:00:00,21,69.6,23,6.6,20.6325
2024-07-29 20:15:00,20.8333333333333,69.7,14,5.8,20.2827083333333
2024-07-29 20:30:00,20.5555555555556,70.5,3,4.5,19.9329166666666
2024-07-29 20:45:00,20.3888888888889,70.6,1,4.5,19.583125
2024-07-29 21:00:00,20.6111111111111,69.3,0,3.2,19.2333333333333
2024-07-29 21:15:00,20.0555555555556,72.1,0,2.3,18.395
2024-07-29 21:30:00,19.6111111111111,74.9,0,2.5,18.32
2024-07-29 21:45:00,19.7777777777778,74.3,0,2.6,18.1875
2024-07-29 22:00:00,19.5,75.6,0,2.6,18.055
2024-07-29 22:15:00,19.3333333333333,76.1,0,1.8,17.9975
2024-07-29 22:30:00,19.5,75.2,0,1.6,17.94
2024-07-29 22:45:00,20.3333333333333,71.1,0,5,18.06625
2024-07-29 23:00:00,20.6666666666667,68.2,0,7.1,18.1925
2024-07-29 23:15:00,20.3333333333333,68.8,0,6.6,18.31875
2024-07-29 23:30:00,19.4444444444444,74.5,0,4.9,18.445
2024-07-29 23:45:00,18.8888888888889,77.9,0,2.7,17.7966666666667
2024-07-30 00:00:00,18.5555555555556,79.1,0,2.3,17.2833333333333
2024-07-30 00:15:00,18.2222222222222,80.4,0,1.7,16.8028571428571
2024-07-30 00:30:00,18.0555555555556,81.2,0,1.5,16.3223809523809
2024-07-30 00:45:00,17.9444444444444,81.5,0,1.7,15.8419047619047
2024-07-30 01:00:00,17.5,83.5,0,1,15.3614285714286
2024-07-30 01:15:00,16.6666666666667,87.1,0,1.5,14.8809523809524
2024-07-30 01:30:00,15.8333333333333,89.5,0,1.8,14.4004761904762
2024-07-30 01:45:00,15.8333333333333,87.5,0,2.1,13.92
2024-07-30 02:00:00,16.1666666666667,86.4,0,3.6,14.1433333333333
2024-07-30 02:15:00,16.1111111111111,87,0,3.7,14.1375
2024-07-30 02:30:00,16.2222222222222,86.1,0,3.9,14.0375
2024-07-30 02:45:00,16.2777777777778,85.6,0,3.8,13.9375
2024-07-30 03:00:00,16,86.2,0,3.6,13.8375
2024-07-30 03:15:00,15.6111111111111,87.2,0,2.2,13.7375
2024-07-30 03:30:00,15.2777777777778,87.8,0,1.4,13.6375
2024-07-30 03:45:00,15.4444444444444,87.2,0,1.1,13.7925
2024-07-30 04:00:00,16.1111111111111,84.5,0,2.2,14.35
2024-07-30 04:15:00,17.0555555555556,81.3,0,2.5,14.754
2024-07-30 04:30:00,17.2777777777778,81.8,0,3.2,15.1286666666667
2024-07-30 04:45:00,17.6666666666667,79.5,0,1.9,15.5033333333333
2024-07-30 05:00:00,17.3888888888889,80.8,0,2,15.05
2024-07-30 05:15:00,17,81.7,0,1.2,14.412
2024-07-30 05:30:00,15.9444444444444,84.9,0,1.9,14.563375
2024-07-30 05:45:00,15.7222222222222,83.7,2,1.7,14.71475
2024-07-30 06:00:00,15.2777777777778,86.2,9,3,14.866125
2024-07-30 06:15:00,16.3888888888889,80.8,29,4.1,15.0175
2024-07-30 06:30:00,16.8888888888889,81,52,1.8,14.8375
2024-07-30 06:45:00,17.1666666666667,81,52,2.3,15.09
2024-07-30 07:00:00,17.3333333333333,81.8,100,1.8,16.0141666666667
2024-07-30 07:15:00,19.2222222222222,76.4,179,1.6,16.9383333333333
2024-07-30 07:30:00,20.2222222222222,72.6,147,1.8,17.8625
2024-07-30 07:45:00,19.9444444444444,73.7,146,3.5,18.7866666666667
2024-07-30 08:00:00,20.2222222222222,73.4,257,3.6,19.7108333333333
2024-07-30 08:15:00,20.6666666666667,71.4,304,4.8,20.635
2024-07-30 08:30:00,21,69,343,4.7,21.294
2024-07-30 08:45:00,21.5555555555556,66.9,396,4.9,22.0433333333333
2024-07-30 09:00:00,22.1666666666667,64.6,440,4.7,22.513
2024-07-30 09:15:00,22.7222222222222,62.7,426,5.6,22.9826666666667
2024-07-30 09:30:00,23.1666666666667,59.8,497,6.1,23.4523333333333
2024-07-30 09:45:00,23.3888888888889,58.9,569,6.5,23.922
2024-07-30 10:00:00,23.5555555555556,57.6,582,6.3,24.323
2024-07-30 10:15:00,24.1111111111111,56.4,643,5.7,24.724
2024-07-30 10:30:00,24.0555555555556,55.7,461,6.2,25.125
2024-07-30 10:45:00,24.6111111111111,54,638,5.9,25.4379166666667
2024-07-30 11:00:00,25,53.4,678,6.1,25.7508333333333
2024-07-30 11:15:00,25.2777777777778,52.8,698,5.6,26.06375
2024-07-30 11:30:00,25.2777777777778,52.5,717,5.6,26.3766666666667
2024-07-30 11:45:00,25.6111111111111,51.5,739,5.1,26.6895833333333
2024-07-30 12:00:00,25.7777777777778,50.4,757,4.4,27.0025
2024-07-30 12:15:00,26.3888888888889,48.7,768,4.9,27.415
2024-07-30 12:30:00,26.7222222222222,47,780,4,27.8908333333333
2024-07-30 12:45:00,27,47.6,786,3.6,28.3666666666667
2024-07-30 13:00:00,27.7222222222222,46.2,711,2.6,28.52
2024-07-30 13:15:00,27.8333333333333,46.3,724,4.9,29.0466666666667
2024-07-30 13:30:00,28,46.6,792,4.2,30.415
2024-07-30 13:45:00,28.5,44.8,791,4.6,31.7833333333334
2024-07-30 14:00:00,28,46.1,444,2.7,33.1516666666667
2024-07-30 14:15:00,28.8333333333333,44.1,724,3,34.52
2024-07-30 14:30:00,28.6666666666667,45.3,668,3.4,35.7888888888889
2024-07-30 14:45:00,28.6666666666667,44,617,3.4,37.0577777777778
2024-07-30 15:00:00,28.8333333333333,43.9,635,3.7,38.3266666666667
2024-07-30 15:15:00,29.1666666666667,42.9,651,3.6,35.01
2024-07-30 15:30:00,29.4444444444444,42.2,650,4,35.0388888888889
2024-07-30 15:45:00,29.3888888888889,42.9,646,3.5,35.0677777777778
2024-07-30 16:00:00,29.6111111111111,41.7,621,4.3,35.0966666666667
2024-07-30 16:15:00,29.7222222222222,41.2,590,3.2,35.1255555555556
2024-07-30 16:30:00,29.8333333333333,41.4,557,4.3,35.1544444444444
2024-07-30 16:45:00,29.7222222222222,41.7,523,3.6,35.1833333333333
2024-07-30 17:00:00,30,40.9,488,4.5,35.2122222222222
2024-07-30 17:15:00,29.8333333333333,41.7,449,5,35.2411111111111
2024-07-30 17:30:00,29.8888888888889,41.1,411,6.5,35.27
2024-07-30 17:45:00,29.6666666666667,41.5,372,5.5,34.3241666666667
2024-07-30 18:00:00,29.3888888888889,42.3,331,5.4,33.3783333333333
2024-07-30 18:15:00,29.0555555555556,43.1,289,5.5,32.4325
2024-07-30 18:30:00,28.9444444444444,43.5,249,5.7,31.4866666666667
2024-07-30 18:45:00,28.7222222222222,44.6,212,4.7,30.5408333333333
2024-07-30 19:00:00,28.5555555555556,45,176,4.3,29.595
2024-07-30 19:15:00,28.2222222222222,45.6,141,3.2,28.6491666666667
2024-07-30 19:30:00,28.1111111111111,45.9,110,2.3,27.7033333333333
2024-07-30 19:45:00,27.6666666666667,47.7,80,3.4,26.7575
2024-07-30 20:00:00,27.2222222222222,47.8,55,2.4,25.8116666666667
2024-07-30 20:15:00,26.5,48.9,32,2.4,24.8658333333333
2024-07-30 20:30:00,25.7777777777778,49.3,7,3.1,23.92
2024-07-30 20:45:00,24.9444444444444,50.6,2,2.8,23.3966666666667
2024-07-30 21:00:00,23.2222222222222,56.2,0,3.2,22.8733333333333
2024-07-30 21:15:00,22.5,57.2,0,4.5,22.35
2024-07-30 21:30:00,23.3333333333333,52.7,0,4.2,21.8266666666667
2024-07-30 21:45:00,22.0555555555556,57.8,0,2.5,21.3033333333333
2024-07-30 22:00:00,21.4444444444444,59.5,0,2.8,20.78
2024-07-30 22:15:00,21,61,0,3.1,20.2566666666667
2024-07-30 22:30:00,20.7222222222222,60.5,0,2.7,19.7333333333333
2024-07-30 22:45:00,20.6111111111111,60.9,0,3.2,19.21
2024-07-30 23:00:00,20.7777777777778,59.5,0,4,18.6866666666667
2024-07-30 23:15:00,20.4444444444444,59.7,0,4.4,18.1633333333333
2024-07-30 23:30:00,20.8888888888889,59,0,5.7,17.64
2024-07-30 23:45:00,20.2777777777778,62.7,0,2.4,16.6
2024-07-31 00:00:00,19.6666666666667,65.9,0,2.3,15.56
2024-07-31 00:15:00,18.7222222222222,69.6,0,2,14.52
2024-07-31 00:30:00,18.7777777777778,70.5,0,3,14.484
2024-07-31 00:45:00,18.3888888888889,72.8,0,2.1,14.448
2024-07-31 01:00:00,18,73.8,0,2.7,14.884
2024-07-31 01:15:00,17.8333333333333,74.5,0,3,14.8775
2024-07-31 01:30:00,17.3333333333333,76.5,0,2.4,14.871
2024-07-31 01:45:00,17.1111111111111,77.3,0,2.5,14.8645
2024-07-31 02:00:00,16.8888888888889,77.7,0,2.2,14.858
2024-07-31 02:15:00,16.6666666666667,78.4,0,2.9,13.922
2024-07-31 02:30:00,16.5,78.9,0,3.2,13.545
2024-07-31 02:45:00,16.2777777777778,79.6,0,3.3,13.26
2024-07-31 03:00:00,16,79.9,0,3.1,12.975
2024-07-31 03:15:00,15.6111111111111,81.2,0,2.9,12.69
2024-07-31 03:30:00,15.5555555555556,80.8,0,3,12.4925
2024-07-31 03:45:00,15.3333333333333,81.7,0,2.3,12.295
2024-07-31 04:00:00,15.2222222222222,82,0,3.1,12.0975
2024-07-31 04:15:00,15.1111111111111,82.1,0,3.2,12.10975
2024-07-31 04:30:00,15.1666666666667,82.5,0,3.3,12.122
2024-07-31 04:45:00,15.0555555555556,82.8,0,3.5,12.055
2024-07-31 05:00:00,15,83.3,0,3.4,12.02
2024-07-31 05:15:00,14.3333333333333,86.3,0,2.7,11.9653333333333
2024-07-31 05:30:00,14.0555555555556,86.9,0,2.7,11.9106666666667
2024-07-31 05:45:00,13.6666666666667,88.2,3,2.5,11.856
2024-07-31 06:00:00,14.0555555555556,86.1,16,1.9,11.7346666666666
2024-07-31 06:15:00,14.2222222222222,87.3,37,2,11.6133333333333
2024-07-31 06:30:00,15.1111111111111,85.8,65,2.6,11.9866666666667
2024-07-31 06:45:00,16.3333333333333,83.7,90,2.2,13.3708333333334
2024-07-31 07:00:00,17.4444444444444,82.3,119,1.8,14.755
2024-07-31 07:15:00,18.5,79.4,149,1.2,16.55
2024-07-31 07:30:00,19.1666666666667,77.3,184,1.3,17.7833333333334
2024-07-31 07:45:00,19.5555555555556,75.2,198,2.2,19.0166666666667
2024-07-31 08:00:00,19.3888888888889,74.7,251,3.6,19.83
2024-07-31 08:15:00,19.5,73.4,302,3.7,20.2715
2024-07-31 08:30:00,19.9444444444444,71.5,340,3.8,20.713
2024-07-31 08:45:00,20,71.2,379,3.8,21.1545
2024-07-31 09:00:00,20.4444444444444,69.6,409,3.8,21.596
2024-07-31 09:15:00,20.8888888888889,68,399,3.9,21.9946666666667
2024-07-31 09:30:00,21.5555555555556,66.6,475,3.4,22.3933333333333
2024-07-31 09:45:00,21.8333333333333,66.4,529,3.7,22.46
2024-07-31 10:00:00,22.3888888888889,64.5,562,4,23.1333333333333
2024-07-31 10:15:00,22.8888888888889,62.8,595,4.2,23.56
2024-07-31 10:30:00,23.3888888888889,61.6,621,4.7,24.0006666666667
2024-07-31 10:45:00,23.6111111111111,61.5,648,3.9,24.4413333333333
2024-07-31 11:00:00,24.4444444444444,59.7,673,4.4,24.882
2024-07-31 11:15:00,24.7222222222222,59.6,697,5.4,25.425
2024-07-31 11:30:00,25.3333333333333,57.4,720,4.3,26.1245
2024-07-31 11:45:00,25.7222222222222,55.9,740,4.5,26.824
2024-07-31 12:00:00,26.1666666666667,53.7,753,5.1,26.884
2024-07-31 12:15:00,26.6111111111111,51.7,766,5.1,27.7187407407407
2024-07-31 12:30:00,26.9444444444444,50.1,779,4.9,28.5534814814815
2024-07-31 12:45:00,27.5555555555556,46.9,786,4.1,29.3882222222222
2024-07-31 13:00:00,27.8333333333333,46.4,713,4.3,30.222962962963
2024-07-31 13:15:00,28.1666666666667,46.3,726,2.9,31.0577037037037
2024-07-31 13:30:00,28.7777777777778,45.1,792,3.5,31.8924444444445
2024-07-31 13:45:00,29.1666666666667,43.6,791,3.9,32.7271851851852
2024-07-31 14:00:00,29.5,39.2,768,4.1,33.561925925926
2024-07-31 14:15:00,29.7777777777778,38.4,719,3.5,34.3966666666667
2024-07-31 14:30:00,29.8333333333333,39.7,665,3.4,34.6663703703704
2024-07-31 14:45:00,30.5,37.3,613,5.3,34.9360740740741
2024-07-31 15:00:00,30.8333333333333,37,633,6.2,35.2057777777778
2024-07-31 15:15:00,31.1666666666667,36.5,650,6.4,35.4754814814815
2024-07-31 15:30:00,31.5,35.2,650,5.2,35.7451851851852
2024-07-31 15:45:00,31.5555555555556,34.9,649,3.5,36.0148888888889
2024-07-31 16:00:00,32,34.6,627,3.8,36.2845925925926
2024-07-31 16:15:00,32.1111111111111,34.5,595,4.9,36.5542962962963
2024-07-31 16:30:00,32.1111111111111,34.9,561,5.3,36.824
2024-07-31 16:45:00,32.2777777777778,34.2,527,5.2,36.4832
2024-07-31 17:00:00,32.4444444444444,34.7,492,4.5,36.1424
2024-07-31 17:15:00,32.3888888888889,35.4,457,4.9,35.8016
2024-07-31 17:30:00,32.3333333333333,34.9,410,4.3,35.4608
2024-07-31 17:45:00,32.2777777777778,33.9,369,4.9,35.12
2024-07-31 18:00:00,32.3888888888889,33.7,326,4,34.84
2024-07-31 18:15:00,32.1111111111111,33.9,278,4.6,33.54
2024-07-31 18:30:00,31.7222222222222,33.6,223,4.5,33.518
2024-07-31 18:45:00,31.6666666666667,32.8,193,2.7,34.085
2024-07-31 19:00:00,31.1666666666667,35.3,169,1.6,31.0955
2024-07-31 19:15:00,30.8333333333333,40.6,147,0.8,28.106
2024-07-31 19:30:00,29.7777777777778,47.7,113,1.3,25.7725
2024-07-31 19:45:00,28.5555555555556,49.9,81,1.5,24.26325
2024-07-31 20:00:00,27.1111111111111,58.2,53,2.3,22.754
2024-07-31 20:15:00,25.8888888888889,56.4,21,2.4,21.67825
2024-07-31 20:30:00,25.0555555555556,53.9,6,3.5,20.6025
2024-07-31 20:45:00,24.5555555555556,52.8,2,3.5,20.643
2024-07-31 21:00:00,24.2222222222222,52.3,0,4.2,20.6835
2024-07-31 21:15:00,24.1111111111111,51.4,0,5.2,20.724
2024-07-31 21:30:00,23.8888888888889,51.5,0,5.1,20.4875
2024-07-31 21:45:00,23.8888888888889,51,0,5.7,20.6375
2024-07-31 22:00:00,23.7777777777778,51.5,0,5.7,20.5325
2024-07-31 22:15:00,23.7777777777778,51.4,0,6.1,20.4589285714286
2024-07-31 22:30:00,23.8333333333333,51.2,0,5.8,20.3853571428571
2024-07-31 22:45:00,23.7222222222222,51.3,0,6.2,20.3117857142857
2024-07-31 23:00:00,23.7777777777778,50.9,0,6,20.2382142857143
2024-07-31 23:15:00,23.5555555555556,51.4,0,5.1,20.1646428571429
2024-07-31 23:30:00,23.5555555555556,51,0,6.2,20.0910714285714
2024-07-31 23:45:00,23.4444444444444,51.3,0,5.6,20.0175
2024-08-01 00:00:00,23.3333333333333,51.4,0,5.3,19.6725
2024-08-01 00:15:00,23.1666666666667,51.9,0,4.9,19.5516666666667
2024-08-01 00:30:00,22.7222222222222,53.5,0,4.5,19.4308333333333
2024-08-01 00:45:00,22.3888888888889,53.8,0,4,19.31
2024-08-01 01:00:00,21.5,56.6,0,4.3,18.996
2024-08-01 01:15:00,21.5555555555556,55.6,0,4,18.682
2024-08-01 01:30:00,21.6666666666667,54.6,0,4.1,18.566
2024-08-01 01:45:00,22.1666666666667,52.3,0,4.8,18.45
2024-08-01 02:00:00,21.0555555555556,56.2,0,3.8,18.104
2024-08-01 02:15:00,20.3888888888889,58.4,0,4,17.9
2024-08-01 02:30:00,20.2777777777778,58.4,0,4.3,17.7225
2024-08-01 02:45:00,19.8888888888889,60.1,0,4.9,16.68
2024-08-01 03:00:00,19.6111111111111,61,0,4.8,15.502
2024-08-01 03:15:00,19.2777777777778,62.3,0,3.5,14.7025
2024-08-01 03:30:00,18.3888888888889,65.8,0,2.9,13.9025
2024-08-01 03:45:00,17.7777777777778,68.5,0,2.6,14.246
2024-08-01 04:00:00,18.2222222222222,66.6,0,3.5,14.3672
2024-08-01 04:15:00,18.6666666666667,64.4,0,3.9,14.4884
2024-08-01 04:30:00,18,66.7,0,2.1,14.6096
2024-08-01 04:45:00,17.5555555555556,67.4,0,2.8,14.7308
2024-08-01 05:00:00,17.1666666666667,68.8,0,2,14.852
2024-08-01 05:15:00,17.4444444444444,67.8,0,3,14.5825
2024-08-01 05:30:00,17,69.3,0,2,14.313
2024-08-01 05:45:00,16.1666666666667,73,3,1.9,14.0435
2024-08-01 06:00:00,15.6666666666667,75.3,12,3.1,13.774
2024-08-01 06:15:00,15.8888888888889,75.5,31,2.3,13.61
2024-08-01 06:30:00,16.6666666666667,75.8,58,2.3,14.4175
2024-08-01 06:45:00,17.6666666666667,76.1,86,1.7,15.225
2024-08-01 07:00:00,19.2222222222222,72.6,115,1.7,16.9125
2024-08-01 07:15:00,21.1111111111111,67.4,144,1.5,18.0654166666667
2024-08-01 07:30:00,22.3888888888889,63.2,175,1.8,19.2183333333333
2024-08-01 07:45:00,23.5,58.8,192,3,20.37125
2024-08-01 08:00:00,24.2777777777778,56.9,247,3,21.5241666666667
2024-08-01 08:15:00,24.4444444444444,57.5,298,3.4,22.6770833333333
2024-08-01 08:30:00,24.7222222222222,56.8,336,3.6,23.83
2024-08-01 08:45:00,24.7222222222222,58.6,374,4.3,24.27
2024-08-01 09:00:00,25.1111111111111,56,400,3.8,24.71
2024-08-01 09:15:00,25.7777777777778,54.3,393,3.4,25.15
2024-08-01 09:30:00,26.1111111111111,53.3,470,3.9,25.6873333333333
2024-08-01 09:45:00,26.6666666666667,51.5,521,3.5,26.2246666666667
2024-08-01 10:00:00,27.1666666666667,52.4,554,2.9,26.762
2024-08-01 10:15:00,27.5,51.6,586,2.2,27.125
2024-08-01 10:30:00,28.2777777777778,49.5,612,2.7,27.65225
2024-08-01 10:45:00,28.7777777777778,48.3,644,2.5,28.1795
2024-08-01 11:00:00,29.5555555555556,46.7,670,2.6,28.70675
2024-08-01 11:15:00,29.8333333333333,46.6,692,2.1,29.234
2024-08-01 11:30:00,30.5,46.2,712,3.1,29.76125
2024-08-01 11:45:00,30.8333333333333,45.8,730,3.8,30.2885
2024-08-01 12:00:00,31.1111111111111,44,745,4,30.81575
2024-08-01 12:15:00,31.5,42.9,758,4.1,31.343
2024-08-01 12:30:00,32.2222222222222,41.6,760,3.3,31.87025
2024-08-01 12:45:00,32.3888888888889,40.3,759,3.6,32.3975
2024-08-01 13:00:00,32.6666666666667,39.7,689,4.1,33.3042857142857
2024-08-01 13:15:00,32.8333333333333,39.1,708,4.2,34.2110714285714
2024-08-01 13:30:00,32.9444444444444,38.7,769,4.6,35.1178571428571
2024-08-01 13:45:00,33.3333333333333,38.2,764,4.7,36.0246428571429
2024-08-01 14:00:00,33.3888888888889,38.4,742,4.6,36.9314285714286
2024-08-01 14:15:00,33.7777777777778,37.2,699,4.7,37.8382142857143
2024-08-01 14:30:00,33.6666666666667,37.6,645,4.7,38.745
2024-08-01 14:45:00,33.8888888888889,37.7,590,4.8,38.592
2024-08-01 15:00:00,33.8333333333333,37.4,610,5.3,38.496
2024-08-01 15:15:00,34,37,620,5,38.4325
2024-08-01 15:30:00,34.0555555555556,36.8,611,5.1,38.5085
2024-08-01 15:45:00,34.2222222222222,36.1,599,5.1,38.5845
2024-08-01 16:00:00,34.3333333333333,36.4,589,4.7,38.6605
2024-08-01 16:15:00,34.3888888888889,35.2,565,4.9,38.7365
2024-08-01 16:30:00,34.5,34.7,534,5.4,38.8125
2024-08-01 16:45:00,34.3888888888889,35.7,504,5.5,38.414
2024-08-01 17:00:00,34.4444444444444,35.9,465,5.1,38.578
2024-08-01 17:15:00,34.3888888888889,35.8,426,4.9,38.442
2024-08-01 17:30:00,34.2777777777778,36.6,389,4.6,38.074
2024-08-01 17:45:00,34,37.5,347,4.8,37.9875
2024-08-01 18:00:00,33.7777777777778,38.5,308,4.7,36.9
2024-08-01 18:15:00,33.5,38.8,267,5.1,35.6975
2024-08-01 18:30:00,33.1666666666667,39.3,228,4.7,35.195
2024-08-01 18:45:00,32.9444444444444,39.6,189,5,34.554
2024-08-01 19:00:00,32.2777777777778,40.7,153,4.3,33.6025
2024-08-01 19:15:00,31.6666666666667,40.8,120,4.5,29.645
2024-08-01 19:30:00,31.1666666666667,40.5,89,3.8,28.032
2024-08-01 19:45:00,30.7777777777778,40,62,3.4,27.0075
2024-08-01 20:00:00,30.6111111111111,38.5,38,3.8,26.5825
2024-08-01 20:15:00,30.2222222222222,38.4,19,3.5,26.575
2024-08-01 20:30:00,29.3888888888889,39.5,6,3.1,25.825
2024-08-01 20:45:00,29.2222222222222,37.3,1,4.1,25.9075
2024-08-01 21:00:00,29.5,35.4,0,4.5,25.19
2024-08-01 21:15:00,29.2777777777778,36.1,0,4.7,25.418
2024-08-01 21:30:00,29,36,0,4.9,25.7775
2024-08-01 21:45:00,28.7777777777778,36.4,0,5,25.096
2024-08-01 22:00:00,28.1666666666667,38.5,0,3,22.91
2024-08-01 22:15:00,28.8333333333333,37,0,4.2,21.61
2024-08-01 22:30:00,29.2222222222222,36.5,0,4.5,21.265
2024-08-01 22:45:00,29.3333333333333,36.4,0,5,24.52
2024-08-01 23:00:00,28.5555555555556,38.6,0,3.6,24.044
2024-08-01 23:15:00,27.6666666666667,40,0,3.4,22.7675
2024-08-01 23:30:00,26.1666666666667,44.5,0,2.6,20.5025
2024-08-01 23:45:00,26.3888888888889,43.1,0,2.9,20.328
2024-08-02 00:00:00,26.2222222222222,43.3,0,3,21.69
2024-08-02 00:15:00,25.7222222222222,44.7,0,3.8,20.606
2024-08-02 00:30:00,26.7222222222222,40.6,0,4.2,21.39
2024-08-02 00:45:00,25.8333333333333,42.6,0,3.5,22.5725
2024-08-02 01:00:00,26.5,40.4,0,2.9,22.202
2024-08-02 01:15:00,24.6666666666667,47.1,0,1.4,20.0225
2024-08-02 01:30:00,24.0555555555556,49.2,0,1.1,18.404
2024-08-02 01:45:00,22.5555555555556,54.7,0,1.6,17.55
2024-08-02 02:00:00,22.8333333333333,53.2,0,1.9,17.406
2024-08-02 02:15:00,22.8888888888889,53,0,2.5,17.82
2024-08-02 02:30:00,22.7777777777778,53.1,0,1.8,17.3233333333333
2024-08-02 02:45:00,23.1666666666667,51.5,0,2,17.754
2024-08-02 03:00:00,23.2777777777778,51,0,1.7,16.9275
2024-08-02 03:15:00,22.4444444444444,54.3,0,1.5,16.4825
2024-08-02 03:30:00,23.5,49.8,0,2.9,16.38
2024-08-02 03:45:00,23.3888888888889,50.7,0,3.1,17.4
2024-08-02 04:00:00,22.3333333333333,54.3,0,2.3,16.6666666666667
2024-08-02 04:15:00,21.6666666666667,57.1,0,2.2,16.605
2024-08-02 04:30:00,22.6111111111111,53.6,0,4.1,16.7325
2024-08-02 04:45:00,22.2222222222222,55.6,0,2.7,16.95875
2024-08-02 05:00:00,20.3333333333333,63.7,0,2.6,17.185
2024-08-02 05:15:00,20.1666666666667,62.3,0,3.3,17.4191666666666
2024-08-02 05:30:00,19.9444444444444,63.3,0,3.1,17.6533333333333
2024-08-02 05:45:00,20.5555555555556,61,1,3.6,17.0633333333333
2024-08-02 06:00:00,20.5555555555556,60.7,7,3.2,17.0725
2024-08-02 06:15:00,20.2777777777778,63.2,20,2.9,17.752
2024-08-02 06:30:00,20.9444444444444,61.3,37,3.1,17.9525
2024-08-02 06:45:00,20.6666666666667,66.2,57,1.7,18.2633333333333
2024-08-02 07:00:00,21.1666666666667,67.8,81,2.1,19.05
2024-08-02 07:15:00,22.7777777777778,63.9,106,2,19.98
2024-08-02 07:30:00,23.7222222222222,65.3,131,1.7,21.154
2024-08-02 07:45:00,24.9444444444444,64.8,154,1.1,22.61
2024-08-02 08:00:00,26.3888888888889,60,197,1.3,23.9333333333333
2024-08-02 08:15:00,27.6111111111111,51.9,232,1.5,25.2366666666667
2024-08-02 08:30:00,28.2777777777778,52.2,266,2.1,26.5375
2024-08-02 08:45:00,29.0555555555556,45.3,282,3.2,26.9875
2024-08-02 09:00:00,29.3333333333333,42.7,312,3.3,27.4266666666667
2024-08-02 09:15:00,29.5555555555556,42.4,323,3.6,27.632
2024-08-02 09:30:00,29.8888888888889,43,399,4.2,28.285
2024-08-02 09:45:00,30.3888888888889,42.8,453,4.5,28.598
2024-08-02 10:00:00,30.6666666666667,42.1,477,5,28.93
2024-08-02 10:15:00,30.8888888888889,42,530,5,29.362
2024-08-02 10:30:00,31.1111111111111,42.4,553,4.9,29.795
2024-08-02 10:45:00,31.2777777777778,42.2,589,4.9,29.8825
2024-08-02 11:00:00,31.6666666666667,42.6,614,3.7,30.4225
2024-08-02 11:15:00,32.1666666666667,43,636,3.4,30.5925
2024-08-02 11:30:00,32.7222222222222,41.4,666,4.3,31.58
2024-08-02 11:45:00,33.2777777777778,40.7,695,5.3,32.0175
2024-08-02 12:00:00,33.6666666666667,42.4,719,5.7,32.276
2024-08-02 12:15:00,34.3333333333333,42,742,5.7,32.9275
2024-08-02 12:30:00,34.7222222222222,39.7,749,4.7,33.72
2024-08-02 12:45:00,35.5,35.6,758,3,33.962
2024-08-02 13:00:00,36.1111111111111,35.2,698,2.6,34.336
2024-08-02 13:15:00,36.5555555555556,34.2,709,2.7,35.08
2024-08-02 13:30:00,37.2777777777778,30.5,758,2.4,35.528
2024-08-02 13:45:00,37.3888888888889,29.7,729,2.7,38.6775
2024-08-02 14:00:00,37.7222222222222,28.7,719,3,40.345
2024-08-02 14:15:00,37.8888888888889,27.3,684,3,38.885
2024-08-02 14:30:00,38,26.2,612,2,38.618
2024-08-02 14:45:00,38,26.9,590,2.3,40.365
2024-08-02 15:00:00,38.5,24.9,607,3.1,40.9425
2024-08-02 15:15:00,38.6666666666667,24.1,620,3,41.368
2024-08-02 15:30:00,38.7222222222222,24.1,614,2,42.3875
2024-08-02 15:45:00,38.9444444444444,24.9,603,2.8,42.1133333333333
2024-08-02 16:00:00,38.7777777777778,26.8,585,2.9,42.208
2024-08-02 16:15:00,38.8888888888889,26,560,2.7,43.265
2024-08-02 16:30:00,39,25.9,532,2.4,42.552
2024-08-02 16:45:00,39.0555555555556,26.2,505,2.8,41.78
2024-08-02 17:00:00,38.7777777777778,26.8,426,2.7,41.102
2024-08-02 17:15:00,38.2777777777778,29.7,344,2.7,39.545
2024-08-02 17:30:00,38.7222222222222,26.8,291,3,38.3575
2024-08-02 17:45:00,38.6111111111111,27.4,284,3.4,38.445
2024-08-02 18:00:00,38.2777777777778,29.1,243,3.3,38.755
2024-08-02 18:15:00,38.1666666666667,30.2,263,3.4,38.2233333333333
2024-08-02 18:30:00,38.1666666666667,29.4,240,3.8,38.6733333333333
2024-08-02 18:45:00,37.9444444444444,29.9,197,3.2,37.1166666666667
2024-08-02 19:00:00,37.2222222222222,34,159,2.6,35.722
2024-08-02 19:15:00,35.3333333333333,41.3,121,2.5,30.61
2024-08-02 19:30:00,34.2222222222222,42.7,88,2.9,28.6266666666667
2024-08-02 19:45:00,33.4444444444444,41.7,59,2.7,27.474
2024-08-02 20:00:00,32.6111111111111,40,36,3.4,26
2024-08-02 20:15:00,31.9444444444444,37.9,19,3.7,25.845
2024-08-02 20:30:00,31.6666666666667,35.6,9,4,25.325
2024-08-02 20:45:00,31.1111111111111,35.5,3,4.1,25.235
2024-08-02 21:00:00,30.7222222222222,35.6,0,4.6,24.775
2024-08-02 21:15:00,27.7777777777778,44.3,0,2.6,23.3325
2024-08-02 21:30:00,28.7777777777778,40,0,4,24.73
2024-08-02 21:45:00,28.1111111111111,41.6,0,4.5,23.55
2024-08-02 22:00:00,28.7222222222222,38.8,0,3.9,22.7266666666667
2024-08-02 22:15:00,28.5555555555556,38.9,0,2.7,21.628
2024-08-02 22:30:00,29.0555555555556,37.2,0,3.6,23.705
2024-08-02 22:45:00,28,38.6,0,3,23.164
2024-08-02 23:00:00,28.5,37.2,0,3.4,21.84
2024-08-02 23:15:00,28.1666666666667,40.8,0,2.7,23.1
2024-08-02 23:30:00,26.7222222222222,46.5,0,1.7,20.754
2024-08-02 23:45:00,25.3333333333333,51.4,0,1.1,19.9966666666667
2024-08-03 00:00:00,25.1666666666667,52.8,0,1.7,19.2633333333333
2024-08-03 00:15:00,24.7222222222222,55.5,0,2.6,19.195
2024-08-03 00:30:00,24.3888888888889,58.3,0,3.1,20.8925
2024-08-03 00:45:00,25.0555555555556,57.4,0,4,21.815
2024-08-03 01:00:00,25.2777777777778,56.3,0,4.7,23.376
2024-08-03 01:15:00,25.8888888888889,54.2,0,5.4,24.065
2024-08-03 01:30:00,26.1666666666667,53.9,0,4.5,24.3
2024-08-03 01:45:00,26.3333333333333,53.4,0,4.5,23.325
2024-08-03 02:00:00,26.2777777777778,52.8,0,4.6,23.1575
2024-08-03 02:15:00,25.8888888888889,53.6,0,4.4,23.148
2024-08-03 02:30:00,25.2777777777778,56,0,4.3,22.73
2024-08-03 02:45:00,24.3888888888889,59.2,0,4.3,21.6425
2024-08-03 03:00:00,23.0555555555556,65.1,0,4.1,20.91
2024-08-03 03:15:00,22.8888888888889,65.6,0,2.8,20.8425
2024-08-03 03:30:00,22.2777777777778,68.3,0,1.6,19.768
2024-08-03 03:45:00,22.1111111111111,68.5,0,1.8,18.8966666666667
2024-08-03 04:00:00,22.1111111111111,68.2,0,2.3,18.768
2024-08-03 04:15:00,22.5,66.1,0,2.2,18.475
2024-08-03 04:30:00,22.2777777777778,67.2,0,1.9,17.965
2024-08-03 04:45:00,21.6111111111111,70.6,0,2.3,18.4025
2024-08-03 05:00:00,21.6111111111111,70,0,3,18.6775
2024-08-03 05:15:00,21.8333333333333,69.2,0,3.1,18.5
2024-08-03 05:30:00,21.5,70.9,0,1.9,18.1825
2024-08-03 05:45:00,21.2222222222222,71.8,0,1.6,19.018
2024-08-03 06:00:00,21,71.7,4,2.3,19.39
2024-08-03 06:15:00,21.0555555555556,71.2,6,2.4,19.73
2024-08-03 06:30:00,21.2222222222222,70.6,18,1.9,19.0633333333333
2024-08-03 06:45:00,21.2777777777778,71.2,32,1.8,18.918
2024-08-03 07:00:00,21.5,71.4,79,3,20.5875
2024-08-03 07:15:00,22.3888888888889,70.1,82,2.7,21.6725
2024-08-03 07:30:00,22.8888888888889,68.8,64,0.9,21.62
2024-08-03 07:45:00,23.2222222222222,68.8,74,1.4,21.785
2024-08-03 08:00:00,23.6111111111111,67.7,115,2.8,22.804
2024-08-03 08:15:00,23.9444444444444,67.4,126,3.5,23.29
2024-08-03 08:30:00,24.5,65.1,172,4.1,23.9325
2024-08-03 08:45:00,24.7777777777778,64.9,188,4.1,24.425
2024-08-03 09:00:00,24.7222222222222,66.2,253,3.9,25.114
2024-08-03 09:15:00,25.7777777777778,62.9,365,4.7,25.928
2024-08-03 09:30:00,26.4444444444444,58.2,300,4.9,26.1475
2024-08-03 09:45:00,26.9444444444444,56.6,396,4.4,27.2725
2024-08-03 10:00:00,27.5,54.3,347,4.2,27.17
2024-08-03 10:15:00,27.4444444444444,54.6,253,4.4,26.6366666666667
2024-08-03 10:30:00,27.5,54.9,271,3.6,26.89
2024-08-03 10:45:00,28.0555555555556,52.4,254,3,27.295
2024-08-03 11:00:00,28.5,49.5,335,5.3,27.93
2024-08-03 11:15:00,28.9444444444444,47.7,317,5.5,28.206
2024-08-03 11:30:00,29.9444444444444,45.7,553,5.6,29.856
2024-08-03 11:45:00,30.8888888888889,44.1,661,6.3,30.142
2024-08-03 12:00:00,31.0555555555556,43.7,512,6,30.455
2024-08-03 12:15:00,31.0555555555556,41,516,5,30.5275
2024-08-03 12:30:00,31.7777777777778,40,631,4.9,30.99
2024-08-03 12:45:00,31.6111111111111,41.3,446,4.2,31.2175
2024-08-03 13:00:00,31.4444444444444,41.9,397,3.5,30.6675
2024-08-03 13:15:00,31.2222222222222,43.7,401,3.3,31.5566666666667
2024-08-03 13:30:00,31.5,45.1,467,3.1,31.87
2024-08-03 13:45:00,31.3333333333333,44.8,254,2.4,30.215
2024-08-03 14:00:00,31.1111111111111,45.7,186,2.4,29.35
2024-08-03 14:15:00,31.2777777777778,44,193,2.3,29.525
2024-08-03 14:30:00,31.1111111111111,45.6,165,2.4,28.09
2024-08-03 14:45:00,29.8888888888889,55.6,68,1,26.96
2024-08-03 15:00:00,29.0555555555556,60.1,64,1.8,26.635
2024-08-03 15:15:00,29.1666666666667,57.9,91,1.6,26.7675
2024-08-03 15:30:00,28.7777777777778,60.7,114,1.2,27.205
2024-08-03 15:45:00,28.5555555555556,59.5,146,2.7,27.365
2024-08-03 16:00:00,28.3888888888889,57.4,191,2.4,27.922
2024-08-03 16:15:00,28.6666666666667,55.1,194,1.9,27.985
2024-08-03 16:30:00,28.9444444444444,52.4,161,1.5,27.835
2024-08-03 16:45:00,29.2777777777778,50.1,296,1.7,31.2175
2024-08-03 17:00:00,29.6111111111111,50.3,184,1.7,28.5
2024-08-03 17:15:00,29.5555555555556,49.6,132,1.3,27.472
2024-08-03 17:30:00,29.1111111111111,56,111,1.9,26.455
2024-08-03 17:45:00,28.5555555555556,59.4,87,1.6,26.358
2024-08-03 18:00:00,28.5,51.7,64,1.8,26.135
2024-08-03 18:15:00,28,52.5,52,2.2,25.655
2024-08-03 18:30:00,27.6666666666667,51.7,47,2.6,25.25
2024-08-03 18:45:00,27.4444444444444,50.9,42,3.2,25.28
2024-08-03 19:00:00,27.8888888888889,47,38,3.3,25.05
2024-08-03 19:15:00,27.9444444444444,46.5,40,3.1,25.06
2024-08-03 19:30:00,28,47.3,40,3.1,25.28
2024-08-03 19:45:00,28.0555555555556,46.4,21,2.7,24.925
2024-08-03 20:00:00,28.2777777777778,43.5,7,2.9,24.8425
2024-08-03 20:15:00,28.1666666666667,43,2,3.2,24.0733333333333
2024-08-03 20:30:00,28.1666666666667,42.4,1,2.6,23.93
2024-08-03 20:45:00,27.8888888888889,42.7,0,3.3,24.24
2024-08-03 21:00:00,27.1111111111111,45.5,0,2.1,23.4766666666667
2024-08-03 21:15:00,25.7222222222222,52.9,0,1.7,22.65
2024-08-03 21:30:00,25.7777777777778,51.6,0,1.1,21.852
2024-08-03 21:45:00,25,55.3,0,2.2,21.6925
2024-08-03 22:00:00,24.6666666666667,56.1,0,3.4,21.9133333333333
2024-08-03 22:15:00,24.6666666666667,54.9,0,3.1,21.7875
2024-08-03 22:30:00,24.5,54.7,0,3,21.79
2024-08-03 22:45:00,24.3888888888889,54.3,0,2.1,21.26
2024-08-03 23:00:00,24.0555555555556,55.8,0,3.2,21.33
2024-08-03 23:15:00,23.5,57.4,0,1.5,21.075
2024-08-03 23:30:00,22.8888888888889,59.9,0,1.6,20.6975
2024-08-03 23:45:00,22.3888888888889,62,0,2.2,20.2833333333333
2024-08-04 00:00:00,22.7222222222222,60.3,0,1.8,20.665
2024-08-04 00:15:00,22.7777777777778,62,0,2,20.58
2024-08-04 00:30:00,23.0555555555556,60.6,0,1.6,20.3775
2024-08-04 00:45:00,23,61,0,2.3,20.7166666666667
2024-08-04 01:00:00,22.5555555555556,63.4,0,1.5,20.7425
2024-08-04 01:15:00,22.7777777777778,62.3,0,1.8,20.5866666666667
2024-08-04 01:30:00,22.4444444444444,62.9,0,1.3,18.3175
2024-08-04 01:45:00,22,65.4,0,1.3,17.815
2024-08-04 02:00:00,22.2222222222222,63.5,0,1.6,17.7433333333333
2024-08-04 02:15:00,22.9444444444444,59.5,0,3.3,18.16
2024-08-04 02:30:00,23.0555555555556,59.4,0,3.2,18.4566666666667
2024-08-04 02:45:00,23.1666666666667,59.1,0,1.9,18.328
2024-08-04 03:00:00,22.6666666666667,60.2,0,2.4,18.652
2024-08-04 03:15:00,22.1666666666667,61.2,0,1.6,18.23
2024-08-04 03:30:00,22.3888888888889,61.1,0,2.4,18.345
2024-08-04 03:45:00,21.8888888888889,64,0,2.3,18.46
2024-08-04 04:00:00,21.3333333333333,65.3,0,1.6,18.2466666666667
2024-08-04 04:15:00,21.5555555555556,65.3,0,1.7,18.095
2024-08-04 04:30:00,21.6111111111111,65.7,0,3,18.45
2024-08-04 04:45:00,21.8333333333333,65.2,0,2.8,18.875
2024-08-04 05:00:00,21,69.7,0,2.5,18.6
2024-08-04 05:15:00,21.1666666666667,69.1,0,4,18.805
2024-08-04 05:30:00,21.8888888888889,62.5,0,2.7,18.825
2024-08-04 05:45:00,20.8333333333333,69.3,0,1.9,18.686
2024-08-04 06:00:00,20.4444444444444,74.6,1,2.6,18.62
2024-08-04 06:15:00,20.2777777777778,76.3,11,2.4,18.76
2024-08-04 06:30:00,20.7222222222222,73.2,21,3.2,19.0775
2024-08-04 06:45:00,20.6666666666667,73.7,30,2.4,19.29
2024-08-04 07:00:00,20.8888888888889,72.4,40,2.5,19.5275
2024-08-04 07:15:00,20.9444444444444,72.5,59,1.9,19.86
2024-08-04 07:30:00,21.5,68.9,82,1.7,19.69375
2024-08-04 07:45:00,21.4444444444444,69.8,67,1.7,19.5275
2024-08-04 08:00:00,21.7222222222222,66.7,123,1.9,20.88
2024-08-04 08:15:00,22.4444444444444,63.7,161,1.8,21.7266666666667
2024-08-04 08:30:00,23.6666666666667,60.5,339,1.8,23.6533333333333
2024-08-04 08:45:00,24.6111111111111,57.4,358,1.7,24.4025
2024-08-04 09:00:00,25.6666666666667,54,372,1.5,24.688
2024-08-04 09:15:00,26.2222222222222,49.3,383,2.6,25.215
2024-08-04 09:30:00,26.8888888888889,47.6,460,3.6,25.9725
2024-08-04 09:45:00,27.3888888888889,45.9,497,4.4,26.5245833333333
2024-08-04 10:00:00,27.7222222222222,45.6,536,4.5,27.0766666666667
2024-08-04 10:15:00,28.3888888888889,43.1,577,4.6,27.58
2024-08-04 10:30:00,28.8333333333333,41.6,593,5.7,27.7125
2024-08-04 10:45:00,29.3333333333333,38.8,639,5.4,28.146
2024-08-04 11:00:00,29.7222222222222,36.1,670,5.4,28.625
2024-08-04 11:15:00,30.1111111111111,34.6,700,4.9,29.3175
2024-08-04 11:30:00,30.2222222222222,35,719,4,29.5420833333333
2024-08-04 11:45:00,30.8333333333333,34.1,739,4.1,29.7666666666667
2024-08-04 12:00:00,31.0555555555556,32.6,757,3.5,30.4133333333333
2024-08-04 12:15:00,31.6111111111111,30.8,773,3.3,30.9525
2024-08-04 12:30:00,31.6666666666667,32.1,781,4.1,31.126
2024-08-04 12:45:00,32.5555555555556,28.5,779,3.8,31.245
2024-08-04 13:00:00,32.8888888888889,25.3,704,3.7,31.666
2024-08-04 13:15:00,33.0555555555556,26.6,724,2.6,32.41
2024-08-04 13:30:00,33.0555555555556,28.6,779,3.3,32.7275
2024-08-04 13:45:00,33.3333333333333,29.2,774,2.5,33.045
2024-08-04 14:00:00,33.7777777777778,29.8,750,2.6,34.4333333333333
2024-08-04 14:15:00,34.0555555555556,29.5,711,2.5,34.4033333333333
2024-08-04 14:30:00,34.4444444444444,29.2,662,2.2,37.1354166666667
2024-08-04 14:45:00,34.6111111111111,27.7,610,3.5,39.8675
2024-08-04 15:00:00,34.8333333333333,26.7,620,3.3,40.7175
2024-08-04 15:15:00,35.2777777777778,25.9,637,2.7,41.62
2024-08-04 15:30:00,34.9444444444444,26.8,637,2.8,41.0033333333333
2024-08-04 15:45:00,35.4444444444444,25.4,635,2.1,41.98
2024-08-04 16:00:00,35.5,25.8,614,2.2,41.8575
2024-08-04 16:15:00,35.5,25.2,583,1.9,41.8275
2024-08-04 16:30:00,35.1666666666667,27.9,551,2.3,41.265
2024-08-04 16:45:00,35.3888888888889,28.6,516,2.5,41.468
2024-08-04 17:00:00,35.6666666666667,25.8,479,2.1,40.57775
2024-08-04 17:15:00,36.1666666666667,24.5,442,2.8,39.6875
2024-08-04 17:30:00,36.5,21.2,405,4.7,40.0933333333333
2024-08-04 17:45:00,36.3888888888889,20.7,366,4.9,39.305
2024-08-04 18:00:00,36.1666666666667,21.8,326,4.6,38.93
2024-08-04 18:15:00,35.8333333333333,22,287,5.1,38.684
2024-08-04 18:30:00,35.7777777777778,22.3,246,3.9,38.036
2024-08-04 18:45:00,35.5555555555556,23.1,207,3.7,33.955
2024-08-04 19:00:00,34.8888888888889,26.1,168,2.6,34.76
2024-08-04 19:15:00,33.7777777777778,30.7,134,2.2,28.996
2024-08-04 19:30:00,32.5555555555556,34.2,100,1.3,25.9866666666667
2024-08-04 19:45:00,29.0555555555556,45.3,67,2,24.184
2024-08-04 20:00:00,27.2222222222222,48.9,42,2,22.9233333333333
2024-08-04 20:15:00,26.1666666666667,49.6,20,2.3,21.635
2024-08-04 20:30:00,24.7222222222222,49.9,5,2.4,21.47
2024-08-04 20:45:00,23.7777777777778,49.4,1,2.4,20.96
2024-08-04 21:00:00,23.8888888888889,46.7,0,2.6,20.7675
2024-08-04 21:15:00,23.1666666666667,49.5,0,2.8,19.83875
2024-08-04 21:30:00,23.3888888888889,47.7,0,3.4,18.91
2024-08-04 21:45:00,24.5555555555556,41.4,0,3.8,19.37
2024-08-04 22:00:00,24.6666666666667,40.2,0,3.4,19.044
2024-08-04 22:15:00,24.5,40,0,3.3,20.68
2024-08-04 22:30:00,23.1111111111111,45.8,0,2.5,20.446
2024-08-04 22:45:00,24.1111111111111,41.8,0,3.7,20.274
2024-08-04 23:00:00,24.2777777777778,40.6,0,2.6,19.67
2024-08-04 23:15:00,22.3333333333333,46.2,0,2.4,19.2333333333333
2024-08-04 23:30:00,23.9444444444444,39.5,0,2.3,18.7725
2024-08-04 23:45:00,25.0555555555556,34.8,0,2.6,18.236
2024-08-05 00:00:00,24.6666666666667,35.3,0,2.4,18.57
2024-08-05 00:15:00,24.5,35.4,0,3.5,19.115
2024-08-05 00:30:00,24.1111111111111,36.2,0,2.7,18.654
2024-08-05 00:45:00,23.1111111111111,38.2,0,3.5,17.24
2024-08-05 01:00:00,22.1111111111111,40.6,0,2.7,17.605
2024-08-05 01:15:00,22.6111111111111,39.1,0,3.9,17.4475
2024-08-05 01:30:00,22.8888888888889,40.1,0,3.3,17.1
2024-08-05 01:45:00,21.5555555555556,44.3,0,3.8,16.2575
2024-08-05 02:00:00,21.8333333333333,43.7,0,3.7,15.55
2024-08-05 02:15:00,20.0555555555556,50.9,0,2.3,15.06
2024-08-05 02:30:00,18.9444444444444,55.7,0,2.1,15.2075
2024-08-05 02:45:00,18.7222222222222,56.2,0,2.7,14.812
2024-08-05 03:00:00,19.6666666666667,53.3,0,2.6,15.812
2024-08-05 03:15:00,20.2777777777778,54.4,0,2.7,16.6125
2024-08-05 03:30:00,21.9444444444444,49.3,0,4.2,17.506
2024-08-05 03:45:00,20.3333333333333,55.6,0,2,17.48
2024-08-05 04:00:00,20.8333333333333,51.2,0,3.6,18.73
2024-08-05 04:15:00,21,49.5,0,2.9,18.49
2024-08-05 04:30:00,21.1111111111111,50.3,0,3.2,17.975
2024-08-05 04:45:00,21.1666666666667,49,0,3,18.2366666666667
2024-08-05 05:00:00,20.2222222222222,52.6,0,2.5,17.742
2024-08-05 05:15:00,19.6111111111111,54.7,0,2.2,16.5633333333333
2024-08-05 05:30:00,19.2777777777778,55.7,0,2.3,15.62
2024-08-05 05:45:00,19.5,54,0,3.3,15.5225
2024-08-05 06:00:00,19.6666666666667,53.8,4,4.5,17.1825
2024-08-05 06:15:00,21.0555555555556,52.5,15,4.1,17.9366666666667
2024-08-05 06:30:00,20.8333333333333,56.8,33,4.3,17.63
2024-08-05 06:45:00,20.6111111111111,60,65,1.7,17.285
2024-08-05 07:00:00,19.7777777777778,66.2,88,2.1,17.854
2024-08-05 07:15:00,20.0555555555556,65.8,116,2.1,18.56
2024-08-05 07:30:00,21,62.7,115,3.3,19.12
2024-08-05 07:45:00,22.2777777777778,58.1,164,2.4,20.424
2024-08-05 08:00:00,23.2777777777778,57.4,229,1.5,22.37
2024-08-05 08:15:00,23.3333333333333,59.2,239,2.4,22.94
2024-08-05 08:30:00,23.6666666666667,59.2,274,2.1,23.9333333333333
2024-08-05 08:45:00,24.3333333333333,56,358,2.2,24.722
2024-08-05 09:00:00,25.0555555555556,54.2,373,1.8,25.23
2024-08-05 09:15:00,26.1111111111111,50.2,401,1.7,25.5133333333333
2024-08-05 09:30:00,26.6666666666667,47.7,461,2.1,25.8733333333333
2024-08-05 09:45:00,26.9444444444444,47.1,467,2.1,26.44
2024-08-05 10:00:00,27.2222222222222,47.5,531,2.5,26.8975
2024-08-05 10:15:00,27.4444444444444,47.4,552,3.4,27.025
2024-08-05 10:30:00,27.8888888888889,46.1,559,3.9,27.44
2024-08-05 10:45:00,28.1111111111111,46.1,611,2.9,27.554
2024-08-05 11:00:00,28.6666666666667,45,641,3.2,28.54
2024-08-05 11:15:00,29.2777777777778,40.1,666,2.6,29.17
2024-08-05 11:30:00,29.7777777777778,41.3,688,2.8,29.42
2024-08-05 11:45:00,30,41.7,704,3,30.04
2024-08-05 12:00:00,30.5555555555556,40.2,726,2.3,30.36
2024-08-05 12:15:00,30.9444444444444,41.3,732,2.8,30.84
2024-08-05 12:30:00,31.1666666666667,40,746,2.4,31.0133333333333
2024-08-05 12:45:00,31.5555555555556,40.6,748,3,31.4325
2024-08-05 13:00:00,31.8888888888889,38.5,680,3,32.0175
2024-08-05 13:15:00,32.2777777777778,37.3,702,2.4,32.245
2024-08-05 13:30:00,32.3888888888889,36.4,762,2.5,32.71125
2024-08-05 13:45:00,32.7222222222222,36.5,758,2.7,33.1775
2024-08-05 14:00:00,33.3333333333333,32.6,739,3.4,34.31
2024-08-05 14:15:00,33.7222222222222,28.5,701,3.2,33.9733333333333
2024-08-05 14:30:00,34.0555555555556,27,654,2.5,37.7475
2024-08-05 14:45:00,34.5,27.2,601,2.1,40.1875
2024-08-05 15:00:00,34.6111111111111,28.1,608,2.6,39.58
2024-08-05 15:15:00,34.9444444444444,25.7,624,2.6,39.38
2024-08-05 15:30:00,35.1666666666667,25,622,2.6,39.8633333333334
2024-08-05 15:45:00,35.3333333333333,25.9,620,3.6,40.3466666666667
2024-08-05 16:00:00,35.3333333333333,26.7,596,2.3,40.354
2024-08-05 16:15:00,35.2222222222222,27.3,562,3.3,40.8525
2024-08-05 16:30:00,35.1111111111111,27.1,530,4,39.4625
2024-08-05 16:45:00,35,27.5,494,4.6,39.816
2024-08-05 17:00:00,35.2222222222222,27.7,457,4.3,39.134
2024-08-05 17:15:00,35.6111111111111,26.4,423,3.7,38.8075
2024-08-05 17:30:00,35.5,26.1,383,3.8,39.3525
2024-08-05 17:45:00,35.5555555555556,25.4,342,3.2,38.868
2024-08-05 18:00:00,35.6111111111111,25.8,302,2.3,38.5933333333333
2024-08-05 18:15:00,35.3333333333333,27,262,2.4,37.52
2024-08-05 18:30:00,35.3888888888889,27,224,2.9,36.92
2024-08-05 18:45:00,34.7222222222222,34.1,186,0.9,32.71
2024-08-05 19:00:00,33.2222222222222,40.3,149,1.9,34.242
2024-08-05 19:15:00,31.5555555555556,44.8,116,1.6,30.3185
2024-08-05 19:30:00,29.8888888888889,48.8,88,1.8,26.395
2024-08-05 19:45:00,29.1666666666667,47.6,60,1.9,24.916
2024-08-05 20:00:00,28.5555555555556,47.5,36,2.3,23.206
2024-08-05 20:15:00,26.7222222222222,51.5,16,1.7,22.706
2024-08-05 20:30:00,25.6111111111111,51.3,4,1.9,22.1725
2024-08-05 20:45:00,24.6666666666667,52.6,0,2.9,21.2933333333333
2024-08-05 21:00:00,26.5,40.6,0,2.2,20.625
2024-08-05 21:15:00,24.7222222222222,46.4,0,3.3,20.345
2024-08-05 21:30:00,25.8888888888889,40,0,3.8,20.55
2024-08-05 21:45:00,26.2777777777778,39.2,0,3.6,20.505
2024-08-05 22:00:00,25.6111111111111,41.3,0,3.1,20.358
2024-08-05 22:15:00,26,40.3,0,2.6,19.7566666666667
2024-08-05 22:30:00,25.3888888888889,42.4,0,3,18.58
2024-08-05 22:45:00,24.5,43.8,0,3.1,18.078
2024-08-05 23:00:00,23.5,47.1,0,2,17.962
2024-08-05 23:15:00,21.7777777777778,52.7,0,2,16.84
2024-08-05 23:30:00,22.7222222222222,48.7,0,3.3,17.4075
2024-08-05 23:45:00,22.7777777777778,50.1,0,4.7,19.0625
2024-08-06 00:00:00,22.2222222222222,53.1,0,3,18.3375
2024-08-06 00:15:00,21.3888888888889,54.5,0,4.3,20.084
2024-08-06 00:30:00,21.3888888888889,51.1,0,4.4,19.83
2024-08-06 00:45:00,21.2777777777778,49.8,0,3.2,18.395
2024-08-06 01:00:00,20.9444444444444,48.9,0,4.1,17.32
2024-08-06 01:15:00,21,47.1,0,4.8,18.31
2024-08-06 01:30:00,20.9444444444444,45.8,0,3.6,17.55
2024-08-06 01:45:00,20.0555555555556,47.5,0,4,16.3
2024-08-06 02:00:00,19.9444444444444,48.3,0,5.2,17.87
2024-08-06 02:15:00,20.1111111111111,46.6,0,5,18.145
2024-08-06 02:30:00,20.4444444444444,43.9,0,3.8,17.5975
2024-08-06 02:45:00,19.4444444444444,46.1,0,1.8,15.4533333333333
2024-08-06 03:00:00,17.3333333333333,54.9,0,1.7,13.3475
2024-08-06 03:15:00,15.9444444444444,60.8,0,2.3,12.63
2024-08-06 03:30:00,17.3333333333333,50.6,0,3.5,13.5
2024-08-06 03:45:00,17.5555555555556,48,0,1.8,11.8825
2024-08-06 04:00:00,16.2777777777778,52.4,0,1.3,11.118
2024-08-06 04:15:00,15.6111111111111,56.1,0,1.6,10.7275
2024-08-06 04:30:00,15.5,56.8,0,2.1,10.368
2024-08-06 04:45:00,17.1666666666667,48,0,2.8,10.73
2024-08-06 05:00:00,17.6111111111111,47.8,0,3,10.725
2024-08-06 05:15:00,16.6666666666667,51.1,0,2.5,10.0633333333333
2024-08-06 05:30:00,17.9444444444444,45.2,0,2.8,9.935
2024-08-06 05:45:00,16.5,50.9,1,1.4,9.682
2024-08-06 06:00:00,14.6666666666667,60.1,6,2.2,9.626
2024-08-06 06:15:00,14,63,23,2.9,10.39
2024-08-06 06:30:00,14.3888888888889,64.4,46,2.4,11.424
2024-08-06 06:45:00,15.0555555555556,66.3,71,2.3,12.2966666666667
2024-08-06 07:00:00,16.8888888888889,60.5,98,1.8,13.558
2024-08-06 07:15:00,18.5555555555556,56.4,127,1.8,14.8225
2024-08-06 07:30:00,20.4444444444444,52.9,152,2.9,16.78
2024-08-06 07:45:00,21.2222222222222,52.1,184,3.4,19.1066666666667
2024-08-06 08:00:00,22,50.3,238,4.3,20.4275
2024-08-06 08:15:00,22.5,49.3,276,5.1,21.192
2024-08-06 08:30:00,22.8333333333333,47.7,311,5.1,21.83
2024-08-06 08:45:00,23.1666666666667,46.4,355,6.2,22.5075
2024-08-06 09:00:00,23.4444444444444,45.2,367,6.4,22.878
2024-08-06 09:15:00,23.7777777777778,44.8,393,6.4,23.638
2024-08-06 09:30:00,24.2222222222222,44.1,469,5.4,23.82
2024-08-06 09:45:00,24.7222222222222,42.9,502,5.8,24.2775
2024-08-06 10:00:00,25,41.9,540,6.5,24.8866666666667
2024-08-06 10:15:00,25.7222222222222,42.7,563,6,25.16
2024-08-06 10:30:00,26,42.1,571,6.2,25.62
2024-08-06 10:45:00,26.5,40,625,6.7,26.1175
2024-08-06 11:00:00,27,38.1,651,6.6,26.565
2024-08-06 11:15:00,27.5,38,675,5.7,27.6375
2024-08-06 11:30:00,27.6666666666667,37.9,697,4.2,27.824
2024-08-06 11:45:00,28.2222222222222,38,713,4.5,28.1675
2024-08-06 12:00:00,28.6666666666667,36.9,736,4,28.4675
2024-08-06 12:15:00,29.0555555555556,36.2,738,4.3,29.27
2024-08-06 12:30:00,29.6111111111111,35.8,758,4,29.69
2024-08-06 12:45:00,30.0555555555556,34.4,762,5.2,30.24
2024-08-06 13:00:00,30.2222222222222,31.3,686,5.1,30.1425
2024-08-06 13:15:00,30.8333333333333,31,715,6,30.7566666666667
2024-08-06 13:30:00,31.3333333333333,29.7,768,5.2,30.9433333333333
2024-08-06 13:45:00,31.5,29.1,756,5.7,33.902
2024-08-06 14:00:00,31.3333333333333,29.5,736,4.5,33.14
2024-08-06 14:15:00,31.7777777777778,28.6,698,4.9,34.21
2024-08-06 14:30:00,32.3888888888889,27.1,648,5.4,35.45
2024-08-06 14:45:00,32.2777777777778,26.9,594,5.8,36.3825
2024-08-06 15:00:00,32.5,26.6,608,6,36.834
2024-08-06 15:15:00,32.8333333333333,26.4,614,5.7,36.8633333333333
2024-08-06 15:30:00,33.1666666666667,25.2,618,6.2,37.74
2024-08-06 15:45:00,33.2777777777778,25,609,6.8,36.4775
2024-08-06 16:00:00,33.3888888888889,24.9,588,7.7,36.538
2024-08-06 16:15:00,33.3888888888889,24.8,565,6.7,36.7633333333333
2024-08-06 16:30:00,33.6111111111111,24.9,534,6,37.165
2024-08-06 16:45:00,33.5,24.2,495,5.7,37.342
2024-08-06 17:00:00,33.4444444444444,24.1,461,5.6,37.078
2024-08-06 17:15:00,33.2222222222222,26.1,420,5.9,35.816
2024-08-06 17:30:00,33,26.5,382,5.4,36.1425
2024-08-06 17:45:00,33.0555555555556,26.6,344,4.2,37.462
2024-08-06 18:00:00,32.8888888888889,26.9,303,3.2,37.19
2024-08-06 18:15:00,32.6666666666667,28.1,263,3.3,35.814
2024-08-06 18:30:00,32.3888888888889,31.3,216,3.5,34.255
2024-08-06 18:45:00,31.9444444444444,32.4,162,3.2,29.96
2024-08-06 19:00:00,31.3333333333333,34.5,132,3.1,30.792
2024-08-06 19:15:00,30.4444444444444,37.1,88,2.6,26.4966666666667
2024-08-06 19:30:00,29.7777777777778,35.9,53,3.1,24.97
2024-08-06 19:45:00,29.6666666666667,31.4,35,5,24.715
2024-08-06 20:00:00,27.8888888888889,34.6,20,3.2,24.175
2024-08-06 20:15:00,27.4444444444444,33,9,4,23.108
2024-08-06 20:30:00,26.6111111111111,33,3,3.9,21.238
2024-08-06 20:45:00,24.5555555555556,37.4,0,3.4,19.98
2024-08-06 21:00:00,23.8888888888889,39.4,0,2.6,17.8475
2024-08-06 21:15:00,23.2222222222222,41,0,2.8,18.38
2024-08-06 21:30:00,23.1111111111111,40.6,0,3.4,18.635
2024-08-06 21:45:00,22.6666666666667,41.9,0,3.5,18.3425
2024-08-06 22:00:00,22.5,42.3,0,4.3,18.238
2024-08-06 22:15:00,21.5555555555556,45,0,3.9,18.104
2024-08-06 22:30:00,21.0555555555556,46.5,0,3.8,18.15
2024-08-06 22:45:00,20.6111111111111,47.1,0,3.7,17.9925
2024-08-06 23:00:00,20.1666666666667,47.6,0,2.7,17.736
2024-08-06 23:15:00,19.3333333333333,50.8,0,2.7,16.09
2024-08-06 23:30:00,19.3888888888889,49.7,0,3.4,14.51
2024-08-06 23:45:00,19.5,48.5,0,3.8,14.51
2024-08-07 00:00:00,19.2777777777778,50.7,0,3.6,13.848
2024-08-07 00:15:00,18.2777777777778,54.1,0,3.4,13.19
2024-08-07 00:30:00,18.0555555555556,56,0,3.1,13.108
2024-08-07 00:45:00,18.4444444444444,55.6,0,3.2,13.449
2024-08-07 01:00:00,18.3333333333333,54.3,0,3.1,13.79
2024-08-07 01:15:00,17.5555555555556,58.4,0,2.9,14.818
2024-08-07 01:30:00,18.0555555555556,57.6,0,3.6,14.6975
2024-08-07 01:45:00,18.0555555555556,56.9,0,3.4,14.55
2024-08-07 02:00:00,18.3333333333333,56.4,0,3.1,13.895
2024-08-07 02:15:00,18.3333333333333,57.2,0,4.2,14.2233333333333
2024-08-07 02:30:00,18.7222222222222,57.9,0,2.9,13.2
2024-08-07 02:45:00,18.5,59.3,0,3.3,12.5866666666667
2024-08-07 03:00:00,18.3333333333333,60.7,0,3,12.575
2024-08-07 03:15:00,17.5,64.1,0,2.6,12.004
2024-08-07 03:30:00,17.6111111111111,63.8,0,2.7,11.684
2024-08-07 03:45:00,17.2222222222222,65.2,0,1.9,11.914
2024-08-07 04:00:00,17.8888888888889,62,0,2.6,12.8066666666667
2024-08-07 04:15:00,17.8888888888889,62.6,0,3.4,14.466
2024-08-07 04:30:00,17.8888888888889,62.6,0,3.2,13.305
2024-08-07 04:45:00,18,62.1,0,3.4,13.932
2024-08-07 05:00:00,18.1666666666667,61.6,0,3.9,14.61
2024-08-07 05:15:00,17.7777777777778,63.4,0,4.8,14.1375
2024-08-07 05:30:00,17.3888888888889,65,0,3.5,13.926
2024-08-07 05:45:00,16.8888888888889,67,1,2.6,12.748
2024-08-07 06:00:00,16.2777777777778,69.6,5,3,13.3
2024-08-07 06:15:00,16.6111111111111,67.9,17,3.4,12.87
2024-08-07 06:30:00,17.3333333333333,66.2,39,4,13.136
2024-08-07 06:45:00,17.0555555555556,69.2,57,2.3,14.6325
2024-08-07 07:00:00,17.3888888888889,68.3,76,3.3,15.026
2024-08-07 07:15:00,18.0555555555556,66.1,103,5.5,16.0425
2024-08-07 07:30:00,18.5,65.8,139,2.9,17.206
2024-08-07 07:45:00,19.0555555555556,65.1,170,3.8,18.07
2024-08-07 08:00:00,19.6666666666667,63.9,199,4,18.752
2024-08-07 08:15:00,19.8333333333333,63.9,234,3.7,19.384
2024-08-07 08:30:00,20,64.8,272,3.9,19.702
2024-08-07 08:45:00,20.4444444444444,64.5,311,4.2,20.38
2024-08-07 09:00:00,20.8888888888889,63.5,318,4.7,20.992
2024-08-07 09:15:00,21.5,61.8,332,3.9,21.524
2024-08-07 09:30:00,22.0555555555556,60.9,405,3.1,22.46
2024-08-07 09:45:00,22.9444444444444,60,473,3.1,23.19
2024-08-07 10:00:00,23.5,58.8,519,4.1,24.02
2024-08-07 10:15:00,24.6111111111111,56.6,546,4.4,25.245
2024-08-07 10:30:00,25.1666666666667,55.5,538,5.1,25.5025
2024-08-07 10:45:00,26.1111111111111,52.4,606,5,26.1966666666667
2024-08-07 11:00:00,26.7777777777778,49.6,641,5,27.036
2024-08-07 11:15:00,27.6666666666667,45.8,663,5,27.56
2024-08-07 11:30:00,28.1666666666667,44.1,683,4.5,27.9925
2024-08-07 11:45:00,28.5,44.1,698,5.3,28.485
2024-08-07 12:00:00,28.6666666666667,42.9,712,5.5,28.688
2024-08-07 12:15:00,29.2222222222222,41,705,4.6,29.18
2024-08-07 12:30:00,29.4444444444444,39.7,724,4.8,29.825
2024-08-07 12:45:00,29.6111111111111,39.4,718,4.7,29.9333333333333
2024-08-07 13:00:00,29.6666666666667,39.6,652,4.2,30.1
2024-08-07 13:15:00,30.2222222222222,37.4,677,3.3,30.4475
2024-08-07 13:30:00,30.1666666666667,37.3,650,3.3,30.575
2024-08-07 13:45:00,30.6666666666667,35.8,661,3.2,33.635
2024-08-07 14:00:00,30.9444444444444,34.4,690,3.5,34.8825
2024-08-07 14:15:00,31.1666666666667,33.8,678,4.2,35.3275
2024-08-07 14:30:00,31.5,31.7,648,3.2,34.9525
2024-08-07 14:45:00,31.6666666666667,31.4,576,3.4,37.2525
2024-08-07 15:00:00,31.8333333333333,31.1,565,3.7,37.57
2024-08-07 15:15:00,31.8888888888889,30.4,608,4.4,38.7525
2024-08-07 15:30:00,32,30.9,619,4.3,39.27
2024-08-07 15:45:00,32.1666666666667,31.6,615,4.1,38.9775
2024-08-07 16:00:00,32.2777777777778,30.2,593,3.3,38.0875
2024-08-07 16:15:00,32.3888888888889,29.6,563,3.4,39.49
2024-08-07 16:30:00,32.3333333333333,30.1,529,2.7,39.536
2024-08-07 16:45:00,32.3333333333333,29.6,492,2.1,39.034
2024-08-07 17:00:00,32.2777777777778,30.5,457,2.6,38.538
2024-08-07 17:15:00,32.5555555555556,29.1,419,2.5,39.052
2024-08-07 17:30:00,32.1111111111111,33,382,1.9,39.0775
2024-08-07 17:45:00,31.6111111111111,36.2,339,2.3,37.1866666666667
2024-08-07 18:00:00,31.3888888888889,36,297,2.6,36.77
2024-08-07 18:15:00,31.1111111111111,38.8,256,1.6,36.01
2024-08-07 18:30:00,30.7777777777778,39.7,210,1.8,34.546
2024-08-07 18:45:00,30.1666666666667,39.5,167,2.4,32.9105
2024-08-07 19:00:00,29.3333333333333,40.8,132,2.1,31.275
2024-08-07 19:15:00,28.6111111111111,44.1,107,2.1,26.706
2024-08-07 19:30:00,27.6111111111111,45.9,74,2.2,24.235
2024-08-07 19:45:00,26.9444444444444,45.2,42,1.9,22.478
2024-08-07 20:00:00,26,44.7,22,2,20.888
2024-08-07 20:15:00,25,45.4,9,3.3,20.1375
2024-08-07 20:30:00,24.8333333333333,42.3,2,4,20.0575
2024-08-07 20:45:00,24.3888888888889,41.4,0,5.2,20.72
2024-08-07 21:00:00,24.3333333333333,39.3,0,5.2,20.016
2024-08-07 21:15:00,23.8888888888889,39.1,0,4.7,19.6325
2024-08-07 21:30:00,23.8333333333333,37.5,0,5.3,19.33
2024-08-07 21:45:00,23.7222222222222,35.8,0,5,19.06
2024-08-07 22:00:00,23.5,35.4,0,4.7,18.7975
2024-08-07 22:15:00,23.5,34.5,0,4.1,19.04
2024-08-07 22:30:00,23.6111111111111,33.1,0,5.2,18.9175
2024-08-07 22:45:00,22.5555555555556,35.2,0,3.1,18.258
2024-08-07 23:00:00,21.1111111111111,39.6,0,2.1,19.38
2024-08-07 23:15:00,20.8333333333333,40.2,0,3.1,17.89
2024-08-07 23:30:00,22.5,35.3,0,4.3,17.56
2024-08-07 23:45:00,22.6111111111111,35.3,0,4.4,16.8675
2024-08-08 00:00:00,23.1666666666667,34.1,0,5.3,17.1666666666667
2024-08-08 00:15:00,22.9444444444444,34.6,0,5.1,17.644
2024-08-08 00:30:00,23.0555555555556,34.3,0,4.8,14.8525
2024-08-08 00:45:00,20.8888888888889,40,0,2.2,14.455
2024-08-08 01:00:00,19.7777777777778,43.2,0,2,13.116
2024-08-08 01:15:00,17.7777777777778,50.1,0,2.2,12.715
2024-08-08 01:30:00,17.3333333333333,50.9,0,2.3,12.662
2024-08-08 01:45:00,16.9444444444444,52.1,0,2.4,12.7625
2024-08-08 02:00:00,16.2222222222222,54.6,0,3.1,12.704
2024-08-08 02:15:00,16.3888888888889,53.7,0,2.8,12.1925
2024-08-08 02:30:00,17.0555555555556,50.3,0,2.7,12.328
2024-08-08 02:45:00,15.8333333333333,56.2,0,2.4,11.878
2024-08-08 03:00:00,16.0555555555556,55.1,0,2.4,11.785
2024-08-08 03:15:00,15.5,57,0,2.6,12.87
2024-08-08 03:30:00,15.7777777777778,55.4,0,2.1,12.6825
2024-08-08 03:45:00,17.2777777777778,50,0,2.8,12.51
2024-08-08 04:00:00,14.8888888888889,61.1,0,2.9,12.6475
2024-08-08 04:15:00,18.5555555555556,47.8,0,4,12.39
2024-08-08 04:30:00,16.7777777777778,54.7,0,2.1,11.9466666666667
2024-08-08 04:45:00,18.0555555555556,49.8,0,3.7,12.6666666666667
2024-08-08 05:00:00,17.8888888888889,51.9,0,3.6,13.7566666666667
2024-08-08 05:15:00,18.5,51.8,0,5.2,15.065
2024-08-08 05:30:00,19.1111111111111,51.2,0,5.1,15.5966666666667
2024-08-08 05:45:00,19.5,49.5,1,5.4,15.57
2024-08-08 06:00:00,19.3888888888889,49.3,5,4.4,14.822
2024-08-08 06:15:00,19.1111111111111,50.2,20,3.4,13.782
2024-08-08 06:30:00,18.5555555555556,53.4,40,2.6,12.945
2024-08-08 06:45:00,18.2222222222222,56.8,58,2.2,13.306
2024-08-08 07:00:00,18.8888888888889,55.1,83,2.4,14.2025
2024-08-08 07:15:00,19.0555555555556,59,109,1.3,15.3566666666667
2024-08-08 07:30:00,19.7222222222222,58.4,137,1.4,16.9075
2024-08-08 07:45:00,20.6666666666667,55.1,172,1.1,18.355
2024-08-08 08:00:00,21.2222222222222,56.8,221,1.3,19.4775
2024-08-08 08:15:00,21.3333333333333,59.7,264,1.7,20.4425
2024-08-08 08:30:00,21.7777777777778,57.7,301,1.7,21.292
2024-08-08 08:45:00,22.4444444444444,54.8,340,1.7,22.11
2024-08-08 09:00:00,23.0555555555556,51.5,344,2.8,22.4925
2024-08-08 09:15:00,23.5555555555556,48.9,388,3.5,23.115
2024-08-08 09:30:00,23.8333333333333,50.2,451,3.8,23.605
2024-08-08 09:45:00,24.6111111111111,49.3,488,4.1,24.442
2024-08-08 10:00:00,24.9444444444444,48.2,525,3.5,25.6225
2024-08-08 10:15:00,25.5,47.5,545,3.2,26.015
2024-08-08 10:30:00,26.1111111111111,46.8,548,3.2,26.175
2024-08-08 10:45:00,26.7222222222222,45.5,616,3.8,26.768
2024-08-08 11:00:00,27.6111111111111,45.1,640,4.3,26.838
2024-08-08 11:15:00,28.0555555555556,44.7,659,3.4,28.19
2024-08-08 11:30:00,30,38.8,690,4.8,28.372
2024-08-08 11:45:00,30.7222222222222,35.4,706,8.3,29.196
2024-08-08 12:00:00,30.7222222222222,35.2,727,9.4,30.3733333333333
2024-08-08 12:15:00,30.9444444444444,34.6,722,10.6,30.78
2024-08-08 12:30:00,31.3333333333333,33.8,743,9,31.4
2024-08-08 12:45:00,31.3888888888889,33.3,745,8.8,31.572
2024-08-08 13:00:00,31.8333333333333,32.4,680,8.6,32.048
2024-08-08 13:15:00,31.8333333333333,33.2,713,9.9,31.8875
2024-08-08 13:30:00,32.0555555555556,32.9,761,9.6,31.998
2024-08-08 13:45:00,32.3333333333333,32.4,762,9.5,35.6725
2024-08-08 14:00:00,32.6666666666667,31.3,734,9.8,35.45
2024-08-08 14:15:00,32.8888888888889,30.7,696,9.3,36.742
2024-08-08 14:30:00,33.2777777777778,30,653,8.7,38.318
2024-08-08 14:45:00,33.5,28.8,601,8.9,38.8566666666667
2024-08-08 15:00:00,33.7777777777778,27.7,599,7.7,39.22
2024-08-08 15:15:00,33.3888888888889,28.8,535,6.8,37.9566666666667
2024-08-08 15:30:00,33.2222222222222,29,513,8.3,37.802
2024-08-08 15:45:00,33.7777777777778,27.1,574,5.8,39.7175
2024-08-08 16:00:00,33.9444444444444,28.7,578,5,39.8575
2024-08-08 16:15:00,34,28.1,554,6.2,39.2
2024-08-08 16:30:00,34.2222222222222,26.9,519,4.7,40.3933333333333
2024-08-08 16:45:00,34.1666666666667,26.7,478,5.8,39.0525
2024-08-08 17:00:00,33.8888888888889,27.9,437,6.7,38.685
2024-08-08 17:15:00,33.7222222222222,27.6,418,7.4,37.93
2024-08-08 17:30:00,33.7777777777778,27.4,353,4.5,37.096
2024-08-08 17:45:00,33.3888888888889,27.3,317,6.4,37.48
2024-08-08 18:00:00,33.6666666666667,26.9,362,5.9,36.4466666666667
2024-08-08 18:15:00,33.3333333333333,26.2,277,6.6,36.0625
2024-08-08 18:30:00,33.0555555555556,26.1,166,4.3,32.405
2024-08-08 18:45:00,32.5555555555556,27.3,181,3.9,30.6433333333333
2024-08-08 19:00:00,32.0555555555556,28.2,138,4.4,31.55
2024-08-08 19:15:00,30.8888888888889,30.3,125,3.4,28.89
2024-08-08 19:30:00,30.5,30.6,79,3.4,26.2925
2024-08-08 19:45:00,30.5,28.4,41,5.1,26.64
2024-08-08 20:00:00,30,28,19,5,25.242
2024-08-08 20:15:00,28.6666666666667,30.4,6,4.9,24.9425
2024-08-08 20:30:00,28.9444444444444,28.7,2,6.3,25.94
2024-08-08 20:45:00,28.8888888888889,28.4,0,7.2,26.03
2024-08-08 21:00:00,28.9444444444444,28.1,0,8.1,26.5125
2024-08-08 21:15:00,28.7777777777778,28.2,0,8.5,26.578
2024-08-08 21:30:00,28.5555555555556,28.3,0,7.7,26.33
2024-08-08 21:45:00,29.1111111111111,26.7,0,8.3,26.105
2024-08-08 22:00:00,29,26.8,0,7.5,26.1775
2024-08-08 22:15:00,28.6111111111111,27.3,0,7.5,25.845
2024-08-08 22:30:00,27.9444444444444,28.1,0,6.7,25.175
2024-08-08 22:45:00,27.2777777777778,28.6,0,6.4,24.72
2024-08-08 23:00:00,27.0555555555556,28.8,0,6.2,24.118
2024-08-08 23:15:00,27.1666666666667,29,0,6.2,23.96
2024-08-08 23:30:00,27.1666666666667,30,0,6.8,24.085
2024-08-08 23:45:00,26.4444444444444,32.2,0,6.1,23.87
2024-08-09 00:00:00,26,33,0,6.7,23.8775
2024-08-09 00:15:00,26.1111111111111,33.2,0,7.4,24.1975
2024-08-09 00:30:00,26.2777777777778,33.9,0,7.9,24.34
2024-08-09 00:45:00,26.0555555555556,34.5,0,8.3,24.154
2024-08-09 01:00:00,25.7222222222222,35.6,0,7.7,23.87
2024-08-09 01:15:00,25.4444444444444,36.2,0,6.6,23.615
2024-08-09 01:30:00,25.2222222222222,35.6,0,6.7,23.468
2024-08-09 01:45:00,25.1666666666667,35.1,0,6.7,21.5766666666667
2024-08-09 02:00:00,24.7777777777778,36.8,0,4.3,18.915
2024-08-09 02:15:00,24.5,37.8,0,3,17.606
2024-08-09 02:30:00,24.6666666666667,37.3,0,3.1,16.8113333333334
2024-08-09 02:45:00,23.5,40.4,0,2,16.0166666666667
2024-08-09 03:00:00,22.7777777777778,42,0,2.3,15.806
2024-08-09 03:15:00,22.7777777777778,41.9,0,2.2,18.15
2024-08-09 03:30:00,21,48.3,0,2.8,23.545
2024-08-09 03:45:00,20,51.7,0,2.5,23.03
2024-08-09 04:00:00,20.8333333333333,49.1,0,2.7,23.417
2024-08-09 04:15:00,21.8333333333333,46.9,0,3.4,23.804
2024-08-09 04:30:00,22.2777777777778,46.3,0,3.7,24.032
2024-08-09 04:45:00,23.1111111111111,44.4,0,4.5,22.7333333333333
2024-08-09 05:00:00,23.8888888888889,42.6,0,5.8,23.2533333333333
2024-08-09 05:15:00,24.3333333333333,41.5,0,4.3,22.69
2024-08-09 05:30:00,24.8888888888889,40,0,7.2,23.518
2024-08-09 05:45:00,24.5,41.3,0,6.2,22.9625
2024-08-09 06:00:00,23.7777777777778,42.7,3,7.5,21.99
2024-08-09 06:15:00,24.2222222222222,41.4,17,10.8,22.635
2024-08-09 06:30:00,24.6666666666667,40.7,59,13.5,23.28
2024-08-09 06:45:00,24.2777777777778,42.9,97,5.6,22.6533333333333
2024-08-09 07:00:00,24.3333333333333,42.9,104,4.5,22.718
2024-08-09 07:15:00,23.5555555555556,46.2,57,2.5,21.95
2024-08-09 07:30:00,24,44,147,4.4,23.5366666666667
2024-08-09 07:45:00,25.1111111111111,41.1,217,10.5,23.9133333333333
2024-08-09 08:00:00,25,41,119,8.2,23.71
2024-08-09 08:15:00,25.2777777777778,40.4,218,7,24.6
2024-08-09 08:30:00,25.2222222222222,41.6,213,3.9,24.29
2024-08-09 08:45:00,24.9444444444444,43.3,187,3.2,24.2075
2024-08-09 09:00:00,25.2777777777778,42.8,204,1.9,24.5
2024-08-09 09:15:00,25.3333333333333,44.6,213,2.2,24.6875
2024-08-09 09:30:00,25.8888888888889,41.5,205,3.9,24.23
2024-08-09 09:45:00,26.5,40,404,3.2,26.2333333333333
2024-08-09 10:00:00,28.2222222222222,37.6,601,2.7,27.97
2024-08-09 10:15:00,27.4444444444444,38.9,323,4.7,26.86
2024-08-09 10:30:00,27.7222222222222,37.8,422,5.1,27.33
2024-08-09 10:45:00,28.8888888888889,36.8,726,5.3,28.78
2024-08-09 11:00:00,29.2222222222222,36.7,668,5,28.845
2024-08-09 11:15:00,29.4444444444444,35.4,706,6.5,29.4666666666667
2024-08-09 11:30:00,30.1666666666667,33.2,692,3.2,29.585
2024-08-09 11:45:00,29.8888888888889,34.2,503,5.7,28.9
2024-08-09 12:00:00,30.7777777777778,32.1,780,4.6,30.325
2024-08-09 12:15:00,31.1111111111111,31.8,709,6.2,30.392
2024-08-09 12:30:00,31.1666666666667,31.4,702,5.4,31.3266666666667
2024-08-09 12:45:00,31.3333333333333,31.1,715,6.1,31.062
2024-08-09 13:00:00,31.5,30.6,592,6.9,30.79
2024-08-09 13:15:00,31.2222222222222,30.6,591,7.3,31.2175
2024-08-09 13:30:00,31.3888888888889,29.7,578,6.4,30.465
2024-08-09 13:45:00,32,28.6,758,6.6,32.566
2024-08-09 14:00:00,32.7222222222222,28.4,765,5.8,36.868
2024-08-09 14:15:00,32.3888888888889,29.2,525,3.1,35.5375
2024-08-09 14:30:00,32.7777777777778,28.5,557,4.6,35.9975
2024-08-09 14:45:00,33.1111111111111,29.3,579,4.9,38.305
2024-08-09 15:00:00,32.3333333333333,31.5,529,3.6,38.79
2024-08-09 15:15:00,33.1111111111111,30.3,636,3.7,39.455
2024-08-09 15:30:00,33.2777777777778,28.4,480,3.8,36.274
2024-08-09 15:45:00,32.8333333333333,28.9,450,3,34.215
2024-08-09 16:00:00,33.3333333333333,27.4,471,4.3,34.78
2024-08-09 16:15:00,33.5555555555556,26.4,553,4.7,39.2425
2024-08-09 16:30:00,33.7222222222222,26.4,514,3.2,38.8075
2024-08-09 16:45:00,33.5,29,509,6.4,36.7075
2024-08-09 17:00:00,32.8888888888889,29.6,331,7,31.94
2024-08-09 17:15:00,31.7222222222222,33.1,187,5.2,28.956
2024-08-09 17:30:00,31.1666666666667,34.5,147,5,27.5375
2024-08-09 17:45:00,30.8888888888889,34.3,128,4.9,26.93
2024-08-09 18:00:00,30.5555555555556,34.9,97,4,26.154
2024-08-09 18:15:00,30.4444444444444,35.1,78,3.9,26
2024-08-09 18:30:00,29.1111111111111,41.1,96,2.3,26.295
2024-08-09 18:45:00,29.7222222222222,38.5,96,1.9,26.1733333333333
2024-08-09 19:00:00,29.5,38.6,50,3,25.49
2024-08-09 19:15:00,28.7777777777778,39.6,37,2.8,25.14
2024-08-09 19:30:00,28.3888888888889,39.2,30,3.1,25.575
2024-08-09 19:45:00,28.5,38.2,33,3.4,26.4475
2024-08-09 20:00:00,28.3333333333333,36.8,20,3,25.6533333333333
2024-08-09 20:15:00,28.6666666666667,33.1,8,4,25.2866666666667
2024-08-09 20:30:00,28,33,1,4.6,24.24
2024-08-09 20:45:00,28.0555555555556,32,0,5.3,24.916
2024-08-09 21:00:00,28.6666666666667,31.7,0,12.4,26.972
2024-08-09 21:15:00,28.3888888888889,33.9,0,14.6,26.96
2024-08-09 21:30:00,27.8888888888889,34.7,0,14.6,26.55
2024-08-09 21:45:00,27.6111111111111,34.7,0,14,26.16
2024-08-09 22:00:00,27.7222222222222,33,0,13.6,26.312
2024-08-09 22:15:00,27.8888888888889,32.1,0,13,26.6066666666667
2024-08-09 22:30:00,28,31.4,0,13,26.6173333333333
2024-08-09 22:45:00,27.8888888888889,31.3,0,10.9,26.628
2024-08-09 23:00:00,28.1111111111111,30.4,0,11.2,26.695
2024-08-09 23:15:00,28.0555555555556,30.4,0,10.6,26.742
2024-08-09 23:30:00,28,30.6,0,9.9,26.3325
2024-08-09 23:45:00,28.1111111111111,30.5,0,8.6,24.46
2024-08-10 00:00:00,27.7222222222222,31.1,0,4.8,23.28
2024-08-10 00:15:00,26.7777777777778,33.4,0,2.9,23.394
2024-08-10 00:30:00,26,35.2,0,4,23.3975
2024-08-10 00:45:00,25.6111111111111,36.6,0,4.6,23.2575
2024-08-10 01:00:00,25.1111111111111,38.1,0,2.3,22.535
2024-08-10 01:15:00,27.1666666666667,32.4,0,4.2,22.256
2024-08-10 01:30:00,24.8888888888889,39.8,0,3.7,21.0725
2024-08-10 01:45:00,25.2777777777778,38.4,0,4.3,20.3833333333333
2024-08-10 02:00:00,24.6666666666667,39.5,0,3,18.7575
2024-08-10 02:15:00,23.2777777777778,44,0,2.6,18.3366666666667
2024-08-10 02:30:00,22.5,45.9,0,2.9,17.1433333333333
2024-08-10 02:45:00,23.7222222222222,39.8,0,2.1,16.8875
2024-08-10 03:00:00,22.1666666666667,44.5,0,2.8,16.26
2024-08-10 03:15:00,21.7222222222222,46.2,0,2.7,15.8225
2024-08-10 03:30:00,20.1666666666667,54.3,0,2.6,15.095
2024-08-10 03:45:00,19.2222222222222,58.5,0,2.6,14.5975
2024-08-10 04:00:00,19,59,0,2.4,14.1
2024-08-10 04:15:00,17.3333333333333,66.6,0,3,13.5433333333333
2024-08-10 04:30:00,17.0555555555556,67.5,0,2.7,12.99
2024-08-10 04:45:00,16.3333333333333,71.2,0,2.6,13.284
2024-08-10 05:00:00,16.8333333333333,68.2,0,3.1,13.76
2024-08-10 05:15:00,17.4444444444444,65.2,0,2.8,14.3133333333333
2024-08-10 05:30:00,17.6666666666667,63.3,0,4.4,14.262
2024-08-10 05:45:00,16.7222222222222,66.3,0,2.9,14.465
2024-08-10 06:00:00,16.6111111111111,64.6,3,2.4,14.2433333333333
2024-08-10 06:15:00,17.3333333333333,60.4,14,2.5,14.5375
2024-08-10 06:30:00,18.4444444444444,57.1,33,4.3,14.5866666666667
2024-08-10 06:45:00,19.7777777777778,52.2,56,3.6,15.78
2024-08-10 07:00:00,19.8888888888889,54.3,84,2.6,15.595
2024-08-10 07:15:00,19.8888888888889,60.1,114,1.1,16.3
2024-08-10 07:30:00,20.9444444444444,57.9,138,2.5,18.61
2024-08-10 07:45:00,22,55.5,181,3.2,20.165
2024-08-10 08:00:00,22.3333333333333,55,204,4,20.855
2024-08-10 08:15:00,22.6111111111111,55.6,239,3.5,21.675
2024-08-10 08:30:00,22.8888888888889,55.3,290,4.2,22.0766666666667
2024-08-10 08:45:00,23.1111111111111,54.2,324,4,22.4466666666667
2024-08-10 09:00:00,23.3888888888889,55.3,341,3,23.3475
2024-08-10 09:15:00,24.1111111111111,54.7,428,3.2,24.215
2024-08-10 09:30:00,24.1666666666667,54.4,279,3.7,23.884
2024-08-10 09:45:00,24.4444444444444,54.1,428,3.7,24.062
2024-08-10 10:00:00,24.7222222222222,51.6,378,4.5,24.3275
2024-08-10 10:15:00,24.8888888888889,50.6,295,4,24.22
2024-08-10 10:30:00,24.5555555555556,50.5,239,3.8,24.465
2024-08-10 10:45:00,25.1111111111111,48.1,477,3.4,24.71
2024-08-10 11:00:00,25.7777777777778,46.1,395,3.7,25.1866666666667
2024-08-10 11:15:00,27,44.8,684,3.4,26.7075
2024-08-10 11:30:00,28.0555555555556,41.4,679,3.9,28.0425
2024-08-10 11:45:00,29,40.4,708,2.1,28.895
2024-08-10 12:00:00,29.2777777777778,41.5,537,2.5,28.49
2024-08-10 12:15:00,29.6111111111111,40.9,624,2.7,29.885
2024-08-10 12:30:00,30.0555555555556,39.2,677,2.8,29.7975
2024-08-10 12:45:00,30.2222222222222,38.7,578,2.9,29.6425
2024-08-10 13:00:00,30.5,37.6,580,3.1,30.0666666666667
2024-08-10 13:15:00,30.9444444444444,36.2,632,3.4,30.6825
2024-08-10 13:30:00,31.6666666666667,31.7,681,4.4,31.0475
2024-08-10 13:45:00,32.0555555555556,30.8,685,4.6,32.965
2024-08-10 14:00:00,32.3888888888889,29.3,674,4.3,35.0525
2024-08-10 14:15:00,32.5555555555556,28.9,625,4.7,35.3725
2024-08-10 14:30:00,32.7222222222222,28.4,599,4.2,36.4333333333333
2024-08-10 14:45:00,32.7777777777778,27.6,559,4.2,36.51
2024-08-10 15:00:00,33.3888888888889,27.9,554,3.3,35.64
2024-08-10 15:15:00,33.2222222222222,28.4,560,3.8,36.08
2024-08-10 15:30:00,33.0555555555556,30.4,558,3.4,37.5166666666667
2024-08-10 15:45:00,33.1111111111111,30.8,532,3.5,36.1533333333333
2024-08-10 16:00:00,33.2222222222222,31.4,509,3.8,37.0975
2024-08-10 16:15:00,33.2777777777778,31.9,467,4.4,35.9966666666667
2024-08-10 16:30:00,32.9444444444444,33.5,461,4.9,36.005
2024-08-10 16:45:00,32.9444444444444,33.8,430,4.8,36.0075
2024-08-10 17:00:00,33.5555555555556,29.6,406,4,35.878
2024-08-10 17:15:00,33.1111111111111,32.5,367,5,35.272
2024-08-10 17:30:00,32.3333333333333,36.3,337,5,34.5533333333333
2024-08-10 17:45:00,32.0555555555556,36.6,300,4.9,33.606
2024-08-10 18:00:00,31.7222222222222,37.2,258,4.6,33.598
2024-08-10 18:15:00,31.8333333333333,36.7,213,3.5,32.3075
2024-08-10 18:30:00,31.2777777777778,38.2,173,3,31.49
2024-08-10 18:45:00,30.7777777777778,38.4,127,2,29.08
2024-08-10 19:00:00,29.5,43.6,81,1.2,27.7175
2024-08-10 19:15:00,27.3333333333333,52.2,83,1.8,26.15625
2024-08-10 19:30:00,26.8888888888889,56.1,71,2.7,24.595
2024-08-10 19:45:00,26.5,53.4,35,2.2,23.0966666666667
2024-08-10 20:00:00,24.9444444444444,55.9,17,2.4,21.76
2024-08-10 20:15:00,23.6666666666667,57.5,7,2.6,21.25
2024-08-10 20:30:00,23.1111111111111,57.6,1,2.4,20.24
2024-08-10 20:45:00,22.5,57.7,0,2.6,20.0525
2024-08-10 21:00:00,22.3333333333333,54.8,0,2.6,20.0425
2024-08-10 21:15:00,23.1666666666667,49.1,0,3,19.848
2024-08-10 21:30:00,24.1111111111111,45.6,0,3.9,19.8066666666667
2024-08-10 21:45:00,25.1111111111111,42.7,0,4.7,20.24
2024-08-10 22:00:00,25.5555555555556,42.4,0,3.6,20.2866666666667
2024-08-10 22:15:00,25,44.1,0,4.1,20.0866666666667
2024-08-10 22:30:00,24.9444444444444,41.4,0,4.2,20.218
2024-08-10 22:45:00,24.4444444444444,41.6,0,2.6,19.01
2024-08-10 23:00:00,23.3888888888889,46.4,0,3.6,21.2175
2024-08-10 23:15:00,23.2222222222222,47.1,0,3.6,23.268
2024-08-10 23:30:00,24.5555555555556,43.6,0,3.4,22.6266666666667
2024-08-10 23:45:00,24.2777777777778,44.8,0,5.5,21.444
2024-08-11 00:00:00,23.5,48.6,0,7.3,19.424
2024-08-11 00:15:00,22.8333333333333,50.7,0,3.3,16.244
2024-08-11 00:30:00,20.6666666666667,59.7,0,3.1,15.84
2024-08-11 00:45:00,21.2777777777778,56.1,0,5.1,17.33
2024-08-11 01:00:00,21.3888888888889,54.5,0,5,17.865
2024-08-11 01:15:00,21.2777777777778,53.9,0,4.3,17.9
2024-08-11 01:30:00,20.8333333333333,55.1,0,4,18.2633333333333
2024-08-11 01:45:00,20,57.7,0,3.3,18.6325
2024-08-11 02:00:00,19.6111111111111,58.6,0,2.7,17.71
2024-08-11 02:15:00,19.6111111111111,57.8,0,3.3,16.504
2024-08-11 02:30:00,17.9444444444444,66.1,0,1.5,15.2
2024-08-11 02:45:00,17.8888888888889,66.6,0,3.6,14.4033333333333
2024-08-11 03:00:00,16.7222222222222,71.7,0,2.3,13.722
2024-08-11 03:15:00,16.2222222222222,73.7,0,2.3,13.045
2024-08-11 03:30:00,15.7777777777778,75.7,0,2.6,12.75
2024-08-11 03:45:00,16,74.7,0,2.6,12.6775
2024-08-11 04:00:00,15.1666666666667,78.3,0,3.2,12.21
2024-08-11 04:15:00,15.2222222222222,77.1,0,2.9,12.444
2024-08-11 04:30:00,14.9444444444444,77.9,0,2.5,12.222
2024-08-11 04:45:00,14.4444444444444,80.2,0,1.9,12.6
2024-08-11 05:00:00,14.5,79.9,0,2.1,12.5825
2024-08-11 05:15:00,15.0555555555556,77.6,0,2.6,12.55
2024-08-11 05:30:00,14.3888888888889,80.7,0,2.7,12.6333333333333
2024-08-11 05:45:00,14.1111111111111,82.2,0,2.5,12.6033333333333
2024-08-11 06:00:00,14.1666666666667,81.8,3,2.6,11.9
2024-08-11 06:15:00,14.1666666666667,82.4,11,2.6,11.91
2024-08-11 06:30:00,15,79.2,28,3,12.3833333333333
2024-08-11 06:45:00,15.8333333333333,78,54,3,12.9025
2024-08-11 07:00:00,16.9444444444444,76.2,82,2.6,13.762
2024-08-11 07:15:00,18.2222222222222,73.5,109,3,15.21
2024-08-11 07:30:00,19.6666666666667,69.1,132,2.1,16.5933333333333
2024-08-11 07:45:00,20.7777777777778,67.6,174,1.4,18.22
2024-08-11 08:00:00,21.5555555555556,65.2,217,1.5,19.99
2024-08-11 08:15:00,21.9444444444444,62,253,1.7,20.7966666666667
2024-08-11 08:30:00,22.6111111111111,59.4,292,1.4,21.5408333333334
2024-08-11 08:45:00,22.7777777777778,56,326,2.2,22.285
2024-08-11 09:00:00,23,54.6,329,3.6,22.642
2024-08-11 09:15:00,23.3888888888889,54.3,390,2.9,23.78
2024-08-11 09:30:00,23.7777777777778,54,443,2.8,24.0675
2024-08-11 09:45:00,24.1111111111111,53.3,478,3,25.07
2024-08-11 10:00:00,24.6111111111111,51.8,513,4.2,25.37
2024-08-11 10:15:00,25.1111111111111,50.8,516,3.8,25.39
2024-08-11 10:30:00,25.6111111111111,49.7,529,4.3,26.3233333333333
2024-08-11 10:45:00,26.0555555555556,47.9,603,3.7,26.9929166666666
2024-08-11 11:00:00,26.9444444444444,45.9,629,3.2,27.6625
2024-08-11 11:15:00,27.3333333333333,45.3,651,2.7,27.815
2024-08-11 11:30:00,27.7777777777778,45.6,683,3.6,27.842
2024-08-11 11:45:00,28.2777777777778,44.8,727,3.2,28.6566666666667
2024-08-11 12:00:00,28.7777777777778,43.8,792,4.1,30.1975
2024-08-11 12:15:00,29.3888888888889,41.6,749,2.6,29.9925
2024-08-11 12:30:00,29.3333333333333,42.1,737,3.8,29.572
2024-08-11 12:45:00,29.4444444444444,38.9,738,4.5,30.5866666666667
2024-08-11 13:00:00,30.0555555555556,37.1,689,3.6,30.852
2024-08-11 13:15:00,30.2777777777778,35.3,734,4.7,31.935
2024-08-11 13:30:00,30.7777777777778,34,748,4.7,30.98
2024-08-11 13:45:00,30.8333333333333,34,630,5.3,33.095
2024-08-11 14:00:00,30.8333333333333,33.5,502,4.5,31.88
2024-08-11 14:15:00,30.5,33.5,421,4.6,30.7425
2024-08-11 14:30:00,30.3888888888889,33.7,405,4.3,31.25
2024-08-11 14:45:00,30.8333333333333,33.4,503,4.8,32.405
2024-08-11 15:00:00,30.5,34,381,4.3,30.658
2024-08-11 15:15:00,30.5555555555556,33.7,386,4,32.338
2024-08-11 15:30:00,31.1666666666667,30.3,450,4.5,33.575
2024-08-11 15:45:00,31.5,30.5,466,4,35.575
2024-08-11 16:00:00,32.3333333333333,30.5,752,3.7,39.81
2024-08-11 16:15:00,31.8888888888889,31.8,403,3.5,34.44
2024-08-11 16:30:00,31.8888888888889,30.7,417,3.1,36.05
2024-08-11 16:45:00,31.8333333333333,30.2,393,4.3,31.5575
2024-08-11 17:00:00,31.6111111111111,30.4,321,4.1,33.57
2024-08-11 17:15:00,31.3888888888889,31.3,267,2.7,33.4666666666667
2024-08-11 17:30:00,31.8333333333333,29.5,323,2.4,34.91
2024-08-11 17:45:00,31.7777777777778,30.1,287,2.4,32.4833333333333
2024-08-11 18:00:00,31.8888888888889,32,257,1.3,32.2
2024-08-11 18:15:00,31.5,32.8,172,1.1,29.614
2024-08-11 18:30:00,31.1666666666667,36.4,175,1.3,31.47
2024-08-11 18:45:00,30.7222222222222,42.4,172,1.8,29.76
2024-08-11 19:00:00,29.7222222222222,45.2,103,2,27.28
2024-08-11 19:15:00,28.0555555555556,49.5,76,2.1,25.9225
2024-08-11 19:30:00,27.2777777777778,50.1,57,2.1,24.52
2024-08-11 19:45:00,26.5555555555556,49.4,44,2,23.4625
2024-08-11 20:00:00,26.1111111111111,50.7,16,1.9,22.402
2024-08-11 20:15:00,25.5555555555556,53,3,2.8,22.5775
2024-08-11 20:30:00,25.6666666666667,49.4,1,3.6,22.7675
2024-08-11 20:45:00,25.7777777777778,46,0,4.1,23.558
2024-08-11 21:00:00,25.7777777777778,43.3,0,4.6,23.66
2024-08-11 21:15:00,26,41.6,0,5.2,23.91
2024-08-11 21:30:00,26,41.1,0,4.3,23.5533333333333
2024-08-11 21:45:00,25.5,42.6,0,3.3,21.7833333333333
2024-08-11 22:00:00,24.6666666666667,45.2,0,3.6,22.03
2024-08-11 22:15:00,24.7777777777778,44.8,0,3.6,20.79
2024-08-11 22:30:00,24.4444444444444,46.2,0,3.6,20.2825
2024-08-11 22:45:00,24.1666666666667,46.9,0,3.6,20.3566666666667
2024-08-11 23:00:00,23.3333333333333,49.5,0,3.2,19.6
2024-08-11 23:15:00,23.2777777777778,49,0,2.8,19.026
2024-08-11 23:30:00,22.2777777777778,52.3,0,2.4,18.2925
2024-08-11 23:45:00,22.0555555555556,52.8,0,1.8,17.8733333333333
2024-08-12 00:00:00,22.0555555555556,54.4,0,2.2,17.102
2024-08-12 00:15:00,21.5,58.4,0,2.5,16.754
2024-08-12 00:30:00,20.0555555555556,63.9,0,1.6,16.44
2024-08-12 00:45:00,19.5,65.5,0,1.4,16.1075
2024-08-12 01:00:00,18.8333333333333,69.4,0,2,16.0433333333333
2024-08-12 01:15:00,18.5,71.8,0,2,15.7
2024-08-12 01:30:00,18.2777777777778,73.1,0,1.9,15.4733333333333
2024-08-12 01:45:00,17.9444444444444,74.7,0,2.4,15.59
2024-08-12 02:00:00,18.8888888888889,70.5,0,3.2,15.77
2024-08-12 02:15:00,17.7777777777778,75.7,0,2.1,15.446
2024-08-12 02:30:00,17.6111111111111,76.3,0,2.5,15.1533333333333
2024-08-12 02:45:00,17.4444444444444,77,0,2.1,15.135
2024-08-12 03:00:00,17.2222222222222,77.9,0,1.8,15.16
2024-08-12 03:15:00,17,79,0,2.1,15.1
2024-08-12 03:30:00,17.2222222222222,78.7,0,2.4,14.96
2024-08-12 03:45:00,17.1666666666667,79.4,0,1.5,14.805
2024-08-12 04:00:00,16.8888888888889,80.5,0,1.5,14.2075
2024-08-12 04:15:00,16.7777777777778,80.1,0,2.6,13.7
2024-08-12 04:30:00,16.2777777777778,82,0,2,13.7933333333333
2024-08-12 04:45:00,15.2777777777778,85.2,0,1.3,13.525
2024-08-12 05:00:00,15,84.2,0,1.5,13.132
2024-08-12 05:15:00,14.4444444444444,85.5,0,2.1,12.7075
2024-08-12 05:30:00,16.0555555555556,78.9,0,3.4,12.8675
2024-08-12 05:45:00,15.8888888888889,82.4,0,2.7,12.4666666666667
2024-08-12 06:00:00,15.2222222222222,84.9,2,2.3,12.66
2024-08-12 06:15:00,15.5555555555556,83.5,7,3.2,12.76
2024-08-12 06:30:00,15.3888888888889,83.9,19,3,12.8675
2024-08-12 06:45:00,16.1666666666667,81.2,48,2.7,13.515
2024-08-12 07:00:00,17.2777777777778,79.4,102,1.5,14.5475
2024-08-12 07:15:00,18.2777777777778,79,120,1.3,15.725
2024-08-12 07:30:00,19,76.8,109,2.9,17.468
2024-08-12 07:45:00,19.7777777777778,73.7,167,2.4,18.725
2024-08-12 08:00:00,20.3888888888889,70,220,3.7,19.93
2024-08-12 08:15:00,21.2777777777778,65.9,332,5.2,20.94
2024-08-12 08:30:00,21.8888888888889,62.8,382,4.8,21.404
2024-08-12 08:45:00,22.0555555555556,62.2,417,4.9,22.16
2024-08-12 09:00:00,22.3888888888889,60.6,408,4.3,22.75625
2024-08-12 09:15:00,22.8888888888889,59.4,483,4,23.3525
2024-08-12 09:30:00,23.3888888888889,55.1,524,6.9,22.9925
2024-08-12 09:45:00,23.6666666666667,52.7,597,6.2,23.8025
2024-08-12 10:00:00,23.5,53.3,506,6.6,23.2725
2024-08-12 10:15:00,24.0555555555556,50.6,549,6.2,24.485
2024-08-12 10:30:00,24.3333333333333,50.4,610,6.5,25.31
2024-08-12 10:45:00,24.8888888888889,47.4,643,7.1,25.0533333333333
2024-08-12 11:00:00,24.8888888888889,45.8,517,7.7,24.98
2024-08-12 11:15:00,25.2777777777778,43.8,580,8.6,25.0425
2024-08-12 11:30:00,25.8888888888889,43.2,750,6.8,26.13
2024-08-12 11:45:00,26.2777777777778,41.5,746,6.2,26.3625
2024-08-12 12:00:00,26.3888888888889,41.4,678,6.2,26.69
2024-08-12 12:15:00,27,40.6,688,6,27.165
2024-08-12 12:30:00,26.8888888888889,40.1,636,4.4,27.3725
2024-08-12 12:45:00,27.2777777777778,38.9,725,4.2,28.025
2024-08-12 13:00:00,27.6666666666667,37.8,654,3.6,28.0675
2024-08-12 13:15:00,28.3333333333333,36.5,741,4.1,29.85
2024-08-12 13:30:00,28.7222222222222,34.4,789,4,30.4066666666667
2024-08-12 13:45:00,28.9444444444444,33.8,780,4.8,30.2233333333333
2024-08-12 14:00:00,29.3333333333333,33.6,757,4.1,35.6466666666667
2024-08-12 14:15:00,29.6666666666667,32.4,655,5.1,34.0133333333333
2024-08-12 14:30:00,29.5,30.9,509,3,34.455
2024-08-12 14:45:00,29.3333333333333,32.2,464,2.9,33.8666666666667
2024-08-12 15:00:00,29.7777777777778,32.4,548,3.8,35.27
2024-08-12 15:15:00,29.8888888888889,31.5,564,2.5,35.7975
2024-08-12 15:30:00,30.3888888888889,30.1,658,2.6,38.0525
2024-08-12 15:45:00,30.6111111111111,26.7,510,2.5,36.81
2024-08-12 16:00:00,31.2777777777778,24.3,619,3.2,36.385
2024-08-12 16:15:00,31.5,24.9,563,4.6,34.656
2024-08-12 16:30:00,30.7777777777778,26.4,355,4.6,34.6533333333333
2024-08-12 16:45:00,31.2777777777778,26.4,572,7.4,35.59
2024-08-12 17:00:00,31.0555555555556,26.5,506,6.6,34.815
2024-08-12 17:15:00,31.1111111111111,25.2,485,6.8,34.405
2024-08-12 17:30:00,31.1111111111111,24.6,428,6.7,34.8825
2024-08-12 17:45:00,30.8333333333333,24.8,370,6.2,34.594
2024-08-12 18:00:00,30.3888888888889,26,316,5.3,33.33
2024-08-12 18:15:00,29.8888888888889,27.3,268,6.4,31.928
2024-08-12 18:30:00,29.2777777777778,29.4,225,5.8,29.1233333333333
2024-08-12 18:45:00,28.5,33.3,185,5.3,28.65
2024-08-12 19:00:00,27.8888888888889,36.2,143,4.9,28.134
2024-08-12 19:15:00,27.1666666666667,37.6,108,4.7,24.595
2024-08-12 19:30:00,26.3333333333333,40.1,56,4.3,21.9835
2024-08-12 19:45:00,24.0555555555556,47.8,21,2.2,19.372
2024-08-12 20:00:00,22.3333333333333,47.7,11,3,18.7675
2024-08-12 20:15:00,21.5,49.2,5,3.3,19.085
2024-08-12 20:30:00,21.5555555555556,49.3,2,2.8,17.24
2024-08-12 20:45:00,21.5555555555556,49.9,0,3.9,16.4775
2024-08-12 21:00:00,21.2777777777778,52.2,0,5.1,17.525
2024-08-12 21:15:00,20.5,53.3,0,3.6,17.805
2024-08-12 21:30:00,20.1666666666667,50.7,0,4.1,16.63
2024-08-12 21:45:00,20,50,0,2.1,15.2175
2024-08-12 22:00:00,18.9444444444444,54.7,0,2.5,14.615
2024-08-12 22:15:00,17.8888888888889,58.8,0,1.4,14.3175
2024-08-12 22:30:00,17.1666666666667,61.4,0,1.5,13.7533333333333
2024-08-12 22:45:00,16.7222222222222,63.5,0,1.6,13.39
2024-08-12 23:00:00,16.3888888888889,67.4,0,1.7,13.475
2024-08-12 23:15:00,17,65.6,0,2,13.52
2024-08-12 23:30:00,16.6666666666667,68.5,0,0.9,13.225
2024-08-12 23:45:00,16.3888888888889,70,0,1.5,12.9775
2024-08-13 00:00:00,15.5,74.4,0,2.3,12.955
2024-08-13 00:15:00,15.8333333333333,72.7,0,2.5,13.514
2024-08-13 00:30:00,15.6111111111111,74.6,0,1.3,13.4775
2024-08-13 00:45:00,15.5,75.1,0,1.8,13.305
2024-08-13 01:00:00,15.5555555555556,74.5,0,2.1,12.724
2024-08-13 01:15:00,15.0555555555556,75.6,0,2.1,11.852
2024-08-13 01:30:00,14.2777777777778,77.4,0,2.3,11.27
2024-08-13 01:45:00,13.6666666666667,78.1,0,2.3,10.54
2024-08-13 02:00:00,13.2777777777778,78.2,0,2.6,10.235
2024-08-13 02:15:00,12.1111111111111,82.5,0,1.7,9.72666666666667
2024-08-13 02:30:00,11.5555555555556,83.4,0,2.5,9.49
2024-08-13 02:45:00,11.1111111111111,84.7,0,2.3,9.15
2024-08-13 03:00:00,10.7777777777778,85.8,0,2.1,9.005
2024-08-13 03:15:00,11.1666666666667,82.8,0,2.9,8.7825
2024-08-13 03:30:00,10.3888888888889,86.6,0,1.7,8.56
2024-08-13 03:45:00,10.6666666666667,84,0,2.2,8.54
2024-08-13 04:00:00,10,87.4,0,2.4,7.94666666666667
2024-08-13 04:15:00,9.88888888888889,86.8,0,1.7,8.0875
2024-08-13 04:30:00,9.61111111111111,87.6,0,1.7,8.086
2024-08-13 04:45:00,9.72222222222222,87.2,0,3,7.73333333333333
2024-08-13 05:00:00,9.5,88.5,0,1.6,7.6825
2024-08-13 05:15:00,9.77777777777778,86.8,0,2.4,7.702
2024-08-13 05:30:00,9.77777777777778,87,0,2.1,7.49
2024-08-13 05:45:00,9.27777777777778,90.2,0,2.6,7.67666666666667
2024-08-13 06:00:00,10.3888888888889,85.5,2,3.4,7.94
2024-08-13 06:15:00,10.1111111111111,87.5,9,3.4,8.08
2024-08-13 06:30:00,9.88888888888889,89,24,3.1,7.76
2024-08-13 06:45:00,10.9444444444444,85.2,60,2.4,8.5275
2024-08-13 07:00:00,11.3888888888889,88,90,1.5,9.406
2024-08-13 07:15:00,12.5555555555556,85.9,114,2.9,10.914
2024-08-13 07:30:00,14.4444444444444,79.5,135,3,12.602
2024-08-13 07:45:00,15.6111111111111,75.3,180,2.5,14.29
2024-08-13 08:00:00,16.6111111111111,71.5,223,2,15.6575
2024-08-13 08:15:00,16.7777777777778,71.2,259,3.7,16.77
2024-08-13 08:30:00,17,70.3,293,3.2,17.32
2024-08-13 08:45:00,17.1666666666667,67.7,265,2.7,17.43
2024-08-13 09:00:00,17.6666666666667,65.6,332,2.9,18.52
2024-08-13 09:15:00,18.3333333333333,63.4,409,3,18.7525
2024-08-13 09:30:00,18.6666666666667,62.8,454,4.3,19.4033333333333
2024-08-13 09:45:00,18.9444444444444,61,487,4.1,20.04
2024-08-13 10:00:00,19.3888888888889,59.5,522,4.4,20.98
2024-08-13 10:15:00,19.8333333333333,58.1,500,3.9,20.3566666666667
2024-08-13 10:30:00,20.1111111111111,55.6,516,4.7,21.1025
2024-08-13 10:45:00,20.7777777777778,53.6,609,4.5,21.71
2024-08-13 11:00:00,21.2222222222222,52.2,635,5.7,21.8325
2024-08-13 11:15:00,21.7222222222222,50.9,653,4.3,22.67
2024-08-13 11:30:00,22.0555555555556,50.2,672,3.6,22.896
2024-08-13 11:45:00,22.5555555555556,49.3,700,5.1,22.8325
2024-08-13 12:00:00,22.7777777777778,48.5,710,4.5,23.4475
2024-08-13 12:15:00,23.2777777777778,46.9,670,5,23.64
2024-08-13 12:30:00,23.2777777777778,47.1,736,5.7,24.41
2024-08-13 12:45:00,23.6111111111111,47.5,737,4.4,24.6
2024-08-13 13:00:00,23.8888888888889,47.3,661,4.3,24.745
2024-08-13 13:15:00,24.5,43.8,708,4,25.7575
2024-08-13 13:30:00,24.8888888888889,41.8,755,5.5,26.6475
2024-08-13 13:45:00,25,41.5,749,5.3,28.0733333333333
2024-08-13 14:00:00,25.2777777777778,41.2,729,4.5,31.71
2024-08-13 14:15:00,25.6666666666667,39.9,687,4.1,32.0466666666667
2024-08-13 14:30:00,26.2222222222222,39.9,645,2.8,34.6125
2024-08-13 14:45:00,26.2222222222222,39.6,592,4,32.028
2024-08-13 15:00:00,26,40.1,585,3.9,36.4875
2024-08-13 15:15:00,26.3333333333333,39,600,4.1,33.2966666666667
2024-08-13 15:30:00,26.8888888888889,38.3,598,4.7,33.14
2024-08-13 15:45:00,27,38.5,591,5,35.79
2024-08-13 16:00:00,26.6111111111111,39.4,578,6.9,35.7966666666667
2024-08-13 16:15:00,26.6111111111111,39.6,545,8.7,33.6525
2024-08-13 16:30:00,26.7222222222222,38.5,513,9.4,32.615
2024-08-13 16:45:00,26.3888888888889,39,481,9.4,34.4733333333333
2024-08-13 17:00:00,26.5,39.5,447,7.2,34.0175
2024-08-13 17:15:00,26.2222222222222,40.2,407,7.8,33.302
2024-08-13 17:30:00,26.1111111111111,40.4,368,8.4,32.5
2024-08-13 17:45:00,26.3888888888889,38.9,328,8.2,32.418
2024-08-13 18:00:00,25.9444444444444,40.9,288,6.9,31.175
2024-08-13 18:15:00,25.7777777777778,41,249,6.7,30.59
2024-08-13 18:30:00,25.3333333333333,42.6,210,6,27.9333333333333
2024-08-13 18:45:00,24.8888888888889,43.1,172,6,27.78
2024-08-13 19:00:00,24.5,44,137,5.3,27.62
2024-08-13 19:15:00,24,45,104,5.1,23.9075
2024-08-13 19:30:00,23.5555555555556,45.8,72,5.1,22.4733333333333
2024-08-13 19:45:00,22.8333333333333,47.7,44,3.3,21.23
2024-08-13 20:00:00,22,49.5,17,3.2,20.16
2024-08-13 20:15:00,21.0555555555556,51.8,5,2.9,18.7633333333333
2024-08-13 20:30:00,19.8888888888889,55.5,1,3.1,17.878
2024-08-13 20:45:00,19.1111111111111,58.1,0,3.3,17.0525
2024-08-13 21:00:00,18.3888888888889,60,0,2.8,16.466
2024-08-13 21:15:00,17.7222222222222,61.5,0,3.2,16.17
2024-08-13 21:30:00,17.2777777777778,62.4,0,2.8,15.915
2024-08-13 21:45:00,16.7777777777778,64.9,0,2.9,15.506
2024-08-13 22:00:00,16.5555555555556,65.6,0,2.9,15.2425
2024-08-13 22:15:00,15.8888888888889,67.8,0,2.3,14.4475
2024-08-13 22:30:00,15.7777777777778,68.8,0,3,14.3054166666667
2024-08-13 22:45:00,16.2777777777778,68.8,0,3.8,14.1633333333333
2024-08-13 23:00:00,15.3888888888889,73.7,0,3.3,13.89
2024-08-13 23:15:00,15.2222222222222,73.5,0,3.9,13.5425
2024-08-13 23:30:00,14.8333333333333,74.8,0,3,13.7625
2024-08-13 23:45:00,15.1111111111111,73.8,0,3.2,13.6375
2024-08-14 00:00:00,14.8888888888889,75.6,0,3.2,13.1766666666667
2024-08-14 00:15:00,14,79.4,0,3,12.8566666666667
2024-08-14 00:30:00,13.6666666666667,79,0,3,12.6525
2024-08-14 00:45:00,13.6111111111111,78.2,0,2.9,12.566
2024-08-14 01:00:00,13.6111111111111,78,0,3.4,12.228
2024-08-14 01:15:00,13.3888888888889,79.2,0,3.4,12.3
2024-08-14 01:30:00,13,80.8,0,2.6,12.13
2024-08-14 01:45:00,12.9444444444444,81.1,0,3.1,11.9825
2024-08-14 02:00:00,12.8333333333333,81.6,0,2.6,11.7933333333333
2024-08-14 02:15:00,12.5555555555556,82.9,0,2.8,11.29
2024-08-14 02:30:00,12.2777777777778,83.7,0,3.1,11.317
2024-08-14 02:45:00,12.2222222222222,83.2,0,2.6,11.344
2024-08-14 03:00:00,12.0555555555556,84,0,2.3,11.37
2024-08-14 03:15:00,12.1666666666667,83.6,0,3.1,11.47
2024-08-14 03:30:00,12.1111111111111,84.4,0,3.4,11.42
2024-08-14 03:45:00,12.0555555555556,84.4,0,3,10.71
2024-08-14 04:00:00,12,85.1,0,2.6,10.0066666666667
2024-08-14 04:15:00,11.7777777777778,86,0,2.5,9.4075
2024-08-14 04:30:00,11.7222222222222,86.5,0,2.6,9.11
2024-08-14 04:45:00,11.3888888888889,87.5,0,2.2,8.755
2024-08-14 05:00:00,11.2777777777778,88,0,2.3,8.71
2024-08-14 05:15:00,11.1111111111111,88.6,0,2.9,8.78333333333333
2024-08-14 05:30:00,11,89,0,2.4,8.98
2024-08-14 05:45:00,10.7777777777778,89.8,0,2.2,8.242
2024-08-14 06:00:00,10.8333333333333,89.4,2,2.7,8.33
2024-08-14 06:15:00,11.1111111111111,88.2,12,2.7,8.522
2024-08-14 06:30:00,11.4444444444444,88.2,32,2.2,8.946
2024-08-14 06:45:00,12.1111111111111,87.5,55,1.9,9.344
2024-08-14 07:00:00,13.0555555555556,85.9,82,1.8,10.285
2024-08-14 07:15:00,14.1666666666667,84.7,105,1.3,11.5625
2024-08-14 07:30:00,15.2777777777778,82.5,126,1.4,13.544
2024-08-14 07:45:00,15.5555555555556,82.2,178,2.1,15.0225
2024-08-14 08:00:00,15.8888888888889,80.1,221,2.6,16.04
2024-08-14 08:15:00,16.3333333333333,78,258,3.2,16.6425
2024-08-14 08:30:00,16.6666666666667,76.1,297,3.1,17.485
2024-08-14 08:45:00,17,75.1,323,4.2,17.8125
2024-08-14 09:00:00,17.5555555555556,72.8,329,3.7,18.724
2024-08-14 09:15:00,17.8333333333333,70.7,404,3.8,19.505
2024-08-14 09:30:00,18.6666666666667,67.6,448,3.7,20.2
2024-08-14 09:45:00,19.0555555555556,66.5,485,3.9,20.146
2024-08-14 10:00:00,19.6111111111111,64.9,519,3.5,20.85
2024-08-14 10:15:00,20.1666666666667,63.3,499,3.6,21.24
2024-08-14 10:30:00,20.3333333333333,62.2,547,3.9,22.0316666666666
2024-08-14 10:45:00,20.7777777777778,60.8,610,3.6,22.8233333333333
2024-08-14 11:00:00,21.0555555555556,59.9,638,5.1,22.7475
2024-08-14 11:15:00,21.5555555555556,58,647,3.9,23.665
2024-08-14 11:30:00,21.8888888888889,57.5,678,4.7,24.04625
2024-08-14 11:45:00,22.2777777777778,56.3,700,4.3,24.4275
2024-08-14 12:00:00,22.7777777777778,54.8,707,3.6,25.2925
2024-08-14 12:15:00,23.4444444444444,52.7,661,2.9,25.245
2024-08-14 12:30:00,23.6666666666667,53,732,3.7,24.668
2024-08-14 12:45:00,23.9444444444444,52,734,3.1,26.195
2024-08-14 13:00:00,24.3888888888889,50.9,658,3.7,26.692
2024-08-14 13:15:00,24.5555555555556,50,702,3.3,26.4525
2024-08-14 13:30:00,25.0555555555556,48.7,750,4.5,28.0625
2024-08-14 13:45:00,25.2777777777778,47.3,746,3.6,29.23
2024-08-14 14:00:00,25.6111111111111,45.8,726,3.6,34.666
2024-08-14 14:15:00,25.9444444444444,45.5,685,2.9,35.396
2024-08-14 14:30:00,26.3333333333333,43.8,644,3.6,35.715
2024-08-14 14:45:00,26.7777777777778,43.7,589,3.8,38.5925
2024-08-14 15:00:00,26.5555555555556,43.7,578,4.3,36.7566666666667
2024-08-14 15:15:00,26.8333333333333,43,594,3.7,35.182
2024-08-14 15:30:00,27.1666666666667,42.7,593,3.4,36.74975
2024-08-14 15:45:00,27.1111111111111,42,586,4.2,38.3175
2024-08-14 16:00:00,27.3888888888889,41.4,571,4.3,37.078
2024-08-14 16:15:00,27.4444444444444,40.9,541,3.8,35.6175
2024-08-14 16:30:00,27.4444444444444,41.5,507,4,36.04375
2024-08-14 16:45:00,27.5555555555556,40.3,471,3.7,36.47
2024-08-14 17:00:00,27.5555555555556,41.2,434,3.9,35.865
2024-08-14 17:15:00,27.4444444444444,40.8,397,3.1,34.7733333333333
2024-08-14 17:30:00,27.2777777777778,40.7,359,2.7,36.6525
2024-08-14 17:45:00,27.4444444444444,40.5,319,2,35.415
2024-08-14 18:00:00,27.2777777777778,42,279,2.6,34.34
2024-08-14 18:15:00,27.2222222222222,42.1,240,2.1,33.9375
2024-08-14 18:30:00,26.8333333333333,43.4,202,2.2,30.42
2024-08-14 18:45:00,26.5,45.8,165,2.4,30.4
2024-08-14 19:00:00,26.2777777777778,46.4,131,2.4,31.1733333333333
2024-08-14 19:15:00,25.8333333333333,47.5,99,2.1,26.5
2024-08-14 19:30:00,24.5,52.2,68,1.9,22.825
2024-08-14 19:45:00,23.3888888888889,54.1,42,2.8,21.156
2024-08-14 20:00:00,22.5555555555556,52.8,18,3.3,19.8233333333333
2024-08-14 20:15:00,21.6666666666667,52.8,4,4.2,18.436
2024-08-14 20:30:00,20.6666666666667,54.1,1,3.8,16.5975
2024-08-14 20:45:00,20,54.9,0,2.8,15.92
2024-08-14 21:00:00,18.6111111111111,59.4,0,3,15.0175
2024-08-14 21:15:00,18.3888888888889,59.5,0,3.7,15.3033333333333
2024-08-14 21:30:00,17.7222222222222,62.1,0,3.5,15.39
2024-08-14 21:45:00,17.7222222222222,61.8,0,3.4,15.354
2024-08-14 22:00:00,18.0555555555556,60.1,0,3.9,15.39
2024-08-14 22:15:00,17.8888888888889,60.4,0,3.8,15.2675
2024-08-14 22:30:00,17.3333333333333,63.4,0,4,15.1233333333333
2024-08-14 22:45:00,16.9444444444444,65.5,0,3.2,14.9856666666666
2024-08-14 23:00:00,17.1666666666667,64.6,0,3.2,14.848
2024-08-14 23:15:00,17.4444444444444,63.2,0,3.6,14.775
2024-08-14 23:30:00,16.9444444444444,65.5,0,3.7,14.675
2024-08-14 23:45:00,16.7222222222222,66.3,0,3.9,14.6875
2024-08-15 00:00:00,16.6666666666667,66.9,0,4.2,14.5175
2024-08-15 00:15:00,16.9444444444444,65.7,0,4,14.4666666666667
2024-08-15 00:30:00,16.6666666666667,66.5,0,3.7,14.1525
2024-08-15 00:45:00,15.8333333333333,70,0,3,13.8925
2024-08-15 01:00:00,15.6111111111111,70.7,0,2.7,13.6733333333333
2024-08-15 01:15:00,17.2777777777778,63.7,0,4.9,13.13
2024-08-15 01:30:00,17.2777777777778,63.5,0,5.1,13.575
2024-08-15 01:45:00,17.4444444444444,63.2,0,4,13.045
2024-08-15 02:00:00,15.7777777777778,69.8,0,1.5,11.968
2024-08-15 02:15:00,15.2777777777778,71,0,2,11.07
2024-08-15 02:30:00,15.1111111111111,72.8,0,3.3,11.12
2024-08-15 02:45:00,13.7777777777778,79.2,0,2.3,11.358
2024-08-15 03:00:00,14.1111111111111,76.5,0,2.8,11.45
2024-08-15 03:15:00,13.0555555555556,80.5,0,2.5,10.6975
2024-08-15 03:30:00,12.8333333333333,81.3,0,2.5,10.756
2024-08-15 03:45:00,12.5555555555556,83.2,0,2.2,10.735
2024-08-15 04:00:00,12.2222222222222,84.2,0,2.1,10.66
2024-08-15 04:15:00,12.0555555555556,84.3,0,2.5,10.205
2024-08-15 04:30:00,12.2222222222222,84.1,0,2.7,9.90666666666667
2024-08-15 04:45:00,12.3888888888889,83.8,0,3.1,9.5525
2024-08-15 05:00:00,12.6111111111111,84.8,0,2.9,9.874
2024-08-15 05:15:00,12.0555555555556,88.5,0,2.6,10.0566666666667
2024-08-15 05:30:00,13.2777777777778,83.1,0,3.8,10.732
2024-08-15 05:45:00,13.4444444444444,84,0,3.5,11.0525
2024-08-15 06:00:00,12.8333333333333,86.1,2,2.7,11.0366666666667
2024-08-15 06:15:00,12.5,86.2,8,1.9,10.54
2024-08-15 06:30:00,12.4444444444444,86.6,24,1.8,10.695
2024-08-15 06:45:00,13.1666666666667,84.4,44,2.6,10.8825
2024-08-15 07:00:00,14.3333333333333,83.1,69,2.6,11.844
2024-08-15 07:15:00,15.4444444444444,82.7,95,2.5,13.92
2024-08-15 07:30:00,16.5555555555556,82,119,3.7,15.476
2024-08-15 07:45:00,17.7777777777778,79,163,2.3,16.672
2024-08-15 08:00:00,18.8888888888889,75.3,201,2,17.97
2024-08-15 08:15:00,19.3888888888889,72.7,231,1.6,18.85
2024-08-15 08:30:00,19.6111111111111,71.2,173,1.7,18.4325
2024-08-15 08:45:00,19.5555555555556,68.9,109,2.3,18.38
2024-08-15 09:00:00,19.8333333333333,67.4,191,1.8,19.7675
2024-08-15 09:15:00,20.2222222222222,67.8,335,4.5,21.12
2024-08-15 09:30:00,19.8888888888889,68.7,234,5.7,20.624
2024-08-15 09:45:00,19.8333333333333,69.4,280,4.7,21.084
2024-08-15 10:00:00,19.6666666666667,70.3,171,3,20.41
2024-08-15 10:15:00,19.7222222222222,71,189,2.3,20.616
2024-08-15 10:30:00,20,68.9,236,2.2,20.904
2024-08-15 10:45:00,20.5,67.6,395,3.4,21.624
2024-08-15 11:00:00,20.7777777777778,66.8,295,3.2,22.412
2024-08-15 11:15:00,20.9444444444444,66.3,344,2.8,22.92
2024-08-15 11:30:00,22.4444444444444,63.4,794,2.8,25.415
2024-08-15 11:45:00,22.7222222222222,62.7,468,3,23.2025
2024-08-15 12:00:00,22.1666666666667,62.8,197,3.9,22.7975
2024-08-15 12:15:00,22,61.6,189,3.2,22.905
2024-08-15 12:30:00,21.8333333333333,61.6,197,2.7,22.5275
2024-08-15 12:45:00,22.1666666666667,60,293,1.8,23.4975
2024-08-15 13:00:00,22.9444444444444,58.8,449,2.2,24.764
2024-08-15 13:15:00,23.2777777777778,58.7,410,2.9,25.9633333333333
2024-08-15 13:30:00,23.7222222222222,57.1,384,3.2,25.15
2024-08-15 13:45:00,24.1111111111111,55.3,398,2.4,25.76
2024-08-15 14:00:00,25.5,52,743,2.6,32.385
2024-08-15 14:15:00,25.6111111111111,52.7,523,2.5,28.8166666666667
2024-08-15 14:30:00,26.6666666666667,50.1,670,2.3,34.805
2024-08-15 14:45:00,26.9444444444444,49.2,610,3.3,35.21
2024-08-15 15:00:00,27.4444444444444,47.5,624,3.2,35.384
2024-08-15 15:15:00,27.6111111111111,47,607,3.5,32.386
2024-08-15 15:30:00,27.5,46.2,512,3.1,36.3175
2024-08-15 15:45:00,27.5,44.7,452,3.8,34.0025
2024-08-15 16:00:00,27.7777777777778,44.1,559,4.3,33.635
2024-08-15 16:15:00,28.2777777777778,42.7,570,6,35.4525
2024-08-15 16:30:00,28.2222222222222,43.6,531,6.9,34.2966666666667
2024-08-15 16:45:00,28,44.7,498,8.1,33.4575
2024-08-15 17:00:00,28.1111111111111,43.7,482,8.1,33.91
2024-08-15 17:15:00,28.0555555555556,44.1,450,8.3,32.1625
2024-08-15 17:30:00,28.2777777777778,42.8,464,9,32.804
2024-08-15 17:45:00,28.4444444444444,40.7,451,7.2,33.238
2024-08-15 18:00:00,28.3888888888889,40.5,409,6.2,33.324
2024-08-15 18:15:00,28.3333333333333,39.3,327,6.2,31.526
2024-08-15 18:30:00,27.5,41,218,5.1,27.602
2024-08-15 18:45:00,27.2222222222222,42.3,184,4.5,27.716
2024-08-15 19:00:00,27.5555555555556,42.9,165,4.2,27.83
2024-08-15 19:15:00,26.6111111111111,44.9,115,6.3,25.0325
2024-08-15 19:30:00,26.3888888888889,44.6,82,4.6,23.9975
2024-08-15 19:45:00,26,44.2,46,4,23.0575
2024-08-15 20:00:00,25.5555555555556,44.3,25,3.2,22.03
2024-08-15 20:15:00,24.4444444444444,47.9,5,2.1,20.79
2024-08-15 20:30:00,23,56.7,0,1.2,19.8675
2024-08-15 20:45:00,22.7777777777778,58.3,0,3.6,19.7125
2024-08-15 21:00:00,22.6111111111111,59.2,0,3.9,20.146
2024-08-15 21:15:00,21.8333333333333,62,0,3.2,18.81
2024-08-15 21:30:00,20.7222222222222,66.8,0,1.8,17.202
2024-08-15 21:45:00,19.3333333333333,71.8,0,1.5,16.395
2024-08-15 22:00:00,18.8888888888889,72.8,0,1.3,16.31
2024-08-15 22:15:00,19.0555555555556,72.1,0,1.3,16.385
2024-08-15 22:30:00,19.2222222222222,71.7,0,1.2,16.35
2024-08-15 22:45:00,19.3888888888889,70.2,0,1.8,16.2775
2024-08-15 23:00:00,18.7777777777778,73,0,1.2,16.06
2024-08-15 23:15:00,19,71.6,0,3.6,16.1466666666667
2024-08-15 23:30:00,18.5,74.3,0,1.6,15.954
2024-08-15 23:45:00,18.1666666666667,75.7,0,2.2,15.908
