Timestamp,Air Temperature (IW),Relative Humidity (IW),Soil Temperature (IW),Soil Moisture (IW),Berry Temperature
2023-07-16 00:00:00,19.5533333333333,0.5376,28.9533333333333,0.10047424,20.6302222222222
2023-07-16 00:15:00,19.5866666666667,0.5378,28.7733333333333,0.10047424,20.2382222222222
2023-07-16 00:30:00,19.4266666666667,0.5238,28.5933333333333,0.1005001,20.0877777777778
2023-07-16 00:45:00,19.2666666666667,0.5248,28.4066666666667,0.10052596,20.0362222222222
2023-07-16 01:00:00,19.4533333333333,0.501733333333333,28.24,0.10057768,19.9515555555556
2023-07-16 01:15:00,19.2866666666667,0.515,28.06,0.10057768,19.5053333333333
2023-07-16 01:30:00,18.7066666666667,0.555466666666667,27.8933333333333,0.10055182,18.9466666666667
2023-07-16 01:45:00,17.9733333333333,0.600066666666667,27.74,0.1006294,18.248
2023-07-16 02:00:00,17.14,0.663,27.5733333333333,0.1005001,17.49
2023-07-16 02:15:00,16.36,0.689466666666667,27.4266666666667,0.1005001,17.014
2023-07-16 02:30:00,15.8333333333333,0.709133333333333,27.2666666666667,0.10055182,16.6097777777778
2023-07-16 02:45:00,15.4266666666667,0.711866666666667,27.12,0.10055182,16.5257777777778
2023-07-16 03:00:00,15.36,0.723,26.96,0.1005001,16.2037777777778
2023-07-16 03:15:00,15.16,0.733866666666667,26.82,0.10057768,15.9348888888889
2023-07-16 03:30:00,14.84,0.7162,26.66,0.10068112,15.7382222222222
2023-07-16 03:45:00,14.7,0.715266666666667,26.52,0.1005001,15.6042222222222
2023-07-16 04:00:00,14.5133333333333,0.7284,26.3733333333333,0.10057768,15.3331111111111
2023-07-16 04:15:00,14.32,0.7564,26.24,0.10047424,15.2037777777778
2023-07-16 04:30:00,14.16,0.768133333333333,26.0866666666667,0.10042252,14.9857777777778
2023-07-16 04:45:00,13.96,0.778133333333333,25.9466666666667,0.10047424,14.8491111111111
2023-07-16 05:00:00,13.88,0.793666666666667,25.8266666666667,0.10042252,14.6864444444444
2023-07-16 05:15:00,13.9066666666667,0.789866666666667,25.6733333333333,0.10042252,14.7773333333333
2023-07-16 05:30:00,13.8866666666667,0.787533333333333,25.5466666666667,0.10044838,14.6693333333333
2023-07-16 05:45:00,13.9533333333333,0.761866666666667,25.4266666666667,0.1005001,14.8153333333333
2023-07-16 06:00:00,14.28,0.784666666666667,25.2866666666667,0.10044838,15.0408888888889
2023-07-16 06:15:00,15.14,0.778,25.1666666666667,0.10057768,15.8557777777778
2023-07-16 06:30:00,16.4333333333333,0.764666666666667,25.06,0.1005001,16.6364444444444
2023-07-16 06:45:00,18.42,0.720133333333333,24.9466666666667,0.1005001,17.7848888888889
2023-07-16 07:00:00,21.3733333333333,0.6388,24.86,0.10055182,19.0964444444444
2023-07-16 07:15:00,23.7133333333333,0.530533333333333,24.8,0.10057768,20.514
2023-07-16 07:30:00,24.94,0.456066666666667,24.7,0.10055182,21.7722222222222
2023-07-16 07:45:00,25.7466666666667,0.417666666666667,24.7,0.1005001,22.6306666666667
2023-07-16 08:00:00,25.92,0.411733333333333,24.7,0.1005001,23.3702222222222
2023-07-16 08:15:00,26.5133333333333,0.4006,24.7,0.1005001,24.0531111111111
2023-07-16 08:30:00,26.9466666666667,0.382333333333333,24.7,0.10039666,24.9913333333333
2023-07-16 08:45:00,27.56,0.377733333333333,24.7,0.10021564,26.5184444444444
2023-07-16 09:00:00,28.34,0.360533333333333,24.7333333333333,0.10031908,27.852
2023-07-16 09:15:00,28.6466666666667,0.360466666666667,24.8,0.1002415,29.1737777777778
2023-07-16 09:30:00,29.04,0.354466666666667,24.92,0.10034494,30.1713333333333
2023-07-16 09:45:00,29.8266666666667,0.3216,25.1,0.1002415,31.3922222222222
2023-07-16 10:00:00,30.8,0.298333333333333,25.3533333333333,0.10000876,32.6786666666667
2023-07-16 10:15:00,31.0933333333333,0.290066666666667,25.6733333333333,0.0998794599999999,33.6975555555556
2023-07-16 10:30:00,31.5533333333333,0.292066666666667,26.06,0.0998535999999999,34.506
2023-07-16 10:45:00,31.9733333333333,0.2748,26.4733333333333,0.0996984399999999,34.8373333333333
2023-07-16 11:00:00,32.0266666666667,0.284666666666667,26.9133333333333,0.0998018799999999,35.1842222222222
2023-07-16 11:15:00,32.9266666666667,0.286066666666667,27.38,0.0996984399999999,35.4371111111111
2023-07-16 11:30:00,33.0066666666667,0.2766,27.8266666666667,0.0997501599999999,35.3315555555556
2023-07-16 11:45:00,33.3133333333333,0.2756,28.2933333333333,0.0996984399999999,35.4006666666667
2023-07-16 12:00:00,33.4666666666667,0.284666666666667,28.7533333333333,0.0995949999999999,35.4777777777778
2023-07-16 12:15:00,34.0133333333333,0.2452,29.2066666666667,0.0997242999999999,35.6802222222222
2023-07-16 12:30:00,34.6266666666667,0.2266,29.6333333333333,0.0996208599999999,35.8593333333333
2023-07-16 12:45:00,35.1533333333333,0.210733333333333,29.98,0.0996467199999999,36.2446666666667
2023-07-16 13:00:00,35.32,0.220733333333333,30.22,0.0995174199999999,36.7802222222222
2023-07-16 13:15:00,35.4133333333333,0.221666666666667,30.3533333333333,0.0997242999999999,38.038
2023-07-16 13:30:00,36.0933333333333,0.2038,30.4,0.0996208599999999,39.264
2023-07-16 13:45:00,36.5533333333333,0.204066666666667,30.3866666666667,0.0994398399999999,39.3395555555556
2023-07-16 14:00:00,37.14,0.199333333333333,30.3,0.0994656999999999,39.9482222222222
2023-07-16 14:15:00,38.0533333333333,0.185866666666667,30.2466666666667,0.0993363999999999,40.8817777777778
2023-07-16 14:30:00,38.56,0.1702,30.2,0.0993622599999999,41.2755555555556
2023-07-16 14:45:00,38.2066666666667,0.185066666666667,30.2933333333333,0.0992846799999999,41.254
2023-07-16 15:00:00,38.7,0.1738,30.4933333333333,0.0991812399999999,42.1142222222222
2023-07-16 15:15:00,38.6133333333333,0.1756,30.7666666666667,0.0992846799999999,42.9628888888889
2023-07-16 15:30:00,39.7733333333333,0.153266666666667,31.12,0.0991295199999999,42.8546666666667
2023-07-16 15:45:00,40.28,0.1484,31.4666666666667,0.0991553799999999,43.4595555555556
2023-07-16 16:00:00,40.1133333333333,0.17,31.84,0.0990260799999999,43.672
2023-07-16 16:15:00,40.2866666666667,0.157733333333333,32.1866666666667,0.0992588199999999,43.91
2023-07-16 16:30:00,39.64,0.169333333333333,32.52,0.0992070999999999,44.2871111111111
2023-07-16 16:45:00,40.56,0.1718,32.8133333333333,0.0992588199999999,43.7164444444444
2023-07-16 17:00:00,39.8066666666667,0.1626,33.0933333333333,0.0991036599999999,43.4215555555556
2023-07-16 17:15:00,38.94,0.161533333333333,33.32,0.0992329599999999,42.5057777777778
2023-07-16 17:30:00,38.7666666666667,0.1762,33.4666666666667,0.0992329599999999,41.7993333333333
2023-07-16 17:45:00,40.3333333333333,0.173733333333333,33.5866666666667,0.0992846799999999,41.356
2023-07-16 18:00:00,41.62,0.266666666666667,33.6,0.0992070999999999,39.8604444444444
2023-07-16 18:15:00,40.7333333333333,0.280066666666667,33.6,0.0993622599999999,38.3502222222222
2023-07-16 18:30:00,40.1,0.2444,33.58,0.0993105399999999,37.2753333333333
2023-07-16 18:45:00,38.4466666666667,0.228266666666667,33.4666666666667,0.0993105399999999,36.4728888888889
2023-07-16 19:00:00,38.3933333333333,0.282333333333333,33.3333333333333,0.0992846799999999,36.2082222222222
2023-07-16 19:15:00,36.9466666666667,0.275,33.1466666666667,0.0993105399999999,34.6273333333333
2023-07-16 19:30:00,35.0333333333333,0.3002,32.9533333333333,0.0993105399999999,32.8435555555556
2023-07-16 19:45:00,31.94,0.304866666666667,32.7533333333333,0.0991812399999999,31.1637777777778
2023-07-16 20:00:00,30.5133333333333,0.2898,32.54,0.0991812399999999,30.4844444444444
2023-07-16 20:15:00,29.6733333333333,0.273466666666667,32.3266666666667,0.0993105399999999,29.7708888888889
2023-07-16 20:30:00,28.68,0.250333333333333,32.1066666666667,0.0991812399999999,29.0006666666667
2023-07-16 20:45:00,28.64,0.232666666666667,31.8733333333333,0.0990777999999999,28.838
2023-07-16 21:00:00,28.04,0.250066666666667,31.6333333333333,0.0991295199999999,27.8348888888889
2023-07-16 21:15:00,27.3066666666667,0.2738,31.3933333333333,0.0991036599999999,27.4271111111111
2023-07-16 21:30:00,26.5866666666667,0.311933333333333,31.16,0.0990777999999999,26.466
2023-07-16 21:45:00,25.4,0.352933333333333,30.9066666666667,0.0991295199999999,25.6297777777778
2023-07-16 22:00:00,24.4133333333333,0.404666666666667,30.6733333333333,0.0990260799999999,23.71
2023-07-16 22:15:00,22.6533333333333,0.476666666666667,30.4533333333333,0.0989484999999999,22.4837777777778
2023-07-16 22:30:00,21.34,0.521133333333333,30.2333333333333,0.09889678,22.2362222222222
2023-07-16 22:45:00,21.8666666666667,0.507533333333333,30.0133333333333,0.0989743599999999,22.8224444444444
2023-07-16 23:00:00,22.38,0.492133333333333,29.8,0.0990260799999999,22.8537777777778
2023-07-16 23:15:00,22.5333333333333,0.483866666666667,29.5933333333333,0.0990260799999999,22.7802222222222
2023-07-16 23:30:00,22.3133333333333,0.486066666666667,29.3933333333333,0.0990777999999999,21.9522222222222
2023-07-16 23:45:00,20.7533333333333,0.565933333333333,29.2066666666667,0.09887092,20.4397777777778
2023-07-17 00:00:00,20.4266666666667,0.548133333333333,29.02,0.0990519399999999,21.2288888888889
2023-07-17 00:15:00,20.66,0.5376,28.84,0.0989484999999999,20.7695555555556
2023-07-17 00:30:00,19.72,0.563666666666667,28.6533333333333,0.09892264,19.3771111111111
2023-07-17 00:45:00,18.2533333333333,0.663733333333333,28.48,0.09897436,18.0482222222222
2023-07-17 01:00:00,16.8466666666667,0.7104,28.3133333333333,0.09889678,17.2695555555556
2023-07-17 01:15:00,15.8933333333333,0.763133333333333,28.14,0.0990260799999999,16.6662222222222
2023-07-17 01:30:00,15.2133333333333,0.793666666666667,27.96,0.0990519399999999,16.1837777777778
2023-07-17 01:45:00,14.6733333333333,0.8068,27.78,0.0989484999999999,15.7457777777778
2023-07-17 02:00:00,14.3066666666667,0.817133333333333,27.6133333333333,0.09900022,15.7871111111111
2023-07-17 02:15:00,14.4533333333333,0.809066666666667,27.44,0.0989484999999999,15.8344444444444
2023-07-17 02:30:00,14.72,0.787333333333333,27.26,0.0989743599999999,15.8842222222222
2023-07-17 02:45:00,14.5933333333333,0.799066666666667,27.1,0.0990519399999999,14.9931111111111
2023-07-17 03:00:00,13.9866666666667,0.814466666666667,26.9466666666667,0.09889678,14.9666666666667
2023-07-17 03:15:00,14.0066666666667,0.807533333333333,26.7733333333333,0.0990519399999999,15.3155555555556
2023-07-17 03:30:00,14.42,0.786733333333333,26.6333333333333,0.0991295199999999,14.8977777777778
2023-07-17 03:45:00,14.06,0.8238,26.46,0.09892264,14.41
2023-07-17 04:00:00,13.5066666666667,0.8534,26.3333333333333,0.09900022,14.3971111111111
2023-07-17 04:15:00,13.3533333333333,0.864466666666667,26.1666666666667,0.09892264,14.1744444444444
2023-07-17 04:30:00,13.1,0.8786,26.0333333333333,0.09892264,13.9386666666667
2023-07-17 04:45:00,12.76,0.884933333333333,25.8866666666667,0.09889678,13.6237777777778
2023-07-17 05:00:00,12.5733333333333,0.8944,25.7466666666667,0.0990519399999999,13.5644444444444
2023-07-17 05:15:00,12.3466666666667,0.8944,25.62,0.0990260799999999,13.1364444444444
2023-07-17 05:30:00,12.3133333333333,0.917133333333334,25.4733333333333,0.0989484999999999,13.4328888888889
2023-07-17 05:45:00,12.84,0.9244,25.3466666666667,0.0989743599999999,14.2644444444444
2023-07-17 06:00:00,14.1333333333333,0.872066666666667,25.2266666666667,0.0991036599999999,15.2306666666667
2023-07-17 06:15:00,15.4333333333333,0.8236,25.0866666666667,0.0990260799999999,15.8553333333333
2023-07-17 06:30:00,16.7733333333333,0.779733333333333,24.9733333333333,0.09892264,16.5068888888889
2023-07-17 06:45:00,18.4066666666667,0.705533333333333,24.88,0.0990777999999999,17.5355555555556
2023-07-17 07:00:00,20.0333333333333,0.652266666666667,24.7933333333333,0.0990777999999999,18.3677777777778
2023-07-17 07:15:00,20.6333333333333,0.6202,24.7,0.0990260799999999,19.0657777777778
2023-07-17 07:30:00,20.9733333333333,0.604533333333333,24.66,0.09889678,19.6313333333333
2023-07-17 07:45:00,21.1866666666667,0.5884,24.6,0.0989743599999999,20.0995555555556
2023-07-17 08:00:00,21.4266666666667,0.561333333333333,24.6,0.09889678,20.5251111111111
2023-07-17 08:15:00,21.7133333333333,0.5228,24.6,0.0990260799999999,20.9191111111111
2023-07-17 08:30:00,21.9933333333333,0.505333333333333,24.5466666666667,0.09884506,21.8146666666667
2023-07-17 08:45:00,22.3133333333333,0.48,24.5,0.09887092,22.7693333333333
2023-07-17 09:00:00,22.6533333333333,0.458666666666667,24.5,0.09887092,23.7113333333333
2023-07-17 09:15:00,23.06,0.434066666666667,24.5533333333333,0.09879334,24.6077777777778
2023-07-17 09:30:00,23.4333333333333,0.4228,24.6066666666667,0.0988192,25.446
2023-07-17 09:45:00,23.7,0.4222,24.7266666666667,0.09884506,26.0468888888889
2023-07-17 10:00:00,24.04,0.4066,24.8866666666667,0.0988192,26.7386666666667
2023-07-17 10:15:00,24.5933333333333,0.395733333333333,25.1133333333333,0.09879334,27.5644444444444
2023-07-17 10:30:00,25.0333333333333,0.394933333333333,25.3933333333333,0.09858646,27.9371111111111
2023-07-17 10:45:00,25.2933333333333,0.392933333333333,25.7,0.09861232,28.038
2023-07-17 11:00:00,25.3533333333333,0.388,26.04,0.09845716,28.01
2023-07-17 11:15:00,25.7733333333333,0.384,26.4133333333333,0.09845716,28.2484444444444
2023-07-17 11:30:00,26.3666666666667,0.3682,26.7866666666667,0.09850888,28.5142222222222
2023-07-17 11:45:00,26.3933333333333,0.356266666666667,27.16,0.09837958,28.3493333333333
2023-07-17 12:00:00,26.7066666666667,0.348133333333333,27.56,0.09835372,28.3542222222222
2023-07-17 12:15:00,27.1666666666667,0.341333333333333,27.9666666666667,0.09825028,28.7215555555556
2023-07-17 12:30:00,26.9333333333333,0.335466666666667,28.3466666666667,0.09832786,28.2655555555556
2023-07-17 12:45:00,26.8533333333333,0.333133333333333,28.6533333333333,0.09825028,28.5348888888889
2023-07-17 13:00:00,27.2866666666667,0.330533333333333,28.8733333333333,0.09832786,29.5884444444444
2023-07-17 13:15:00,27.06,0.340533333333333,29,0.09832786,30.5255555555556
2023-07-17 13:30:00,27.6333333333333,0.3064,29,0.09840544,31.4186666666667
2023-07-17 13:45:00,27.8,0.312133333333333,28.98,0.09825028,31.658
2023-07-17 14:00:00,27.9,0.301933333333333,28.8866666666667,0.098302,31.7157777777778
2023-07-17 14:15:00,27.86,0.3036,28.8,0.09827614,32.09
2023-07-17 14:30:00,28.0866666666667,0.2934,28.7066666666667,0.09819856,32.3164444444444
2023-07-17 14:45:00,28.2066666666667,0.291333333333333,28.74,0.09801754,32.6244444444444
2023-07-17 15:00:00,28.5466666666667,0.280466666666667,28.8666666666667,0.09799168,32.6844444444444
2023-07-17 15:15:00,28.78,0.280533333333333,29.08,0.09796582,32.8255555555556
2023-07-17 15:30:00,29.1866666666667,0.275666666666667,29.3266666666667,0.09799168,33.2608888888889
2023-07-17 15:45:00,29.3066666666667,0.2772,29.6,0.09801754,33.3171111111111
2023-07-17 16:00:00,29.16,0.271533333333333,29.8733333333333,0.09781066,33.2053333333333
2023-07-17 16:15:00,29.4333333333333,0.2748,30.1333333333333,0.09793996,33.352
2023-07-17 16:30:00,29.7733333333333,0.2676,30.38,0.09773308,33.4626666666667
2023-07-17 16:45:00,29.4866666666667,0.274133333333333,30.6066666666667,0.09786238,33.2286666666667
2023-07-17 17:00:00,29.0333333333333,0.285866666666667,30.8,0.0979141,33.0006666666667
2023-07-17 17:15:00,28.8866666666667,0.290066666666667,30.9666666666667,0.09781066,32.3708888888889
2023-07-17 17:30:00,29.1866666666667,0.284533333333333,31.0933333333333,0.09793996,31.9286666666667
2023-07-17 17:45:00,28.9733333333333,0.282133333333333,31.1933333333333,0.09793996,31.2828888888889
2023-07-17 18:00:00,28.9133333333333,0.298266666666667,31.2,0.09783652,30.7142222222222
2023-07-17 18:15:00,28.6733333333333,0.299333333333333,31.2,0.0979141,29.8082222222222
2023-07-17 18:30:00,28.0133333333333,0.2986,31.14,0.09788824,28.7931111111111
2023-07-17 18:45:00,27.6533333333333,0.3072,31.02,0.09786238,28.4688888888889
2023-07-17 19:00:00,27.8133333333333,0.309533333333333,30.8333333333333,0.09799168,28.1913333333333
2023-07-17 19:15:00,27.1733333333333,0.3198,30.6466666666667,0.09781066,27.2602222222222
2023-07-17 19:30:00,26.78,0.339266666666667,30.46,0.09773308,26.506
2023-07-17 19:45:00,25.1666666666667,0.367466666666667,30.26,0.09775894,25.0791111111111
2023-07-17 20:00:00,24.1266666666667,0.379733333333333,30.0733333333333,0.09775894,24.3293333333333
2023-07-17 20:15:00,23.0066666666667,0.351933333333333,29.88,0.09770722,23.7348888888889
2023-07-17 20:30:00,22.1533333333333,0.3716,29.6866666666667,0.0977848,23.0353333333333
2023-07-17 20:45:00,21.6866666666667,0.3788,29.4866666666667,0.0979141,22.4822222222222
2023-07-17 21:00:00,21.1266666666667,0.394933333333333,29.28,0.09768136,21.8257777777778
2023-07-17 21:15:00,20.7066666666667,0.406333333333333,29.0733333333333,0.09773308,21.4268888888889
2023-07-17 21:30:00,20.6733333333333,0.405466666666667,28.8666666666667,0.09783652,21.2566666666667
2023-07-17 21:45:00,20.5933333333333,0.399333333333333,28.6666666666667,0.09775894,21.0493333333333
2023-07-17 22:00:00,20.3133333333333,0.402866666666667,28.4666666666667,0.09783652,20.6493333333333
2023-07-17 22:15:00,19.8066666666667,0.4082,28.2666666666667,0.09773308,20.1353333333333
2023-07-17 22:30:00,18.96,0.427866666666667,28.08,0.09781066,19.3255555555556
2023-07-17 22:45:00,19.0466666666667,0.405,27.9,0.09786238,19.7757777777778
2023-07-17 23:00:00,19.56,0.389333333333333,27.72,0.09775894,19.6671111111111
2023-07-17 23:15:00,19.0466666666667,0.419666666666667,27.5466666666667,0.0977848,19.0406666666667
2023-07-17 23:30:00,18.2933333333333,0.4572,27.3666666666667,0.09781066,18.6557777777778
2023-07-17 23:45:00,17.84,0.485466666666667,27.2133333333333,0.09786238,17.822
2023-07-18 00:00:00,16.9066666666667,0.528533333333333,27.0466666666667,0.09786238,17.2591111111111
2023-07-18 00:15:00,16.4266666666667,0.556066666666667,26.8866666666667,0.09775894,16.9384444444444
2023-07-18 00:30:00,15.96,0.586266666666667,26.74,0.09783652,15.8644444444444
2023-07-18 00:45:00,14.7266666666667,0.631733333333333,26.5733333333333,0.09793996,14.4475555555556
2023-07-18 01:00:00,13.24,0.7176,26.4333333333333,0.09786238,13.442
2023-07-18 01:15:00,12.04,0.785466666666667,26.2666666666667,0.09793996,12.8522222222222
2023-07-18 01:30:00,11.4133333333333,0.8132,26.1133333333333,0.09770722,12.9848888888889
2023-07-18 01:45:00,11.5266666666667,0.7962,25.9533333333333,0.09783652,12.7386666666667
2023-07-18 02:00:00,11.5266666666667,0.788733333333333,25.7933333333333,0.09781066,12.6404444444444
2023-07-18 02:15:00,11.28,0.801933333333333,25.64,0.09799168,12.3397777777778
2023-07-18 02:30:00,11.0066666666667,0.798066666666667,25.48,0.09786238,12.1593333333333
2023-07-18 02:45:00,10.92,0.794066666666667,25.3333333333333,0.09783652,12.0813333333333
2023-07-18 03:00:00,10.8,0.795333333333333,25.1733333333333,0.0979141,11.7408888888889
2023-07-18 03:15:00,10.6066666666667,0.812933333333333,25.04,0.09788824,11.5635555555556
2023-07-18 03:30:00,10.28,0.814266666666667,24.8666666666667,0.09788824,11.3688888888889
2023-07-18 03:45:00,10.2466666666667,0.826,24.7333333333333,0.09793996,11.2993333333333
2023-07-18 04:00:00,10.1066666666667,0.830466666666667,24.58,0.0980434,11.1055555555556
2023-07-18 04:15:00,9.89333333333333,0.8316,24.4533333333333,0.0980434,10.8993333333333
2023-07-18 04:30:00,9.7,0.823666666666666,24.32,0.09799168,10.7197777777778
2023-07-18 04:45:00,9.50666666666667,0.827866666666667,24.1666666666667,0.09801754,10.5062222222222
2023-07-18 05:00:00,9.34666666666667,0.833266666666666,24.0466666666667,0.09801754,10.1362222222222
2023-07-18 05:15:00,8.97333333333333,0.842466666666667,23.92,0.09799168,9.80355555555556
2023-07-18 05:30:00,8.83333333333333,0.864266666666667,23.7733333333333,0.09796582,9.96844444444445
2023-07-18 05:45:00,9,0.877133333333333,23.6533333333333,0.09796582,10.1373333333333
2023-07-18 06:00:00,9.25333333333333,0.861666666666667,23.5333333333333,0.0979141,10.4462222222222
2023-07-18 06:15:00,9.97333333333333,0.854666666666667,23.42,0.09788824,11.1475555555556
2023-07-18 06:30:00,11.44,0.838066666666667,23.3,0.09786238,12.0928888888889
2023-07-18 06:45:00,13.64,0.808533333333333,23.1933333333333,0.09788824,13.1071111111111
2023-07-18 07:00:00,16.4133333333333,0.6764,23.1,0.0979141,14.5148888888889
2023-07-18 07:15:00,18.2866666666667,0.585866666666667,23.0066666666667,0.0979141,15.7853333333333
2023-07-18 07:30:00,19.3733333333333,0.5532,22.9666666666667,0.09786238,16.692
2023-07-18 07:45:00,19.84,0.537,22.9,0.09796582,17.3746666666667
2023-07-18 08:00:00,20.4066666666667,0.516066666666667,22.9,0.09781066,18.1517777777778
2023-07-18 08:15:00,20.92,0.503466666666667,22.9,0.09786238,18.7597777777778
2023-07-18 08:30:00,21.3466666666667,0.489733333333333,22.9,0.0977848,19.8211111111111
2023-07-18 08:45:00,22.1466666666667,0.4728,22.9,0.0976555,21.3571111111111
2023-07-18 09:00:00,22.5266666666667,0.464333333333333,22.9,0.09781066,22.3611111111111
2023-07-18 09:15:00,23.1266666666667,0.440133333333333,22.9466666666667,0.09773308,23.7164444444444
2023-07-18 09:30:00,23.7733333333333,0.425666666666667,23.0333333333333,0.09755206,24.958
2023-07-18 09:45:00,24.54,0.412533333333333,23.1666666666667,0.09768136,26.0128888888889
2023-07-18 10:00:00,25.3333333333333,0.3772,23.3933333333333,0.09770722,27.076
2023-07-18 10:15:00,25.6533333333333,0.3574,23.68,0.09773308,27.8364444444444
2023-07-18 10:30:00,25.86,0.352333333333333,24.04,0.09757792,28.5791111111111
2023-07-18 10:45:00,26.4733333333333,0.343733333333333,24.44,0.09747448,28.978
2023-07-18 11:00:00,26.9866666666667,0.3224,24.88,0.09744862,29.6053333333333
2023-07-18 11:15:00,26.86,0.306066666666667,25.32,0.09731932,29.5308888888889
2023-07-18 11:30:00,27.4466666666667,0.3056,25.78,0.09737104,29.6711111111111
2023-07-18 11:45:00,27.5466666666667,0.2926,26.24,0.09750034,29.78
2023-07-18 12:00:00,27.62,0.285333333333333,26.7066666666667,0.0973969,29.5753333333333
2023-07-18 12:15:00,27.7133333333333,0.286,27.16,0.09731932,29.5788888888889
2023-07-18 12:30:00,27.9733333333333,0.274666666666667,27.6,0.0971383,29.7686666666667
2023-07-18 12:45:00,28.3933333333333,0.276933333333333,27.96,0.09716416,30.2862222222222
2023-07-18 13:00:00,28.4333333333333,0.267466666666667,28.2266666666667,0.09719002,30.7208888888889
2023-07-18 13:15:00,28.2,0.271733333333333,28.38,0.09724174,32.1851111111111
2023-07-18 13:30:00,28.3733333333333,0.268733333333333,28.4,0.09721588,33.1011111111111
2023-07-18 13:45:00,28.8,0.2658,28.4,0.0972676,33.7604444444444
2023-07-18 14:00:00,29.3066666666667,0.263333333333333,28.3733333333333,0.09716416,34.2795555555556
2023-07-18 14:15:00,29.44,0.259333333333333,28.3,0.09708658,34.5746666666667
2023-07-18 14:30:00,29.58,0.2508,28.22,0.09719002,35.0526666666667
2023-07-18 14:45:00,30.1266666666667,0.247133333333333,28.26,0.09703486,35.4388888888889
2023-07-18 15:00:00,30.4733333333333,0.241533333333333,28.4,0.09706072,35.7217777777778
2023-07-18 15:15:00,31.4466666666667,0.236533333333333,28.64,0.09708658,36.0753333333333
2023-07-18 15:30:00,31.9266666666667,0.232933333333333,28.9333333333333,0.097009,36.5686666666667
2023-07-18 15:45:00,31.9,0.224466666666667,29.2666666666667,0.09695728,36.718
2023-07-18 16:00:00,32.2666666666667,0.2226,29.6,0.09698314,36.2828888888889
2023-07-18 16:15:00,32.4066666666667,0.220266666666667,29.94,0.09693142,36.9513333333333
2023-07-18 16:30:00,32.82,0.220866666666667,30.24,0.09685384,36.7513333333333
2023-07-18 16:45:00,33.0933333333333,0.223866666666667,30.5266666666667,0.09685384,36.4411111111111
2023-07-18 17:00:00,32.5733333333333,0.219533333333333,30.78,0.09677626,36.8444444444444
2023-07-18 17:15:00,31.76,0.2142,31.0266666666667,0.09693142,36.5095555555556
2023-07-18 17:30:00,32.1333333333333,0.217666666666667,31.2,0.09693142,35.9464444444444
2023-07-18 17:45:00,32.3333333333333,0.216666666666667,31.34,0.09695728,35.5942222222222
2023-07-18 18:00:00,32.3533333333333,0.2186,31.4,0.09690556,35.0233333333333
2023-07-18 18:15:00,31.6866666666667,0.2296,31.4,0.09706072,33.8482222222222
2023-07-18 18:30:00,31.24,0.233466666666667,31.3866666666667,0.097009,32.5075555555556
2023-07-18 18:45:00,30.9733333333333,0.2448,31.2733333333333,0.09695728,32.144
2023-07-18 19:00:00,30.82,0.2502,31.1266666666667,0.09706072,31.6791111111111
2023-07-18 19:15:00,29.9466666666667,0.2724,30.94,0.097009,30.3846666666667
2023-07-18 19:30:00,30.26,0.3826,30.7466666666667,0.09703486,28.6273333333333
2023-07-18 19:45:00,29.0266666666667,0.451533333333333,30.56,0.09695728,25.4546666666667
2023-07-18 20:00:00,26.5866666666667,0.5122,30.38,0.09706072,23.6086666666667
2023-07-18 20:15:00,23.6733333333333,0.558133333333333,30.1866666666667,0.09721588,21.6833333333333
2023-07-18 20:30:00,20.7533333333333,0.617933333333333,29.9933333333333,0.09711244,20.6091111111111
2023-07-18 20:45:00,18.7466666666667,0.6104,29.7866666666667,0.0971383,19.8813333333333
2023-07-18 21:00:00,17.6066666666667,0.565933333333333,29.58,0.09721588,19.2655555555556
2023-07-18 21:15:00,17.2,0.518666666666667,29.36,0.09719002,18.884
2023-07-18 21:30:00,17.1933333333333,0.515666666666667,29.1266666666667,0.09716416,18.6706666666667
2023-07-18 21:45:00,17.0733333333333,0.527066666666667,28.8933333333333,0.09708658,18.2375555555556
2023-07-18 22:00:00,16.7666666666667,0.5252,28.6666666666667,0.0971383,17.8613333333333
2023-07-18 22:15:00,16.5533333333333,0.532466666666667,28.42,0.09721588,17.6526666666667
2023-07-18 22:30:00,16.4933333333333,0.5278,28.2,0.09703486,17.4937777777778
2023-07-18 22:45:00,16.5,0.516466666666667,27.9866666666667,0.09711244,17.492
2023-07-18 23:00:00,16.9333333333333,0.514733333333333,27.76,0.09719002,17.7493333333333
2023-07-18 23:15:00,17.5533333333333,0.485866666666667,27.56,0.09708658,18.0613333333333
2023-07-18 23:30:00,17.8666666666667,0.463066666666667,27.3666666666667,0.09706072,18.1304444444444
2023-07-18 23:45:00,17.7933333333333,0.472333333333333,27.18,0.09711244,17.2675555555556
2023-07-19 00:00:00,16.6266666666667,0.5564,27.0066666666667,0.0971383,15.624
2023-07-19 00:15:00,14.9066666666667,0.628133333333333,26.84,0.097009,15.0157777777778
2023-07-19 00:30:00,15.06,0.533266666666667,26.6666666666667,0.09708658,16.38
2023-07-19 00:45:00,16.28,0.487266666666667,26.5133333333333,0.097009,16.7731111111111
2023-07-19 01:00:00,16.0466666666667,0.548466666666667,26.3533333333333,0.09706072,15.5142222222222
2023-07-19 01:15:00,15.0066666666667,0.589066666666667,26.1933333333333,0.09703486,15.3206666666667
2023-07-19 01:30:00,14.4733333333333,0.6268,26.04,0.09711244,14.6117777777778
2023-07-19 01:45:00,13.8133333333333,0.6682,25.8866666666667,0.09708658,14.278
2023-07-19 02:00:00,13.2666666666667,0.686333333333333,25.7466666666667,0.09706072,14.046
2023-07-19 02:15:00,13.0133333333333,0.680733333333333,25.6066666666667,0.09711244,13.7484444444444
2023-07-19 02:30:00,12.92,0.650666666666667,25.4666666666667,0.09708658,13.9173333333333
2023-07-19 02:45:00,13.0333333333333,0.604866666666667,25.3266666666667,0.0971383,13.7811111111111
2023-07-19 03:00:00,13.08,0.606666666666667,25.18,0.09716416,13.6811111111111
2023-07-19 03:15:00,12.7333333333333,0.652,25.0533333333333,0.09731932,12.8182222222222
2023-07-19 03:30:00,12.0333333333333,0.6808,24.92,0.09729346,12.8075555555556
2023-07-19 03:45:00,11.8333333333333,0.696266666666667,24.7666666666667,0.09721588,12.6544444444444
2023-07-19 04:00:00,11.7066666666667,0.709533333333333,24.6466666666667,0.0971383,12.6188888888889
2023-07-19 04:15:00,11.8133333333333,0.698533333333333,24.5266666666667,0.0971383,12.5451111111111
2023-07-19 04:30:00,11.5933333333333,0.679733333333333,24.3866666666667,0.09719002,12.146
2023-07-19 04:45:00,11.18,0.708866666666667,24.2666666666667,0.09716416,11.6931111111111
2023-07-19 05:00:00,10.78,0.7304,24.14,0.09724174,11.4988888888889
2023-07-19 05:15:00,10.5333333333333,0.729066666666667,24.0266666666667,0.09721588,11.5402222222222
2023-07-19 05:30:00,10.7666666666667,0.722533333333333,23.9066666666667,0.09703486,11.712
2023-07-19 05:45:00,10.9266666666667,0.7374,23.78,0.09716416,11.7348888888889
2023-07-19 06:00:00,11.0266666666667,0.735,23.6666666666667,0.09716416,11.7357777777778
2023-07-19 06:15:00,11.6066666666667,0.7576,23.5533333333333,0.09719002,12.4477777777778
2023-07-19 06:30:00,12.9266666666667,0.7472,23.4466666666667,0.09708658,13.244
2023-07-19 06:45:00,15.16,0.698066666666667,23.3533333333333,0.09734518,14.8671111111111
2023-07-19 07:00:00,18.1933333333333,0.588333333333333,23.24,0.0986899,16.8288888888889
2023-07-19 07:15:00,20.8133333333333,0.5064,22.9666666666667,0.11358526,18.4524444444444
2023-07-19 07:30:00,22.38,0.457466666666667,22.68,0.16905496,19.6782222222222
2023-07-19 07:45:00,23.2933333333333,0.418666666666667,22.5133333333333,0.22788646,20.4662222222222
2023-07-19 08:00:00,23.68,0.4258,22.4,0.26517658,21.0288888888889
2023-07-19 08:15:00,24.1533333333333,0.433533333333333,22.3266666666667,0.28237348,21.702
2023-07-19 08:30:00,24.2666666666667,0.4256,22.36,0.28984702,22.4775555555556
2023-07-19 08:45:00,24.5866666666667,0.4186,22.4,0.29553622,23.6464444444444
2023-07-19 09:00:00,24.8666666666667,0.407466666666667,22.46,0.2992342,24.6642222222222
2023-07-19 09:15:00,25.6133333333333,0.403,22.5933333333333,0.30293218,25.9208888888889
2023-07-19 09:30:00,26.7733333333333,0.395666666666667,22.8133333333333,0.30590608,27.1873333333333
2023-07-19 09:45:00,27.4266666666667,0.376133333333333,23.1666666666667,0.3086731,27.7982222222222
2023-07-19 10:00:00,27.6533333333333,0.380866666666667,23.6,0.31045744,28.3575555555556
2023-07-19 10:15:00,28.3866666666667,0.376933333333333,24.0733333333333,0.311647,29.3153333333333
2023-07-19 10:30:00,29.32,0.354133333333333,24.5466666666667,0.31260382,29.9508888888889
2023-07-19 10:45:00,29.4533333333333,0.348733333333333,24.9933333333333,0.3130693,30.3471111111111
2023-07-19 11:00:00,29.8,0.3216,25.42,0.31353478,30.8222222222222
2023-07-19 11:15:00,30.3733333333333,0.305,25.8133333333333,0.3137158,31.0244444444444
2023-07-19 11:30:00,30.5933333333333,0.300666666666667,26.2066666666667,0.31325032,31.2022222222222
2023-07-19 11:45:00,30.5866666666667,0.299666666666667,26.5333333333333,0.3085438,31.1084444444444
2023-07-19 12:00:00,30.7333333333333,0.303533333333333,26.8066666666667,0.30280288,31.4157777777778
2023-07-19 12:15:00,30.98,0.297866666666667,27.06,0.29851012,31.6622222222222
2023-07-19 12:30:00,31.8933333333333,0.284666666666667,27.3133333333333,0.29512246,32.4411111111111
2023-07-19 12:45:00,32.5333333333333,0.264133333333333,27.5066666666667,0.2921227,33.1931111111111
2023-07-19 13:00:00,32.84,0.253533333333333,27.6,0.28956256,34.2824444444444
2023-07-19 13:15:00,33.36,0.251066666666667,27.6,0.28726102,35.7953333333333
2023-07-19 13:30:00,33.9066666666667,0.236933333333333,27.5733333333333,0.28516636,37.0826666666667
2023-07-19 13:45:00,34.3666666666667,0.191466666666667,27.4666666666667,0.283201,38.0586666666667
2023-07-19 14:00:00,34.5933333333333,0.1928,27.3466666666667,0.28131322,38.2002222222222
2023-07-19 14:15:00,34.5533333333333,0.190133333333333,27.2333333333333,0.2795806,38.6255555555556
2023-07-19 14:30:00,35.02,0.1882,27.1133333333333,0.2778997,39.2982222222222
2023-07-19 14:45:00,35.2933333333333,0.195533333333333,27.1,0.27616708,39.6997777777778
2023-07-19 15:00:00,35.42,0.192466666666667,27.2333333333333,0.27451204,39.9091111111111
2023-07-19 15:15:00,35.4466666666667,0.196666666666667,27.4,0.27283114,40.324
2023-07-19 15:30:00,35.3933333333333,0.1926,27.6133333333333,0.27133126,40.3366666666667
2023-07-19 15:45:00,36.0466666666667,0.186533333333333,27.8266666666667,0.26959864,40.9324444444444
2023-07-19 16:00:00,35.7333333333333,0.203333333333333,28.0733333333333,0.26809876,40.6704444444444
2023-07-19 16:15:00,35.5533333333333,0.188733333333333,28.28,0.26641786,40.8497777777778
2023-07-19 16:30:00,35.74,0.193866666666667,28.4733333333333,0.26481454,40.9395555555556
2023-07-19 16:45:00,35.9266666666667,0.217666666666667,28.6533333333333,0.2634181,40.6506666666667
2023-07-19 17:00:00,36.0333333333333,0.2138,28.7866666666667,0.26184064,40.1768888888889
2023-07-19 17:15:00,36.3066666666667,0.197066666666667,28.9133333333333,0.26054764,40.2777777777778
2023-07-19 17:30:00,36.38,0.222,29.02,0.25922878,39.256
2023-07-19 17:45:00,37.0666666666667,0.2522,29.1,0.25803922,37.8708888888889
2023-07-19 18:00:00,36.34,0.292933333333333,29.2,0.25651348,36.8073333333333
2023-07-19 18:15:00,37.18,0.2838,29.1666666666667,0.25522048,36.5808888888889
2023-07-19 18:30:00,36.9733333333333,0.275666666666667,29.1,0.25392748,35.0184444444444
2023-07-19 18:45:00,35.1266666666667,0.303466666666667,29.0133333333333,0.25278964,33.8351111111111
2023-07-19 19:00:00,34.08,0.338266666666667,28.88,0.25172938,33.0346666666667
2023-07-19 19:15:00,32.74,0.387533333333333,28.7666666666667,0.25090186,31.2364444444444
2023-07-19 19:30:00,32.06,0.433666666666667,28.6466666666667,0.25007434,29.4624444444444
2023-07-19 19:45:00,29.6333333333333,0.466333333333333,28.5266666666667,0.24927268,27.7622222222222
2023-07-19 20:00:00,27.3,0.481133333333333,28.3933333333333,0.24865204,26.732
2023-07-19 20:15:00,25.8266666666667,0.4708,28.2666666666667,0.24808312,26.0522222222222
2023-07-19 20:30:00,24.6,0.491866666666667,28.1266666666667,0.24759178,24.5975555555556
2023-07-19 20:45:00,23.4533333333333,0.408933333333333,27.96,0.246997,24.51
2023-07-19 21:00:00,23.9066666666667,0.3582,27.8,0.24650566,24.6346666666667
2023-07-19 21:15:00,23.7266666666667,0.362266666666667,27.62,0.24601432,24.0668888888889
2023-07-19 21:30:00,23.1866666666667,0.37,27.4266666666667,0.24552298,23.5248888888889
2023-07-19 21:45:00,22.9733333333333,0.374733333333333,27.22,0.2451868,23.3106666666667
2023-07-19 22:00:00,22.2733333333333,0.423866666666667,27.02,0.24482476,21.1588888888889
2023-07-19 22:15:00,20.2333333333333,0.486,26.8266666666667,0.244411,19.7755555555556
2023-07-19 22:30:00,18.54,0.578333333333333,26.6466666666667,0.2440231,18.8662222222222
2023-07-19 22:45:00,17.34,0.638733333333333,26.4733333333333,0.24360934,17.9953333333333
2023-07-19 23:00:00,16.5733333333333,0.671733333333333,26.3133333333333,0.243118,17.5857777777778
2023-07-19 23:15:00,16.1333333333333,0.679333333333333,26.14,0.24280768,17.3435555555556
2023-07-19 23:30:00,16.0866666666667,0.653933333333333,25.96,0.24249736,17.7577777777778
2023-07-19 23:45:00,17.0733333333333,0.588933333333333,25.8,0.24226462,18.6013333333333
2023-07-20 00:00:00,18.0066666666667,0.548066666666667,25.6466666666667,0.24203188,18.6257777777778
2023-07-20 00:15:00,17.9666666666667,0.54,25.4866666666667,0.24161812,18.2733333333333
2023-07-20 00:30:00,17.68,0.541866666666667,25.34,0.24125608,18.1322222222222
2023-07-20 00:45:00,17.48,0.537466666666667,25.1733333333333,0.24102334,18.052
2023-07-20 01:00:00,17.32,0.5542,25.0466666666667,0.24073888,17.4411111111111
2023-07-20 01:15:00,16.7733333333333,0.5838,24.8866666666667,0.24042856,17.1697777777778
2023-07-20 01:30:00,16.5333333333333,0.593533333333333,24.7533333333333,0.24019582,17.2204444444444
2023-07-20 01:45:00,16.3333333333333,0.6316,24.6333333333333,0.23983378,16.604
2023-07-20 02:00:00,16.04,0.6464,24.5133333333333,0.23957518,16.6146666666667
2023-07-20 02:15:00,15.7066666666667,0.668266666666667,24.38,0.2394976,16.1968888888889
2023-07-20 02:30:00,15.32,0.6912,24.2733333333333,0.2391097,15.826
2023-07-20 02:45:00,14.8333333333333,0.729666666666667,24.1533333333333,0.23887696,15.0971111111111
2023-07-20 03:00:00,14.3066666666667,0.739266666666667,24.0466666666667,0.23869594,15.2253333333333
2023-07-20 03:15:00,14.16,0.751333333333333,23.9333333333333,0.2383339,14.9022222222222
2023-07-20 03:30:00,13.8866666666667,0.7838,23.8333333333333,0.2380753,14.6473333333333
2023-07-20 03:45:00,13.7266666666667,0.768533333333333,23.7266666666667,0.23786842,14.9795555555556
2023-07-20 04:00:00,14.02,0.748,23.62,0.23763568,14.9586666666667
2023-07-20 04:15:00,14.2066666666667,0.7282,23.5066666666667,0.2372995,15.0928888888889
2023-07-20 04:30:00,14.24,0.720533333333333,23.4066666666667,0.23714434,14.868
2023-07-20 04:45:00,14.0266666666667,0.736266666666667,23.3066666666667,0.2369116,14.4764444444444
2023-07-20 05:00:00,13.72,0.757,23.2,0.23662714,14.2657777777778
2023-07-20 05:15:00,13.3266666666667,0.779666666666667,23.1066666666667,0.23662714,13.8626666666667
2023-07-20 05:30:00,13.0266666666667,0.795666666666667,23.0066666666667,0.23636854,13.904
2023-07-20 05:45:00,13.0266666666667,0.7974,22.9133333333333,0.23621338,14.0673333333333
2023-07-20 06:00:00,13.38,0.815866666666667,22.82,0.23605822,14.2024444444444
2023-07-20 06:15:00,13.9066666666667,0.8356,22.74,0.2357479,14.786
2023-07-20 06:30:00,15.1533333333333,0.836133333333333,22.6466666666667,0.23538586,15.5564444444444
2023-07-20 06:45:00,17.1733333333333,0.7914,22.5533333333333,0.23810116,16.7682222222222
2023-07-20 07:00:00,19.84,0.6764,22.4333333333333,0.24772108,18.254
2023-07-20 07:15:00,22.2666666666667,0.5766,22.3466666666667,0.25899604,19.6875555555556
2023-07-20 07:30:00,24.08,0.4876,22.2533333333333,0.27456376,20.9946666666667
2023-07-20 07:45:00,24.8133333333333,0.451133333333333,22.1533333333333,0.28708,22.136
2023-07-20 08:00:00,25.4266666666667,0.435266666666667,22.1,0.2966482,22.7522222222222
2023-07-20 08:15:00,26,0.422066666666667,22.1,0.30249256,23.486
2023-07-20 08:30:00,25.9733333333333,0.4238,22.22,0.30851794,24.3228888888889
2023-07-20 08:45:00,26.2266666666667,0.416533333333333,22.42,0.31368994,25.1995555555556
2023-07-20 09:00:00,26.8933333333333,0.400733333333333,22.7,0.31588804,26.1146666666667
2023-07-20 09:15:00,27.2866666666667,0.3924,23.0066666666667,0.3175948,26.9302222222222
2023-07-20 09:30:00,27.7,0.392133333333333,23.34,0.31904296,27.9082222222222
2023-07-20 09:45:00,28.3266666666667,0.397733333333333,23.72,0.3205687,28.9406666666667
2023-07-20 10:00:00,29.3266666666667,0.382466666666667,24.1666666666667,0.3234133,30.1206666666667
2023-07-20 10:15:00,30.0333333333333,0.365866666666667,24.6866666666667,0.32602516,31.0944444444444
2023-07-20 10:30:00,29.9466666666667,0.3528,25.2,0.32695612,31.0984444444444
2023-07-20 10:45:00,30.3733333333333,0.343933333333333,25.64,0.3279388,31.9542222222222
2023-07-20 11:00:00,30.92,0.330866666666667,26.0533333333333,0.32868874,32.8913333333333
2023-07-20 11:15:00,31.3733333333333,0.349733333333333,26.42,0.32824912,33.5877777777778
2023-07-20 11:30:00,31.6866666666667,0.342066666666667,26.66,0.32124106,34.3104444444444
2023-07-20 11:45:00,32.6866666666667,0.329266666666667,26.78,0.31433644,35.3348888888889
2023-07-20 12:00:00,33.5133333333333,0.318133333333333,26.9333333333333,0.30968164,36.2544444444444
2023-07-20 12:15:00,34.22,0.2934,27.0933333333333,0.30600952,36.6517777777778
2023-07-20 12:30:00,34.8666666666667,0.241,27.2666666666667,0.30306148,36.6211111111111
2023-07-20 12:45:00,35.18,0.2404,27.3933333333333,0.3002686,36.4677777777778
2023-07-20 13:00:00,35.1733333333333,0.235666666666667,27.4066666666667,0.29773432,36.1746666666667
2023-07-20 13:15:00,35.1933333333333,0.240133333333333,27.4,0.29551036,35.9935555555556
2023-07-20 13:30:00,35.62,0.236066666666667,27.3333333333333,0.29256232,36.022
2023-07-20 13:45:00,35.7866666666667,0.2316,27.22,0.2901832,36.2268888888889
2023-07-20 14:00:00,35.7866666666667,0.222933333333333,27.0666666666667,0.28896778,37.1902222222222
2023-07-20 14:15:00,35.86,0.2302,26.9466666666667,0.28713172,38.0386666666667
2023-07-20 14:30:00,36.2733333333333,0.2206,26.8466666666667,0.28555426,38.9542222222222
2023-07-20 14:45:00,36.4066666666667,0.221733333333333,26.8333333333333,0.28392508,39.5757777777778
2023-07-20 15:00:00,36.4,0.228266666666667,26.94,0.28232176,40.1726666666667
2023-07-20 15:15:00,36.46,0.223333333333333,27.0866666666667,0.28053742,40.62
2023-07-20 15:30:00,35.76,0.242066666666667,27.28,0.27885652,40.0202222222222
2023-07-20 15:45:00,34.7666666666667,0.270333333333333,27.48,0.2771239,38.7451111111111
2023-07-20 16:00:00,35.3933333333333,0.2808,27.64,0.27567574,39.6946666666667
2023-07-20 16:15:00,36.08,0.249866666666667,27.7466666666667,0.2740207,40.4202222222222
2023-07-20 16:30:00,36.52,0.2448,27.8533333333333,0.27262426,40.9642222222222
2023-07-20 16:45:00,36.5733333333333,0.233066666666667,27.98,0.27115024,40.9026666666667
2023-07-20 17:00:00,36.6533333333333,0.2366,28.1333333333333,0.26972794,40.8728888888889
2023-07-20 17:15:00,36.7266666666667,0.236666666666667,28.2533333333333,0.26838322,40.6751111111111
2023-07-20 17:30:00,37.06,0.226466666666667,28.36,0.26693506,39.94
2023-07-20 17:45:00,37.32,0.242133333333333,28.46,0.26553862,39.1702222222222
2023-07-20 18:00:00,36.9533333333333,0.256066666666667,28.5,0.2641939,38.1193333333333
2023-07-20 18:15:00,37.1266666666667,0.255333333333333,28.5,0.26271988,37.4944444444444
2023-07-20 18:30:00,36.7533333333333,0.2566,28.5,0.26142688,36.7666666666667
2023-07-20 18:45:00,36.7933333333333,0.356333333333333,28.42,0.2603149,36.2346666666667
2023-07-20 19:00:00,37.6066666666667,0.4708,28.3333333333333,0.25925464,34.9237777777778
2023-07-20 19:15:00,36.58,0.485066666666667,28.2533333333333,0.25847884,33.4957777777778
2023-07-20 19:30:00,34.4266666666667,0.440466666666667,28.2,0.25783234,31.8673333333333
2023-07-20 19:45:00,32.2933333333333,0.518866666666667,28.1,0.2570824,29.7244444444444
2023-07-20 20:00:00,29.54,0.512133333333333,28.04,0.2566945,27.8742222222222
2023-07-20 20:15:00,26.8733333333333,0.571666666666667,27.9533333333333,0.256048,26.046
2023-07-20 20:30:00,24.4866666666667,0.597266666666667,27.84,0.25563424,24.6077777777778
2023-07-20 20:45:00,22.9066666666667,0.610466666666667,27.7,0.25524634,23.5275555555556
2023-07-20 21:00:00,21.86,0.5586,27.5533333333333,0.25493602,23.1926666666667
2023-07-20 21:15:00,21.8333333333333,0.4884,27.4,0.25452226,23.2333333333333
2023-07-20 21:30:00,22.6466666666667,0.4752,27.24,0.25426366,23.0864444444444
2023-07-20 21:45:00,22.28,0.461066666666667,27.0533333333333,0.25390162,22.3942222222222
2023-07-20 22:00:00,22.2466666666667,0.432333333333333,26.88,0.25356544,22.7333333333333
2023-07-20 22:15:00,22.1866666666667,0.455533333333333,26.7066666666667,0.25338442,22.3193333333333
2023-07-20 22:30:00,21.6933333333333,0.4882,26.52,0.2529448,21.8093333333333
2023-07-20 22:45:00,20.98,0.530666666666667,26.3533333333333,0.25260862,20.9806666666667
2023-07-20 23:00:00,20.1133333333333,0.587133333333333,26.1733333333333,0.2525569,20.2926666666667
2023-07-20 23:15:00,19.56,0.588666666666667,26.02,0.25219486,20.2891111111111
2023-07-20 23:30:00,21.3466666666667,0.4654,25.86,0.25188454,21.936
2023-07-20 23:45:00,24.3533333333333,0.4354,25.7133333333333,0.25172938,23.6866666666667
2023-07-21 00:00:00,25.3333333333333,0.435,25.56,0.25131562,23.7051111111111
2023-07-21 00:15:00,24.42,0.483066666666667,25.44,0.2511346,22.62
2023-07-21 00:30:00,22.8466666666667,0.5444,25.32,0.250876,21.4802222222222
2023-07-21 00:45:00,21.18,0.631066666666667,25.2266666666667,0.25064326,20.0602222222222
2023-07-21 01:00:00,19.5666666666667,0.6876,25.12,0.25041052,19.0513333333333
2023-07-21 01:15:00,18.4533333333333,0.722933333333333,25.0333333333333,0.25028122,18.9322222222222
2023-07-21 01:30:00,18.14,0.736266666666667,24.9266666666667,0.25012606,18.5891111111111
2023-07-21 01:45:00,17.66,0.763333333333333,24.8333333333333,0.24989332,17.7966666666667
2023-07-21 02:00:00,16.9466666666667,0.794533333333333,24.7266666666667,0.24966058,17.2517777777778
2023-07-21 02:15:00,16.3933333333333,0.816533333333333,24.6266666666667,0.24950542,16.9997777777778
2023-07-21 02:30:00,16.0933333333333,0.8268,24.52,0.24927268,16.8286666666667
2023-07-21 02:45:00,15.8666666666667,0.840533333333333,24.42,0.2491951,16.3484444444444
2023-07-21 03:00:00,15.4666666666667,0.856066666666667,24.3066666666667,0.2490658,15.9746666666667
2023-07-21 03:15:00,15.06,0.8734,24.2133333333333,0.24885892,15.6691111111111
2023-07-21 03:30:00,14.7266666666667,0.8892,24.1066666666667,0.24865204,15.4053333333333
2023-07-21 03:45:00,14.5466666666667,0.907,24,0.24852274,15.3884444444444
2023-07-21 04:00:00,14.64,0.921933333333333,23.9,0.24839344,15.5484444444444
2023-07-21 04:15:00,14.7666666666667,0.920266666666667,23.7933333333333,0.24805726,15.6251111111111
2023-07-21 04:30:00,14.7333333333333,0.909133333333333,23.6933333333333,0.24782452,15.572
2023-07-21 04:45:00,14.8866666666667,0.8992,23.5933333333333,0.2479021,15.6748888888889
2023-07-21 05:00:00,15.02,0.8822,23.5,0.24785038,15.6595555555556
2023-07-21 05:15:00,14.98,0.864333333333333,23.4,0.2475142,15.5571111111111
2023-07-21 05:30:00,14.86,0.8628,23.3066666666667,0.24746248,15.3868888888889
2023-07-21 05:45:00,14.78,0.852133333333333,23.2133333333333,0.2473849,15.3326666666667
2023-07-21 06:00:00,14.9333333333333,0.848,23.12,0.24715216,15.51
2023-07-21 06:15:00,15.4333333333333,0.848533333333333,23.0266666666667,0.2471263,15.8995555555556
2023-07-21 06:30:00,16.6666666666667,0.838066666666667,22.9466666666667,0.25077256,16.5504444444444
2023-07-21 06:45:00,18.6866666666667,0.825066666666667,22.7266666666667,0.28762306,17.3333333333333
2023-07-21 07:00:00,21.0666666666667,0.778133333333333,22.46,0.30042376,18.4455555555556
2023-07-21 07:15:00,23.2,0.6584,22.3,0.30820762,19.7464444444444
2023-07-21 07:30:00,24.2333333333333,0.567466666666667,22.2,0.32294782,20.9973333333333
2023-07-21 07:45:00,24.6466666666667,0.551133333333333,22.2133333333333,0.33119716,21.9244444444444
2023-07-21 08:00:00,25.1,0.542066666666667,22.32,0.33717082,22.8428888888889
2023-07-21 08:15:00,25.2933333333333,0.541133333333333,22.44,0.34110154,23.444
2023-07-21 08:30:00,25.6866666666667,0.5262,22.56,0.33913618,24.224
2023-07-21 08:45:00,26.1933333333333,0.516866666666667,22.6666666666667,0.33916204,24.9717777777778
2023-07-21 09:00:00,26.6,0.502066666666667,22.7733333333333,0.34110154,25.8495555555556
2023-07-21 09:15:00,26.9066666666667,0.488,22.9266666666667,0.342679,26.8897777777778
2023-07-21 09:30:00,27.4666666666667,0.4686,23.16,0.34311862,27.8795555555556
2023-07-21 09:45:00,27.9066666666667,0.466933333333333,23.4866666666667,0.342679,28.8591111111111
2023-07-21 10:00:00,28.32,0.446133333333333,23.9,0.34223938,29.7197777777778
2023-07-21 10:15:00,28.8933333333333,0.437,24.3266666666667,0.34102396,30.482
2023-07-21 10:30:00,29.4466666666667,0.4254,24.7466666666667,0.34017058,31.2746666666667
2023-07-21 10:45:00,29.76,0.4224,25.1666666666667,0.33923962,31.8737777777778
2023-07-21 11:00:00,30.1533333333333,0.41,25.5733333333333,0.3384121,32.3217777777778
2023-07-21 11:15:00,30.4466666666667,0.399666666666667,25.96,0.33805006,32.73
2023-07-21 11:30:00,30.6266666666667,0.3896,26.34,0.33807592,32.8095555555556
2023-07-21 11:45:00,31.3,0.3786,26.7133333333333,0.33861898,32.998
2023-07-21 12:00:00,31.4933333333333,0.353266666666667,27.06,0.33616228,32.8364444444444
2023-07-21 12:15:00,31.8533333333333,0.337733333333333,27.32,0.32982658,32.8224444444444
2023-07-21 12:30:00,32.06,0.3306,27.52,0.3230254,32.7493333333333
2023-07-21 12:45:00,32.4266666666667,0.343933333333333,27.6,0.31705174,32.8511111111111
2023-07-21 13:00:00,32.56,0.2926,27.6,0.31317274,32.9635555555555
2023-07-21 13:15:00,33.0266666666667,0.302733333333333,27.6,0.31012126,33.2871111111111
2023-07-21 13:30:00,33.22,0.2996,27.5266666666667,0.30758698,33.7326666666667
2023-07-21 13:45:00,33.3533333333333,0.3114,27.4266666666667,0.30528544,34.6348888888889
2023-07-21 14:00:00,33.8933333333333,0.312,27.3066666666667,0.3032425,35.7702222222222
2023-07-21 14:15:00,34.46,0.3032,27.1933333333333,0.30132886,36.6586666666667
2023-07-21 14:30:00,34.54,0.290133333333333,27.1,0.29938936,37.7044444444444
2023-07-21 14:45:00,34.68,0.2932,27.1333333333333,0.29750158,38.4026666666667
2023-07-21 15:00:00,35.5,0.276133333333333,27.2733333333333,0.29558794,39.2062222222222
2023-07-21 15:15:00,35.9866666666667,0.2704,27.48,0.29385532,39.9135555555556
2023-07-21 15:30:00,35.96,0.260466666666667,27.72,0.29183824,40.4642222222222
2023-07-21 15:45:00,35.92,0.232466666666667,27.98,0.29013148,41.382
2023-07-21 16:00:00,36.1333333333333,0.225066666666667,28.2133333333333,0.28826956,41.8406666666667
2023-07-21 16:15:00,36.14,0.218733333333333,28.4266666666667,0.28645936,41.4466666666667
2023-07-21 16:30:00,35.6466666666667,0.215666666666667,28.6066666666667,0.28477846,40.8984444444444
2023-07-21 16:45:00,35.7466666666667,0.223333333333333,28.7533333333333,0.28309756,40.7331111111111
2023-07-21 17:00:00,35.5266666666667,0.240066666666667,28.86,0.28141666,40.1031111111111
2023-07-21 17:15:00,35.3133333333333,0.243066666666667,28.9533333333333,0.28012366,39.3186666666667
2023-07-21 17:30:00,35.1133333333333,0.259066666666667,29,0.27857206,38.3113333333333
2023-07-21 17:45:00,35.6866666666667,0.227,29.0666666666667,0.27730492,37.632
2023-07-21 18:00:00,36.48,0.234666666666667,29.0733333333333,0.2759602,36.9362222222222
2023-07-21 18:15:00,38.08,0.347133333333333,29,0.27500338,35.9651111111111
2023-07-21 18:30:00,39.4,0.3396,28.92,0.27386554,35.8391111111111
2023-07-21 18:45:00,38.38,0.303066666666667,28.82,0.27308974,34.9231111111111
2023-07-21 19:00:00,36.2733333333333,0.368666666666667,28.72,0.27249496,34.1986666666667
2023-07-21 19:15:00,34.48,0.390866666666667,28.62,0.27179674,32.896
2023-07-21 19:30:00,33.6133333333333,0.415866666666667,28.5266666666667,0.27107266,30.9746666666667
2023-07-21 19:45:00,31.2866666666667,0.4048,28.44,0.27058132,29.4333333333333
2023-07-21 20:00:00,28.8,0.456,28.34,0.26998654,27.6148888888889
2023-07-21 20:15:00,26.9066666666667,0.455266666666667,28.24,0.26957278,26.4206666666667
2023-07-21 20:30:00,26.0866666666667,0.4282,28.1133333333333,0.26921074,26.4524444444444
2023-07-21 20:45:00,26.44,0.344,27.9733333333333,0.2687194,26.2657777777778
2023-07-21 21:00:00,25.9066666666667,0.3332,27.8333333333333,0.26843494,25.4717777777778
2023-07-21 21:15:00,25.5466666666667,0.3208,27.66,0.26796946,25.2617777777778
2023-07-21 21:30:00,25.4866666666667,0.3222,27.4866666666667,0.26758156,24.6573333333333
2023-07-21 21:45:00,24.76,0.335066666666667,27.3266666666667,0.26727124,24.3651111111111
2023-07-21 22:00:00,24.4133333333333,0.3484,27.1466666666667,0.26685748,23.9415555555556
2023-07-21 22:15:00,23.8866666666667,0.368,26.96,0.2667799,23.3197777777778
2023-07-21 22:30:00,22.98,0.4066,26.8,0.26636614,22.4166666666667
2023-07-21 22:45:00,21.16,0.514066666666667,26.6333333333333,0.2661334,20.726
2023-07-21 23:00:00,19.26,0.5954,26.46,0.2658748,19.2633333333333
2023-07-21 23:15:00,17.7066666666667,0.6732,26.32,0.2657455,17.9904444444444
2023-07-21 23:30:00,16.52,0.726133333333333,26.1533333333333,0.2654869,17.3824444444444
2023-07-21 23:45:00,16.1533333333333,0.726733333333333,26.0066666666667,0.26517658,17.2771111111111
2023-07-22 00:00:00,16.64,0.679866666666667,25.8533333333333,0.2649697,17.3393333333333
2023-07-22 00:15:00,16.92,0.691533333333333,25.7066666666667,0.2647111,16.6886666666667
2023-07-22 00:30:00,15.9,0.7402,25.5533333333333,0.2647111,15.6651111111111
2023-07-22 00:45:00,14.8066666666667,0.780133333333333,25.42,0.26453008,15.2164444444444
2023-07-22 01:00:00,14.0533333333333,0.812733333333333,25.2666666666667,0.26440078,14.4737777777778
2023-07-22 01:15:00,13.36,0.850266666666667,25.1333333333333,0.26411632,14.1802222222222
2023-07-22 01:30:00,13.1333333333333,0.850533333333333,24.98,0.2639353,14.1893333333333
2023-07-22 01:45:00,13.2333333333333,0.834133333333333,24.8466666666667,0.26388358,14.1802222222222
2023-07-22 02:00:00,13.18,0.802866666666667,24.7133333333333,0.26370256,13.8408888888889
2023-07-22 02:15:00,13.1,0.761666666666667,24.5666666666667,0.26362498,13.8264444444444
2023-07-22 02:30:00,12.82,0.783733333333333,24.4466666666667,0.2634181,13.1722222222222
2023-07-22 02:45:00,12.7133333333333,0.7284,24.32,0.26336638,13.6646666666667
2023-07-22 03:00:00,13.1733333333333,0.692466666666667,24.1733333333333,0.26310778,13.7677777777778
2023-07-22 03:15:00,13.4266666666667,0.654933333333333,24.0533333333333,0.26297848,13.8251111111111
2023-07-22 03:30:00,13.3666666666667,0.647933333333333,23.9266666666667,0.26287504,13.7213333333333
2023-07-22 03:45:00,13.2866666666667,0.685133333333333,23.8,0.26253886,13.2288888888889
2023-07-22 04:00:00,12.6866666666667,0.712133333333333,23.6666666666667,0.26248714,13.13
2023-07-22 04:15:00,12.6466666666667,0.708733333333333,23.5466666666667,0.26235784,13.0688888888889
2023-07-22 04:30:00,12.4866666666667,0.7414,23.4333333333333,0.26220268,12.8328888888889
2023-07-22 04:45:00,12.3933333333333,0.751333333333333,23.32,0.26191822,12.7737777777778
2023-07-22 05:00:00,12.1933333333333,0.746266666666667,23.2066666666667,0.2617372,12.5651111111111
2023-07-22 05:15:00,11.9666666666667,0.754333333333333,23.0866666666667,0.26145274,12.4102222222222
2023-07-22 05:30:00,11.8466666666667,0.757,22.98,0.26106484,12.2582222222222
2023-07-22 05:45:00,11.8533333333333,0.7928,22.8733333333333,0.2608321,12.2557777777778
2023-07-22 06:00:00,12.04,0.8034,22.7733333333333,0.26078038,12.602
2023-07-22 06:15:00,12.8533333333333,0.786,22.6733333333333,0.26062522,13.176
2023-07-22 06:30:00,14.3,0.754,22.5866666666667,0.26065108,13.8435555555556
2023-07-22 06:45:00,16.3866666666667,0.727666666666667,22.5,0.2608321,14.8342222222222
2023-07-22 07:00:00,18.9866666666667,0.684133333333333,22.4066666666667,0.26194408,15.9142222222222
2023-07-22 07:15:00,21.2,0.609066666666667,22.34,0.26641786,17.6264444444444
2023-07-22 07:30:00,22.4733333333333,0.5096,22.3,0.2760895,19.3651111111111
2023-07-22 07:45:00,23.0866666666667,0.498533333333333,22.2066666666667,0.2824252,20.4615555555556
2023-07-22 08:00:00,23.6,0.486733333333333,22.2,0.2825545,21.3495555555555
2023-07-22 08:15:00,24.2133333333333,0.483266666666667,22.2,0.28183042,22.198
2023-07-22 08:30:00,24.52,0.462266666666667,22.2866666666667,0.28084774,22.9217777777778
2023-07-22 08:45:00,24.62,0.481333333333333,22.3,0.2800978,23.3468888888889
2023-07-22 09:00:00,25.2066666666667,0.465666666666667,22.3,0.27968404,24.1626666666667
2023-07-22 09:15:00,25.8333333333333,0.440866666666667,22.3933333333333,0.2790634,25.3491111111111
2023-07-22 09:30:00,26.3133333333333,0.426933333333333,22.46,0.278029,26.5875555555556
2023-07-22 09:45:00,26.8066666666667,0.400733333333333,22.6333333333333,0.2771239,27.6895555555556
2023-07-22 10:00:00,27.3933333333333,0.372733333333333,22.8733333333333,0.2760895,28.5497777777778
2023-07-22 10:15:00,27.7266666666667,0.354933333333333,23.14,0.27495166,29.2533333333333
2023-07-22 10:30:00,28.22,0.3402,23.44,0.27378796,29.9493333333333
2023-07-22 10:45:00,28.56,0.328533333333333,23.74,0.27267598,30.6326666666667
2023-07-22 11:00:00,28.8066666666667,0.323066666666667,24.0533333333333,0.27138298,31.2162222222222
2023-07-22 11:15:00,29.06,0.333266666666667,24.3666666666667,0.27016756,31.7875555555556
2023-07-22 11:30:00,29.2533333333333,0.3284,24.68,0.26874526,32.2977777777778
2023-07-22 11:45:00,29.4933333333333,0.316533333333333,24.9933333333333,0.26750398,32.9462222222222
2023-07-22 12:00:00,30.0133333333333,0.310133333333333,25.3,0.26621098,33.2971111111111
2023-07-22 12:15:00,30.3266666666667,0.287866666666667,25.5866666666667,0.26491798,33.4211111111111
2023-07-22 12:30:00,30.86,0.273666666666667,25.8333333333333,0.26352154,33.0433333333333
2023-07-22 12:45:00,31.48,0.280066666666667,25.9866666666667,0.26233198,32.7664444444444
2023-07-22 13:00:00,31.4133333333333,0.265866666666667,26.1,0.26129758,32.1997777777778
2023-07-22 13:15:00,31.7666666666667,0.2718,26.1,0.26013388,32.2728888888889
2023-07-22 13:30:00,32.5533333333333,0.266533333333333,26.0466666666667,0.25891846,32.5333333333333
2023-07-22 13:45:00,32.6933333333333,0.258266666666667,25.96,0.2579875,32.3524444444444
2023-07-22 14:00:00,33.0533333333333,0.255133333333333,25.88,0.25703068,32.8984444444444
2023-07-22 14:15:00,33.4,0.250266666666667,25.8,0.25615144,33.8708888888889
2023-07-22 14:30:00,33.54,0.238933333333333,25.8,0.25516876,34.826
2023-07-22 14:45:00,34.0866666666667,0.2188,25.8333333333333,0.25416022,35.9975555555556
2023-07-22 15:00:00,34.7666666666667,0.208933333333333,26,0.2532034,37.2
2023-07-22 15:15:00,34.6866666666667,0.218533333333333,26.24,0.25214314,37.8453333333333
2023-07-22 15:30:00,34.64,0.232,26.48,0.25108288,38.1391111111111
2023-07-22 15:45:00,34.48,0.241933333333333,26.7,0.24999676,38.8268888888889
2023-07-22 16:00:00,34.7533333333333,0.246933333333333,26.8933333333333,0.24891064,39.1302222222222
2023-07-22 16:15:00,35.2733333333333,0.243933333333333,27.0666666666667,0.2477728,39.194
2023-07-22 16:30:00,35.92,0.253666666666667,27.2466666666667,0.2466091,39.1862222222222
2023-07-22 16:45:00,35.98,0.248066666666667,27.4,0.24552298,38.608
2023-07-22 17:00:00,36.0866666666667,0.2546,27.5533333333333,0.24433342,38.4055555555556
2023-07-22 17:15:00,36.4933333333333,0.2738,27.6866666666667,0.24329902,37.7486666666667
2023-07-22 17:30:00,36.6533333333333,0.2778,27.7933333333333,0.2426008,37.5064444444444
2023-07-22 17:45:00,37.0333333333333,0.311333333333333,27.88,0.24159226,36.4728888888889
2023-07-22 18:00:00,37.3,0.332933333333333,27.9,0.2406613,35.5175555555556
2023-07-22 18:15:00,36.8466666666667,0.342466666666667,27.9,0.23954932,34.8028888888889
2023-07-22 18:30:00,36.2666666666667,0.415733333333333,27.9,0.2389804,34.2577777777778
2023-07-22 18:45:00,35.1466666666667,0.481,27.8,0.23810116,33.5333333333333
2023-07-22 19:00:00,34.3866666666667,0.509866666666667,27.7466666666667,0.23745466,32.264
2023-07-22 19:15:00,32.8733333333333,0.550266666666667,27.7,0.23683402,30.7006666666667
2023-07-22 19:30:00,31.34,0.5594,27.6266666666667,0.23649784,28.906
2023-07-22 19:45:00,29.08,0.565133333333333,27.5866666666667,0.23608408,27.058
2023-07-22 20:00:00,26.5733333333333,0.578133333333333,27.5,0.23564446,25.2644444444444
2023-07-22 20:15:00,24.2333333333333,0.631533333333333,27.4133333333333,0.23528242,24.0331111111111
2023-07-22 20:30:00,22.7,0.622466666666667,27.3066666666667,0.23499796,23.1806666666667
2023-07-22 20:45:00,21.8466666666667,0.559,27.1666666666667,0.23473936,22.7695555555556
2023-07-22 21:00:00,21.5133333333333,0.497933333333333,27.04,0.23450662,22.4188888888889
2023-07-22 21:15:00,21.2666666666667,0.497,26.8733333333333,0.23414458,21.8535555555556
2023-07-22 21:30:00,20.8333333333333,0.483533333333333,26.7133333333333,0.2339377,21.452
2023-07-22 21:45:00,20.92,0.459466666666667,26.5333333333333,0.23365324,21.3208888888889
2023-07-22 22:00:00,20.98,0.453,26.3466666666667,0.23357566,21.1831111111111
2023-07-22 22:15:00,20.9333333333333,0.484533333333333,26.16,0.2332912,20.7773333333333
2023-07-22 22:30:00,20.3733333333333,0.5246,25.98,0.2331619,19.7364444444444
2023-07-22 22:45:00,19.1466666666667,0.553933333333333,25.8266666666667,0.23298088,19.2615555555556
2023-07-22 23:00:00,18.74,0.551666666666667,25.6533333333333,0.23282572,19.0542222222222
2023-07-22 23:15:00,18.6666666666667,0.5826,25.5133333333333,0.23261884,18.6991111111111
2023-07-22 23:30:00,18.1133333333333,0.621733333333333,25.36,0.23246368,18.0353333333333
2023-07-22 23:45:00,17.2933333333333,0.637866666666667,25.2333333333333,0.23217922,17.4566666666667
2023-07-23 00:00:00,16.6333333333333,0.678333333333333,25.0733333333333,0.23217922,17.0511111111111
2023-07-23 00:15:00,16.14,0.710533333333333,24.9466666666667,0.2321275,16.5473333333333
2023-07-23 00:30:00,15.6333333333333,0.731466666666667,24.8266666666667,0.2318689,16.2693333333333
2023-07-23 00:45:00,15.36,0.7476,24.7,0.23176546,15.996
2023-07-23 01:00:00,15.1333333333333,0.7608,24.5666666666667,0.2316103,15.6964444444444
2023-07-23 01:15:00,14.8733333333333,0.774,24.4533333333333,0.23142928,15.508
2023-07-23 01:30:00,14.82,0.7796,24.3333333333333,0.23145514,15.3982222222222
2023-07-23 01:45:00,14.54,0.7802,24.22,0.2312224,15.0435555555556
2023-07-23 02:00:00,14.34,0.789133333333333,24.1066666666667,0.2312224,14.9664444444444
2023-07-23 02:15:00,14.2533333333333,0.7852,23.9866666666667,0.23111896,14.7733333333333
2023-07-23 02:30:00,14.1133333333333,0.796466666666667,23.8866666666667,0.23091208,14.716
2023-07-23 02:45:00,14.1266666666667,0.800866666666667,23.78,0.2308345,14.5851111111111
2023-07-23 03:00:00,14.0333333333333,0.7768,23.6733333333333,0.2308345,14.7151111111111
2023-07-23 03:15:00,14.2866666666667,0.762066666666667,23.5666666666667,0.23065348,14.758
2023-07-23 03:30:00,14.2333333333333,0.765,23.4666666666667,0.23062762,14.5877777777778
2023-07-23 03:45:00,14.1,0.761866666666667,23.3666666666667,0.2307052,14.4702222222222
2023-07-23 04:00:00,13.8866666666667,0.781866666666667,23.26,0.23042074,14.2291111111111
2023-07-23 04:15:00,13.6466666666667,0.7854,23.1666666666667,0.230188,14.0075555555556
2023-07-23 04:30:00,13.52,0.7874,23.0666666666667,0.23016214,13.9517777777778
2023-07-23 04:45:00,13.2866666666667,0.8058,22.98,0.23008456,13.6326666666667
2023-07-23 05:00:00,13.0333333333333,0.820533333333333,22.8866666666667,0.22974838,13.4171111111111
2023-07-23 05:15:00,12.8466666666667,0.838666666666667,22.8,0.22964494,13.2833333333333
2023-07-23 05:30:00,12.8133333333333,0.843,22.7066666666667,0.22961908,13.4075555555556
2023-07-23 05:45:00,13.0933333333333,0.835466666666667,22.6133333333333,0.22961908,13.6211111111111
2023-07-23 06:00:00,13.4466666666667,0.824933333333333,22.5333333333333,0.22961908,13.91
2023-07-23 06:15:00,14.0533333333333,0.822533333333333,22.4533333333333,0.22951564,14.2691111111111
2023-07-23 06:30:00,15.34,0.806466666666667,22.3933333333333,0.22938634,14.9633333333333
2023-07-23 06:45:00,17.3533333333333,0.777266666666667,22.3,0.22917946,16.1204444444444
2023-07-23 07:00:00,19.9733333333333,0.730266666666667,22.28,0.22910188,17.1282222222222
2023-07-23 07:15:00,21.5666666666667,0.654133333333333,22.2,0.22905016,18.752
2023-07-23 07:30:00,22.56,0.578333333333333,22.2,0.2287657,19.9911111111111
2023-07-23 07:45:00,23.02,0.565266666666667,22.2,0.22853296,20.87
2023-07-23 08:00:00,23.5533333333333,0.555666666666667,22.22,0.2281192,21.7097777777778
2023-07-23 08:15:00,24.0066666666667,0.531866666666667,22.3,0.22770544,22.4313333333333
2023-07-23 08:30:00,24.3266666666667,0.514666666666667,22.3,0.22731754,22.9448888888889
2023-07-23 08:45:00,24.7733333333333,0.501866666666667,22.38,0.22703308,23.4802222222222
2023-07-23 09:00:00,25.2866666666667,0.5014,22.4,0.22664518,24.3146666666667
2023-07-23 09:15:00,25.7333333333333,0.480133333333333,22.4933333333333,0.22615384,25.5155555555556
2023-07-23 09:30:00,26.38,0.462933333333333,22.6,0.2257918,26.7477777777778
2023-07-23 09:45:00,26.8733333333333,0.451333333333333,22.7866666666667,0.22504186,27.9126666666667
2023-07-23 10:00:00,27.4,0.449533333333333,23.0266666666667,0.22457638,28.7977777777778
2023-07-23 10:15:00,28.2533333333333,0.434666666666667,23.32,0.22408504,29.7904444444444
2023-07-23 10:30:00,28.92,0.423466666666667,23.6466666666667,0.2233351,30.6124444444444
2023-07-23 10:45:00,29.2933333333333,0.424866666666667,23.9866666666667,0.22279204,31.2913333333333
2023-07-23 11:00:00,30.1133333333333,0.354066666666667,24.3533333333333,0.22196452,32.234
2023-07-23 11:15:00,30.4466666666667,0.3502,24.7133333333333,0.22124044,32.9184444444444
2023-07-23 11:30:00,30.5666666666667,0.346666666666667,25.0866666666667,0.22041292,33.3904444444444
2023-07-23 11:45:00,30.9066666666667,0.344866666666667,25.4533333333333,0.2195854,34.2815555555556
2023-07-23 12:00:00,31.4,0.3296,25.8,0.21886132,34.6677777777778
2023-07-23 12:15:00,31.64,0.334266666666667,26.1333333333333,0.21813724,34.5182222222222
2023-07-23 12:30:00,31.6,0.324133333333333,26.42,0.21730972,34.0995555555556
2023-07-23 12:45:00,32.2,0.312466666666667,26.6066666666667,0.21643048,33.7413333333333
2023-07-23 13:00:00,32.5066666666667,0.299066666666667,26.7,0.21560296,33.506
2023-07-23 13:15:00,33.12,0.284133333333333,26.7,0.21474958,33.5615555555556
2023-07-23 13:30:00,33.3733333333333,0.285733333333333,26.7,0.2138962,33.8171111111111
2023-07-23 13:45:00,33.3133333333333,0.286,26.6133333333333,0.21296524,33.4468888888889
2023-07-23 14:00:00,33.6733333333333,0.283666666666667,26.5333333333333,0.21213772,33.8597777777778
2023-07-23 14:15:00,34.32,0.288466666666667,26.4666666666667,0.21115504,35.0328888888889
2023-07-23 14:30:00,34.84,0.2842,26.42,0.2102758,35.9288888888889
2023-07-23 14:45:00,35.2866666666667,0.274666666666667,26.54,0.20939656,36.816
2023-07-23 15:00:00,35.1533333333333,0.273266666666667,26.76,0.2083363,37.9502222222222
2023-07-23 15:15:00,35.4533333333333,0.270466666666667,27.02,0.20727604,38.7506666666667
2023-07-23 15:30:00,35.2133333333333,0.259733333333333,27.3066666666667,0.20621578,39.2715555555556
2023-07-23 15:45:00,35.9533333333333,0.259333333333333,27.5866666666667,0.20541412,39.4917777777778
2023-07-23 16:00:00,36.1866666666667,0.2828,27.8266666666667,0.2044573,38.9893333333333
2023-07-23 16:15:00,36.74,0.288466666666667,28.04,0.2036815,39.154
2023-07-23 16:30:00,37.0866666666667,0.260533333333333,28.22,0.20254366,38.8824444444444
2023-07-23 16:45:00,35.9666666666667,0.264066666666667,28.3666666666667,0.20176786,39.1151111111111
2023-07-23 17:00:00,35.6933333333333,0.2674,28.52,0.20086276,38.8251111111111
2023-07-23 17:15:00,36.4733333333333,0.245666666666667,28.6133333333333,0.19998352,38.5251111111111
2023-07-23 17:30:00,36.4666666666667,0.2526,28.7,0.1990267,38.2864444444444
2023-07-23 17:45:00,36.3666666666667,0.299466666666667,28.7,0.19817332,37.5491111111111
2023-07-23 18:00:00,37.5733333333333,0.315333333333333,28.7,0.19729408,36.7191111111111
2023-07-23 18:15:00,37.48,0.343666666666667,28.7,0.19659586,36.1691111111111
2023-07-23 18:30:00,37.0133333333333,0.377733333333333,28.62,0.19571662,35.5542222222222
2023-07-23 18:45:00,36.24,0.4308,28.5333333333333,0.19496668,34.9204444444444
2023-07-23 19:00:00,36.3333333333333,0.503933333333333,28.4466666666667,0.19426846,33.8026666666667
2023-07-23 19:15:00,34.5666666666667,0.544933333333333,28.3866666666667,0.19375126,32.3817777777778
2023-07-23 19:30:00,33.6466666666667,0.565733333333333,28.3,0.19318234,30.6437777777778
2023-07-23 19:45:00,31.8,0.557333333333333,28.2666666666667,0.19276858,28.9208888888889
2023-07-23 20:00:00,29.4066666666667,0.607666666666667,28.2,0.19232896,27.2502222222222
2023-07-23 20:15:00,26.92,0.646066666666667,28.1066666666667,0.19181176,25.9202222222222
2023-07-23 20:30:00,24.9866666666667,0.692,28.0133333333333,0.19163074,24.8237777777778
2023-07-23 20:45:00,23.6133333333333,0.670866666666667,27.8866666666667,0.19121698,24.3333333333333
2023-07-23 21:00:00,24.3666666666667,0.485666666666667,27.76,0.19095838,25.442
2023-07-23 21:15:00,27.0733333333333,0.3676,27.6333333333333,0.19069978,26.4091111111111
2023-07-23 21:30:00,26.7066666666667,0.357466666666667,27.46,0.19041532,25.7015555555556
2023-07-23 21:45:00,26.1466666666667,0.3138,27.3,0.190105,25.6042222222222
2023-07-23 22:00:00,26.1533333333333,0.2958,27.14,0.18989812,25.508
2023-07-23 22:15:00,26.48,0.278066666666667,26.9533333333333,0.18969124,25.7035555555556
2023-07-23 22:30:00,26.2266666666667,0.272,26.7866666666667,0.1893292,25.3828888888889
2023-07-23 22:45:00,25.86,0.268133333333333,26.6266666666667,0.1890706,25.1437777777778
2023-07-23 23:00:00,25.4466666666667,0.2722,26.4466666666667,0.18896716,24.6795555555556
2023-07-23 23:15:00,24.8333333333333,0.282266666666667,26.2866666666667,0.18878614,24.312
2023-07-23 23:30:00,24.64,0.2932,26.1333333333333,0.18837238,23.8402222222222
2023-07-23 23:45:00,23.5866666666667,0.321266666666667,25.9666666666667,0.18808792,22.8373333333333
2023-07-24 00:00:00,22.54,0.343866666666667,25.8333333333333,0.1880362,22.0342222222222
2023-07-24 00:15:00,21.36,0.429866666666667,25.6866666666667,0.18772588,20.554
2023-07-24 00:30:00,19.6866666666667,0.523333333333333,25.5533333333333,0.18762244,18.8208888888889
2023-07-24 00:45:00,17.8333333333333,0.5354,25.44,0.18731212,18.1635555555556
2023-07-24 01:00:00,18.6533333333333,0.4674,25.3,0.18720868,19.7208888888889
2023-07-24 01:15:00,20.5,0.4246,25.1666666666667,0.18692422,20.4011111111111
2023-07-24 01:30:00,21.4333333333333,0.408066666666667,25.0466666666667,0.18684664,20.6071111111111
2023-07-24 01:45:00,21.1333333333333,0.414533333333333,24.92,0.18666562,20.4117777777778
2023-07-24 02:00:00,21.0333333333333,0.427133333333333,24.7933333333333,0.1864846,20.1726666666667
2023-07-24 02:15:00,20.2866666666667,0.452733333333333,24.68,0.18625186,19.7388888888889
2023-07-24 02:30:00,20.56,0.444533333333333,24.5666666666667,0.18599326,20.028
2023-07-24 02:45:00,20.6933333333333,0.440866666666667,24.46,0.18591568,20.05
2023-07-24 03:00:00,20.4666666666667,0.450133333333333,24.3466666666667,0.18565708,19.6893333333333
2023-07-24 03:15:00,20.1133333333333,0.463733333333333,24.2533333333333,0.18547606,19.4368888888889
2023-07-24 03:30:00,19.38,0.504133333333333,24.14,0.18539848,18.4073333333333
2023-07-24 03:45:00,17.9,0.584266666666667,24.0466666666667,0.18524332,17.0026666666667
2023-07-24 04:00:00,16.22,0.670066666666667,23.9466666666667,0.1850623,15.8015555555556
2023-07-24 04:15:00,14.9066666666667,0.7072,23.86,0.18495886,15.4193333333333
2023-07-24 04:30:00,14.4333333333333,0.740733333333333,23.76,0.184933,15.0373333333333
2023-07-24 04:45:00,14.18,0.762533333333333,23.66,0.18462268,15.0215555555556
2023-07-24 05:00:00,14.06,0.780333333333333,23.56,0.18457096,14.4433333333333
2023-07-24 05:15:00,13.74,0.8104,23.46,0.18436408,13.9897777777778
2023-07-24 05:30:00,13.24,0.8426,23.36,0.18431236,13.5248888888889
2023-07-24 05:45:00,12.7933333333333,0.8646,23.26,0.18413134,13.3291111111111
2023-07-24 06:00:00,12.72,0.886466666666667,23.1666666666667,0.18405376,13.4291111111111
2023-07-24 06:15:00,13.06,0.902,23.0666666666667,0.18384688,13.7848888888889
2023-07-24 06:30:00,14.2,0.9042,22.98,0.18382102,14.4082222222222
2023-07-24 06:45:00,15.8666666666667,0.868733333333333,22.9,0.18369172,15.3162222222222
2023-07-24 07:00:00,18.2066666666667,0.769066666666667,22.8066666666667,0.18364,16.5995555555556
2023-07-24 07:15:00,20.3466666666667,0.689466666666667,22.8,0.18345898,17.8862222222222
2023-07-24 07:30:00,21.66,0.567133333333333,22.7466666666667,0.18320038,19.1853333333333
2023-07-24 07:45:00,22.4133333333333,0.535,22.7,0.18281248,20.2333333333333
2023-07-24 08:00:00,23.0466666666667,0.527,22.76,0.18265732,21.1571111111111
2023-07-24 08:15:00,23.8266666666667,0.502266666666667,22.8,0.18224356,22.1095555555556
2023-07-24 08:30:00,24.5133333333333,0.4602,22.8,0.18167464,22.896
2023-07-24 08:45:00,24.92,0.446666666666667,22.8,0.18128674,23.4428888888889
2023-07-24 09:00:00,25.7,0.418533333333333,22.8333333333333,0.18069196,24.3866666666667
2023-07-24 09:15:00,25.72,0.405333333333333,22.9,0.18022648,25.3104444444444
2023-07-24 09:30:00,25.7066666666667,0.396733333333333,23.0133333333333,0.17960584,26.1764444444444
2023-07-24 09:45:00,26.0133333333333,0.406466666666667,23.1733333333333,0.17893348,27.102
2023-07-24 10:00:00,26.72,0.392266666666667,23.4066666666667,0.1782094,28.1908888888889
2023-07-24 10:15:00,27.1066666666667,0.3736,23.7,0.1776922,29.0715555555556
2023-07-24 10:30:00,27.24,0.352866666666667,24.0266666666667,0.17689054,29.5273333333333
2023-07-24 10:45:00,27.9733333333333,0.3458,24.36,0.17624404,30.3268888888889
2023-07-24 11:00:00,28.5533333333333,0.329066666666667,24.7133333333333,0.17541652,31.1673333333333
2023-07-24 11:15:00,28.44,0.329133333333333,25.0866666666667,0.17464072,31.5791111111111
2023-07-24 11:30:00,29.0133333333333,0.317266666666667,25.44,0.17389078,32.2237777777778
2023-07-24 11:45:00,29.18,0.316,25.8133333333333,0.17308912,32.5133333333333
2023-07-24 12:00:00,29.2133333333333,0.318933333333333,26.1866666666667,0.17218402,33.0317777777778
2023-07-24 12:15:00,29.9066666666667,0.3154,26.5733333333333,0.17138236,33.104
2023-07-24 12:30:00,30.1066666666667,0.3016,26.9266666666667,0.17078758,33.1568888888889
2023-07-24 12:45:00,30.12,0.288533333333333,27.1733333333333,0.16977904,32.3755555555556
2023-07-24 13:00:00,30.4266666666667,0.292666666666667,27.3,0.1688998,32.144
2023-07-24 13:15:00,30.7066666666667,0.2892,27.3866666666667,0.16817572,32.228
2023-07-24 13:30:00,30.04,0.308133333333333,27.32,0.16716718,31.1306666666667
2023-07-24 13:45:00,30.1333333333333,0.3114,27.3,0.16628794,31.3033333333333
2023-07-24 14:00:00,30.9133333333333,0.287,27.26,0.16548628,32.1711111111111
2023-07-24 14:15:00,31.76,0.266133333333333,27.2,0.1645036,33.4995555555556
2023-07-24 14:30:00,32.5266666666667,0.274066666666667,27.22,0.1634692,34.6002222222222
2023-07-24 14:45:00,32.38,0.271066666666667,27.3466666666667,0.16258996,35.3713333333333
2023-07-24 15:00:00,32.1866666666667,0.2866,27.58,0.16163314,35.7162222222222
2023-07-24 15:15:00,30.5733333333333,0.3252,27.8666666666667,0.16093492,34.8375555555556
2023-07-24 15:30:00,28.0066666666667,0.384133333333333,28.1533333333333,0.1599781,32.7482222222222
2023-07-24 15:45:00,27.4866666666667,0.3676,28.36,0.159073,31.7102222222222
2023-07-24 16:00:00,27.1066666666667,0.380666666666667,28.46,0.15837478,30.5735555555556
2023-07-24 16:15:00,25.7,0.4118,28.5,0.1575214,29.186
2023-07-24 16:30:00,24.4066666666667,0.4402,28.4133333333333,0.15679732,27.7033333333333
2023-07-24 16:45:00,24.0133333333333,0.447466666666667,28.36,0.15625426,26.6451111111111
2023-07-24 17:00:00,23.96,0.463066666666667,28.2333333333333,0.15555604,25.9946666666667
2023-07-24 17:15:00,23.2066666666667,0.4886,28.06,0.15501298,25.0873333333333
2023-07-24 17:30:00,22.8466666666667,0.5198,27.8933333333333,0.1545475,24.6273333333333
2023-07-24 17:45:00,23.1266666666667,0.516133333333333,27.7266666666667,0.15392686,24.4202222222222
2023-07-24 18:00:00,22.7266666666667,0.5324,27.5466666666667,0.15328036,23.9937777777778
2023-07-24 18:15:00,22.44,0.5682,27.3866666666667,0.15276316,23.6233333333333
2023-07-24 18:30:00,22.1333333333333,0.5732,27.2466666666667,0.15240112,23.2102222222222
2023-07-24 18:45:00,22.9733333333333,0.5416,27.0933333333333,0.15201322,23.7384444444444
2023-07-24 19:00:00,23.22,0.520933333333333,26.9533333333333,0.15147016,23.646
2023-07-24 19:15:00,23.7933333333333,0.5048,26.8266666666667,0.15108226,24.1977777777778
2023-07-24 19:30:00,24.6333333333333,0.482066666666667,26.7066666666667,0.15061678,24.5273333333333
2023-07-24 19:45:00,24.4066666666667,0.501133333333333,26.5933333333333,0.15012544,24.2442222222222
2023-07-24 20:00:00,23.4066666666667,0.557333333333333,26.4933333333333,0.14971168,23.2282222222222
2023-07-24 20:15:00,22.3333333333333,0.613666666666667,26.3933333333333,0.14927206,22.1044444444444
2023-07-24 20:30:00,21.1266666666667,0.6698,26.3,0.1489876,20.7104444444444
2023-07-24 20:45:00,19.6133333333333,0.703733333333333,26.1933333333333,0.14878072,19.8028888888889
2023-07-24 21:00:00,18.5066666666667,0.754333333333333,26.08,0.1484704,18.7917777777778
2023-07-24 21:15:00,17.64,0.7486,25.96,0.14823766,18.5666666666667
2023-07-24 21:30:00,19.82,0.596933333333333,25.84,0.1480825,20.1306666666667
2023-07-24 21:45:00,21.1933333333333,0.540466666666667,25.7,0.14777218,20.5904444444444
2023-07-24 22:00:00,20.9066666666667,0.553866666666667,25.5533333333333,0.14753944,20.2208888888889
2023-07-24 22:15:00,20.22,0.575266666666667,25.4333333333333,0.14746186,19.7744444444444
2023-07-24 22:30:00,19.7733333333333,0.5906,25.28,0.14720326,19.4613333333333
2023-07-24 22:45:00,19.48,0.6004,25.1533333333333,0.1470481,19.3251111111111
2023-07-24 23:00:00,19.24,0.610266666666667,25.04,0.14668606,19.0657777777778
2023-07-24 23:15:00,18.8933333333333,0.625066666666667,24.9066666666667,0.14668606,18.5746666666667
2023-07-24 23:30:00,17.8333333333333,0.678,24.78,0.1465309,17.526
2023-07-24 23:45:00,16.56,0.7378,24.6666666666667,0.14634988,16.6193333333333
2023-07-25 00:00:00,15.9266666666667,0.752066666666667,24.5466666666667,0.1462723,16.3564444444444
2023-07-25 00:15:00,16.9066666666667,0.706133333333333,24.44,0.146143,17.1502222222222
2023-07-25 00:30:00,17.5866666666667,0.676866666666667,24.32,0.14585854,17.5064444444444
2023-07-25 00:45:00,18.2533333333333,0.649066666666667,24.2066666666667,0.14585854,17.8142222222222
2023-07-25 01:00:00,18.06,0.658466666666667,24.0866666666667,0.14552236,17.4062222222222
2023-07-25 01:15:00,17.6133333333333,0.677866666666667,23.98,0.14531548,17.0306666666667
2023-07-25 01:30:00,16.56,0.7328,23.8866666666667,0.14526376,15.7915555555556
2023-07-25 01:45:00,15.22,0.792333333333333,23.7866666666667,0.14505688,15.1746666666667
2023-07-25 02:00:00,14.44,0.831933333333333,23.6866666666667,0.14487586,14.8226666666667
2023-07-25 02:15:00,13.86,0.8556,23.5866666666667,0.14469484,14.2357777777778
2023-07-25 02:30:00,13.68,0.870533333333333,23.4866666666667,0.1445914,14.4253333333333
2023-07-25 02:45:00,14.0933333333333,0.851666666666667,23.38,0.14448796,14.1982222222222
2023-07-25 03:00:00,13.6533333333333,0.861666666666667,23.28,0.1443328,13.5962222222222
2023-07-25 03:15:00,13.1933333333333,0.887933333333333,23.18,0.14422936,13.7035555555556
2023-07-25 03:30:00,13.7466666666667,0.875133333333333,23.08,0.14402248,14.354
2023-07-25 03:45:00,14.2866666666667,0.842133333333333,22.9866666666667,0.14397076,14.4186666666667
2023-07-25 04:00:00,14.0733333333333,0.845733333333333,22.8866666666667,0.14384146,14.1437777777778
2023-07-25 04:15:00,13.9933333333333,0.852066666666667,22.8,0.14378974,14.1622222222222
2023-07-25 04:30:00,13.6866666666667,0.849266666666667,22.7,0.14366044,13.3542222222222
2023-07-25 04:45:00,12.9933333333333,0.873733333333333,22.6066666666667,0.14347942,12.8966666666667
2023-07-25 05:00:00,12.38,0.885333333333333,22.52,0.14345356,12.5462222222222
2023-07-25 05:15:00,12.1,0.9108,22.4266666666667,0.14345356,12.406
2023-07-25 05:30:00,11.9533333333333,0.923733333333333,22.3466666666667,0.14324668,12.3022222222222
2023-07-25 05:45:00,12,0.931,22.26,0.14337598,12.5504444444444
2023-07-25 06:00:00,12.28,0.937133333333333,22.1666666666667,0.14327254,12.9168888888889
2023-07-25 06:15:00,12.8866666666667,0.9384,22.08,0.14337598,13.2768888888889
2023-07-25 06:30:00,14.4066666666667,0.8958,21.9933333333333,0.14332426,14.1064444444444
2023-07-25 06:45:00,16.36,0.829533333333333,21.9,0.14373802,15.0135555555556
2023-07-25 07:00:00,18.4066666666667,0.753266666666667,21.82,0.14410006,16.1017777777778
2023-07-25 07:15:00,19.86,0.6676,21.76,0.14435866,17.2206666666667
2023-07-25 07:30:00,21.2066666666667,0.616333333333333,21.7,0.14482414,18.2866666666667
2023-07-25 07:45:00,21.5666666666667,0.5862,21.7,0.14531548,19.0337777777778
2023-07-25 08:00:00,21.78,0.576733333333333,21.7,0.14611714,19.7155555555556
2023-07-25 08:15:00,21.5933333333333,0.5916,21.7,0.14707396,20.296
2023-07-25 08:30:00,22,0.5562,21.7,0.14813422,20.9933333333333
2023-07-25 08:45:00,22.32,0.5466,21.7,0.14958238,21.5022222222222
2023-07-25 09:00:00,22.3533333333333,0.537466666666667,21.7533333333333,0.15084952,22.0557777777778
2023-07-25 09:15:00,22.96,0.527466666666667,21.8,0.15229768,23.1144444444444
2023-07-25 09:30:00,23.3866666666667,0.507,21.9266666666667,0.15366826,24.1444444444444
2023-07-25 09:45:00,23.72,0.482,22.1,0.15496126,25.0131111111111
2023-07-25 10:00:00,23.9133333333333,0.468066666666667,22.36,0.1560991,25.716
2023-07-25 10:15:00,24.62,0.446733333333333,22.6666666666667,0.15718522,26.616
2023-07-25 10:30:00,24.8333333333333,0.438,22.9933333333333,0.15814204,27.1895555555556
2023-07-25 10:45:00,24.5266666666667,0.428,23.3466666666667,0.15902128,27.2375555555556
2023-07-25 11:00:00,25.1333333333333,0.425333333333333,23.7133333333333,0.16000396,27.8473333333333
2023-07-25 11:15:00,24.96,0.405666666666667,24.0733333333333,0.16080562,28.1366666666667
2023-07-25 11:30:00,25.56,0.394533333333333,24.44,0.161659,28.8371111111111
2023-07-25 11:45:00,25.8066666666667,0.390133333333333,24.7933333333333,0.16235722,29.2342222222222
2023-07-25 12:00:00,25.8466666666667,0.375466666666667,25.16,0.16300372,29.4366666666667
2023-07-25 12:15:00,25.9133333333333,0.388733333333333,25.52,0.16341748,29.3293333333333
2023-07-25 12:30:00,26.04,0.361933333333333,25.8133333333333,0.16365022,29.1704444444444
2023-07-25 12:45:00,26.4866666666667,0.355733333333333,25.9866666666667,0.16396054,28.8966666666667
2023-07-25 13:00:00,26.5666666666667,0.356333333333333,26.1,0.16414156,28.1784444444444
2023-07-25 13:15:00,26.8133333333333,0.358666666666667,26.1,0.1643743,28.35
2023-07-25 13:30:00,26.9666666666667,0.3446,26.02,0.1645036,27.97
2023-07-25 13:45:00,27.0133333333333,0.341133333333333,25.9266666666667,0.16442602,27.7786666666667
2023-07-25 14:00:00,27.5066666666667,0.3376,25.8066666666667,0.16447774,28.7182222222222
2023-07-25 14:15:00,27.6333333333333,0.321733333333333,25.7,0.1645036,29.78
2023-07-25 14:30:00,27.8466666666667,0.326866666666667,25.6466666666667,0.1645036,30.6095555555556
2023-07-25 14:45:00,28.54,0.314133333333333,25.7133333333333,0.16429672,31.3308888888889
2023-07-25 15:00:00,28.2066666666667,0.3168,25.8733333333333,0.16421914,31.6866666666667
2023-07-25 15:15:00,28.7866666666667,0.317933333333333,26.1066666666667,0.16416742,32.27
2023-07-25 15:30:00,29.54,0.2958,26.38,0.16421914,32.6702222222222
2023-07-25 15:45:00,29.5533333333333,0.2904,26.6333333333333,0.16408984,32.9922222222222
2023-07-25 16:00:00,29.1066666666667,0.2952,26.9,0.16408984,33.3902222222222
2023-07-25 16:15:00,29.54,0.287933333333333,27.1333333333333,0.16393468,33.4033333333333
2023-07-25 16:30:00,29.2866666666667,0.284666666666667,27.3466666666667,0.16380538,33.0931111111111
2023-07-25 16:45:00,29.8866666666667,0.277266666666667,27.54,0.1637278,32.9646666666667
2023-07-25 17:00:00,29.8333333333333,0.269066666666667,27.6733333333333,0.16357264,32.892
2023-07-25 17:15:00,29.9466666666667,0.268333333333333,27.7666666666667,0.16328818,33.1404444444444
2023-07-25 17:30:00,30.2133333333333,0.273733333333333,27.8333333333333,0.16315888,32.8762222222222
2023-07-25 17:45:00,30.4466666666667,0.274066666666667,27.9,0.1630813,32.218
2023-07-25 18:00:00,30.76,0.274933333333333,27.9,0.16292614,31.794
2023-07-25 18:15:00,30.7066666666667,0.275866666666667,27.8133333333333,0.16279684,31.5271111111111
2023-07-25 18:30:00,30.1733333333333,0.287266666666667,27.6733333333333,0.16266754,30.5957777777778
2023-07-25 18:45:00,29.54,0.2888,27.54,0.16253824,30.1022222222222
2023-07-25 19:00:00,28.9266666666667,0.3196,27.3533333333333,0.1625641,29.5095555555556
2023-07-25 19:15:00,28.8866666666667,0.3588,27.2,0.16251238,27.986
2023-07-25 19:30:00,28.8866666666667,0.410466666666667,27.0466666666667,0.16235722,25.6333333333333
2023-07-25 19:45:00,27.3066666666667,0.495533333333333,26.9,0.16248652,23.8551111111111
2023-07-25 20:00:00,23.7666666666667,0.446066666666667,26.7533333333333,0.16227964,22.7195555555555
2023-07-25 20:15:00,22.3066666666667,0.369133333333333,26.6066666666667,0.16253824,22.8524444444444
2023-07-25 20:30:00,22.0666666666667,0.370733333333333,26.4466666666667,0.16246066,22.3151111111111
2023-07-25 20:45:00,21.3066666666667,0.3816,26.2666666666667,0.16253824,21.6528888888889
2023-07-25 21:00:00,21.0066666666667,0.3766,26.0666666666667,0.16253824,21.2297777777778
2023-07-25 21:15:00,20.4333333333333,0.387066666666667,25.88,0.16251238,20.6182222222222
2023-07-25 21:30:00,19.68,0.412266666666667,25.68,0.16251238,19.8968888888889
2023-07-25 21:45:00,18.5666666666667,0.465933333333333,25.48,0.16248652,18.7375555555556
2023-07-25 22:00:00,19.2466666666667,0.421333333333333,25.2933333333333,0.16261582,19.5353333333333
2023-07-25 22:15:00,19.18,0.459666666666667,25.1066666666667,0.16266754,18.2671111111111
2023-07-25 22:30:00,17.2,0.552133333333333,24.92,0.16258996,16.9602222222222
2023-07-25 22:45:00,16.5933333333333,0.559,24.74,0.1625641,16.8851111111111
2023-07-25 23:00:00,15.9333333333333,0.601466666666667,24.5666666666667,0.16258996,15.7362222222222
2023-07-25 23:15:00,15.1133333333333,0.621,24.4133333333333,0.16253824,15.6555555555556
2023-07-25 23:30:00,14.5466666666667,0.662466666666667,24.2466666666667,0.1625641,14.6388888888889
2023-07-25 23:45:00,14.02,0.6606,24.08,0.16258996,14.6615555555556
2023-07-26 00:00:00,13.94,0.673466666666667,23.9333333333333,0.16266754,14.2515555555556
2023-07-26 00:15:00,13.52,0.680466666666667,23.7666666666667,0.1624348,14.0348888888889
2023-07-26 00:30:00,13.24,0.6996,23.64,0.16258996,13.6644444444444
2023-07-26 00:45:00,13.02,0.695733333333333,23.4933333333333,0.16248652,13.398
2023-07-26 01:00:00,12.5,0.734,23.3533333333333,0.1624348,12.6855555555556
2023-07-26 01:15:00,11.7666666666667,0.7746,23.2266666666667,0.16238308,12.1237777777778
2023-07-26 01:30:00,11.16,0.814333333333333,23.08,0.16246066,11.7175555555556
2023-07-26 01:45:00,10.6133333333333,0.826266666666667,22.9466666666667,0.16240894,11.0591111111111
2023-07-26 02:00:00,10.02,0.847666666666667,22.82,0.16235722,10.5897777777778
2023-07-26 02:15:00,9.55333333333333,0.872266666666667,22.6666666666667,0.16235722,10.3722222222222
2023-07-26 02:30:00,9.27333333333333,0.889733333333333,22.5466666666667,0.16235722,10.1951111111111
2023-07-26 02:45:00,9.08,0.896666666666667,22.4066666666667,0.16240894,10.0186666666667
2023-07-26 03:00:00,8.94,0.902,22.2733333333333,0.16258996,9.79733333333333
2023-07-26 03:15:00,8.78666666666667,0.904933333333333,22.1466666666667,0.16240894,9.89155555555556
2023-07-26 03:30:00,9.10666666666667,0.8808,22.0266666666667,0.1624348,10.274
2023-07-26 03:45:00,9.4,0.844133333333333,21.8866666666667,0.16246066,10.1557777777778
2023-07-26 04:00:00,9.44,0.854866666666667,21.76,0.16235722,9.94222222222222
2023-07-26 04:15:00,9.26,0.869266666666667,21.6466666666667,0.16222792,9.74333333333333
2023-07-26 04:30:00,8.90666666666667,0.8628,21.5333333333333,0.16235722,9.556
2023-07-26 04:45:00,8.72,0.8638,21.4133333333333,0.16220206,9.24644444444444
2023-07-26 05:00:00,8.44666666666667,0.8762,21.2866666666667,0.1621762,8.95
2023-07-26 05:15:00,8.18,0.879533333333333,21.1733333333333,0.16220206,8.94377777777778
2023-07-26 05:30:00,8.18666666666667,0.8966,21.06,0.16215034,8.93844444444444
2023-07-26 05:45:00,8.19333333333333,0.888866666666667,20.9533333333333,0.16222792,8.97111111111111
2023-07-26 06:00:00,8.43333333333333,0.894133333333333,20.8466666666667,0.16207276,9.12066666666667
2023-07-26 06:15:00,9.13333333333333,0.901,20.7333333333333,0.16215034,9.71955555555556
2023-07-26 06:30:00,10.7866666666667,0.870066666666667,20.6333333333333,0.16225378,10.468
2023-07-26 06:45:00,12.6266666666667,0.836533333333333,20.54,0.16246066,11.3675555555556
2023-07-26 07:00:00,14.88,0.7336,20.4733333333333,0.1623055,12.8115555555556
2023-07-26 07:15:00,16.2933333333333,0.6402,20.4,0.16222792,14.3464444444444
2023-07-26 07:30:00,16.96,0.606333333333333,20.3733333333333,0.16209862,15.2591111111111
2023-07-26 07:45:00,17.56,0.5938,20.3,0.1620469,16.2235555555556
2023-07-26 08:00:00,18.0933333333333,0.575733333333333,20.3,0.16173658,16.896
2023-07-26 08:15:00,18.3533333333333,0.5602,20.3133333333333,0.16163314,17.5135555555556
2023-07-26 08:30:00,18.9733333333333,0.538333333333333,20.4,0.16147798,18.3342222222222
2023-07-26 08:45:00,19.6333333333333,0.507333333333333,20.4,0.1611418,18.9784444444444
2023-07-26 09:00:00,20.2466666666667,0.500066666666667,20.4466666666667,0.16085734,19.8551111111111
2023-07-26 09:15:00,20.7333333333333,0.471266666666667,20.5133333333333,0.16085734,20.8835555555556
2023-07-26 09:30:00,21.4866666666667,0.455866666666667,20.64,0.16054702,22.198
2023-07-26 09:45:00,22.0066666666667,0.438,20.8466666666667,0.16028842,23.2315555555556
2023-07-26 10:00:00,22.32,0.436666666666667,21.1333333333333,0.16005568,24.1602222222222
2023-07-26 10:15:00,22.8733333333333,0.413866666666667,21.4666666666667,0.15969364,25.1455555555556
2023-07-26 10:30:00,22.94,0.4078,21.84,0.15930574,25.638
2023-07-26 10:45:00,23.6666666666667,0.369733333333333,22.2266666666667,0.15922816,26.4511111111111
2023-07-26 11:00:00,24.1933333333333,0.3684,22.6266666666667,0.15873682,27.0302222222222
2023-07-26 11:15:00,24.5266666666667,0.363533333333333,23.0533333333333,0.15837478,27.7404444444444
2023-07-26 11:30:00,25.0533333333333,0.348266666666667,23.4866666666667,0.15824548,28.6042222222222
2023-07-26 11:45:00,24.64,0.3532,23.9333333333333,0.15788344,28.9486666666667
2023-07-26 12:00:00,24.4,0.365,24.3733333333333,0.1575214,28.8966666666667
2023-07-26 12:15:00,24.9866666666667,0.354266666666667,24.8,0.15723694,28.9917777777778
2023-07-26 12:30:00,25.2466666666667,0.350133333333333,25.1933333333333,0.15684904,29.1333333333333
2023-07-26 12:45:00,25.4533333333333,0.354266666666667,25.46,0.15659044,28.5071111111111
2023-07-26 13:00:00,26.1333333333333,0.3406,25.6133333333333,0.1562284,28.4246666666667
2023-07-26 13:15:00,26.0666666666667,0.346866666666667,25.7,0.15586636,27.8853333333333
2023-07-26 13:30:00,26.4666666666667,0.311466666666667,25.6466666666667,0.15540088,27.7648888888889
2023-07-26 13:45:00,27.08,0.2846,25.5866666666667,0.1550647,27.9342222222222
2023-07-26 14:00:00,27.6666666666667,0.287333333333333,25.5,0.15459922,28.528
2023-07-26 14:15:00,27.5466666666667,0.278733333333333,25.4,0.15431476,29.7077777777778
2023-07-26 14:30:00,27.9733333333333,0.270266666666667,25.4,0.1540303,31.0395555555556
2023-07-26 14:45:00,28.4333333333333,0.270866666666667,25.4666666666667,0.15359068,31.7571111111111
2023-07-26 15:00:00,28.2333333333333,0.267733333333333,25.68,0.15317692,32.4975555555556
2023-07-26 15:15:00,28.9666666666667,0.267,25.9666666666667,0.15281488,32.9055555555556
2023-07-26 15:30:00,29.0333333333333,0.2556,26.3,0.15258214,33.416
2023-07-26 15:45:00,29.0866666666667,0.251933333333333,26.6266666666667,0.1520908,34.5311111111111
2023-07-26 16:00:00,29.2066666666667,0.222666666666667,26.94,0.15185806,34.9242222222222
2023-07-26 16:15:00,30.04,0.218466666666667,27.2333333333333,0.15141844,35.4277777777778
2023-07-26 16:30:00,30.04,0.219466666666667,27.4933333333333,0.15097882,34.9802222222222
2023-07-26 16:45:00,30.1066666666667,0.240466666666667,27.72,0.15059092,34.8602222222222
2023-07-26 17:00:00,30.6733333333333,0.239333333333333,27.9133333333333,0.15033232,34.5846666666667
2023-07-26 17:15:00,30.54,0.234533333333333,28.06,0.14999614,34.3133333333333
2023-07-26 17:30:00,29.7866666666667,0.236933333333333,28.1466666666667,0.14965996,33.9962222222222
2023-07-26 17:45:00,29.5733333333333,0.265533333333333,28.2,0.14922034,33.0228888888889
2023-07-26 18:00:00,28.6133333333333,0.300866666666667,28.18,0.14888416,31.9186666666667
2023-07-26 18:15:00,27.7266666666667,0.295133333333333,28.0666666666667,0.14865142,30.9411111111111
2023-07-26 18:30:00,27.6266666666667,0.320133333333333,27.9333333333333,0.14828938,30.4348888888889
2023-07-26 18:45:00,26.94,0.3384,27.7533333333333,0.14816008,29.5644444444444
2023-07-26 19:00:00,26.3466666666667,0.346533333333333,27.5666666666667,0.14787562,28.9571111111111
2023-07-26 19:15:00,25.8666666666667,0.372266666666667,27.3866666666667,0.1478239,27.64
2023-07-26 19:30:00,24.58,0.404,27.2333333333333,0.14759116,25.3331111111111
2023-07-26 19:45:00,23.0533333333333,0.444066666666667,27.0533333333333,0.14748772,23.7906666666667
2023-07-26 20:00:00,21.7933333333333,0.474066666666667,26.8866666666667,0.14738428,22.3411111111111
2023-07-26 20:15:00,20.7533333333333,0.476466666666667,26.72,0.14741014,21.4331111111111
2023-07-26 20:30:00,20.16,0.504333333333333,26.5466666666667,0.14728084,20.1571111111111
2023-07-26 20:45:00,19.1466666666667,0.515466666666667,26.36,0.14733256,19.6444444444444
2023-07-26 21:00:00,19.1333333333333,0.500666666666667,26.1933333333333,0.14712568,19.7308888888889
2023-07-26 21:15:00,19.3066666666667,0.4804,26.0133333333333,0.1471774,19.7804444444444
2023-07-26 21:30:00,19.5733333333333,0.463133333333333,25.8466666666667,0.14702224,19.7437777777778
2023-07-26 21:45:00,19.3133333333333,0.473,25.6733333333333,0.14707396,19.2035555555556
2023-07-26 22:00:00,18.4133333333333,0.486066666666667,25.52,0.14694466,18.6657777777778
2023-07-26 22:15:00,18.1133333333333,0.488933333333333,25.3466666666667,0.1469188,18.4166666666667
2023-07-26 22:30:00,17.5266666666667,0.509933333333333,25.1866666666667,0.14694466,17.7497777777778
2023-07-26 22:45:00,16.9466666666667,0.540133333333333,25.0333333333333,0.14694466,17.3315555555556
2023-07-26 23:00:00,16.94,0.525133333333333,24.86,0.14689294,17.2793333333333
2023-07-26 23:15:00,17.0333333333333,0.536333333333333,24.7133333333333,0.14689294,17.1153333333333
2023-07-26 23:30:00,16.9866666666667,0.5076,24.56,0.14694466,17.3122222222222
2023-07-26 23:45:00,17.5666666666667,0.498866666666667,24.4266666666667,0.14686708,17.392
2023-07-27 00:00:00,17.18,0.5076,24.28,0.14673778,17.2624444444444
2023-07-27 00:15:00,16.9666666666667,0.5094,24.16,0.14684122,17.142
2023-07-27 00:30:00,16.7533333333333,0.510866666666667,24.04,0.1466602,16.9477777777778
2023-07-27 00:45:00,16.3933333333333,0.5256,23.9266666666667,0.14671192,16.5737777777778
2023-07-27 01:00:00,16.0066666666667,0.529466666666667,23.82,0.14676364,16.3684444444444
2023-07-27 01:15:00,15.8333333333333,0.561466666666667,23.6866666666667,0.14671192,16.08
2023-07-27 01:30:00,15.6066666666667,0.564733333333333,23.5733333333333,0.14676364,15.9775555555556
2023-07-27 01:45:00,15.58,0.585933333333333,23.46,0.14660848,15.8911111111111
2023-07-27 02:00:00,15.5266666666667,0.608066666666667,23.3533333333333,0.14647918,15.8591111111111
2023-07-27 02:15:00,15.5466666666667,0.611066666666667,23.2466666666667,0.14650504,15.8864444444444
2023-07-27 02:30:00,15.4133333333333,0.609266666666667,23.1533333333333,0.1465309,15.3831111111111
2023-07-27 02:45:00,14.7133333333333,0.647466666666667,23.0533333333333,0.14634988,14.3166666666667
2023-07-27 03:00:00,13.66,0.6934,22.9666666666667,0.14637574,13.8986666666667
2023-07-27 03:15:00,12.9933333333333,0.723133333333333,22.8666666666667,0.14632402,13.5604444444444
2023-07-27 03:30:00,12.6733333333333,0.735133333333333,22.7733333333333,0.14634988,13.2126666666667
2023-07-27 03:45:00,12.3066666666667,0.751733333333333,22.6666666666667,0.14632402,12.7744444444444
2023-07-27 04:00:00,11.8733333333333,0.767133333333333,22.56,0.14619472,12.3951111111111
2023-07-27 04:15:00,11.5533333333333,0.781733333333333,22.4533333333333,0.14645332,12.226
2023-07-27 04:30:00,11.3866666666667,0.791,22.36,0.14611714,12.1502222222222
2023-07-27 04:45:00,11.3133333333333,0.7976,22.2533333333333,0.14616886,11.9295555555556
2023-07-27 05:00:00,11.1266666666667,0.7878,22.1466666666667,0.14616886,11.7495555555556
2023-07-27 05:15:00,10.92,0.797266666666667,22.0466666666667,0.14634988,11.5351111111111
2023-07-27 05:30:00,10.8133333333333,0.782333333333333,21.94,0.14619472,11.4386666666667
2023-07-27 05:45:00,10.8066666666667,0.787733333333333,21.84,0.14629816,11.4591111111111
2023-07-27 06:00:00,10.94,0.791733333333333,21.7333333333333,0.14634988,11.5504444444444
2023-07-27 06:15:00,11.46,0.779533333333333,21.6333333333333,0.1462723,11.9593333333333
2023-07-27 06:30:00,12.6466666666667,0.767,21.5266666666667,0.14609128,12.4451111111111
2023-07-27 06:45:00,14.1933333333333,0.749933333333333,21.4266666666667,0.14619472,13.3357777777778
2023-07-27 07:00:00,16.4066666666667,0.736133333333333,21.3466666666667,0.14616886,14.5186666666667
2023-07-27 07:15:00,18.6666666666667,0.681333333333333,21.3,0.14619472,15.9322222222222
2023-07-27 07:30:00,20.8066666666667,0.548466666666667,21.2066666666667,0.1460137,17.2988888888889
2023-07-27 07:45:00,21.7533333333333,0.490266666666667,21.2,0.1460137,18.3857777777778
2023-07-27 08:00:00,21.76,0.474933333333333,21.2,0.1458844,19.2197777777778
2023-07-27 08:15:00,21.94,0.466933333333333,21.2533333333333,0.14559994,19.948
2023-07-27 08:30:00,22.46,0.4758,21.3,0.14531548,20.6915555555556
2023-07-27 08:45:00,22.92,0.478,21.32,0.14495344,21.3795555555556
2023-07-27 09:00:00,23.1666666666667,0.462,21.4,0.1449793,22.0368888888889
2023-07-27 09:15:00,23.2133333333333,0.47,21.44,0.1445914,22.9875555555556
2023-07-27 09:30:00,23.5866666666667,0.4528,21.5666666666667,0.14430694,23.9495555555556
2023-07-27 09:45:00,24.1533333333333,0.441133333333333,21.78,0.14402248,24.9946666666667
2023-07-27 10:00:00,25.0933333333333,0.408333333333333,22.06,0.14386732,26.2304444444444
2023-07-27 10:15:00,25.36,0.4016,22.3866666666667,0.143557,27.0544444444444
2023-07-27 10:30:00,25.8333333333333,0.3788,22.76,0.14324668,27.9397777777778
2023-07-27 10:45:00,26.5933333333333,0.355866666666667,23.1533333333333,0.14324668,28.7411111111111
2023-07-27 11:00:00,27,0.344466666666667,23.5733333333333,0.14288464,29.4833333333333
2023-07-27 11:15:00,27.3666666666667,0.353866666666667,23.9866666666667,0.14260018,30.0533333333333
2023-07-27 11:30:00,27.48,0.3424,24.4,0.14223814,30.5935555555556
2023-07-27 11:45:00,27.4533333333333,0.3472,24.8133333333333,0.14208298,30.9944444444444
2023-07-27 12:00:00,27.94,0.351,25.2133333333333,0.1418761,31.3675555555556
2023-07-27 12:15:00,28.0333333333333,0.343466666666667,25.5933333333333,0.14151406,31.3866666666667
2023-07-27 12:30:00,28.22,0.328866666666667,25.9133333333333,0.14128132,31.3831111111111
2023-07-27 12:45:00,28.3333333333333,0.3038,26.1533333333333,0.14091928,30.8691111111111
2023-07-27 13:00:00,28.78,0.288133333333333,26.2733333333333,0.14068654,30.4937777777778
2023-07-27 13:15:00,29.0733333333333,0.279266666666667,26.3,0.1404538,30.4226666666667
2023-07-27 13:30:00,29.0533333333333,0.280266666666667,26.2866666666667,0.14027278,30.3448888888889
2023-07-27 13:45:00,29.3,0.2716,26.2,0.13985902,30.2866666666667
2023-07-27 14:00:00,29.86,0.262266666666667,26.1266666666667,0.13970386,30.8544444444444
2023-07-27 14:15:00,30.3,0.267066666666667,26.1,0.1392901,32.0466666666667
2023-07-27 14:30:00,30.5,0.252333333333333,26.1,0.13900564,32.9597777777778
2023-07-27 14:45:00,30.36,0.246133333333333,26.1533333333333,0.13885048,33.6711111111111
2023-07-27 15:00:00,31.0266666666667,0.238933333333333,26.3666666666667,0.13846258,34.1522222222222
2023-07-27 15:15:00,31.3666666666667,0.2518,26.62,0.13841086,34.4504444444444
2023-07-27 15:30:00,31.84,0.256133333333333,26.9266666666667,0.13820398,35.2373333333333
2023-07-27 15:45:00,31.1466666666667,0.252,27.2533333333333,0.13817812,35.7582222222222
2023-07-27 16:00:00,32.22,0.237333333333333,27.58,0.13768678,35.9557777777778
2023-07-27 16:15:00,31.6,0.232466666666667,27.8866666666667,0.13755748,36.4144444444444
2023-07-27 16:30:00,32.3333333333333,0.229933333333333,28.1733333333333,0.1373506,36.1431111111111
2023-07-27 16:45:00,33.4866666666667,0.214333333333333,28.4066666666667,0.13719544,35.7666666666667
2023-07-27 17:00:00,32.7466666666667,0.2294,28.6133333333333,0.13706614,36.0457777777778
2023-07-27 17:15:00,33.0066666666667,0.225066666666667,28.7733333333333,0.13678168,35.6011111111111
2023-07-27 17:30:00,33.1466666666667,0.2266,28.8666666666667,0.13660066,35.6335555555556
2023-07-27 17:45:00,33.4133333333333,0.2384,28.9,0.13652308,34.7328888888889
2023-07-27 18:00:00,32.94,0.234066666666667,28.8933333333333,0.1364455,34.0631111111111
2023-07-27 18:15:00,32.4933333333333,0.2412,28.7866666666667,0.13623862,33.4653333333333
2023-07-27 18:30:00,31.8866666666667,0.242,28.6533333333333,0.13621276,32.6766666666667
2023-07-27 18:45:00,31.26,0.259066666666667,28.4733333333333,0.13598002,31.9382222222222
2023-07-27 19:00:00,30.88,0.287333333333333,28.2866666666667,0.13598002,31.284
2023-07-27 19:15:00,30.0666666666667,0.388666666666667,28.1066666666667,0.13603174,29.4668888888889
2023-07-27 19:30:00,29.3666666666667,0.4468,27.9466666666667,0.13590244,26.3144444444444
2023-07-27 19:45:00,27.1133333333333,0.4816,27.7666666666667,0.13582486,23.9642222222222
2023-07-27 20:00:00,24.2133333333333,0.532866666666667,27.6133333333333,0.13564384,22.0766666666667
2023-07-27 20:15:00,21.4266666666667,0.574133333333333,27.4466666666667,0.13574728,20.3622222222222
2023-07-27 20:30:00,18.8933333333333,0.593333333333333,27.2666666666667,0.13590244,19.4377777777778
2023-07-27 20:45:00,17.7533333333333,0.554466666666667,27.08,0.13577314,19.2922222222222
2023-07-27 21:00:00,17.7,0.479933333333333,26.8866666666667,0.13582486,19.0142222222222
2023-07-27 21:15:00,18.3733333333333,0.393333333333333,26.6733333333333,0.13564384,19.3584444444444
2023-07-27 21:30:00,20.0533333333333,0.328133333333333,26.4666666666667,0.13561798,19.9488888888889
2023-07-27 21:45:00,19.38,0.369,26.26,0.13535938,19.0866666666667
2023-07-27 22:00:00,18.4133333333333,0.383533333333333,26.0466666666667,0.1355404,18.6533333333333
2023-07-27 22:15:00,18.0066666666667,0.384,25.8533333333333,0.13538524,18.4382222222222
2023-07-27 22:30:00,18.5933333333333,0.385333333333333,25.6533333333333,0.1354111,18.7922222222222
2023-07-27 22:45:00,19.0666666666667,0.405266666666667,25.4733333333333,0.13543696,18.298
2023-07-27 23:00:00,17.6,0.5142,25.3,0.1354111,16.5511111111111
2023-07-27 23:15:00,16,0.549133333333333,25.14,0.13538524,16.1355555555556
2023-07-27 23:30:00,15.1333333333333,0.5942,24.96,0.13535938,15.4048888888889
2023-07-27 23:45:00,14.5066666666667,0.647,24.8,0.13533352,14.8008888888889
2023-07-28 00:00:00,13.7533333333333,0.719733333333333,24.6466666666667,0.13543696,14.0844444444444
2023-07-28 00:15:00,12.9733333333333,0.782066666666667,24.48,0.13538524,13.6557777777778
2023-07-28 00:30:00,12.6666666666667,0.815,24.3333333333333,0.13538524,13.5486666666667
2023-07-28 00:45:00,12.8133333333333,0.820266666666667,24.1666666666667,0.13543696,13.9377777777778
2023-07-28 01:00:00,14.52,0.746733333333333,24.0333333333333,0.13548868,15.3168888888889
2023-07-28 01:15:00,15.2866666666667,0.7152,23.8733333333333,0.1352818,14.9886666666667
2023-07-28 01:30:00,14.7666666666667,0.7446,23.7466666666667,0.13530766,13.9526666666667
2023-07-28 01:45:00,13.7533333333333,0.7822,23.6266666666667,0.13535938,13.4395555555556
2023-07-28 02:00:00,13.42,0.794333333333333,23.5133333333333,0.13525594,14.194
2023-07-28 02:15:00,13.64,0.7816,23.3866666666667,0.13510078,13.7062222222222
2023-07-28 02:30:00,13.1066666666667,0.803066666666667,23.2733333333333,0.13538524,12.7833333333333
2023-07-28 02:45:00,12.2866666666667,0.851933333333333,23.1666666666667,0.13517836,12.5668888888889
2023-07-28 03:00:00,11.8666666666667,0.875266666666667,23.0466666666667,0.1351525,12.3026666666667
2023-07-28 03:15:00,11.5266666666667,0.888066666666667,22.94,0.13517836,12.0666666666667
2023-07-28 03:30:00,11.3666666666667,0.9054,22.8266666666667,0.13512664,12.0277777777778
2023-07-28 03:45:00,11.3266666666667,0.9128,22.72,0.1351525,11.9928888888889
2023-07-28 04:00:00,11.42,0.912466666666667,22.6066666666667,0.13510078,12.2124444444444
2023-07-28 04:15:00,11.7,0.9002,22.4866666666667,0.13507492,12.424
2023-07-28 04:30:00,11.86,0.883133333333333,22.38,0.13517836,12.292
2023-07-28 04:45:00,11.9466666666667,0.870066666666667,22.28,0.13507492,12.2117777777778
2023-07-28 05:00:00,11.7066666666667,0.873,22.1866666666667,0.1350232,11.9588888888889
2023-07-28 05:15:00,11.52,0.885,22.0866666666667,0.1348939,11.86
2023-07-28 05:30:00,11.3866666666667,0.894666666666667,21.9866666666667,0.13471288,11.8091111111111
2023-07-28 05:45:00,11.2933333333333,0.897266666666667,21.8933333333333,0.13479046,11.6202222222222
2023-07-28 06:00:00,11.36,0.909133333333333,21.8,0.13471288,11.7911111111111
2023-07-28 06:15:00,11.6466666666667,0.904333333333333,21.7,0.1347646,12.2517777777778
2023-07-28 06:30:00,12.44,0.884266666666667,21.62,0.13468702,12.8748888888889
2023-07-28 06:45:00,13.46,0.8658,21.5533333333333,0.13448014,13.4677777777778
2023-07-28 07:00:00,14.6,0.8568,21.5,0.13460944,14.3737777777778
2023-07-28 07:15:00,16.98,0.790933333333333,21.44,0.13455772,15.7982222222222
2023-07-28 07:30:00,19.9533333333333,0.586933333333333,21.4,0.13448014,17.4784444444444
2023-07-28 07:45:00,21.2933333333333,0.527133333333333,21.4,0.134506,18.3422222222222
2023-07-28 08:00:00,20.9466666666667,0.537933333333333,21.4066666666667,0.13435084,19.0977777777778
2023-07-28 08:15:00,21.6266666666667,0.518933333333333,21.5,0.13435084,19.9613333333333
2023-07-28 08:30:00,21.78,0.5152,21.5,0.1343767,20.7097777777778
2023-07-28 08:45:00,22.4533333333333,0.505533333333333,21.58,0.13422154,21.2997777777778
2023-07-28 09:00:00,22.8333333333333,0.501,21.6133333333333,0.13406638,22.0788888888889
2023-07-28 09:15:00,23.3266666666667,0.4872,21.7133333333333,0.1341181,22.9942222222222
2023-07-28 09:30:00,24.0933333333333,0.468466666666667,21.8466666666667,0.13391122,24.3495555555556
2023-07-28 09:45:00,24.1933333333333,0.463533333333333,22.08,0.13388536,25.3428888888889
2023-07-28 10:00:00,24.7733333333333,0.452133333333333,22.3733333333333,0.13362676,26.3368888888889
2023-07-28 10:15:00,25.4733333333333,0.419933333333333,22.72,0.13362676,27.27
2023-07-28 10:30:00,25.8533333333333,0.412333333333333,23.1,0.13339402,28.0711111111111
2023-07-28 10:45:00,26.2466666666667,0.4032,23.5,0.13329058,28.7531111111111
2023-07-28 11:00:00,26.94,0.381466666666667,23.9133333333333,0.13313542,29.2526666666667
2023-07-28 11:15:00,26.9333333333333,0.385666666666667,24.34,0.13298026,29.9475555555556
2023-07-28 11:30:00,27.4666666666667,0.375266666666667,24.76,0.1329544,30.7408888888889
2023-07-28 11:45:00,27.94,0.366533333333333,25.2,0.13292854,31.3997777777778
2023-07-28 12:00:00,28.2466666666667,0.349933333333333,25.6266666666667,0.13261822,31.8657777777778
2023-07-28 12:15:00,28.36,0.3368,26.0333333333333,0.13248892,31.9415555555556
2023-07-28 12:30:00,28.6933333333333,0.312266666666667,26.42,0.13233376,32.1577777777778
2023-07-28 12:45:00,28.76,0.3186,26.6666666666667,0.13233376,31.5242222222222
2023-07-28 13:00:00,28.9666666666667,0.3208,26.8,0.13199758,30.9733333333333
2023-07-28 13:15:00,29.4466666666667,0.309066666666667,26.9,0.1320493,30.7666666666667
2023-07-28 13:30:00,29.8866666666667,0.3016,26.8333333333333,0.13181656,30.994
2023-07-28 13:45:00,30.3933333333333,0.282866666666667,26.7933333333333,0.13155796,31.1906666666667
2023-07-28 14:00:00,30.58,0.292933333333333,26.7,0.13132522,31.7813333333333
2023-07-28 14:15:00,30.82,0.268866666666667,26.62,0.13129936,32.6862222222222
2023-07-28 14:30:00,30.9866666666667,0.248466666666667,26.6,0.13104076,33.64
2023-07-28 14:45:00,30.6866666666667,0.257066666666667,26.72,0.13083388,34.4035555555555
2023-07-28 15:00:00,30.9466666666667,0.2588,26.9066666666667,0.13057528,35.0431111111111
2023-07-28 15:15:00,31.5133333333333,0.245466666666667,27.18,0.13044598,35.5137777777778
2023-07-28 15:30:00,32.1533333333333,0.251533333333333,27.4866666666667,0.13034254,36.0082222222222
2023-07-28 15:45:00,32.08,0.239866666666667,27.8,0.1301098,36.8637777777778
2023-07-28 16:00:00,32.36,0.2298,28.1,0.1299805,36.9613333333333
2023-07-28 16:15:00,34.12,0.239866666666667,28.3866666666667,0.12987706,37.428
2023-07-28 16:30:00,35.2933333333333,0.212133333333333,28.64,0.12982534,37.4351111111111
2023-07-28 16:45:00,34.56,0.203,28.88,0.12987706,36.9924444444444
2023-07-28 17:00:00,34.3666666666667,0.231266666666667,29.0933333333333,0.12956674,36.8753333333333
2023-07-28 17:15:00,34.5533333333333,0.230666666666667,29.2666666666667,0.12951502,35.9977777777778
2023-07-28 17:30:00,34.1866666666667,0.245533333333333,29.4,0.12941158,35.7633333333333
2023-07-28 17:45:00,33.4,0.257666666666667,29.4333333333333,0.1294633,34.9304444444444
2023-07-28 18:00:00,33.7,0.253666666666667,29.4066666666667,0.12935986,34.4895555555556
2023-07-28 18:15:00,34.3733333333333,0.267933333333333,29.3533333333333,0.1292047,34.1457777777778
2023-07-28 18:30:00,33.54,0.304866666666667,29.2266666666667,0.1290754,33.2455555555556
2023-07-28 18:45:00,33.4866666666667,0.351333333333333,29.0533333333333,0.12902368,32.6677777777778
2023-07-28 19:00:00,32.9533333333333,0.408333333333333,28.8866666666667,0.12904954,31.3148888888889
2023-07-28 19:15:00,32.32,0.462933333333333,28.74,0.12897196,29.4784444444444
2023-07-28 19:30:00,31.1733333333333,0.5002,28.5866666666667,0.12897196,27.2926666666667
2023-07-28 19:45:00,28.7,0.546333333333333,28.4533333333333,0.12886852,25.2517777777778
2023-07-28 20:00:00,25.7733333333333,0.596333333333333,28.3066666666667,0.12889438,23.5117777777778
2023-07-28 20:15:00,22.9666666666667,0.608666666666667,28.1533333333333,0.12884266,22.456
2023-07-28 20:30:00,20.94,0.592333333333333,27.9866666666667,0.12889438,21.68
2023-07-28 20:45:00,19.8333333333333,0.534,27.8066666666667,0.12897196,20.764
2023-07-28 21:00:00,19.0866666666667,0.473,27.6133333333333,0.1288168,20.0522222222222
2023-07-28 21:15:00,18.7533333333333,0.457333333333333,27.4133333333333,0.12876508,19.7768888888889
2023-07-28 21:30:00,18.7466666666667,0.464133333333333,27.2,0.12873922,19.4857777777778
2023-07-28 21:45:00,17.9066666666667,0.496466666666667,26.9933333333333,0.12876508,18.492
2023-07-28 22:00:00,17.64,0.470133333333333,26.7866666666667,0.12860992,18.5413333333333
2023-07-28 22:15:00,18.1533333333333,0.451333333333333,26.58,0.12860992,18.7093333333333
2023-07-28 22:30:00,18.7466666666667,0.4552,26.3714285714286,0.128576671428571,18.7504444444444
2023-07-28 22:45:00,18.3933333333333,0.461066666666667,26.18,0.12845476,18.242
2023-07-28 23:00:00,18.2333333333333,0.456933333333333,25.98,0.12853234,18.2397777777778
2023-07-28 23:15:00,18.2666666666667,0.466533333333333,25.8066666666667,0.12832546,18.2231111111111
2023-07-28 23:30:00,17.58,0.5432,25.6266666666667,0.12837718,16.896
2023-07-28 23:45:00,16,0.6254,25.46,0.12840304,15.5682222222222
2023-07-29 00:00:00,14.5133333333333,0.694133333333333,25.3066666666667,0.12835132,14.7006666666667
2023-07-29 00:15:00,13.5333333333333,0.7338,25.1466666666667,0.12845476,14.0191111111111
2023-07-29 00:30:00,12.8666666666667,0.7718,24.9866666666667,0.1282996,13.5257777777778
2023-07-29 00:45:00,12.34,0.798466666666667,24.84,0.12827374,13.3604444444444
2023-07-29 01:00:00,12.28,0.7764,24.6733333333333,0.1282996,13.4508888888889
2023-07-29 01:15:00,12.7533333333333,0.708933333333333,24.5333333333333,0.1281703,13.9102222222222
2023-07-29 01:30:00,13.3533333333333,0.688933333333333,24.38,0.12824788,13.8282222222222
2023-07-29 01:45:00,12.9733333333333,0.721,24.2466666666667,0.1281703,13.2153333333333
2023-07-29 02:00:00,12.5733333333333,0.7702,24.1,0.12809272,12.8315555555556
2023-07-29 02:15:00,12.0466666666667,0.7462,23.96,0.1281703,12.3657777777778
2023-07-29 02:30:00,11.58,0.777333333333333,23.84,0.12822202,12.0635555555556
2023-07-29 02:45:00,11.2733333333333,0.793933333333333,23.7066666666667,0.12819616,12.1202222222222
2023-07-29 03:00:00,11.3466666666667,0.746666666666667,23.5733333333333,0.12824788,12.5473333333333
2023-07-29 03:15:00,12.48,0.6478,23.4533333333333,0.12811858,13.5075555555556
2023-07-29 03:30:00,12.9933333333333,0.725333333333333,23.3333333333333,0.12811858,12.5828888888889
2023-07-29 03:45:00,12.7133333333333,0.689933333333333,23.2133333333333,0.12809272,13.0026666666667
2023-07-29 04:00:00,12.9,0.7196,23.1,0.12806686,12.6148888888889
2023-07-29 04:15:00,13.0066666666667,0.74,22.9933333333333,0.12814444,13.2344444444444
2023-07-29 04:30:00,13.6333333333333,0.725666666666667,22.88,0.12785998,13.7722222222222
2023-07-29 04:45:00,14.2933333333333,0.727333333333333,22.7866666666667,0.12793756,14.0662222222222
2023-07-29 05:00:00,14.5333333333333,0.730133333333333,22.6866666666667,0.128041,14.2513333333333
2023-07-29 05:15:00,14.7733333333333,0.729866666666667,22.6,0.12796342,14.5108888888889
2023-07-29 05:30:00,14.8066666666667,0.733933333333333,22.5066666666667,0.12788584,14.37
2023-07-29 05:45:00,14.52,0.752266666666667,22.42,0.12788584,14.2604444444444
2023-07-29 06:00:00,14.2933333333333,0.772133333333333,22.3533333333333,0.12814444,13.9591111111111
2023-07-29 06:15:00,14.1,0.7984,22.2933333333333,0.12798928,14.18
2023-07-29 06:30:00,14.48,0.8066,22.2,0.1279117,14.5713333333333
2023-07-29 06:45:00,15.06,0.802333333333333,22.16,0.12798928,15.0471111111111
2023-07-29 07:00:00,15.72,0.782066666666667,22.1,0.12806686,15.8386666666667
2023-07-29 07:15:00,16.7933333333333,0.7296,22.1,0.12798928,16.6357777777778
2023-07-29 07:30:00,17.5933333333333,0.702933333333333,22.1,0.12796342,17.2011111111111
2023-07-29 07:45:00,18.2266666666667,0.696533333333333,22.1,0.12798928,17.8882222222222
2023-07-29 08:00:00,19.28,0.667733333333333,22.1,0.12801514,18.9526666666667
2023-07-29 08:15:00,20.28,0.632733333333333,22.1,0.12775654,19.804
2023-07-29 08:30:00,20.7133333333333,0.616133333333333,22.1866666666667,0.12801514,20.5306666666667
2023-07-29 08:45:00,21.74,0.5774,22.24,0.12822202,21.6155555555556
2023-07-29 09:00:00,22.5133333333333,0.5488,22.3266666666667,0.12840304,22.3964444444444
2023-07-29 09:15:00,23.24,0.5384,22.4333333333333,0.12811858,23.5046666666667
2023-07-29 09:30:00,23.6933333333333,0.522866666666667,22.5733333333333,0.128041,24.4573333333333
2023-07-29 09:45:00,24.1333333333333,0.516,22.7933333333333,0.12806686,25.5451111111111
2023-07-29 10:00:00,25.0333333333333,0.492933333333333,23.06,0.12801514,26.5931111111111
2023-07-29 10:15:00,25.2066666666667,0.480933333333333,23.3866666666667,0.12806686,27.3844444444444
2023-07-29 10:30:00,26.2466666666667,0.446733333333333,23.74,0.12793756,28.4226666666667
2023-07-29 10:45:00,26.8333333333333,0.407133333333333,24.12,0.12773068,29.3173333333333
2023-07-29 11:00:00,27.26,0.3658,24.5133333333333,0.12773068,29.9035555555556
2023-07-29 11:15:00,28.0866666666667,0.340733333333333,24.9066666666667,0.1275238,30.6502222222222
2023-07-29 11:30:00,28.72,0.309133333333333,25.3,0.1276531,31.4457777777778
2023-07-29 11:45:00,28.58,0.295133333333333,25.7,0.12747208,31.8753333333333
2023-07-29 12:00:00,29.0866666666667,0.291533333333333,26.1,0.12736864,32.3646666666667
2023-07-29 12:15:00,29.0066666666667,0.2798,26.5,0.12736864,32.5268888888889
2023-07-29 12:30:00,29.3866666666667,0.276333333333333,26.86,0.12721348,32.6231111111111
2023-07-29 12:45:00,29.7066666666667,0.2496,27.1133333333333,0.12721348,32.354
2023-07-29 13:00:00,30.1866666666667,0.2524,27.26,0.12682558,31.9137777777778
2023-07-29 13:15:00,30.5933333333333,0.269933333333333,27.3,0.12669628,31.5753333333333
2023-07-29 13:30:00,30.7866666666667,0.2712,27.3,0.12659284,31.4771111111111
2023-07-29 13:45:00,31.14,0.266533333333333,27.2133333333333,0.12656698,31.59
2023-07-29 14:00:00,31.7666666666667,0.261133333333333,27.16,0.12641182,32.4497777777778
2023-07-29 14:15:00,32.1933333333333,0.2632,27.1,0.1262308,33.6008888888889
2023-07-29 14:30:00,32.16,0.276133333333333,27.1,0.12599806,34.2531111111111
2023-07-29 14:45:00,31.9066666666667,0.281133333333333,27.2,0.12592048,35.1908888888889
2023-07-29 15:00:00,32.1466666666667,0.269133333333333,27.4066666666667,0.12561016,35.9891111111111
2023-07-29 15:15:00,32.6733333333333,0.278933333333333,27.7,0.1255843,36.4955555555556
2023-07-29 15:30:00,32.9933333333333,0.271333333333333,28.0266666666667,0.12537742,36.9864444444444
2023-07-29 15:45:00,33.1733333333333,0.2638,28.3533333333333,0.12522226,37.7217777777778
2023-07-29 16:00:00,33.7933333333333,0.254666666666667,28.6866666666667,0.12527398,38.2153333333333
2023-07-29 16:15:00,34.5333333333333,0.255333333333333,28.98,0.12509296,38.7942222222222
2023-07-29 16:30:00,35.0933333333333,0.241733333333333,29.26,0.1251964,38.6211111111111
2023-07-29 16:45:00,35.1733333333333,0.2584,29.4866666666667,0.12504124,38.368
2023-07-29 17:00:00,34.6666666666667,0.268733333333333,29.6866666666667,0.12501538,37.9808888888889
2023-07-29 17:15:00,34.1333333333333,0.288866666666667,29.8533333333333,0.12486022,37.3715555555556
2023-07-29 17:30:00,33.3666666666667,0.295333333333333,29.96,0.12470506,36.2355555555556
2023-07-29 17:45:00,32.8533333333333,0.301333333333333,30,0.12449818,34.986
2023-07-29 18:00:00,32.7866666666667,0.311533333333333,29.9933333333333,0.1245499,34.1853333333333
2023-07-29 18:15:00,32.3666666666667,0.318333333333333,29.8866666666667,0.12444646,33.276
2023-07-29 18:30:00,31.8733333333333,0.320466666666667,29.7533333333333,0.12421372,32.5248888888889
2023-07-29 18:45:00,31.4733333333333,0.3138,29.5866666666667,0.12431716,31.7368888888889
2023-07-29 19:00:00,30.4866666666667,0.325066666666667,29.42,0.124162,31.1255555555556
2023-07-29 19:15:00,29.7666666666667,0.325,29.2533333333333,0.12408442,29.7591111111111
2023-07-29 19:30:00,28.0333333333333,0.3376,29.0866666666667,0.12392926,28.1744444444444
2023-07-29 19:45:00,26.6466666666667,0.313466666666667,28.9266666666667,0.12385168,27.2613333333333
2023-07-29 20:00:00,25.9066666666667,0.272333333333333,28.7533333333333,0.1239034,26.4966666666667
2023-07-29 20:15:00,25.3333333333333,0.251733333333333,28.5733333333333,0.12367066,25.7515555555556
2023-07-29 20:30:00,24.92,0.244666666666667,28.3933333333333,0.12367066,25.1868888888889
2023-07-29 20:45:00,24.2,0.274933333333333,28.2066666666667,0.12367066,23.9637777777778
2023-07-29 21:00:00,22.7066666666667,0.302933333333333,28.02,0.1236448,22.7217777777778
2023-07-29 21:15:00,21.54,0.311066666666667,27.82,0.12385168,22.0331111111111
2023-07-29 21:30:00,21.6733333333333,0.281133333333333,27.6333333333333,0.1235155,22.1933333333333
2023-07-29 21:45:00,22.0866666666667,0.2602,27.44,0.12361894,22.3515555555556
2023-07-29 22:00:00,23.0333333333333,0.267066666666667,27.2533333333333,0.1235155,22.5691111111111
2023-07-29 22:15:00,22.6733333333333,0.315733333333333,27.0666666666667,0.12346378,21.7006666666667
2023-07-29 22:30:00,21.2333333333333,0.388733333333333,26.9,0.12341206,20.2968888888889
2023-07-29 22:45:00,19.8,0.4696,26.7466666666667,0.12341206,19.2115555555556
2023-07-29 23:00:00,18.44,0.5432,26.58,0.12328276,18.0828888888889
2023-07-29 23:15:00,17.2866666666667,0.545066666666667,26.44,0.12333448,17.8646666666667
2023-07-29 23:30:00,16.7733333333333,0.587933333333333,26.28,0.12323104,17.2491111111111
2023-07-29 23:45:00,16.68,0.5466,26.14,0.12307588,17.7415555555556
2023-07-30 00:00:00,17.64,0.497666666666667,25.98,0.1231276,18.0546666666667
2023-07-30 00:15:00,17.6,0.539133333333333,25.84,0.12307588,17.1717777777778
2023-07-30 00:30:00,16.4666666666667,0.599933333333333,25.6866666666667,0.12307588,15.9471111111111
2023-07-30 00:45:00,15.2133333333333,0.6816,25.5466666666667,0.12305002,15.0477777777778
2023-07-30 01:00:00,14.0533333333333,0.7534,25.4133333333333,0.12310174,14.4628888888889
2023-07-30 01:15:00,13.88,0.7794,25.2666666666667,0.12292072,15.0428888888889
2023-07-30 01:30:00,14.1733333333333,0.7786,25.1333333333333,0.12289486,14.7648888888889
2023-07-30 01:45:00,14.0133333333333,0.748133333333333,24.98,0.12315346,14.6424444444444
2023-07-30 02:00:00,13.7666666666667,0.747466666666667,24.8466666666667,0.1229983,14.0295555555556
2023-07-30 02:15:00,13.1266666666667,0.785933333333333,24.72,0.12305002,13.4204444444444
2023-07-30 02:30:00,12.5333333333333,0.821866666666667,24.5733333333333,0.12284314,13.1755555555556
2023-07-30 02:45:00,12.74,0.828133333333333,24.4533333333333,0.122869,13.6413333333333
2023-07-30 03:00:00,13.2933333333333,0.817266666666666,24.32,0.12294658,13.6724444444444
2023-07-30 03:15:00,13.32,0.81,24.18,0.12268798,13.2728888888889
2023-07-30 03:30:00,12.58,0.824133333333333,24.06,0.122869,12.4186666666667
2023-07-30 03:45:00,11.6133333333333,0.845733333333333,23.94,0.12281728,11.7868888888889
2023-07-30 04:00:00,10.86,0.861666666666667,23.8266666666667,0.12279142,11.396
2023-07-30 04:15:00,10.6933333333333,0.907066666666667,23.6933333333333,0.12279142,11.6406666666667
2023-07-30 04:30:00,11,0.916,23.5666666666667,0.12276556,11.5442222222222
2023-07-30 04:45:00,10.6066666666667,0.902066666666667,23.4466666666667,0.12284314,10.9648888888889
2023-07-30 05:00:00,10.2533333333333,0.913266666666667,23.3266666666667,0.12281728,10.7924444444444
2023-07-30 05:15:00,10.1133333333333,0.924,23.2,0.12279142,10.8708888888889
2023-07-30 05:30:00,10.08,0.923866666666667,23.0733333333333,0.12255868,10.7082222222222
2023-07-30 05:45:00,9.81333333333333,0.9184,22.96,0.1227397,10.3693333333333
2023-07-30 06:00:00,9.86,0.928533333333333,22.8333333333333,0.1226104,10.7735555555556
2023-07-30 06:15:00,10.44,0.917466666666667,22.7266666666667,0.12263626,11.19
2023-07-30 06:30:00,12.1466666666667,0.871666666666667,22.6133333333333,0.1226104,12.0177777777778
2023-07-30 06:45:00,13.7933333333333,0.829733333333333,22.5066666666667,0.12258454,12.8155555555556
2023-07-30 07:00:00,16.1466666666667,0.7598,22.4,0.12250696,14.1357777777778
2023-07-30 07:15:00,17.86,0.6728,22.3266666666667,0.12266212,15.5688888888889
2023-07-30 07:30:00,18.6,0.607866666666667,22.3,0.12266212,16.6868888888889
2023-07-30 07:45:00,19.1,0.5874,22.22,0.12268798,17.4351111111111
2023-07-30 08:00:00,19.3,0.576266666666667,22.2,0.122869,18.1413333333333
2023-07-30 08:15:00,19.7066666666667,0.562133333333333,22.2,0.12266212,18.7902222222222
2023-07-30 08:30:00,20.4266666666667,0.5586,22.2666666666667,0.12253282,19.6093333333333
2023-07-30 08:45:00,21.1266666666667,0.5404,22.3,0.12253282,20.3091111111111
2023-07-30 09:00:00,21.88,0.499733333333333,22.3,0.12245524,21.2342222222222
2023-07-30 09:15:00,22.68,0.479866666666667,22.3533333333333,0.12255868,22.5146666666667
2023-07-30 09:30:00,23.3466666666667,0.434466666666667,22.4466666666667,0.12232594,23.9331111111111
2023-07-30 09:45:00,23.94,0.414933333333333,22.6333333333333,0.12230008,25.1675555555556
2023-07-30 10:00:00,24.6733333333333,0.400066666666667,22.8933333333333,0.12224836,26.5286666666667
2023-07-30 10:15:00,24.88,0.3844,23.2,0.12217078,27.3973333333333
2023-07-30 10:30:00,25.0333333333333,0.393333333333333,23.56,0.12204148,28.0388888888889
2023-07-30 10:45:00,25.3666666666667,0.374466666666667,23.9133333333333,0.12206734,28.2991111111111
2023-07-30 11:00:00,25.12,0.356533333333333,24.2666666666667,0.12186046,28.3448888888889
2023-07-30 11:15:00,25.2333333333333,0.351666666666667,24.62,0.12180874,28.6337777777778
2023-07-30 11:30:00,25.8866666666667,0.326666666666667,24.9466666666667,0.1218346,28.984
2023-07-30 11:45:00,26.0066666666667,0.322,25.2466666666667,0.12162772,29.2355555555556
2023-07-30 12:00:00,26.2933333333333,0.321666666666667,25.5333333333333,0.12147256,29.5933333333333
2023-07-30 12:15:00,27.46,0.303,25.8066666666667,0.12134326,30.6515555555556
2023-07-30 12:30:00,27.6666666666667,0.2952,26.06,0.1211881,30.3942222222222
2023-07-30 12:45:00,27.7933333333333,0.2822,26.2733333333333,0.1210588,30.3684444444444
2023-07-30 13:00:00,27.7733333333333,0.295466666666667,26.4266666666667,0.12113638,29.5911111111111
2023-07-30 13:15:00,28.1533333333333,0.296333333333333,26.5066666666667,0.12098122,30.1542222222222
2023-07-30 13:30:00,28.96,0.283733333333333,26.6,0.1208002,30.7651111111111
2023-07-30 13:45:00,29.3066666666667,0.2706,26.6,0.12077434,31.6648888888889
2023-07-30 14:00:00,30.0466666666667,0.276066666666667,26.7,0.12048988,32.434
2023-07-30 14:15:00,30.22,0.271466666666667,26.7,0.12033472,33.1442222222222
2023-07-30 14:30:00,30.5733333333333,0.264333333333333,26.8066666666667,0.12020542,33.5886666666667
2023-07-30 14:45:00,31.2066666666667,0.2614,26.9466666666667,0.12023128,34.4393333333333
2023-07-30 15:00:00,31.3933333333333,0.247533333333333,27.1866666666667,0.1200244,35.0431111111111
2023-07-30 15:15:00,31.5266666666667,0.2426,27.4666666666667,0.11981752,35.5053333333333
2023-07-30 15:30:00,32.2333333333333,0.2436,27.8,0.11981752,35.72
2023-07-30 15:45:00,33.0866666666667,0.223933333333333,28.1466666666667,0.11971408,36.3646666666667
2023-07-30 16:00:00,33.26,0.2112,28.4733333333333,0.11961064,37.2075555555556
2023-07-30 16:15:00,32.8933333333333,0.2088,28.8,0.11958478,37.5871111111111
2023-07-30 16:30:00,33.06,0.206066666666667,29.1,0.11932618,38.1188888888889
2023-07-30 16:45:00,33.7266666666667,0.202466666666667,29.36,0.11948134,37.6208888888889
2023-07-30 17:00:00,33.76,0.2174,29.6,0.11932618,37.3837777777778
2023-07-30 17:15:00,33.3933333333333,0.219533333333333,29.78,0.1191193,36.0435555555556
2023-07-30 17:30:00,32.6866666666667,0.241466666666667,29.9,0.11893828,35.49
2023-07-30 17:45:00,32.48,0.239266666666667,29.98,0.11901586,34.1571111111111
2023-07-30 18:00:00,32.4266666666667,0.250066666666667,29.9266666666667,0.11878312,33.4971111111111
2023-07-30 18:15:00,32.4133333333333,0.2454,29.84,0.11862796,32.7555555555556
2023-07-30 18:30:00,31.28,0.257266666666667,29.6866666666667,0.1184728,31.6971111111111
2023-07-30 18:45:00,31.4533333333333,0.281,29.5066666666667,0.11842108,31.0637777777778
2023-07-30 19:00:00,31.28,0.297866666666667,29.32,0.11829178,30.2822222222222
2023-07-30 19:15:00,29.36,0.329733333333333,29.14,0.1180849,28.4062222222222
2023-07-30 19:30:00,28.0733333333333,0.381066666666667,28.9533333333333,0.11800732,26.2906666666667
2023-07-30 19:45:00,26.5,0.455,28.7733333333333,0.1180849,24.042
2023-07-30 20:00:00,23.68,0.466266666666667,28.5933333333333,0.1178263,22.5768888888889
2023-07-30 20:15:00,21.3333333333333,0.514933333333333,28.4066666666667,0.1179556,21.2686666666667
2023-07-30 20:30:00,19.54,0.533,28.2266666666667,0.11772286,20.3711111111111
2023-07-30 20:45:00,18.4866666666667,0.536266666666667,28.02,0.11764528,19.562
2023-07-30 21:00:00,17.7333333333333,0.563733333333333,27.8133333333333,0.11774872,18.5326666666667
2023-07-30 21:15:00,16.8266666666667,0.611666666666667,27.6,0.11761942,17.4506666666667
2023-07-30 21:30:00,16.0333333333333,0.618733333333333,27.3866666666667,0.11746426,17.2266666666667
2023-07-30 21:45:00,15.88,0.5932,27.1866666666667,0.1175677,16.7895555555556
2023-07-30 22:00:00,15.5066666666667,0.643066666666667,26.9733333333333,0.1174384,15.6744444444444
2023-07-30 22:15:00,14.42,0.6908,26.7666666666667,0.1174384,15.08
2023-07-30 22:30:00,15.1,0.593866666666667,26.5666666666667,0.11741254,16.4086666666667
2023-07-30 22:45:00,16.8066666666667,0.510466666666667,26.3733333333333,0.1173091,17.0151111111111
2023-07-30 23:00:00,16.7866666666667,0.515266666666667,26.18,0.1173091,16.4366666666667
2023-07-30 23:15:00,16.7333333333333,0.509866666666667,25.9933333333333,0.1171798,16.7222222222222
2023-07-30 23:30:00,16.5533333333333,0.546666666666667,25.82,0.1169212,15.6046666666667
2023-07-30 23:45:00,15.14,0.6166,25.6533333333333,0.11697292,14.2488888888889
2023-07-31 00:00:00,13.82,0.673,25.4866666666667,0.11697292,14.2368888888889
2023-07-31 00:15:00,13.0933333333333,0.6984,25.3333333333333,0.11674018,13.258
2023-07-31 00:30:00,12.22,0.767466666666667,25.16,0.1167919,12.4488888888889
2023-07-31 00:45:00,11.6133333333333,0.815333333333333,25.0133333333333,0.11689534,12.6977777777778
2023-07-31 01:00:00,11.64,0.8316,24.8533333333333,0.11697292,12.3093333333333
2023-07-31 01:15:00,11.3733333333333,0.84,24.6933333333333,0.11676604,12.0848888888889
2023-07-31 01:30:00,11.1466666666667,0.849666666666666,24.5466666666667,0.11661088,11.8071111111111
2023-07-31 01:45:00,11.0533333333333,0.843,24.3933333333333,0.1166626,11.6382222222222
2023-07-31 02:00:00,10.7533333333333,0.861133333333333,24.2466666666667,0.11661088,11.4131111111111
2023-07-31 02:15:00,10.6733333333333,0.871266666666667,24.1066666666667,0.11663674,11.6633333333333
2023-07-31 02:30:00,10.9,0.8464,23.96,0.11637814,11.3375555555556
2023-07-31 02:45:00,10.6133333333333,0.8582,23.8333333333333,0.116404,10.7444444444444
2023-07-31 03:00:00,10.0066666666667,0.875066666666667,23.68,0.11632642,10.4342222222222
2023-07-31 03:15:00,9.57333333333333,0.880466666666667,23.5533333333333,0.116404,10.2375555555556
2023-07-31 03:30:00,9.32666666666667,0.8838,23.4333333333333,0.11632642,9.97444444444445
2023-07-31 03:45:00,9.02666666666667,0.884933333333333,23.2866666666667,0.1162747,9.87088888888889
2023-07-31 04:00:00,8.99333333333333,0.878533333333333,23.16,0.11617126,9.83866666666667
2023-07-31 04:15:00,8.82666666666667,0.8554,23.04,0.11599024,9.57355555555555
2023-07-31 04:30:00,8.7,0.844133333333333,22.9066666666667,0.11604196,9.212
2023-07-31 04:45:00,8.34,0.8606,22.7666666666667,0.11604196,8.76822222222222
2023-07-31 05:00:00,8.13333333333333,0.874,22.6466666666667,0.1160161,8.92044444444445
2023-07-31 05:15:00,8.08,0.88,22.5266666666667,0.11580922,8.80955555555556
2023-07-31 05:30:00,7.94,0.873733333333333,22.3933333333333,0.11599024,8.488
2023-07-31 05:45:00,7.90666666666667,0.868466666666667,22.2733333333333,0.11593852,8.79377777777778
2023-07-31 06:00:00,8.26666666666667,0.877133333333333,22.16,0.11583508,8.85244444444444
2023-07-31 06:15:00,8.66666666666667,0.877266666666667,22.0466666666667,0.11591266,9.25044444444444
2023-07-31 06:30:00,9.95333333333334,0.8592,21.9333333333333,0.11583508,9.892
2023-07-31 06:45:00,11.6266666666667,0.822066666666667,21.8266666666667,0.11580922,10.9295555555556
2023-07-31 07:00:00,14.0266666666667,0.7096,21.7266666666667,0.11583508,12.5084444444444
2023-07-31 07:15:00,15.78,0.660466666666667,21.6533333333333,0.11586094,13.7844444444444
2023-07-31 07:30:00,17.1533333333333,0.6142,21.6,0.11580922,14.9506666666667
2023-07-31 07:45:00,17.7933333333333,0.587866666666667,21.56,0.11565406,15.9982222222222
2023-07-31 08:00:00,18.04,0.564666666666667,21.5,0.11570578,16.7368888888889
2023-07-31 08:15:00,18.4866666666667,0.55,21.56,0.11573164,17.4715555555556
2023-07-31 08:30:00,19.04,0.533066666666667,21.6,0.11567992,18.1051111111111
2023-07-31 08:45:00,19.5933333333333,0.514,21.6,0.11570578,18.7924444444444
2023-07-31 09:00:00,20.22,0.492666666666667,21.6066666666667,0.11552476,19.5564444444444
2023-07-31 09:15:00,20.88,0.475266666666667,21.7,0.11544718,20.5897777777778
2023-07-31 09:30:00,21.4266666666667,0.467666666666667,21.7733333333333,0.11552476,22.0688888888889
2023-07-31 09:45:00,21.8066666666667,0.450333333333333,21.9666666666667,0.11544718,23.1831111111111
2023-07-31 10:00:00,22.8133333333333,0.437866666666667,22.2066666666667,0.11529202,24.4608888888889
2023-07-31 10:15:00,23.3466666666667,0.4306,22.5133333333333,0.11531788,25.7224444444444
2023-07-31 10:30:00,23.74,0.404733333333333,22.86,0.11505928,26.2455555555556
2023-07-31 10:45:00,24.02,0.387133333333333,23.24,0.1149817,27.1586666666667
2023-07-31 11:00:00,24.52,0.361266666666667,23.6333333333333,0.11492998,27.6764444444444
2023-07-31 11:15:00,25.1866666666667,0.323066666666667,24.0333333333333,0.11487826,28.5182222222222
2023-07-31 11:30:00,25.6733333333333,0.2894,24.4533333333333,0.11495584,29.1573333333333
2023-07-31 11:45:00,26.1733333333333,0.298333333333333,24.8666666666667,0.11477482,29.802
2023-07-31 12:00:00,26.58,0.301133333333333,25.2866666666667,0.11461966,30.4542222222222
2023-07-31 12:15:00,27.2333333333333,0.296533333333333,25.7066666666667,0.11415418,30.626
2023-07-31 12:30:00,27.48,0.290266666666667,26.1066666666667,0.11415418,30.8788888888889
2023-07-31 12:45:00,28.04,0.286666666666667,26.4066666666667,0.11405074,30.5008888888889
2023-07-31 13:00:00,28.5266666666667,0.2748,26.6,0.11418004,30.0142222222222
2023-07-31 13:15:00,28.96,0.256466666666667,26.7,0.1139473,30.0262222222222
2023-07-31 13:30:00,29.46,0.2546,26.7,0.11392144,30.8564444444444
2023-07-31 13:45:00,29.4733333333333,0.251466666666667,26.7,0.11392144,31.7811111111111
2023-07-31 14:00:00,30.1133333333333,0.238466666666667,26.62,0.1136887,33.3488888888889
2023-07-31 14:15:00,30.7533333333333,0.241333333333333,26.6,0.11363698,34.2313333333333
2023-07-31 14:30:00,31.34,0.2326,26.6,0.1135594,35.7668888888889
2023-07-31 14:45:00,31.2933333333333,0.231533333333333,26.6866666666667,0.11337838,36.6888888888889
2023-07-31 15:00:00,32.0266666666667,0.2258,26.88,0.11332666,36.9897777777778
2023-07-31 15:15:00,32.3733333333333,0.228333333333333,27.16,0.11319736,36.5348888888889
2023-07-31 15:30:00,33.0066666666667,0.212666666666667,27.48,0.11301634,37.248
2023-07-31 15:45:00,33.6666666666667,0.206666666666667,27.84,0.11309392,37.9351111111111
2023-07-31 16:00:00,33.8866666666667,0.190266666666667,28.18,0.11293876,37.7213333333333
2023-07-31 16:15:00,34.8266666666667,0.180866666666667,28.5266666666667,0.11296462,39.7171111111111
2023-07-31 16:30:00,34.14,0.179066666666667,28.84,0.11293876,40.3264444444444
2023-07-31 16:45:00,33.42,0.2052,29.1266666666667,0.11301634,40.5124444444444
2023-07-31 17:00:00,35.14,0.202933333333333,29.38,0.11311978,40.2902222222222
2023-07-31 17:15:00,34.4666666666667,0.181066666666667,29.5866666666667,0.11293876,40.5004444444444
2023-07-31 17:30:00,34.3533333333333,0.1956,29.72,0.11314564,40.3528888888889
2023-07-31 17:45:00,33.1066666666667,0.208,29.8,0.11306806,38.7411111111111
2023-07-31 18:00:00,32.68,0.229,29.8,0.11283532,37.4088888888889
2023-07-31 18:15:00,32.7333333333333,0.235866666666667,29.7133333333333,0.1127836,36.4366666666667
2023-07-31 18:30:00,32.1066666666667,0.239866666666667,29.5733333333333,0.11255086,35.2957777777778
2023-07-31 18:45:00,31.56,0.260066666666667,29.4133333333333,0.11260258,33.2702222222222
2023-07-31 19:00:00,31.8266666666667,0.3714,29.2333333333333,0.11247328,32.4586666666667
2023-07-31 19:15:00,30.9866666666667,0.445,29.0466666666667,0.11247328,29.0911111111111
2023-07-31 19:30:00,29.3733333333333,0.468133333333333,28.86,0.11234398,26.3288888888889
2023-07-31 19:45:00,27.1,0.478333333333333,28.6933333333333,0.1122664,24.2215555555556
2023-07-31 20:00:00,24,0.5342,28.5266666666667,0.1121371,22.2091111111111
2023-07-31 20:15:00,21.1333333333333,0.591,28.3333333333333,0.11203366,20.5444444444444
2023-07-31 20:30:00,18.9,0.613533333333333,28.1466666666667,0.11190436,19.4913333333333
2023-07-31 20:45:00,17.42,0.6036,27.94,0.1121371,18.4953333333333
2023-07-31 21:00:00,17.0666666666667,0.508133333333333,27.72,0.11190436,18.5506666666667
2023-07-31 21:15:00,17.5133333333333,0.4616,27.5,0.1118785,18.4122222222222
2023-07-31 21:30:00,17.9,0.4282,27.2733333333333,0.11177506,18.4335555555556
2023-07-31 21:45:00,19.6266666666667,0.375266666666667,27.0466666666667,0.11180092,19.3162222222222
2023-07-31 22:00:00,20.2533333333333,0.360933333333333,26.8266666666667,0.11172334,19.4653333333333
2023-07-31 22:15:00,20.34,0.360466666666667,26.6133333333333,0.11159404,19.4502222222222
2023-07-31 22:30:00,19.86,0.373266666666667,26.42,0.11164576,19.1748888888889
2023-07-31 22:45:00,18.92,0.406933333333333,26.24,0.11146474,18.4655555555556
2023-07-31 23:00:00,17.8066666666667,0.4402,26.06,0.11151646,17.6348888888889
2023-07-31 23:15:00,16.5133333333333,0.5204,25.9,0.11146474,16.5371111111111
2023-07-31 23:30:00,15.2133333333333,0.578133333333333,25.74,0.11133544,15.2964444444444
2023-07-31 23:45:00,14.3866666666667,0.592133333333333,25.5666666666667,0.1113613,15.206
2023-08-01 00:00:00,14.8266666666667,0.584666666666667,25.4133333333333,0.11130958,15.4757777777778
2023-08-01 00:15:00,14.64,0.6274,25.2533333333333,0.11115442,14.6042222222222
2023-08-01 00:30:00,13.6066666666667,0.648933333333333,25.08,0.11130958,13.8531111111111
2023-08-01 00:45:00,12.92,0.674466666666667,24.9333333333333,0.1113613,13.2875555555556
2023-08-01 01:00:00,12.26,0.6964,24.7666666666667,0.11118028,12.784
2023-08-01 01:15:00,11.8266666666667,0.6892,24.6266666666667,0.11115442,12.4297777777778
2023-08-01 01:30:00,11.3666666666667,0.707666666666667,24.4666666666667,0.1113613,12.002
2023-08-01 01:45:00,11.18,0.715733333333333,24.3333333333333,0.11130958,11.9788888888889
2023-08-01 02:00:00,11.26,0.723666666666667,24.1666666666667,0.11125786,11.8051111111111
2023-08-01 02:15:00,11.0666666666667,0.742066666666667,24.0333333333333,0.11118028,11.5617777777778
2023-08-01 02:30:00,10.9333333333333,0.76,23.8733333333333,0.11118028,11.48
2023-08-01 02:45:00,10.7866666666667,0.757133333333333,23.74,0.11102512,11.2326666666667
2023-08-01 03:00:00,10.62,0.746533333333333,23.6133333333333,0.11118028,11.086
2023-08-01 03:15:00,10.54,0.760533333333333,23.4666666666667,0.1109734,11.0177777777778
2023-08-01 03:30:00,10.3266666666667,0.776266666666667,23.3466666666667,0.11115442,10.7642222222222
2023-08-01 03:45:00,10.1666666666667,0.777666666666667,23.22,0.11102512,10.684
2023-08-01 04:00:00,10.0733333333333,0.790866666666667,23.0866666666667,0.11092168,10.4777777777778
2023-08-01 04:15:00,9.93333333333333,0.811666666666667,22.9666666666667,0.11094754,10.3362222222222
2023-08-01 04:30:00,9.94666666666667,0.812266666666667,22.8466666666667,0.11086996,10.4977777777778
2023-08-01 04:45:00,10.1733333333333,0.8072,22.7333333333333,0.11099926,10.5348888888889
2023-08-01 05:00:00,10.1733333333333,0.814133333333333,22.62,0.11102512,10.4582222222222
2023-08-01 05:15:00,9.97333333333333,0.823,22.4933333333333,0.11089582,10.2051111111111
2023-08-01 05:30:00,9.72666666666667,0.843266666666667,22.3866666666667,0.11089582,9.968
2023-08-01 05:45:00,9.54,0.8492,22.28,0.11086996,9.91222222222222
2023-08-01 06:00:00,9.55333333333333,0.848133333333333,22.18,0.1108441,9.96311111111111
2023-08-01 06:15:00,9.81333333333333,0.8548,22.08,0.11081824,10.1726666666667
2023-08-01 06:30:00,10.9533333333333,0.845266666666667,21.98,0.1107148,10.6815555555556
2023-08-01 06:45:00,12.5133333333333,0.812,21.8866666666667,0.1107148,11.5888888888889
2023-08-01 07:00:00,14.7266666666667,0.7694,21.8,0.11074066,13.0026666666667
2023-08-01 07:15:00,17.0933333333333,0.665466666666667,21.7,0.11079238,14.7873333333333
2023-08-01 07:30:00,18.7466666666667,0.536133333333333,21.66,0.11081824,15.8577777777778
2023-08-01 07:45:00,19.4266666666667,0.504866666666667,21.6,0.1107148,16.7766666666667
2023-08-01 08:00:00,19.94,0.494866666666667,21.6,0.11074066,17.7008888888889
2023-08-01 08:15:00,20.34,0.481066666666667,21.6,0.11118028,18.4675555555556
2023-08-01 08:30:00,20.6666666666667,0.4802,21.6,0.11164576,19.0324444444444
2023-08-01 08:45:00,20.9,0.4716,21.6,0.11521444,19.5366666666667
2023-08-01 09:00:00,21.56,0.468666666666667,21.5933333333333,0.15860752,20.5864444444444
2023-08-01 09:15:00,22.4466666666667,0.447666666666667,21.5866666666667,0.23714434,21.9211111111111
2023-08-01 09:30:00,23.0466666666667,0.4434,21.7,0.27200362,23.5211111111111
2023-08-01 09:45:00,23.8933333333333,0.438666666666667,21.9666666666667,0.28506292,24.6337777777778
2023-08-01 10:00:00,24.38,0.428066666666667,22.34,0.29093314,25.718
2023-08-01 10:15:00,25.0466666666667,0.413933333333333,22.7266666666667,0.29571724,26.9444444444444
2023-08-01 10:30:00,25.62,0.392666666666667,23.1266666666667,0.298717,27.3671111111111
2023-08-01 10:45:00,25.7666666666667,0.3816,23.5266666666667,0.30114784,27.9646666666667
2023-08-01 11:00:00,26.6666666666667,0.367733333333333,23.94,0.30378556,29.1871111111111
2023-08-01 11:15:00,27.2,0.335866666666667,24.3733333333333,0.30585436,30.1646666666667
2023-08-01 11:30:00,27.6,0.290533333333333,24.8,0.307768,30.9042222222222
2023-08-01 11:45:00,28.4466666666667,0.2554,25.2266666666667,0.30981094,31.3973333333333
2023-08-01 12:00:00,28.9266666666667,0.2498,25.6133333333333,0.31250038,31.6973333333333
2023-08-01 12:15:00,29.28,0.249333333333333,25.96,0.314233,32.06
2023-08-01 12:30:00,29.4733333333333,0.236133333333333,26.2266666666667,0.31562944,32.3775555555556
2023-08-01 12:45:00,29.8866666666667,0.232866666666667,26.38,0.31700002,31.8566666666667
2023-08-01 13:00:00,29.88,0.2162,26.3466666666667,0.31736206,31.2813333333333
2023-08-01 13:15:00,30.6333333333333,0.220666666666667,26.1933333333333,0.31868092,31.6593333333333
2023-08-01 13:30:00,30.76,0.211733333333333,25.9866666666667,0.31855162,31.806
2023-08-01 13:45:00,31.18,0.216,25.7933333333333,0.31195732,32.062
2023-08-01 14:00:00,31.6333333333333,0.225133333333333,25.6333333333333,0.30631984,33.3508888888889
2023-08-01 14:15:00,32.4,0.224733333333333,25.5,0.30231154,34.788
2023-08-01 14:30:00,32.8466666666667,0.220666666666667,25.46,0.29933764,36.1226666666667
2023-08-01 14:45:00,32.6933333333333,0.228,25.5,0.29669992,37.0688888888889
2023-08-01 15:00:00,32.8933333333333,0.2196,25.6133333333333,0.29620858,37.4431111111111
2023-08-01 15:15:00,33.2133333333333,0.214733333333333,25.8,0.29465698,37.7277777777778
2023-08-01 15:30:00,34.02,0.191533333333333,26.0266666666667,0.2984584,37.8595555555556
2023-08-01 15:45:00,34.0666666666667,0.191133333333333,26.2933333333333,0.30523372,38.5571111111111
2023-08-01 16:00:00,34.3533333333333,0.1954,26.5933333333333,0.30999196,38.914
2023-08-01 16:15:00,34.6333333333333,0.214733333333333,26.88,0.30794902,39.6586666666667
2023-08-01 16:30:00,35.0733333333333,0.2048,27.0933333333333,0.30313906,40.5968888888889
2023-08-01 16:45:00,35.4266666666667,0.208733333333333,27.26,0.3002686,40.4017777777778
2023-08-01 17:00:00,34.92,0.220933333333333,27.38,0.2972947,40.034
2023-08-01 17:15:00,34.6866666666667,0.2154,27.4933333333333,0.29476042,39.0677777777778
2023-08-01 17:30:00,35.1666666666667,0.224,27.5,0.2926399,38.2102222222222
2023-08-01 17:45:00,35.82,0.233066666666667,27.5,0.29088142,37.4517777777778
2023-08-01 18:00:00,36.3266666666667,0.253666666666667,27.5,0.2892781,36.3257777777778
2023-08-01 18:15:00,35.62,0.2808,27.4,0.28762306,35.6468888888889
2023-08-01 18:30:00,35.4533333333333,0.3076,27.3133333333333,0.28635592,35.0417777777778
2023-08-01 18:45:00,35.9266666666667,0.3266,27.2133333333333,0.2851405,33.6562222222222
2023-08-01 19:00:00,35.8666666666667,0.412866666666667,27.0933333333333,0.28400266,33.4651111111111
2023-08-01 19:15:00,33.5533333333333,0.4758,26.9866666666667,0.28301998,30.592
2023-08-01 19:30:00,31.04,0.509,26.88,0.28201144,27.8126666666667
2023-08-01 19:45:00,28.2666666666667,0.558733333333333,26.78,0.28110634,25.7208888888889
2023-08-01 20:00:00,24.84,0.600866666666667,26.6666666666667,0.2802271,23.7073333333333
2023-08-01 20:15:00,21.9066666666667,0.636533333333333,26.56,0.27955474,22.2655555555556
2023-08-01 20:30:00,19.7666666666667,0.649933333333333,26.4333333333333,0.27877894,21.1411111111111
2023-08-01 20:45:00,18.5866666666667,0.5976,26.3,0.27821002,20.6002222222222
2023-08-01 21:00:00,18.9,0.521066666666667,26.1533333333333,0.27756352,20.6586666666667
2023-08-01 21:15:00,19.38,0.481066666666667,25.9866666666667,0.2769946,20.5624444444444
2023-08-01 21:30:00,20.0266666666667,0.453733333333333,25.8266666666667,0.2764774,20.6026666666667
2023-08-01 21:45:00,19.7066666666667,0.457733333333333,25.6533333333333,0.2759602,20.0944444444444
2023-08-01 22:00:00,19.4466666666667,0.448933333333333,25.4733333333333,0.27539128,20.0924444444444
2023-08-01 22:15:00,19.34,0.4438,25.3133333333333,0.2750551,19.8333333333333
2023-08-01 22:30:00,18.86,0.451333333333333,25.14,0.2745379,19.3848888888889
2023-08-01 22:45:00,18.12,0.4828,24.9666666666667,0.27399484,18.6757777777778
2023-08-01 23:00:00,17.58,0.4864,24.8066666666667,0.27365866,18.46
2023-08-01 23:15:00,17.4466666666667,0.470866666666667,24.6533333333333,0.27316732,18.3148888888889
2023-08-01 23:30:00,17.3266666666667,0.491066666666667,24.4933333333333,0.27283114,17.9933333333333
2023-08-01 23:45:00,17.0733333333333,0.507533333333333,24.3466666666667,0.2723398,17.8646666666667
2023-08-02 00:00:00,16.84,0.509933333333333,24.1933333333333,0.27192604,17.5404444444444
2023-08-02 00:15:00,16.5666666666667,0.503266666666667,24.0466666666667,0.27158986,17.27
2023-08-02 00:30:00,16.04,0.5614,23.9,0.27125368,16.7302222222222
2023-08-02 00:45:00,15.2466666666667,0.6144,23.76,0.27083992,15.8417777777778
2023-08-02 01:00:00,14.38,0.643733333333333,23.6333333333333,0.27055546,15.3548888888889
2023-08-02 01:15:00,13.9866666666667,0.659866666666667,23.5066666666667,0.27016756,15.192
2023-08-02 01:30:00,13.7533333333333,0.664266666666667,23.3733333333333,0.26985724,14.7882222222222
2023-08-02 01:45:00,13.38,0.6826,23.2533333333333,0.26944348,14.4522222222222
2023-08-02 02:00:00,12.9933333333333,0.685666666666667,23.14,0.2691073,14.1904444444444
2023-08-02 02:15:00,12.8066666666667,0.692466666666667,23.0266666666667,0.26874526,14.0353333333333
2023-08-02 02:30:00,12.6666666666667,0.7162,22.9133333333333,0.26851252,13.7862222222222
2023-08-02 02:45:00,12.56,0.73,22.7866666666667,0.26815048,13.6926666666667
2023-08-02 03:00:00,12.5066666666667,0.7574,22.6733333333333,0.26789188,13.7115555555556
2023-08-02 03:15:00,12.5266666666667,0.7936,22.5666666666667,0.26763328,13.4422222222222
2023-08-02 03:30:00,12.2733333333333,0.8176,22.4533333333333,0.2674264,13.2297777777778
2023-08-02 03:45:00,12.14,0.8124,22.3466666666667,0.26706436,13.3615555555556
2023-08-02 04:00:00,12.3666666666667,0.789866666666667,22.2466666666667,0.26709022,13.4348888888889
2023-08-02 04:15:00,12.3133333333333,0.770533333333333,22.1466666666667,0.2666506,13.1942222222222
2023-08-02 04:30:00,12.14,0.779666666666667,22.0466666666667,0.26646958,13.1026666666667
2023-08-02 04:45:00,12.0133333333333,0.792466666666667,21.9533333333333,0.26615926,12.946
2023-08-02 05:00:00,11.8533333333333,0.8074,21.8533333333333,0.26597824,12.75
2023-08-02 05:15:00,11.6133333333333,0.817,21.7533333333333,0.2656162,12.5462222222222
2023-08-02 05:30:00,11.4066666666667,0.830333333333333,21.6733333333333,0.26559034,12.3737777777778
2023-08-02 05:45:00,11.3933333333333,0.837133333333333,21.58,0.2652283,12.4184444444444
2023-08-02 06:00:00,11.4466666666667,0.8356,21.5,0.26499556,12.3857777777778
2023-08-02 06:15:00,11.68,0.840066666666667,21.4,0.2647111,12.616
2023-08-02 06:30:00,12.6866666666667,0.843,21.32,0.26463352,13.1117777777778
2023-08-02 06:45:00,14.1466666666667,0.784733333333333,21.2533333333333,0.2643232,13.976
2023-08-02 07:00:00,16.16,0.748266666666667,21.2,0.26409046,15.0911111111111
2023-08-02 07:15:00,18.2866666666667,0.715266666666667,21.1066666666667,0.263806,16.5242222222222
2023-08-02 07:30:00,20.06,0.615933333333333,21.1,0.26352154,17.6135555555556
2023-08-02 07:45:00,21.1533333333333,0.509733333333333,21.1,0.26336638,18.6375555555556
2023-08-02 08:00:00,21.3733333333333,0.478733333333333,21.1,0.26305606,19.3433333333333
2023-08-02 08:15:00,22.18,0.475933333333333,21.1,0.26259058,20.3886666666667
2023-08-02 08:30:00,22.4,0.461133333333333,21.1,0.26233198,20.736
2023-08-02 08:45:00,22.6533333333333,0.449066666666667,21.1466666666667,0.26196994,21.1222222222222
2023-08-02 09:00:00,23,0.434466666666667,21.2,0.26145274,21.7511111111111
2023-08-02 09:15:00,23.5866666666667,0.431,21.22,0.26090968,22.9062222222222
2023-08-02 09:30:00,23.8466666666667,0.410533333333333,21.3333333333333,0.26049592,24.0657777777778
2023-08-02 09:45:00,24.54,0.4006,21.4866666666667,0.26003044,25.1782222222222
2023-08-02 10:00:00,25.1533333333333,0.392333333333333,21.7,0.2595391,26.1928888888889
2023-08-02 10:15:00,25.7,0.391133333333333,21.9533333333333,0.25899604,27.1575555555556
2023-08-02 10:30:00,26.2666666666667,0.377333333333333,22.2333333333333,0.2583754,27.9291111111111
2023-08-02 10:45:00,27.1333333333333,0.366266666666667,22.5333333333333,0.25744444,28.92
2023-08-02 11:00:00,27.5666666666667,0.3268,22.8466666666667,0.25674622,29.734
2023-08-02 11:15:00,27.9666666666667,0.331266666666667,23.1733333333333,0.25599628,30.3313333333333
2023-08-02 11:30:00,28.52,0.326666666666667,23.5,0.25532392,30.9028888888889
2023-08-02 11:45:00,28.8266666666667,0.311866666666667,23.8333333333333,0.25441882,31.0673333333333
2023-08-02 12:00:00,29.1933333333333,0.3,24.16,0.25366888,31.278
2023-08-02 12:15:00,29.7866666666667,0.268533333333333,24.48,0.25266034,31.7277777777778
2023-08-02 12:30:00,29.76,0.268466666666667,24.7933333333333,0.25180696,31.6904444444444
2023-08-02 12:45:00,30.54,0.2766,25.0133333333333,0.2510053,31.7262222222222
2023-08-02 13:00:00,31.0533333333333,0.2402,25.12,0.25020364,31.5384444444444
2023-08-02 13:15:00,31.42,0.212333333333333,25.2,0.24940198,31.2628888888889
2023-08-02 13:30:00,31.8733333333333,0.209533333333333,25.1266666666667,0.2485486,32.536
2023-08-02 13:45:00,32.3933333333333,0.1828,25.1,0.24761764,34.1066666666667
2023-08-02 14:00:00,32.5933333333333,0.1842,25,0.24676426,35.62
2023-08-02 14:15:00,33.2933333333333,0.174933333333333,24.9466666666667,0.24601432,36.298
2023-08-02 14:30:00,33.5133333333333,0.185266666666667,24.9133333333333,0.2453161,36.8622222222222
2023-08-02 14:45:00,33.52,0.1864,25.02,0.24443686,37.5986666666667
2023-08-02 15:00:00,33.9466666666667,0.183266666666667,25.1533333333333,0.24348004,38
2023-08-02 15:15:00,34.54,0.180266666666667,25.3666666666667,0.2427301,37.9068888888889
2023-08-02 15:30:00,34.2933333333333,0.1798,25.5933333333333,0.24172156,38.3157777777778
2023-08-02 15:45:00,34.6933333333333,0.1796,25.84,0.24084232,39.0133333333333
2023-08-02 16:00:00,34.5933333333333,0.183733333333333,26.0866666666667,0.23985964,39.6615555555556
2023-08-02 16:15:00,35.08,0.200466666666667,26.3133333333333,0.23908384,41.3602222222222
2023-08-02 16:30:00,36.28,0.201,26.5266666666667,0.23817874,40.9046666666667
2023-08-02 16:45:00,34.92,0.237866666666667,26.74,0.23737708,41.3542222222222
2023-08-02 17:00:00,34.94,0.2374,26.9333333333333,0.23657542,41.5022222222222
2023-08-02 17:15:00,37.22,0.2322,27.1066666666667,0.23577376,40.6197777777778
2023-08-02 17:30:00,38.94,0.2346,27.2333333333333,0.23481694,38.9711111111111
2023-08-02 17:45:00,38.72,0.282466666666667,27.3,0.23414458,37.6646666666667
2023-08-02 18:00:00,38.8666666666667,0.2828,27.3,0.2332912,37.0211111111111
2023-08-02 18:15:00,38.1133333333333,0.283266666666667,27.3,0.23267056,36.4488888888889
2023-08-02 18:30:00,38.0933333333333,0.295866666666667,27.3,0.23194648,35.688
2023-08-02 18:45:00,37.8866666666667,0.355333333333333,27.2666666666667,0.23124826,33.9991111111111
2023-08-02 19:00:00,37.02,0.436133333333333,27.2,0.23080864,33.744
2023-08-02 19:15:00,33.94,0.513066666666667,27.12,0.23029144,31.0357777777778
2023-08-02 19:30:00,31.58,0.538466666666667,27.06,0.2298001,28.3751111111111
2023-08-02 19:45:00,28.78,0.538333333333333,26.9866666666667,0.2295415,26.3306666666667
2023-08-02 20:00:00,25.4,0.598533333333333,26.8933333333333,0.22920532,24.422
2023-08-02 20:15:00,22.6466666666667,0.548866666666667,26.78,0.22894672,23.5008888888889
2023-08-02 20:30:00,21.1,0.484466666666667,26.66,0.22858468,22.6422222222222
2023-08-02 20:45:00,21.34,0.3598,26.5266666666667,0.22819678,22.7408888888889
2023-08-02 21:00:00,25.2266666666667,0.285933333333333,26.36,0.22791232,24.5344444444444
2023-08-02 21:15:00,25.7466666666667,0.2776,26.1733333333333,0.22770544,24.6297777777778
2023-08-02 21:30:00,26.1066666666667,0.2718,25.9733333333333,0.22742098,24.9442222222222
2023-08-02 21:45:00,25.7866666666667,0.279333333333333,25.78,0.2272141,24.7813333333333
2023-08-02 22:00:00,25.4533333333333,0.285266666666667,25.5933333333333,0.2270848,24.5617777777778
2023-08-02 22:15:00,25.1133333333333,0.308533333333333,25.42,0.2269555,23.9035555555556
2023-08-02 22:30:00,23.0466666666667,0.3778,25.2533333333333,0.22664518,22.3653333333333
2023-08-02 22:45:00,21.5466666666667,0.4296,25.1,0.22638658,21.172
2023-08-02 23:00:00,19.9533333333333,0.504933333333333,24.9466666666667,0.22633486,19.8864444444444
2023-08-02 23:15:00,18.7733333333333,0.520333333333333,24.8266666666667,0.22607626,19.4066666666667
2023-08-02 23:30:00,17.8533333333333,0.596666666666667,24.68,0.22589524,18.166
2023-08-02 23:45:00,16.7666666666667,0.623466666666667,24.5533333333333,0.22581766,17.7224444444444
2023-08-03 00:00:00,16.1133333333333,0.659,24.4333333333333,0.22548148,16.8213333333333
2023-08-03 00:15:00,15.1933333333333,0.725933333333333,24.3066666666667,0.22530046,15.9228888888889
2023-08-03 00:30:00,14.3733333333333,0.733666666666667,24.1666666666667,0.2252746,15.8926666666667
2023-08-03 00:45:00,14.7666666666667,0.705133333333333,24.0466666666667,0.22486084,16.1655555555556
2023-08-03 01:00:00,14.8933333333333,0.745533333333333,23.9133333333333,0.22486084,15.6408888888889
2023-08-03 01:15:00,14.3,0.7832,23.7733333333333,0.22460224,14.9537777777778
2023-08-03 01:30:00,13.58,0.794333333333333,23.66,0.22442122,14.6355555555556
2023-08-03 01:45:00,13.1533333333333,0.8086,23.5466666666667,0.22421434,14.1951111111111
2023-08-03 02:00:00,12.72,0.8258,23.4333333333333,0.22426606,13.7933333333333
2023-08-03 02:15:00,12.32,0.842266666666667,23.32,0.22392988,13.6017777777778
2023-08-03 02:30:00,12.26,0.823733333333333,23.1933333333333,0.22395574,13.8324444444444
2023-08-03 02:45:00,12.6533333333333,0.786333333333333,23.08,0.22377472,13.8435555555556
2023-08-03 03:00:00,12.7066666666667,0.768266666666667,22.9666666666667,0.22369714,13.7437777777778
2023-08-03 03:15:00,12.74,0.7756,22.8466666666667,0.2234644,13.7117777777778
2023-08-03 03:30:00,12.72,0.778533333333333,22.74,0.22356784,13.6142222222222
2023-08-03 03:45:00,12.6733333333333,0.760133333333333,22.62,0.22323166,13.6331111111111
2023-08-03 04:00:00,12.72,0.768066666666667,22.5,0.2232058,13.4068888888889
2023-08-03 04:15:00,12.6266666666667,0.768866666666667,22.3866666666667,0.22328338,13.3264444444444
2023-08-03 04:30:00,12.5866666666667,0.763533333333333,22.2933333333333,0.22312822,13.3391111111111
2023-08-03 04:45:00,12.5466666666667,0.7812,22.1866666666667,0.2229472,13.1797777777778
2023-08-03 05:00:00,12.46,0.775066666666667,22.0933333333333,0.22289548,13.1831111111111
2023-08-03 05:15:00,12.36,0.775066666666667,22,0.22274032,13.0033333333333
2023-08-03 05:30:00,12.14,0.778266666666667,21.9,0.22245586,12.8328888888889
2023-08-03 05:45:00,11.9533333333333,0.797,21.7933333333333,0.22219726,12.666
2023-08-03 06:00:00,11.9333333333333,0.806,21.7,0.22214554,12.72
2023-08-03 06:15:00,12.3533333333333,0.801133333333333,21.6066666666667,0.22199038,13.1704444444444
2023-08-03 06:30:00,13.5133333333333,0.768866666666667,21.5066666666667,0.22193866,13.7997777777778
2023-08-03 06:45:00,14.9533333333333,0.7508,21.4133333333333,0.22183522,14.6342222222222
2023-08-03 07:00:00,16.8133333333333,0.749133333333333,21.34,0.22175764,15.5133333333333
2023-08-03 07:15:00,18.82,0.727,21.3,0.22162834,16.8017777777778
2023-08-03 07:30:00,20.6066666666667,0.588333333333333,21.2,0.22155076,18.0168888888889
2023-08-03 07:45:00,21.32,0.518,21.2,0.2213956,19.0368888888889
2023-08-03 08:00:00,22.1533333333333,0.498266666666667,21.2,0.22124044,19.9206666666667
2023-08-03 08:15:00,22.7666666666667,0.492933333333333,21.2333333333333,0.22103356,20.7917777777778
2023-08-03 08:30:00,22.9733333333333,0.481266666666667,21.3,0.22080082,21.326
2023-08-03 08:45:00,23.16,0.475666666666667,21.3,0.22056808,21.7846666666667
2023-08-03 09:00:00,23.86,0.448733333333333,21.3866666666667,0.22038706,22.9366666666667
2023-08-03 09:15:00,24.0666666666667,0.445733333333333,21.42,0.22012846,23.9608888888889
2023-08-03 09:30:00,24.9,0.4248,21.54,0.21966298,25.1653333333333
2023-08-03 09:45:00,25.5266666666667,0.4104,21.72,0.21940438,26.1453333333333
2023-08-03 10:00:00,26.3466666666667,0.4094,21.96,0.21888718,27.2391111111111
2023-08-03 10:15:00,26.7066666666667,0.382,22.24,0.21847342,27.9528888888889
2023-08-03 10:30:00,26.7866666666667,0.367533333333333,22.54,0.2179045,28.5328888888889
2023-08-03 10:45:00,27.5466666666667,0.357466666666667,22.8666666666667,0.21746488,29.2184444444444
2023-08-03 11:00:00,28.56,0.3316,23.2,0.21702526,29.7071111111111
2023-08-03 11:15:00,29.0733333333333,0.305466666666667,23.54,0.21637876,29.8702222222222
2023-08-03 11:30:00,29.1933333333333,0.3058,23.8733333333333,0.21599086,29.8704444444444
2023-08-03 11:45:00,29.5266666666667,0.302733333333333,24.2333333333333,0.21534436,29.8693333333333
2023-08-03 12:00:00,30.04,0.282866666666667,24.56,0.2148013,30.3673333333333
2023-08-03 12:15:00,30.0533333333333,0.280733333333333,24.9,0.21430996,30.8122222222222
2023-08-03 12:30:00,30.18,0.276066666666667,25.2133333333333,0.21366346,31.1451111111111
2023-08-03 12:45:00,30.5333333333333,0.269333333333333,25.44,0.21296524,31.4455555555556
2023-08-03 13:00:00,31.0266666666667,0.264333333333333,25.5466666666667,0.2124739,32.6337777777778
2023-08-03 13:15:00,31.4933333333333,0.2554,25.6,0.21167224,33.6651111111111
2023-08-03 13:30:00,31.14,0.263466666666667,25.6,0.21112918,33.8937777777778
2023-08-03 13:45:00,31.2733333333333,0.26,25.56,0.21048268,34.1813333333333
2023-08-03 14:00:00,32.0066666666667,0.246266666666667,25.5,0.2098879,34.7793333333333
2023-08-03 14:15:00,32.8266666666667,0.226466666666667,25.5,0.20926726,35.4253333333333
2023-08-03 14:30:00,33.2133333333333,0.205533333333333,25.52,0.20849146,36.1306666666667
2023-08-03 14:45:00,33.7266666666667,0.212933333333333,25.6266666666667,0.20779324,36.4777777777778
2023-08-03 15:00:00,33.7466666666667,0.232066666666667,25.7866666666667,0.20714674,36.9097777777778
2023-08-03 15:15:00,33.9133333333333,0.226333333333333,26.0066666666667,0.20650024,36.6484444444444
2023-08-03 15:30:00,34.02,0.219133333333333,26.26,0.20582788,36.7328888888889
2023-08-03 15:45:00,34.5066666666667,0.2208,26.5133333333333,0.20518138,37.2215555555556
2023-08-03 16:00:00,35.0533333333333,0.209266666666667,26.78,0.20453488,37.8286666666667
2023-08-03 16:15:00,35.4066666666667,0.2088,27.0133333333333,0.20386252,38.5668888888889
2023-08-03 16:30:00,35.4066666666667,0.208866666666667,27.24,0.203035,38.6126666666667
2023-08-03 16:45:00,34.8466666666667,0.206133333333333,27.4466666666667,0.20254366,38.5626666666667
2023-08-03 17:00:00,35.46,0.2216,27.64,0.20202646,39.264
2023-08-03 17:15:00,35.3666666666667,0.226933333333333,27.7866666666667,0.20143168,38.7357777777778
2023-08-03 17:30:00,34.8733333333333,0.252533333333333,27.9,0.20081104,37.5713333333333
2023-08-03 17:45:00,35.26,0.244066666666667,27.9933333333333,0.20021626,36.3317777777778
2023-08-03 18:00:00,34.6,0.263266666666667,27.9666666666667,0.19977664,35.366
2023-08-03 18:15:00,34.6866666666667,0.2912,27.9,0.19913014,35.136
2023-08-03 18:30:00,35.54,0.322333333333333,27.8133333333333,0.19866466,34.6713333333333
2023-08-03 18:45:00,36,0.354866666666667,27.72,0.19830262,33.5582222222222
2023-08-03 19:00:00,35.1,0.433666666666667,27.64,0.19801816,32.9751111111111
2023-08-03 19:15:00,33.2,0.514266666666667,27.5533333333333,0.19778542,30.4791111111111
2023-08-03 19:30:00,30.9466666666667,0.551066666666667,27.48,0.19757854,28.1051111111111
2023-08-03 19:45:00,28.32,0.584933333333333,27.4,0.19739752,26.6108888888889
2023-08-03 20:00:00,25.46,0.616533333333333,27.3,0.19731994,24.8373333333333
2023-08-03 20:15:00,22.9066666666667,0.647933333333333,27.22,0.19711306,23.5964444444444
2023-08-03 20:30:00,21.3733333333333,0.674466666666667,27.1066666666667,0.19700962,22.6062222222222
2023-08-03 20:45:00,20.3066666666667,0.667666666666667,26.98,0.1966993,21.888
2023-08-03 21:00:00,19.7066666666667,0.605866666666667,26.8533333333333,0.19664758,21.4431111111111
2023-08-03 21:15:00,19.8133333333333,0.507666666666667,26.7266666666667,0.19649242,21.5568888888889
2023-08-03 21:30:00,20.04,0.471066666666667,26.5666666666667,0.19628554,21.1693333333333
2023-08-03 21:45:00,19.9,0.473533333333333,26.4333333333333,0.19597522,20.7991111111111
2023-08-03 22:00:00,19.68,0.476133333333333,26.2666666666667,0.19600108,20.5055555555556
2023-08-03 22:15:00,19.8666666666667,0.4754,26.1133333333333,0.19571662,20.4013333333333
2023-08-03 22:30:00,19.5533333333333,0.479133333333333,25.9533333333333,0.19561318,20.1371111111111
2023-08-03 22:45:00,19.9533333333333,0.443066666666667,25.8066666666667,0.19538044,20.5855555555556
2023-08-03 23:00:00,20.6066666666667,0.429133333333333,25.66,0.19507012,20.8197777777778
2023-08-03 23:15:00,20.5,0.4578,25.5333333333333,0.19504426,20.4715555555556
2023-08-03 23:30:00,20,0.495333333333333,25.3933333333333,0.19486324,20.0126666666667
2023-08-03 23:45:00,19.18,0.5696,25.2666666666667,0.19483738,19.3066666666667
2023-08-04 00:00:00,18.2266666666667,0.6254,25.1533333333333,0.19457878,18.6673333333333
2023-08-04 00:15:00,17.4666666666667,0.651733333333333,25.0466666666667,0.19444948,18.2337777777778
2023-08-04 00:30:00,17.0133333333333,0.667866666666667,24.94,0.19434604,18.0611111111111
2023-08-04 00:45:00,16.8533333333333,0.645333333333333,24.8333333333333,0.19416502,17.9893333333333
2023-08-04 01:00:00,17.06,0.617066666666667,24.7333333333333,0.19390642,17.9851111111111
2023-08-04 01:15:00,16.72,0.671533333333333,24.6333333333333,0.19393228,17.0411111111111
2023-08-04 01:30:00,15.7866666666667,0.722533333333333,24.5266666666667,0.19364782,16.1451111111111
2023-08-04 01:45:00,14.7933333333333,0.768933333333333,24.4266666666667,0.19357024,15.5795555555556
2023-08-04 02:00:00,14.16,0.766933333333333,24.32,0.19341508,15.3944444444444
2023-08-04 02:15:00,13.9866666666667,0.7916,24.22,0.19325992,14.9286666666667
2023-08-04 02:30:00,13.4866666666667,0.811666666666667,24.1066666666667,0.19313062,14.5197777777778
2023-08-04 02:45:00,13.2666666666667,0.794733333333333,23.9933333333333,0.19313062,14.7126666666667
2023-08-04 03:00:00,13.5466666666667,0.791866666666667,23.8933333333333,0.1929496,14.6464444444444
2023-08-04 03:15:00,13.4733333333333,0.792733333333333,23.78,0.19287202,14.4355555555556
2023-08-04 03:30:00,13.36,0.769666666666667,23.6733333333333,0.19276858,14.3815555555556
2023-08-04 03:45:00,13.1733333333333,0.756666666666667,23.5733333333333,0.19276858,14.0555555555556
2023-08-04 04:00:00,12.9933333333333,0.767866666666667,23.4666666666667,0.19253584,13.8435555555556
2023-08-04 04:15:00,12.8133333333333,0.778066666666667,23.3666666666667,0.1924324,13.7564444444444
2023-08-04 04:30:00,12.8066666666667,0.7928,23.2666666666667,0.19238068,13.6404444444444
2023-08-04 04:45:00,12.68,0.785533333333333,23.1733333333333,0.19240654,13.616
2023-08-04 05:00:00,12.8066666666667,0.789933333333333,23.0733333333333,0.19225138,13.7931111111111
2023-08-04 05:15:00,13.1133333333333,0.7618,22.98,0.19212208,13.8664444444444
2023-08-04 05:30:00,13.0466666666667,0.781733333333333,22.8866666666667,0.19207036,13.7215555555556
2023-08-04 05:45:00,12.9466666666667,0.7702,22.8,0.19196692,13.7377777777778
2023-08-04 06:00:00,12.96,0.7884,22.7066666666667,0.19186348,13.688
2023-08-04 06:15:00,13.3,0.803066666666667,22.62,0.19186348,14.1068888888889
2023-08-04 06:30:00,13.98,0.808266666666667,22.5466666666667,0.19176004,14.7026666666667
2023-08-04 06:45:00,15.2333333333333,0.797066666666667,22.4933333333333,0.19176004,15.6388888888889
2023-08-04 07:00:00,16.4266666666667,0.781666666666667,22.4,0.19160488,16.1211111111111
2023-08-04 07:15:00,16.9266666666667,0.796533333333333,22.4,0.19129456,16.4697777777778
2023-08-04 07:30:00,17.3266666666667,0.813733333333333,22.34,0.19132042,16.9024444444444
2023-08-04 07:45:00,18.1,0.771266666666667,22.3,0.19121698,17.68
2023-08-04 08:00:00,19.68,0.673066666666667,22.3,0.1911394,18.8017777777778
2023-08-04 08:15:00,21.4066666666667,0.553533333333333,22.3,0.1910101,19.9957777777778
2023-08-04 08:30:00,22.0866666666667,0.51,22.3133333333333,0.19085494,20.4942222222222
2023-08-04 08:45:00,22.28,0.489866666666667,22.4,0.19059634,21.3048888888889
2023-08-04 09:00:00,23.2066666666667,0.452733333333333,22.42,0.19054462,22.3284444444444
2023-08-04 09:15:00,23.2,0.440466666666667,22.5,0.19013086,22.6131111111111
2023-08-04 09:30:00,22.8466666666667,0.4926,22.5933333333333,0.18994984,22.7602222222222
2023-08-04 09:45:00,22.96,0.487266666666667,22.6866666666667,0.18969124,23.2015555555556
2023-08-04 10:00:00,23.2,0.474,22.7666666666667,0.18956194,23.6613333333333
2023-08-04 10:15:00,23.6866666666667,0.4784,22.8066666666667,0.1893292,24.0824444444444
2023-08-04 10:30:00,23.6933333333333,0.477666666666667,22.9,0.18896716,24.2064444444444
2023-08-04 10:45:00,23.78,0.476333333333333,22.9466666666667,0.1889413,24.3673333333333
2023-08-04 11:00:00,23.8066666666667,0.500066666666667,23,0.18870856,24.516
2023-08-04 11:15:00,23.62,0.502066666666667,23.0733333333333,0.1885534,24.5995555555556
2023-08-04 11:30:00,23.3933333333333,0.530733333333333,23.1,0.18839824,24.6035555555556
2023-08-04 11:45:00,23.72,0.529933333333333,23.1866666666667,0.18821722,24.6617777777778
2023-08-04 12:00:00,24.0133333333333,0.5076,23.2,0.18795862,24.8102222222222
2023-08-04 12:15:00,24.4066666666667,0.475733333333333,23.2733333333333,0.18772588,24.8708888888889
2023-08-04 12:30:00,24.12,0.5166,23.3,0.1876483,24.9817777777778
2023-08-04 12:45:00,24.0866666666667,0.551733333333333,23.38,0.18749314,25.0095555555556
2023-08-04 13:00:00,24.1733333333333,0.5742,23.4,0.18720868,25.126
2023-08-04 13:15:00,24.3733333333333,0.576466666666667,23.4666666666667,0.1870018,25.2835555555556
2023-08-04 13:30:00,24.72,0.6024,23.5,0.18697594,25.3693333333333
2023-08-04 13:45:00,24.96,0.561266666666667,23.5333333333333,0.1867432,25.5586666666667
2023-08-04 14:00:00,24.62,0.5806,23.6,0.18651046,25.4288888888889
2023-08-04 14:15:00,24.2933333333333,0.6086,23.62,0.1863553,25.2393333333333
2023-08-04 14:30:00,24.3066666666667,0.645266666666667,23.7,0.18632944,25.2002222222222
2023-08-04 14:45:00,24.3733333333333,0.6404,23.7,0.18614842,25.1464444444444
2023-08-04 15:00:00,24.52,0.5616,23.72,0.18599326,25.1853333333333
2023-08-04 15:15:00,24.9133333333333,0.549,23.8,0.18576052,25.1651111111111
2023-08-04 15:30:00,24.64,0.534066666666667,23.8,0.18568294,24.8468888888889
2023-08-04 15:45:00,24.2066666666667,0.520933333333333,23.8,0.18542434,24.6153333333333
2023-08-04 16:00:00,24.3666666666667,0.517466666666667,23.8,0.18534676,24.6824444444444
2023-08-04 16:15:00,24.52,0.524266666666667,23.8,0.18529504,24.7922222222222
2023-08-04 16:30:00,24.2933333333333,0.545333333333333,23.8,0.18508816,24.6602222222222
2023-08-04 16:45:00,24.0466666666667,0.610333333333333,23.8,0.18485542,24.2695555555556
2023-08-04 17:00:00,23.12,0.6346,23.8,0.18470026,23.7764444444444
2023-08-04 17:15:00,22.8666666666667,0.6612,23.8,0.18464854,23.5631111111111
2023-08-04 17:30:00,23.0133333333333,0.6248,23.8,0.18451924,23.5724444444444
2023-08-04 17:45:00,23.0866666666667,0.6462,23.8,0.1844158,23.4384444444444
2023-08-04 18:00:00,22.7666666666667,0.6572,23.8,0.18423478,23.1804444444444
2023-08-04 18:15:00,22.68,0.644133333333333,23.8,0.18420892,23.05
2023-08-04 18:30:00,22.7733333333333,0.631266666666667,23.7533333333333,0.18400204,22.8713333333333
2023-08-04 18:45:00,22.48,0.691466666666667,23.7,0.18407962,22.3464444444444
2023-08-04 19:00:00,21.7333333333333,0.740866666666667,23.7,0.18387274,21.8375555555556
2023-08-04 19:15:00,21.02,0.771666666666667,23.7,0.18400204,21.3073333333333
2023-08-04 19:30:00,20.7933333333333,0.695133333333333,23.7,0.18392446,21.58
2023-08-04 19:45:00,21.5133333333333,0.586466666666667,23.6333333333333,0.18366586,21.8557777777778
2023-08-04 20:00:00,21.6133333333333,0.5638,23.6,0.18374344,21.6395555555556
2023-08-04 20:15:00,21.2466666666667,0.597933333333333,23.5933333333333,0.1835107,21.0811111111111
2023-08-04 20:30:00,20.5466666666667,0.626466666666667,23.5,0.18356242,20.7853333333333
2023-08-04 20:45:00,21.1,0.573933333333333,23.5,0.1835107,21.402
2023-08-04 21:00:00,21.5333333333333,0.561533333333333,23.4,0.1833814,21.5602222222222
2023-08-04 21:15:00,21.7733333333333,0.5514,23.3733333333333,0.18327796,21.6422222222222
2023-08-04 21:30:00,21.8866666666667,0.537466666666667,23.3,0.18314866,21.7124444444444
2023-08-04 21:45:00,22.0133333333333,0.531466666666667,23.2066666666667,0.18320038,21.698
2023-08-04 22:00:00,21.6666666666667,0.5548,23.1533333333333,0.1829935,21.3726666666667
2023-08-04 22:15:00,21.1533333333333,0.579333333333333,23.1,0.18307108,20.9804444444444
2023-08-04 22:30:00,20.82,0.590533333333333,23.0133333333333,0.18291592,20.738
2023-08-04 22:45:00,21.1,0.565733333333333,23,0.18304522,21.1308888888889
2023-08-04 23:00:00,21.5333333333333,0.551933333333333,22.9,0.18276076,21.2782222222222
2023-08-04 23:15:00,21.3,0.567333333333333,22.9,0.18276076,21.0028888888889
2023-08-04 23:30:00,20.8,0.601466666666667,22.8133333333333,0.18263146,20.6222222222222
2023-08-04 23:45:00,20.3,0.635266666666667,22.8,0.18270904,20.2928888888889
2023-08-05 00:00:00,19.8933333333333,0.655533333333333,22.7733333333333,0.18263146,19.8648888888889
2023-08-05 00:15:00,19.4666666666667,0.6658,22.7,0.18255388,19.5502222222222
2023-08-05 00:30:00,19.04,0.691533333333333,22.7,0.18252802,19.168
2023-08-05 00:45:00,18.9733333333333,0.682933333333333,22.6466666666667,0.18232114,19.3242222222222
2023-08-05 01:00:00,19.1266666666667,0.6776,22.6,0.182347,19.3982222222222
2023-08-05 01:15:00,19.34,0.670266666666667,22.6,0.18239872,19.514
2023-08-05 01:30:00,19.8733333333333,0.644066666666667,22.5466666666667,0.18226942,19.728
2023-08-05 01:45:00,19.6333333333333,0.676266666666667,22.5,0.18216598,19.4786666666667
2023-08-05 02:00:00,19.1333333333333,0.714733333333333,22.5,0.18201082,19.1246666666667
2023-08-05 02:15:00,18.7333333333333,0.749466666666667,22.4333333333333,0.18216598,18.8737777777778
2023-08-05 02:30:00,18.42,0.769666666666667,22.4,0.18203668,18.7428888888889
2023-08-05 02:45:00,18.1866666666667,0.782,22.4,0.18206254,18.6611111111111
2023-08-05 03:00:00,18.2,0.792266666666667,22.3533333333333,0.18198496,18.5402222222222
2023-08-05 03:15:00,17.98,0.836,22.3,0.1819591,18.1082222222222
2023-08-05 03:30:00,17.66,0.846933333333333,22.3,0.18211426,18.0288888888889
2023-08-05 03:45:00,17.5666666666667,0.8566,22.3,0.1819591,17.9202222222222
2023-08-05 04:00:00,17.4733333333333,0.864066666666667,22.2133333333333,0.18190738,17.8373333333333
2023-08-05 04:15:00,17.5866666666667,0.848466666666667,22.2,0.18203668,18.0526666666667
2023-08-05 04:30:00,17.92,0.816266666666667,22.2,0.18172636,18.2873333333333
2023-08-05 04:45:00,18.28,0.8058,22.1533333333333,0.18167464,18.2644444444444
2023-08-05 05:00:00,18.1866666666667,0.833533333333333,22.1,0.18146776,18.0013333333333
2023-08-05 05:15:00,17.7333333333333,0.852,22.1,0.18146776,17.9182222222222
2023-08-05 05:30:00,17.7666666666667,0.840066666666667,22.0666666666667,0.18136432,18.0097777777778
2023-08-05 05:45:00,17.7266666666667,0.857466666666667,22,0.1814419,17.7928888888889
2023-08-05 06:00:00,17.4333333333333,0.884333333333333,22,0.18133846,17.6864444444444
2023-08-05 06:15:00,17.48,0.884866666666667,21.9466666666667,0.18126088,17.752
2023-08-05 06:30:00,17.5,0.891066666666667,21.9,0.18110572,17.736
2023-08-05 06:45:00,17.4466666666667,0.8986,21.9,0.18128674,17.7362222222222
2023-08-05 07:00:00,17.4666666666667,0.894266666666667,21.8933333333333,0.18120916,17.7917777777778
2023-08-05 07:15:00,17.5066666666667,0.884133333333333,21.8,0.18097642,17.8617777777778
2023-08-05 07:30:00,17.6666666666667,0.870266666666667,21.8,0.181054,17.93
2023-08-05 07:45:00,17.8133333333333,0.8664,21.8,0.1809247,17.9713333333333
2023-08-05 08:00:00,17.72,0.8898,21.8,0.18087298,17.8704444444444
2023-08-05 08:15:00,17.5933333333333,0.904933333333333,21.76,0.18107986,17.8408888888889
2023-08-05 08:30:00,17.48,0.911333333333333,21.7,0.18089884,17.8202222222222
2023-08-05 08:45:00,17.4733333333333,0.919133333333333,21.7,0.18120916,17.7917777777778
2023-08-05 09:00:00,17.5866666666667,0.927133333333333,21.7,0.18126088,17.88
2023-08-05 09:15:00,17.7066666666667,0.929733333333333,21.7,0.18133846,17.9904444444444
2023-08-05 09:30:00,17.8133333333333,0.9324,21.7,0.18123502,18.1606666666667
2023-08-05 09:45:00,17.9,0.9326,21.7,0.18113158,18.2353333333333
2023-08-05 10:00:00,17.92,0.927333333333333,21.66,0.18126088,18.3606666666667
2023-08-05 10:15:00,18.2266666666667,0.909266666666667,21.6466666666667,0.18120916,18.5931111111111
2023-08-05 10:30:00,18.6866666666667,0.898466666666667,21.6466666666667,0.18120916,18.9713333333333
2023-08-05 10:45:00,19.1666666666667,0.885866666666667,21.7,0.1811833,19.404
2023-08-05 11:00:00,19.42,0.889933333333333,21.7,0.18128674,19.7304444444444
2023-08-05 11:15:00,19.5066666666667,0.8818,21.7,0.18128674,19.894
2023-08-05 11:30:00,19.5533333333333,0.8758,21.7266666666667,0.18123502,20.0624444444444
2023-08-05 11:45:00,19.7066666666667,0.8804,21.8,0.18139018,20.1948888888889
2023-08-05 12:00:00,19.62,0.873,21.8,0.18123502,20.0635555555556
2023-08-05 12:15:00,19.46,0.880666666666667,21.8666666666667,0.18128674,19.93
2023-08-05 12:30:00,19.48,0.887466666666667,21.9,0.18141604,20.0137777777778
2023-08-05 12:45:00,19.8466666666667,0.856133333333333,21.9,0.1814419,20.4002222222222
2023-08-05 13:00:00,20.4333333333333,0.8314,21.9,0.18162292,20.88
2023-08-05 13:15:00,20.9,0.7934,21.9333333333333,0.18146776,21.334
2023-08-05 13:30:00,21.3666666666667,0.780666666666667,22,0.18159706,21.8737777777778
2023-08-05 13:45:00,22.2,0.771133333333333,22.0266666666667,0.18164878,22.9204444444444
2023-08-05 14:00:00,24.5066666666667,0.7108,22.1,0.18149362,24.8162222222222
2023-08-05 14:15:00,25.48,0.6438,22.1866666666667,0.18133846,26.06
2023-08-05 14:30:00,26.1333333333333,0.584533333333333,22.3266666666667,0.18120916,27.346
2023-08-05 14:45:00,26.8533333333333,0.5582,22.48,0.18102814,28.3497777777778
2023-08-05 15:00:00,26.6533333333333,0.540533333333333,22.68,0.18097642,28.7535555555556
2023-08-05 15:15:00,25.9866666666667,0.5588,22.8866666666667,0.1805368,28.548
2023-08-05 15:30:00,26.7333333333333,0.541333333333333,23.0733333333333,0.18058852,29.0213333333333
2023-08-05 15:45:00,27.8866666666667,0.504666666666667,23.2333333333333,0.1804075,29.7904444444444
2023-08-05 16:00:00,28.5266666666667,0.494666666666667,23.3666666666667,0.18017476,30.8028888888889
2023-08-05 16:15:00,29.2933333333333,0.4716,23.54,0.18012304,31.7871111111111
2023-08-05 16:30:00,28.2533333333333,0.4656,23.7066666666667,0.17973514,31.6766666666667
2023-08-05 16:45:00,28.7866666666667,0.487133333333333,23.8666666666667,0.17973514,31.7995555555556
2023-08-05 17:00:00,28.6466666666667,0.4898,24.0066666666667,0.17960584,31.4155555555556
2023-08-05 17:15:00,27.66,0.5356,24.1066666666667,0.17929552,30.3675555555556
2023-08-05 17:30:00,27.1533333333333,0.5412,24.2,0.17929552,29.7053333333333
2023-08-05 17:45:00,26.9266666666667,0.540533333333333,24.2266666666667,0.17926966,29.554
2023-08-05 18:00:00,27.7733333333333,0.535,24.3,0.17906278,29.9817777777778
2023-08-05 18:15:00,28.9466666666667,0.471666666666667,24.3,0.17895934,30.206
2023-08-05 18:30:00,27.9866666666667,0.485,24.2333333333333,0.17888176,29.2173333333333
2023-08-05 18:45:00,26.58,0.493866666666667,24.2,0.17870074,28.9646666666667
2023-08-05 19:00:00,27.1533333333333,0.5062,24.2,0.1785973,28.5675555555556
2023-08-05 19:15:00,27.2533333333333,0.6028,24.1066666666667,0.1785973,27.0544444444444
2023-08-05 19:30:00,26.3266666666667,0.588133333333333,24.1,0.17854558,25.4728888888889
2023-08-05 19:45:00,24.9066666666667,0.6006,24.0333333333333,0.17844214,24.4815555555556
2023-08-05 20:00:00,23.6,0.660066666666667,24,0.17851972,23.5473333333333
2023-08-05 20:15:00,22.52,0.699533333333333,23.9866666666667,0.17841628,22.6731111111111
2023-08-05 20:30:00,21.4666666666667,0.728066666666667,23.9,0.17849386,21.7764444444444
2023-08-05 20:45:00,20.74,0.6838,23.8733333333333,0.17849386,21.398
2023-08-05 21:00:00,20.38,0.705466666666667,23.8,0.17854558,20.9591111111111
2023-08-05 21:15:00,20.54,0.672466666666667,23.7133333333333,0.17836456,20.906
2023-08-05 21:30:00,21.0133333333333,0.648333333333333,23.64,0.17841628,20.9868888888889
2023-08-05 21:45:00,20.9466666666667,0.6574,23.5666666666667,0.17836456,20.8606666666667
2023-08-05 22:00:00,20.8533333333333,0.6716,23.4933333333333,0.1783387,20.7791111111111
2023-08-05 22:15:00,20.7733333333333,0.677266666666667,23.4,0.1783387,20.6737777777778
2023-08-05 22:30:00,20.5266666666667,0.7326,23.3266666666667,0.1782094,20.1708888888889
2023-08-05 22:45:00,19.4866666666667,0.8218,23.26,0.17831284,19.5504444444444
2023-08-05 23:00:00,18.7533333333333,0.880333333333333,23.2,0.17823526,19.37
2023-08-05 23:15:00,18.6133333333333,0.901266666666667,23.1133333333333,0.17823526,19.2882222222222
2023-08-05 23:30:00,18.5066666666667,0.904866666666667,23.0666666666667,0.17826112,19.1844444444444
2023-08-05 23:45:00,18.4933333333333,0.909266666666667,23,0.17813182,19.1655555555556
2023-08-06 00:00:00,18.52,0.8998,22.9533333333333,0.1782094,19.1048888888889
2023-08-06 00:15:00,18.6666666666667,0.887733333333333,22.9,0.17810596,19.0302222222222
2023-08-06 00:30:00,18.7866666666667,0.865933333333333,22.8466666666667,0.17818354,19.0213333333333
2023-08-06 00:45:00,18.6466666666667,0.879533333333333,22.8,0.17815768,18.8664444444444
2023-08-06 01:00:00,18.38,0.893466666666667,22.7666666666667,0.17813182,18.7055555555556
2023-08-06 01:15:00,18.2,0.8972,22.7,0.17810596,18.6202222222222
2023-08-06 01:30:00,18.1333333333333,0.902666666666667,22.68,0.17810596,18.6073333333333
2023-08-06 01:45:00,18.1466666666667,0.903933333333333,22.6,0.17813182,18.592
2023-08-06 02:00:00,18.1,0.911066666666667,22.6,0.17813182,18.5197777777778
2023-08-06 02:15:00,18.08,0.9178,22.5066666666667,0.17805424,18.4922222222222
2023-08-06 02:30:00,18.0733333333333,0.923133333333333,22.5,0.17797666,18.4264444444444
2023-08-06 02:45:00,17.98,0.927066666666667,22.4333333333333,0.17792494,18.3857777777778
2023-08-06 03:00:00,17.9333333333333,0.924333333333333,22.4,0.17802838,18.4313333333333
2023-08-06 03:15:00,17.9866666666667,0.919733333333333,22.4,0.17805424,18.4115555555556
2023-08-06 03:30:00,17.9666666666667,0.921133333333333,22.32,0.17802838,18.3455555555556
2023-08-06 03:45:00,17.9333333333333,0.922866666666667,22.3,0.17797666,18.3015555555556
2023-08-06 04:00:00,17.8933333333333,0.916533333333333,22.3,0.17805424,18.3053333333333
2023-08-06 04:15:00,17.9,0.916,22.2333333333333,0.1780801,18.2126666666667
2023-08-06 04:30:00,17.86,0.917266666666667,22.2,0.17792494,18.2226666666667
2023-08-06 04:45:00,17.8933333333333,0.9202,22.2,0.17810596,18.2213333333333
2023-08-06 05:00:00,17.94,0.9276,22.1266666666667,0.17779564,18.2217777777778
2023-08-06 05:15:00,17.9066666666667,0.932066666666667,22.1,0.17776978,18.2095555555556
2023-08-06 05:30:00,17.8333333333333,0.9358,22.1,0.17784736,18.1731111111111
2023-08-06 05:45:00,17.8066666666667,0.939266666666667,22.1,0.17797666,18.1651111111111
2023-08-06 06:00:00,17.8066666666667,0.9366,22.0133333333333,0.17787322,18.1935555555556
2023-08-06 06:15:00,17.8666666666667,0.9228,22,0.17784736,18.2137777777778
2023-08-06 06:30:00,18.0266666666667,0.917133333333334,22,0.17784736,18.204
2023-08-06 06:45:00,17.9866666666667,0.926866666666667,21.9733333333333,0.17789908,18.2082222222222
2023-08-06 07:00:00,17.9933333333333,0.931533333333333,21.9,0.17784736,18.2666666666667
2023-08-06 07:15:00,18.0333333333333,0.9328,21.9,0.1778215,18.3264444444444
2023-08-06 07:30:00,18.1,0.935533333333333,21.9,0.17802838,18.4208888888889
2023-08-06 07:45:00,18.1933333333333,0.936466666666667,21.9,0.1778215,18.53
2023-08-06 08:00:00,18.48,0.940333333333333,21.8133333333333,0.17802838,18.7753333333333
2023-08-06 08:15:00,18.7333333333333,0.935666666666667,21.8,0.17797666,19.0622222222222
2023-08-06 08:30:00,19.0866666666667,0.930533333333333,21.8,0.17787322,19.3695555555556
2023-08-06 08:45:00,19.3466666666667,0.9118,21.8,0.17789908,19.5937777777778
2023-08-06 09:00:00,19.82,0.8982,21.86,0.1776922,20.1024444444444
2023-08-06 09:15:00,20.0866666666667,0.877933333333333,21.9,0.1778215,20.3862222222222
2023-08-06 09:30:00,20.68,0.8566,21.9,0.17776978,21.0371111111111
2023-08-06 09:45:00,21.7733333333333,0.825866666666667,21.9733333333333,0.17766634,21.9842222222222
2023-08-06 10:00:00,23.2466666666667,0.769,22.0466666666667,0.17764048,23.3002222222222
2023-08-06 10:15:00,24.36,0.716,22.1933333333333,0.1775629,24.7624444444444
2023-08-06 10:30:00,23.4533333333333,0.741533333333333,22.4066666666667,0.17712328,25.0271111111111
2023-08-06 10:45:00,22.9666666666667,0.739666666666667,22.68,0.17701984,24.7806666666667
2023-08-06 11:00:00,22.6133333333333,0.742866666666667,22.8733333333333,0.1770457,24.2668888888889
2023-08-06 11:15:00,22.2,0.765,23.0066666666667,0.17689054,23.5911111111111
2023-08-06 11:30:00,21.9733333333333,0.7854,23.1,0.17696812,23.1351111111111
2023-08-06 11:45:00,22.2466666666667,0.787266666666667,23.12,0.1769164,23.4015555555556
2023-08-06 12:00:00,23.08,0.737,23.2,0.17701984,24.0031111111111
2023-08-06 12:15:00,23.5133333333333,0.700266666666667,23.2066666666667,0.17696812,24.3911111111111
2023-08-06 12:30:00,23.6533333333333,0.683,23.3,0.1769164,24.7448888888889
2023-08-06 12:45:00,24.5533333333333,0.661266666666667,23.3733333333333,0.17676124,25.9255555555556
2023-08-06 13:00:00,25.2533333333333,0.6446,23.44,0.17650264,26.4004444444444
2023-08-06 13:15:00,25.8133333333333,0.607733333333333,23.5,0.17655436,26.8024444444444
2023-08-06 13:30:00,26.26,0.596866666666667,23.56,0.1762699,27.3884444444444
2023-08-06 13:45:00,26.9133333333333,0.571733333333333,23.6,0.17611474,28.1635555555556
2023-08-06 14:00:00,27.2466666666667,0.565133333333333,23.6,0.17580442,29.1437777777778
2023-08-06 14:15:00,27.46,0.5488,23.6066666666667,0.17564926,29.8533333333333
2023-08-06 14:30:00,27.8066666666667,0.5344,23.7,0.17554582,30.6924444444444
2023-08-06 14:45:00,28.3066666666667,0.5148,23.76,0.17518378,31.4164444444444
2023-08-06 15:00:00,28.8466666666667,0.487133333333333,23.9133333333333,0.1749769,31.9824444444444
2023-08-06 15:15:00,29.0266666666667,0.473066666666667,24.1,0.17477002,32.2728888888889
2023-08-06 15:30:00,29.5133333333333,0.4738,24.3066666666667,0.174589,32.9164444444444
2023-08-06 15:45:00,28.0866666666667,0.514866666666667,24.5,0.17438212,31.862
2023-08-06 16:00:00,27.5066666666667,0.5508,24.6666666666667,0.17422696,31.3115555555556
2023-08-06 16:15:00,27.96,0.531066666666667,24.78,0.17402008,31.492
2023-08-06 16:30:00,29.4733333333333,0.470933333333333,24.8133333333333,0.17396836,32.3813333333333
2023-08-06 16:45:00,30.52,0.444933333333333,24.9,0.17370976,33.4951111111111
2023-08-06 17:00:00,30.0733333333333,0.462666666666667,24.9266666666667,0.1735546,33.5966666666667
2023-08-06 17:15:00,30.0666666666667,0.463533333333333,25,0.17321842,34.1
2023-08-06 17:30:00,30.2933333333333,0.4574,25.0933333333333,0.17308912,33.4368888888889
2023-08-06 17:45:00,30.6266666666667,0.4618,25.1,0.17301154,32.4611111111111
2023-08-06 18:00:00,30.44,0.4948,25.1,0.17272708,31.508
2023-08-06 18:15:00,29.0066666666667,0.477,25.1,0.17254606,30.8164444444444
2023-08-06 18:30:00,27.2933333333333,0.5692,25.1,0.1725202,29.146
2023-08-06 18:45:00,26.2133333333333,0.639333333333333,25.0733333333333,0.17236504,28.0804444444444
2023-08-06 19:00:00,26.2466666666667,0.619,25,0.17241676,28.3006666666667
2023-08-06 19:15:00,26.5466666666667,0.643,25,0.17244262,27.6435555555556
2023-08-06 19:30:00,26.54,0.688066666666667,24.9266666666667,0.17218402,26.4933333333333
2023-08-06 19:45:00,25.2333333333333,0.701533333333333,24.9,0.17228746,25.4811111111111
2023-08-06 20:00:00,24.12,0.7476,24.8733333333333,0.17220988,24.4044444444444
2023-08-06 20:15:00,22.8666666666667,0.768,24.8,0.17208058,23.3982222222222
2023-08-06 20:30:00,21.84,0.812466666666667,24.7533333333333,0.17205472,22.398
2023-08-06 20:45:00,20.8266666666667,0.824933333333333,24.7,0.17205472,21.6302222222222
2023-08-06 21:00:00,20.0533333333333,0.835533333333333,24.6,0.17210644,21.1984444444444
2023-08-06 21:15:00,19.84,0.819933333333333,24.52,0.17195128,21.0326666666667
2023-08-06 21:30:00,19.7266666666667,0.807866666666667,24.4266666666667,0.17197714,20.6744444444444
2023-08-06 21:45:00,19.4133333333333,0.8008,24.3333333333333,0.17189956,20.3246666666667
2023-08-06 22:00:00,19.24,0.798666666666667,24.24,0.17197714,20.0897777777778
2023-08-06 22:15:00,19.2666666666667,0.798533333333333,24.1333333333333,0.17182198,19.9802222222222
2023-08-06 22:30:00,19.2866666666667,0.7912,24.0266666666667,0.17189956,19.896
2023-08-06 22:45:00,19.1666666666667,0.805933333333333,23.92,0.17166682,19.5224444444444
2023-08-06 23:00:00,18.8133333333333,0.834,23.8266666666667,0.1717444,19.1628888888889
2023-08-06 23:15:00,18.5066666666667,0.839266666666667,23.72,0.1717444,19.1326666666667
2023-08-06 23:30:00,18.6133333333333,0.824733333333333,23.64,0.1718737,19.2393333333333
2023-08-06 23:45:00,18.98,0.808933333333333,23.5533333333333,0.1717444,19.4033333333333
2023-08-07 00:00:00,19.0266666666667,0.821266666666667,23.48,0.1717444,19.1713333333333
2023-08-07 00:15:00,18.7066666666667,0.8246,23.4,0.1716151,19.0642222222222
2023-08-07 00:30:00,18.7333333333333,0.818133333333333,23.3066666666667,0.17151166,19.1362222222222
2023-08-07 00:45:00,18.8266666666667,0.822066666666667,23.2466666666667,0.17156338,19.1451111111111
2023-08-07 01:00:00,18.66,0.842866666666667,23.2,0.17140822,18.8331111111111
2023-08-07 01:15:00,18.2866666666667,0.861266666666667,23.1133333333333,0.17145994,18.478
2023-08-07 01:30:00,17.9066666666667,0.864666666666667,23.08,0.17125306,18.4453333333333
2023-08-07 01:45:00,17.7533333333333,0.873333333333333,23,0.17117548,18.1155555555556
2023-08-07 02:00:00,17.38,0.886133333333333,22.96,0.17112376,17.7764444444444
2023-08-07 02:15:00,17.02,0.902866666666667,22.9,0.17107204,17.5404444444444
2023-08-07 02:30:00,16.7266666666667,0.9142,22.8133333333333,0.17112376,17.2675555555556
2023-08-07 02:45:00,16.4533333333333,0.918866666666667,22.7866666666667,0.1710979,17.0846666666667
2023-08-07 03:00:00,16.3266666666667,0.9234,22.7,0.17099446,16.9813333333333
2023-08-07 03:15:00,16.2066666666667,0.927266666666667,22.6333333333333,0.17091688,16.9217777777778
2023-08-07 03:30:00,16.1466666666667,0.9306,22.5933333333333,0.17089102,16.902
2023-08-07 03:45:00,16.1066666666667,0.9318,22.5,0.17091688,16.8395555555556
2023-08-07 04:00:00,16.0333333333333,0.932933333333333,22.4466666666667,0.17068414,16.6526666666667
2023-08-07 04:15:00,15.9133333333333,0.935666666666667,22.4,0.17076172,16.5162222222222
2023-08-07 04:30:00,15.6733333333333,0.933466666666667,22.3266666666667,0.17060656,16.2515555555556
2023-08-07 04:45:00,15.36,0.932866666666667,22.2866666666667,0.17052898,16.0086666666667
2023-08-07 05:00:00,15.1933333333333,0.936,22.2,0.1705807,15.9713333333333
2023-08-07 05:15:00,15.2866666666667,0.942466666666667,22.1466666666667,0.17063242,16.0271111111111
2023-08-07 05:30:00,15.36,0.945666666666667,22.1,0.17037382,16.0642222222222
2023-08-07 05:45:00,15.4733333333333,0.948533333333333,22.0066666666667,0.17039968,16.2037777777778
2023-08-07 06:00:00,15.6266666666667,0.950133333333333,21.9733333333333,0.17060656,16.3391111111111
2023-08-07 06:15:00,15.8733333333333,0.950066666666667,21.9,0.17024452,16.6306666666667
2023-08-07 06:30:00,16.24,0.947266666666667,21.88,0.1701928,17.0002222222222
2023-08-07 06:45:00,16.98,0.940333333333333,21.8,0.17014108,17.5473333333333
2023-08-07 07:00:00,17.74,0.8962,21.8,0.17003764,18.2708888888889
2023-08-07 07:15:00,18.9733333333333,0.793133333333333,21.8,0.17001178,18.9826666666667
2023-08-07 07:30:00,19.4866666666667,0.787733333333333,21.8,0.16990834,19.3413333333333
2023-08-07 07:45:00,19.7133333333333,0.794066666666667,21.8,0.16985662,19.7051111111111
2023-08-07 08:00:00,19.8133333333333,0.786933333333333,21.8,0.16962388,19.9668888888889
2023-08-07 08:15:00,19.5266666666667,0.786666666666667,21.8066666666667,0.16964974,19.8886666666667
2023-08-07 08:30:00,19.2266666666667,0.8064,21.9,0.16957216,19.6604444444444
2023-08-07 08:45:00,18.86,0.832866666666667,21.9,0.1695463,19.4175555555556
2023-08-07 09:00:00,18.3733333333333,0.8624,21.9,0.16990834,19.0157777777778
2023-08-07 09:15:00,18.36,0.874266666666667,21.9,0.16962388,18.9862222222222
2023-08-07 09:30:00,18.3533333333333,0.883066666666667,21.9,0.16959802,18.932
2023-08-07 09:45:00,18.18,0.8814,21.9,0.1695463,18.8717777777778
2023-08-07 10:00:00,18.0933333333333,0.854933333333333,21.8133333333333,0.16946872,18.7933333333333
2023-08-07 10:15:00,18.42,0.847933333333333,21.8,0.16944286,19.0268888888889
2023-08-07 10:30:00,19.6266666666667,0.8058,21.8,0.169417,19.8946666666667
2023-08-07 10:45:00,21.3,0.766466666666667,21.8,0.1692877,21.1366666666667
2023-08-07 11:00:00,22.0466666666667,0.708066666666667,21.8,0.16897738,21.912
2023-08-07 11:15:00,21.08,0.771133333333333,21.8733333333333,0.16910668,21.9411111111111
2023-08-07 11:30:00,20.6666666666667,0.768933333333333,21.9266666666667,0.16874464,21.9688888888889
2023-08-07 11:45:00,20.8133333333333,0.785266666666667,22,0.1685119,22.2195555555556
2023-08-07 12:00:00,21.2666666666667,0.7772,22.0733333333333,0.16846018,22.676
2023-08-07 12:15:00,21.7066666666667,0.754066666666667,22.1,0.1685119,23.1766666666667
2023-08-07 12:30:00,21.86,0.732733333333333,22.18,0.16820158,23.4511111111111
2023-08-07 12:45:00,22.0933333333333,0.735466666666667,22.24,0.16804642,23.9788888888889
2023-08-07 13:00:00,23.38,0.688733333333333,22.3133333333333,0.16794298,25.5797777777778
2023-08-07 13:15:00,24.3466666666667,0.6626,22.4,0.1676068,26.4122222222222
2023-08-07 13:30:00,24.6733333333333,0.642466666666667,22.4866666666667,0.1673482,27.0506666666667
2023-08-07 13:45:00,24.9133333333333,0.629466666666667,22.5466666666667,0.16698616,27.8213333333333
2023-08-07 14:00:00,24.9666666666667,0.625066666666667,22.6,0.16688272,28.36
2023-08-07 14:15:00,25.4066666666667,0.607666666666667,22.6733333333333,0.16654654,29.666
2023-08-07 14:30:00,24.94,0.615533333333333,22.7466666666667,0.16623622,29.4788888888889
2023-08-07 14:45:00,24.9866666666667,0.6172,22.86,0.16590004,29.9048888888889
2023-08-07 15:00:00,25.24,0.6088,23.0266666666667,0.16574488,30.0204444444444
2023-08-07 15:15:00,25.82,0.577466666666667,23.22,0.16561558,30.4953333333333
2023-08-07 15:30:00,26.0866666666667,0.5624,23.4533333333333,0.16546042,30.8646666666667
2023-08-07 15:45:00,26.2933333333333,0.5566,23.6866666666667,0.1651501,31.6255555555556
2023-08-07 16:00:00,26.0666666666667,0.5628,23.9,0.16504666,31.1704444444444
2023-08-07 16:15:00,25.8266666666667,0.565066666666667,24.1066666666667,0.16483978,31.1684444444444
2023-08-07 16:30:00,26.1,0.5646,24.26,0.1643743,30.6037777777778
2023-08-07 16:45:00,25.0866666666667,0.5992,24.3666666666667,0.164245,29.1162222222222
2023-08-07 17:00:00,23.8333333333333,0.663466666666667,24.44,0.1639864,27.7291111111111
2023-08-07 17:15:00,23.0266666666667,0.687533333333333,24.5,0.16406398,26.3784444444444
2023-08-07 17:30:00,22.3933333333333,0.700466666666667,24.4933333333333,0.16401226,25.2553333333333
2023-08-07 17:45:00,21.9666666666667,0.718933333333333,24.4,0.16383124,24.3922222222222
2023-08-07 18:00:00,21.7266666666667,0.7326,24.34,0.16380538,23.7662222222222
2023-08-07 18:15:00,21.6133333333333,0.743133333333333,24.26,0.16354678,23.3277777777778
2023-08-07 18:30:00,21.5133333333333,0.753466666666667,24.1666666666667,0.16367608,23.022
2023-08-07 18:45:00,21.5066666666667,0.755466666666667,24.0866666666667,0.16352092,22.8297777777778
2023-08-07 19:00:00,21.46,0.754666666666667,24,0.1635985,22.6115555555556
2023-08-07 19:15:00,21.4,0.7558,23.9066666666667,0.16336576,22.3646666666667
2023-08-07 19:30:00,21.1,0.770133333333333,23.8533333333333,0.16341748,22.0391111111111
2023-08-07 19:45:00,20.92,0.7834,23.7866666666667,0.16326232,21.7622222222222
2023-08-07 20:00:00,20.74,0.7858,23.7,0.16318474,21.5073333333333
2023-08-07 20:15:00,20.64,0.781,23.6333333333333,0.1632106,21.3002222222222
2023-08-07 20:30:00,20.58,0.780933333333333,23.58,0.16313302,21.1151111111111
2023-08-07 20:45:00,20.5266666666667,0.779866666666667,23.5,0.16297786,20.9644444444444
2023-08-07 21:00:00,20.3933333333333,0.781333333333333,23.4266666666667,0.162952,20.7895555555556
2023-08-07 21:15:00,20.2666666666667,0.7788,23.38,0.16279684,20.6166666666667
2023-08-07 21:30:00,19.92,0.781266666666667,23.3,0.16290028,20.2511111111111
2023-08-07 21:45:00,19.4333333333333,0.794133333333333,23.22,0.16274512,19.7937777777778
2023-08-07 22:00:00,18.9266666666667,0.8074,23.1666666666667,0.16261582,19.3102222222222
2023-08-07 22:15:00,18.58,0.8148,23.1,0.16248652,19.0364444444444
2023-08-07 22:30:00,18.2866666666667,0.821666666666667,23,0.16251238,18.7217777777778
2023-08-07 22:45:00,18.1333333333333,0.8256,22.92,0.16248652,18.474
2023-08-07 23:00:00,17.7,0.838266666666667,22.84,0.16235722,17.7622222222222
2023-08-07 23:15:00,17.04,0.866533333333333,22.7666666666667,0.16235722,17.6277777777778
2023-08-07 23:30:00,16.84,0.871066666666667,22.68,0.16235722,17.462
2023-08-07 23:45:00,16.5466666666667,0.876266666666667,22.6,0.16225378,17.1475555555556
2023-08-08 00:00:00,16.3133333333333,0.882733333333333,22.5066666666667,0.16238308,16.996
2023-08-08 00:15:00,16.1933333333333,0.881866666666667,22.4266666666667,0.16222792,16.8668888888889
2023-08-08 00:30:00,16.1133333333333,0.876133333333333,22.3533333333333,0.16227964,16.7637777777778
2023-08-08 00:45:00,16,0.869266666666667,22.2733333333333,0.16225378,16.5953333333333
2023-08-08 01:00:00,15.86,0.8708,22.1933333333333,0.16215034,16.366
2023-08-08 01:15:00,15.6333333333333,0.8784,22.1,0.16222792,16.2251111111111
2023-08-08 01:30:00,15.5266666666667,0.88,22.0266666666667,0.16235722,16.086
2023-08-08 01:45:00,15.36,0.892333333333333,21.94,0.16202104,15.8526666666667
2023-08-08 02:00:00,15.1466666666667,0.900533333333333,21.8666666666667,0.1621762,15.6917777777778
2023-08-08 02:15:00,14.9933333333333,0.908266666666667,21.7866666666667,0.16212448,15.516
2023-08-08 02:30:00,14.8333333333333,0.915533333333333,21.7,0.16212448,15.3986666666667
2023-08-08 02:45:00,14.6933333333333,0.921,21.6266666666667,0.16194346,15.2595555555556
2023-08-08 03:00:00,14.54,0.923533333333333,21.5533333333333,0.16209862,15.0517777777778
2023-08-08 03:15:00,14.3466666666667,0.926066666666667,21.4933333333333,0.1619176,14.8433333333333
2023-08-08 03:30:00,14.14,0.930533333333333,21.4,0.16181416,14.6644444444444
2023-08-08 03:45:00,13.96,0.933266666666667,21.3466666666667,0.1620469,14.5217777777778
2023-08-08 04:00:00,13.7466666666667,0.936133333333333,21.2866666666667,0.16173658,14.3515555555556
2023-08-08 04:15:00,13.6333333333333,0.9396,21.2,0.16176244,14.2506666666667
2023-08-08 04:30:00,13.52,0.944,21.14,0.1617883,14.1337777777778
2023-08-08 04:45:00,13.38,0.9466,21.08,0.16171072,14.0508888888889
2023-08-08 05:00:00,13.4333333333333,0.951266666666667,21,0.1615297,14.0495555555556
2023-08-08 05:15:00,13.5066666666667,0.9548,20.9333333333333,0.16176244,14.0931111111111
2023-08-08 05:30:00,13.62,0.9558,20.88,0.16158142,14.1
2023-08-08 05:45:00,13.4,0.9526,20.8,0.16160728,13.9851111111111
2023-08-08 06:00:00,13.3533333333333,0.9534,20.7266666666667,0.16142626,13.9622222222222
2023-08-08 06:15:00,13.52,0.956266666666667,20.68,0.1612711,14.1157777777778
2023-08-08 06:30:00,13.9533333333333,0.959733333333333,20.6,0.16129696,14.4257777777778
2023-08-08 06:45:00,14.6733333333333,0.9616,20.5466666666667,0.16109008,14.9568888888889
2023-08-08 07:00:00,15.92,0.963266666666667,20.5,0.1610125,15.8068888888889
2023-08-08 07:15:00,17.5066666666667,0.927466666666667,20.48,0.16124524,16.7986666666667
2023-08-08 07:30:00,19.4333333333333,0.808666666666667,20.4,0.1611418,17.7551111111111
2023-08-08 07:45:00,20.3866666666667,0.769066666666667,20.4,0.16109008,18.6133333333333
2023-08-08 08:00:00,21.04,0.7452,20.4266666666667,0.16093492,19.4322222222222
2023-08-08 08:15:00,21.64,0.710266666666667,20.5,0.16077976,20.0915555555556
2023-08-08 08:30:00,22.4866666666667,0.687466666666667,20.5,0.16072804,20.8524444444444
2023-08-08 08:45:00,22.3666666666667,0.673733333333333,20.5866666666667,0.16046944,21.2831111111111
2023-08-08 09:00:00,22.7666666666667,0.6526,20.6266666666667,0.1604953,22.0411111111111
2023-08-08 09:15:00,23.1333333333333,0.629333333333333,20.72,0.16028842,22.8677777777778
2023-08-08 09:30:00,23.6466666666667,0.626666666666667,20.8466666666667,0.15995224,23.7704444444444
2023-08-08 09:45:00,24.2733333333333,0.6074,21.0466666666667,0.15990052,24.8304444444444
2023-08-08 10:00:00,24.7333333333333,0.584333333333333,21.3,0.15961606,25.8282222222222
2023-08-08 10:15:00,24.8533333333333,0.579666666666667,21.6066666666667,0.1595902,26.462
2023-08-08 10:30:00,25.4466666666667,0.558933333333333,21.9333333333333,0.15927988,27.232
2023-08-08 10:45:00,25.9866666666667,0.5288,22.2733333333333,0.15917644,27.9997777777778
2023-08-08 11:00:00,26.0466666666667,0.527933333333333,22.64,0.15873682,28.5877777777778
2023-08-08 11:15:00,26.0533333333333,0.5284,23,0.15850408,28.9182222222222
2023-08-08 11:30:00,26.2733333333333,0.522066666666667,23.36,0.1582972,29.1526666666667
2023-08-08 11:45:00,26.78,0.5074,23.74,0.15819376,29.5166666666667
2023-08-08 12:00:00,27.16,0.4912,24.0866666666667,0.15778,29.6331111111111
2023-08-08 12:15:00,27.2266666666667,0.471133333333333,24.44,0.15767656,29.4873333333333
2023-08-08 12:30:00,26.9466666666667,0.471733333333333,24.78,0.15736624,29.1575555555556
2023-08-08 12:45:00,27.8866666666667,0.463933333333333,25.0333333333333,0.1571335,29.7984444444444
2023-08-08 13:00:00,28.1466666666667,0.430333333333333,25.16,0.15677146,29.8722222222222
2023-08-08 13:15:00,28.6466666666667,0.423466666666667,25.2,0.15653872,30.068
2023-08-08 13:30:00,28.8866666666667,0.3868,25.1533333333333,0.1559698,30.0768888888889
2023-08-08 13:45:00,29.0933333333333,0.3872,25.1,0.15573706,30.6488888888889
2023-08-08 14:00:00,29.7866666666667,0.377133333333333,25.0333333333333,0.1554526,31.5791111111111
2023-08-08 14:15:00,30.1533333333333,0.362133333333333,25,0.155194,32.6004444444444
2023-08-08 14:30:00,30.1933333333333,0.367733333333333,24.9,0.15475438,33.0942222222222
2023-08-08 14:45:00,30.2666666666667,0.373,25,0.15439234,34.0075555555556
2023-08-08 15:00:00,30.5066666666667,0.368133333333333,25.1266666666667,0.15408202,34.5846666666667
2023-08-08 15:15:00,29.9,0.366533333333333,25.3533333333333,0.15353896,34.7695555555556
2023-08-08 15:30:00,31.3466666666667,0.3482,25.6,0.15320278,35.4573333333333
2023-08-08 15:45:00,32.08,0.331333333333333,25.8533333333333,0.15297004,35.8657777777778
2023-08-08 16:00:00,32.92,0.3192,26.0933333333333,0.15278902,36.8924444444444
2023-08-08 16:15:00,33.5,0.285266666666667,26.3133333333333,0.1523494,37.2886666666667
2023-08-08 16:30:00,33.0533333333333,0.279,26.5,0.15216838,37.7335555555556
2023-08-08 16:45:00,33.6933333333333,0.280666666666667,26.6533333333333,0.15175462,37.8844444444444
2023-08-08 17:00:00,34.1133333333333,0.281466666666667,26.78,0.1514443,37.8682222222222
2023-08-08 17:15:00,34.6733333333333,0.274533333333333,26.8733333333333,0.15115984,37.8231111111111
2023-08-08 17:30:00,34.66,0.265733333333333,26.9,0.15082366,37.214
2023-08-08 17:45:00,34.9733333333333,0.272,26.9,0.15043576,35.876
2023-08-08 18:00:00,34.6933333333333,0.3094,26.8266666666667,0.1501513,34.6566666666667
2023-08-08 18:15:00,34.9066666666667,0.280866666666667,26.7466666666667,0.14991856,33.9757777777778
2023-08-08 18:30:00,34.3533333333333,0.328933333333333,26.64,0.14953066,33.4157777777778
2023-08-08 18:45:00,33.7333333333333,0.400333333333333,26.5333333333333,0.14929792,32.3895555555556
2023-08-08 19:00:00,31.4,0.443333333333333,26.42,0.14916862,32.1466666666667
2023-08-08 19:15:00,29.8666666666667,0.514533333333333,26.32,0.14891002,29.428
2023-08-08 19:30:00,28.2133333333333,0.587133333333333,26.2266666666667,0.148729,26.5884444444444
2023-08-08 19:45:00,26.1333333333333,0.626266666666667,26.12,0.14867728,24.444
2023-08-08 20:00:00,23.4,0.6586,26.02,0.14862556,22.7124444444444
2023-08-08 20:15:00,21.02,0.676666666666667,25.9133333333333,0.14852212,21.3831111111111
2023-08-08 20:30:00,19.2333333333333,0.7076,25.7733333333333,0.14841868,20.3946666666667
2023-08-08 20:45:00,18.1933333333333,0.648866666666667,25.6466666666667,0.14841868,19.9828888888889
2023-08-08 21:00:00,18.66,0.562066666666667,25.4933333333333,0.1483411,20.0237777777778
2023-08-08 21:15:00,18.9933333333333,0.540733333333333,25.3333333333333,0.1482118,19.7124444444444
2023-08-08 21:30:00,18.72,0.545,25.16,0.14805664,19.2482222222222
2023-08-08 21:45:00,18.6333333333333,0.562533333333333,25.0066666666667,0.14805664,18.9637777777778
2023-08-08 22:00:00,18.02,0.593066666666667,24.84,0.1480825,18.2873333333333
2023-08-08 22:15:00,17.4866666666667,0.609066666666667,24.68,0.14803078,18.0424444444444
2023-08-08 22:30:00,17.14,0.618466666666667,24.5333333333333,0.14784976,17.794
2023-08-08 22:45:00,16.8933333333333,0.616066666666667,24.38,0.14774632,17.6611111111111
2023-08-08 23:00:00,16.68,0.642333333333333,24.2466666666667,0.1475653,17.2368888888889
2023-08-08 23:15:00,16.26,0.6654,24.1,0.14759116,16.8606666666667
2023-08-08 23:30:00,15.9666666666667,0.678266666666667,23.96,0.1475653,16.6811111111111
2023-08-08 23:45:00,15.74,0.707133333333333,23.84,0.147436,16.3415555555556
2023-08-09 00:00:00,15.4466666666667,0.724466666666667,23.72,0.14733256,16.2346666666667
2023-08-09 00:15:00,15.6066666666667,0.694333333333333,23.5733333333333,0.14746186,16.4277777777778
2023-08-09 00:30:00,15.7666666666667,0.715866666666667,23.46,0.14722912,16.1888888888889
2023-08-09 00:45:00,15.3666666666667,0.744533333333333,23.3466666666667,0.14733256,15.6711111111111
2023-08-09 01:00:00,14.6066666666667,0.8012,23.2266666666667,0.14715154,15.0288888888889
2023-08-09 01:15:00,13.9533333333333,0.8284,23.12,0.14712568,14.6811111111111
2023-08-09 01:30:00,13.5066666666667,0.830133333333333,23.0066666666667,0.14699638,14.4906666666667
2023-08-09 01:45:00,13.42,0.812733333333333,22.8866666666667,0.14699638,14.4435555555556
2023-08-09 02:00:00,13.4733333333333,0.801466666666667,22.78,0.1469188,14.4975555555556
2023-08-09 02:15:00,13.76,0.778466666666667,22.6733333333333,0.1469188,14.6368888888889
2023-08-09 02:30:00,13.7,0.801933333333333,22.5666666666667,0.14686708,14.2668888888889
2023-08-09 02:45:00,13.4733333333333,0.8048,22.46,0.1469188,14.0971111111111
2023-08-09 03:00:00,13.4333333333333,0.813,22.3666666666667,0.14658262,14.178
2023-08-09 03:15:00,13.6666666666667,0.8194,22.2733333333333,0.14676364,14.4568888888889
2023-08-09 03:30:00,14.04,0.829533333333333,22.18,0.14671192,14.7433333333333
2023-08-09 03:45:00,14.4133333333333,0.837266666666667,22.1,0.14671192,15.0077777777778
2023-08-09 04:00:00,14.6466666666667,0.8466,22,0.14668606,15.26
2023-08-09 04:15:00,14.9,0.8478,21.9466666666667,0.14658262,15.3855555555556
2023-08-09 04:30:00,15.0333333333333,0.840533333333333,21.9,0.14650504,15.6304444444444
2023-08-09 04:45:00,15.2866666666667,0.831733333333333,21.8333333333333,0.14650504,15.7953333333333
2023-08-09 05:00:00,15.38,0.8296,21.8,0.14645332,15.8811111111111
2023-08-09 05:15:00,15.4666666666667,0.843133333333333,21.7333333333333,0.1464016,15.8742222222222
2023-08-09 05:30:00,15.4066666666667,0.8482,21.7,0.14637574,15.8224444444444
2023-08-09 05:45:00,15.4133333333333,0.859933333333333,21.7,0.14632402,15.8577777777778
2023-08-09 06:00:00,15.4,0.862733333333333,21.6,0.14637574,15.9771111111111
2023-08-09 06:15:00,15.5666666666667,0.8508,21.6,0.146143,16.1953333333333
2023-08-09 06:30:00,15.8666666666667,0.854,21.58,0.14611714,16.3037777777778
2023-08-09 06:45:00,15.9933333333333,0.8612,21.5,0.14624644,16.4926666666667
2023-08-09 07:00:00,16.2333333333333,0.870266666666667,21.5,0.14619472,16.7246666666667
2023-08-09 07:15:00,16.54,0.865,21.5,0.14609128,17.0155555555556
2023-08-09 07:30:00,17.0133333333333,0.8434,21.48,0.14606542,17.4402222222222
2023-08-09 07:45:00,17.4933333333333,0.8436,21.4,0.14609128,17.7764444444444
2023-08-09 08:00:00,17.88,0.846266666666667,21.4,0.14606542,18.054
2023-08-09 08:15:00,18.0266666666667,0.8414,21.4,0.14606542,18.0588888888889
2023-08-09 08:30:00,18.12,0.877533333333333,21.4,0.14603956,18.1382222222222
2023-08-09 08:45:00,18.32,0.874666666666667,21.4133333333333,0.14596198,18.6235555555556
2023-08-09 09:00:00,19.0133333333333,0.789933333333333,21.4933333333333,0.14603956,19.2424444444444
2023-08-09 09:15:00,20.0466666666667,0.761333333333333,21.5,0.14572924,20.0633333333333
2023-08-09 09:30:00,21.18,0.714266666666667,21.5,0.14583268,20.9011111111111
2023-08-09 09:45:00,23.42,0.648333333333333,21.5866666666667,0.14557408,22.6404444444444
2023-08-09 10:00:00,23.8933333333333,0.6042,21.6933333333333,0.14552236,23.5564444444444
2023-08-09 10:15:00,24.38,0.592733333333333,21.8866666666667,0.14534134,24.7168888888889
2023-08-09 10:30:00,25.0533333333333,0.542,22.1266666666667,0.14503102,25.754
2023-08-09 10:45:00,24.7533333333333,0.540666666666667,22.4,0.14482414,26.2813333333333
2023-08-09 11:00:00,25.9933333333333,0.500066666666667,22.6733333333333,0.14453968,27.2531111111111
2023-08-09 11:15:00,26.08,0.466066666666667,22.9133333333333,0.14430694,27.5091111111111
2023-08-09 11:30:00,26.1933333333333,0.432066666666667,23.2,0.14404834,27.9071111111111
2023-08-09 11:45:00,26.4,0.420733333333333,23.4866666666667,0.14373802,27.8802222222222
2023-08-09 12:00:00,26.5466666666667,0.416133333333333,23.7733333333333,0.14363458,28.3864444444444
2023-08-09 12:15:00,27.6266666666667,0.386,24.02,0.14324668,29.0384444444444
2023-08-09 12:30:00,27.9666666666667,0.3736,24.26,0.14285878,29.1108888888889
2023-08-09 12:45:00,28.2866666666667,0.373133333333333,24.5066666666667,0.14267776,29.228
2023-08-09 13:00:00,28.7533333333333,0.366533333333333,24.66,0.14231572,29.5162222222222
2023-08-09 13:15:00,28.8933333333333,0.356133333333333,24.7,0.14195368,29.4564444444444
2023-08-09 13:30:00,29.3666666666667,0.358,24.7,0.14156578,29.9904444444444
2023-08-09 13:45:00,29.9333333333333,0.356333333333333,24.7,0.14112616,30.748
2023-08-09 14:00:00,30.22,0.342133333333333,24.6,0.14081584,31.622
2023-08-09 14:15:00,30.62,0.320866666666667,24.6,0.14047966,32.6944444444444
2023-08-09 14:30:00,30.7933333333333,0.327933333333333,24.6,0.14011762,33.5473333333333
2023-08-09 14:45:00,31.5333333333333,0.316666666666667,24.6733333333333,0.13972972,34.5057777777778
2023-08-09 15:00:00,32.0133333333333,0.323,24.82,0.13949698,34.9108888888889
2023-08-09 15:15:00,31.7066666666667,0.326133333333333,25.0733333333333,0.13887634,35.1906666666667
2023-08-09 15:30:00,31.9133333333333,0.3216,25.3533333333333,0.13874704,35.4862222222222
2023-08-09 15:45:00,32.0266666666667,0.3232,25.6333333333333,0.1382557,35.8717777777778
2023-08-09 16:00:00,32.2866666666667,0.3204,25.9066666666667,0.13807468,36.0991111111111
2023-08-09 16:15:00,32.52,0.3126,26.1666666666667,0.13781608,36.6246666666667
2023-08-09 16:30:00,33.1133333333333,0.306666666666667,26.38,0.13758334,37.1955555555556
2023-08-09 16:45:00,33.02,0.321133333333333,26.56,0.13711786,37.1835555555556
2023-08-09 17:00:00,31.3466666666667,0.349066666666667,26.7266666666667,0.1368334,35.3515555555556
2023-08-09 17:15:00,31.5666666666667,0.3402,26.8,0.1365748,36.5657777777778
2023-08-09 17:30:00,31.5333333333333,0.344733333333333,26.8933333333333,0.13641964,35.7688888888889
2023-08-09 17:45:00,31.1133333333333,0.360133333333333,26.88,0.13600588,33.9284444444444
2023-08-09 18:00:00,30.2733333333333,0.374333333333333,26.8,0.13574728,32.5653333333333
2023-08-09 18:15:00,29.44,0.361733333333333,26.7333333333333,0.1354111,30.7664444444444
2023-08-09 18:30:00,27.7133333333333,0.353866666666667,26.64,0.1351525,28.9726666666667
2023-08-09 18:45:00,26.5133333333333,0.365266666666667,26.5333333333333,0.13491976,27.7675555555556
2023-08-09 19:00:00,26.5866666666667,0.369666666666667,26.4133333333333,0.13460944,28.0648888888889
2023-08-09 19:15:00,27.0266666666667,0.3968,26.28,0.13455772,27.8362222222222
2023-08-09 19:30:00,26.2133333333333,0.416333333333333,26.1666666666667,0.1342474,26.5586666666667
2023-08-09 19:45:00,24.9933333333333,0.431466666666667,26.0533333333333,0.13409224,25.6651111111111
2023-08-09 20:00:00,24.0933333333333,0.461,25.94,0.13391122,24.7168888888889
2023-08-09 20:15:00,23.2933333333333,0.472133333333333,25.8333333333333,0.13378192,23.9953333333333
2023-08-09 20:30:00,22.88,0.4696,25.7066666666667,0.13357504,23.4297777777778
2023-08-09 20:45:00,22.5133333333333,0.480266666666667,25.56,0.13354918,22.9908888888889
2023-08-09 21:00:00,22.4466666666667,0.493266666666667,25.4466666666667,0.13336816,22.6455555555556
2023-08-09 21:15:00,21.76,0.5226,25.3,0.13323886,21.9222222222222
2023-08-09 21:30:00,20.8333333333333,0.5592,25.16,0.13313542,20.9735555555556
2023-08-09 21:45:00,19.7933333333333,0.59,25.04,0.13300612,19.9306666666667
2023-08-09 22:00:00,18.6533333333333,0.647333333333333,24.8933333333333,0.13298026,18.8313333333333
2023-08-09 22:15:00,17.4466666666667,0.696133333333333,24.76,0.13285096,18.0902222222222
2023-08-09 22:30:00,16.6933333333333,0.736666666666667,24.64,0.13285096,17.376
2023-08-09 22:45:00,15.76,0.7718,24.5066666666667,0.13259236,16.5493333333333
2023-08-09 23:00:00,14.9333333333333,0.794933333333333,24.3666666666667,0.1326958,16.1968888888889
2023-08-09 23:15:00,14.8733333333333,0.784533333333333,24.24,0.13261822,16.1997777777778
2023-08-09 23:30:00,14.9933333333333,0.7776,24.1,0.13248892,16.0024444444444
2023-08-09 23:45:00,14.9,0.765666666666667,23.96,0.13259236,15.7622222222222
2023-08-10 00:00:00,14.5666666666667,0.785533333333333,23.8333333333333,0.1325665,15.3066666666667
2023-08-10 00:15:00,14.34,0.776266666666667,23.6933333333333,0.13248892,15.2788888888889
2023-08-10 00:30:00,14.28,0.770666666666667,23.5666666666667,0.13238548,15.0828888888889
2023-08-10 00:45:00,14.0866666666667,0.7864,23.44,0.13225618,14.7955555555556
2023-08-10 01:00:00,13.7466666666667,0.798533333333333,23.3133333333333,0.1321786,14.328
2023-08-10 01:15:00,13.1066666666667,0.817933333333333,23.18,0.13225618,13.4437777777778
2023-08-10 01:30:00,12.2666666666667,0.8518,23.06,0.13207516,13.0771111111111
2023-08-10 01:45:00,11.8533333333333,0.876333333333333,22.94,0.13212688,12.9551111111111
2023-08-10 02:00:00,11.4733333333333,0.871333333333333,22.8133333333333,0.13189414,12.4008888888889
2023-08-10 02:15:00,11.0266666666667,0.879466666666667,22.68,0.1320493,11.9595555555556
2023-08-10 02:30:00,10.8866666666667,0.908466666666667,22.56,0.13197172,12.148
2023-08-10 02:45:00,11.0933333333333,0.920266666666667,22.4466666666667,0.13186828,12.314
2023-08-10 03:00:00,11.34,0.918733333333333,22.3266666666667,0.13192,12.4553333333333
2023-08-10 03:15:00,11.64,0.898533333333333,22.2133333333333,0.13199758,12.5904444444444
2023-08-10 03:30:00,11.7666666666667,0.884866666666667,22.0933333333333,0.13202344,12.4237777777778
2023-08-10 03:45:00,11.5666666666667,0.889266666666667,21.9866666666667,0.13186828,12.2128888888889
2023-08-10 04:00:00,11.4866666666667,0.8972,21.88,0.13184242,12.2073333333333
2023-08-10 04:15:00,11.3666666666667,0.8984,21.7733333333333,0.13176484,12.0144444444444
2023-08-10 04:30:00,11.18,0.899266666666667,21.6733333333333,0.13176484,11.8371111111111
2023-08-10 04:45:00,11.24,0.8874,21.5733333333333,0.13173898,11.9724444444444
2023-08-10 05:00:00,11.2,0.8836,21.4666666666667,0.13173898,11.7093333333333
2023-08-10 05:15:00,10.96,0.883266666666667,21.3733333333333,0.1316614,11.3075555555556
2023-08-10 05:30:00,10.5133333333333,0.900066666666667,21.2733333333333,0.13148038,11.1071111111111
2023-08-10 05:45:00,10.56,0.9044,21.1733333333333,0.13160968,11.3528888888889
2023-08-10 06:00:00,10.6533333333333,0.8986,21.0733333333333,0.1316614,11.2884444444444
2023-08-10 06:15:00,10.8333333333333,0.909266666666667,20.9866666666667,0.13155796,11.5906666666667
2023-08-10 06:30:00,11.6333333333333,0.894733333333333,20.8933333333333,0.13150624,12.148
2023-08-10 06:45:00,12.6333333333333,0.889266666666667,20.8,0.13145452,12.4537777777778
2023-08-10 07:00:00,14.26,0.843666666666667,20.7133333333333,0.13129936,13.7291111111111
2023-08-10 07:15:00,16.7066666666667,0.759133333333333,20.66,0.13142866,15.2035555555556
2023-08-10 07:30:00,18.82,0.681866666666667,20.6,0.13129936,16.3608888888889
2023-08-10 07:45:00,19.7133333333333,0.634533333333333,20.6,0.13119592,17.2824444444444
2023-08-10 08:00:00,20.16,0.629333333333333,20.5533333333333,0.13109248,18.0277777777778
2023-08-10 08:15:00,19.9933333333333,0.618466666666667,20.6,0.13085974,18.4551111111111
2023-08-10 08:30:00,20.2933333333333,0.622266666666667,20.6,0.13065286,19.0397777777778
2023-08-10 08:45:00,20.9333333333333,0.600733333333333,20.6,0.13039426,19.6288888888889
2023-08-10 09:00:00,21.22,0.573466666666667,20.6,0.13031668,20.306
2023-08-10 09:15:00,21.46,0.5592,20.6866666666667,0.1301098,21.2824444444444
2023-08-10 09:30:00,22.08,0.535466666666667,20.7666666666667,0.13005808,22.4893333333333
2023-08-10 09:45:00,22.6866666666667,0.511533333333333,20.96,0.12987706,23.5388888888889
2023-08-10 10:00:00,22.9266666666667,0.489333333333333,21.2,0.12967018,24.3748888888889
2023-08-10 10:15:00,23.52,0.481333333333333,21.52,0.12948916,25.3073333333333
2023-08-10 10:30:00,24.04,0.434666666666667,21.86,0.12943744,26.0271111111111
2023-08-10 10:45:00,24.3733333333333,0.4336,22.24,0.12930814,26.7037777777778
2023-08-10 11:00:00,24.7733333333333,0.421466666666667,22.6466666666667,0.12904954,27.2993333333333
2023-08-10 11:15:00,24.72,0.4194,23.06,0.12897196,27.7906666666667
2023-08-10 11:30:00,24.7066666666667,0.413,23.46,0.12886852,27.8837777777778
2023-08-10 11:45:00,24.8666666666667,0.406466666666667,23.84,0.1288168,27.9826666666667
2023-08-10 12:00:00,25.1466666666667,0.397733333333333,24.2133333333333,0.12873922,27.9922222222222
2023-08-10 12:15:00,25.8066666666667,0.396066666666667,24.58,0.12863578,28.3704444444444
2023-08-10 12:30:00,25.92,0.373,24.92,0.12858406,27.8971111111111
2023-08-10 12:45:00,26.4266666666667,0.361933333333333,25.18,0.12840304,27.948
2023-08-10 13:00:00,27.02,0.326266666666667,25.3,0.12840304,28.3886666666667
2023-08-10 13:15:00,27.3333333333333,0.300466666666667,25.3,0.12819616,28.3366666666667
2023-08-10 13:30:00,27.6,0.298,25.22,0.128041,28.6595555555556
2023-08-10 13:45:00,28,0.2972,25.12,0.12798928,29.2157777777778
2023-08-10 14:00:00,28.3533333333333,0.309933333333333,25.0066666666667,0.1279117,30.242
2023-08-10 14:15:00,28.86,0.307066666666667,24.9,0.12770482,31.2597777777778
2023-08-10 14:30:00,29.28,0.295466666666667,24.8333333333333,0.12775654,32.0517777777778
2023-08-10 14:45:00,29.5133333333333,0.296133333333333,24.8466666666667,0.12757552,32.8162222222222
2023-08-10 15:00:00,29.8666666666667,0.281,24.96,0.1275238,33.1511111111111
2023-08-10 15:15:00,30.1,0.274666666666667,25.18,0.12742036,33.5695555555556
2023-08-10 15:30:00,30.0266666666667,0.289466666666667,25.4333333333333,0.12731692,33.9206666666667
2023-08-10 15:45:00,30.7,0.2838,25.6933333333333,0.1273945,34.5091111111111
2023-08-10 16:00:00,31.54,0.249466666666667,25.9333333333333,0.12731692,35.2515555555556
2023-08-10 16:15:00,31.58,0.237066666666667,26.1733333333333,0.1272652,36.0557777777778
2023-08-10 16:30:00,31.6,0.247733333333333,26.36,0.12734278,36.3624444444444
2023-08-10 16:45:00,31.2333333333333,0.2348,26.54,0.1272652,36.4277777777778
2023-08-10 17:00:00,32.1933333333333,0.2342,26.6533333333333,0.12721348,36.5815555555556
2023-08-10 17:15:00,32.1266666666667,0.2518,26.76,0.12723934,36.6644444444444
2023-08-10 17:30:00,31.9466666666667,0.272333333333333,26.8,0.12718762,35.5944444444444
2023-08-10 17:45:00,31.34,0.290266666666667,26.8,0.12705832,33.5242222222222
2023-08-10 18:00:00,31.4666666666667,0.2922,26.7066666666667,0.1271359,32.3631111111111
2023-08-10 18:15:00,31.5133333333333,0.3084,26.62,0.12690316,31.4446666666667
2023-08-10 18:30:00,30.74,0.327,26.5066666666667,0.12692902,31.4466666666667
2023-08-10 18:45:00,30.32,0.3776,26.38,0.1268773,30.7644444444444
2023-08-10 19:00:00,30.9666666666667,0.4926,26.2666666666667,0.12695488,30.1337777777778
2023-08-10 19:15:00,29.8066666666667,0.5346,26.1466666666667,0.12682558,27.2022222222222
2023-08-10 19:30:00,27.88,0.565133333333333,26.04,0.12679972,24.7582222222222
2023-08-10 19:45:00,25.1666666666667,0.616933333333333,25.9333333333333,0.126748,23.0591111111111
2023-08-10 20:00:00,22.3733333333333,0.6708,25.8266666666667,0.12669628,21.8673333333333
2023-08-10 20:15:00,20.24,0.668733333333333,25.6933333333333,0.126748,20.9511111111111
2023-08-10 20:30:00,18.88,0.6216,25.5666666666667,0.12669628,20.1875555555556
2023-08-10 20:45:00,18.1733333333333,0.575866666666667,25.44,0.12656698,19.5553333333333
2023-08-10 21:00:00,18.2333333333333,0.565533333333333,25.2733333333333,0.12654112,19.3071111111111
2023-08-10 21:15:00,20.3866666666667,0.472333333333333,25.1333333333333,0.12630838,20.1006666666667
2023-08-10 21:30:00,20.48,0.4656,24.9533333333333,0.1264894,20.0848888888889
2023-08-10 21:45:00,19.92,0.480666666666667,24.8066666666667,0.12643768,19.594
2023-08-10 22:00:00,19.6533333333333,0.478733333333333,24.6533333333333,0.12630838,19.492
2023-08-10 22:15:00,19.9466666666667,0.462333333333333,24.52,0.12620494,19.4917777777778
2023-08-10 22:30:00,20.2733333333333,0.4536,24.3666666666667,0.1261015,19.7168888888889
2023-08-10 22:45:00,20.0933333333333,0.462666666666667,24.2466666666667,0.12625666,19.436
2023-08-10 23:00:00,19.6333333333333,0.490733333333333,24.1266666666667,0.12604978,19.0051111111111
2023-08-10 23:15:00,18.12,0.586733333333333,23.9933333333333,0.1261015,17.8404444444444
2023-08-10 23:30:00,16.5666666666667,0.6696,23.88,0.12607564,16.6062222222222
2023-08-10 23:45:00,15.22,0.722533333333333,23.76,0.12599806,15.9495555555556
2023-08-11 00:00:00,14.5,0.764,23.6466666666667,0.12599806,15.4175555555556
2023-08-11 00:15:00,13.9333333333333,0.775066666666667,23.5333333333333,0.12604978,14.9046666666667
2023-08-11 00:30:00,13.38,0.788733333333333,23.42,0.12594634,14.4062222222222
2023-08-11 00:45:00,12.9066666666667,0.8086,23.28,0.12586876,13.9304444444444
2023-08-11 01:00:00,12.5,0.8348,23.1666666666667,0.12576532,13.5948888888889
2023-08-11 01:15:00,12.1933333333333,0.852466666666667,23.0466666666667,0.12589462,13.3817777777778
2023-08-11 01:30:00,11.9666666666667,0.8636,22.9333333333333,0.12568774,13.0808888888889
2023-08-11 01:45:00,11.8133333333333,0.8802,22.8133333333333,0.1258429,12.9428888888889
2023-08-11 02:00:00,11.6333333333333,0.882133333333333,22.6866666666667,0.12586876,12.6673333333333
2023-08-11 02:15:00,11.5,0.892933333333333,22.5733333333333,0.12576532,12.6548888888889
2023-08-11 02:30:00,11.44,0.8976,22.4533333333333,0.12561016,12.476
2023-08-11 02:45:00,11.3066666666667,0.904533333333333,22.3466666666667,0.12566188,12.3577777777778
2023-08-11 03:00:00,11.2,0.9022,22.2466666666667,0.1258429,12.286
2023-08-11 03:15:00,11.2333333333333,0.8924,22.1333333333333,0.12561016,12.2862222222222
2023-08-11 03:30:00,11.1666666666667,0.875533333333333,22.0333333333333,0.12573946,12.1315555555556
2023-08-11 03:45:00,11,0.871133333333333,21.9266666666667,0.12579118,11.8046666666667
2023-08-11 04:00:00,10.8,0.879533333333333,21.8266666666667,0.1257136,11.7746666666667
2023-08-11 04:15:00,10.7466666666667,0.878533333333333,21.72,0.12581704,11.6555555555556
2023-08-11 04:30:00,10.6266666666667,0.885,21.6266666666667,0.12553258,11.5322222222222
2023-08-11 04:45:00,10.4666666666667,0.890333333333333,21.5266666666667,0.1257136,11.4346666666667
2023-08-11 05:00:00,10.4266666666667,0.892266666666667,21.4266666666667,0.12561016,11.4117777777778
2023-08-11 05:15:00,10.3466666666667,0.8968,21.3333333333333,0.12576532,11.1973333333333
2023-08-11 05:30:00,10.3066666666667,0.9036,21.2333333333333,0.12579118,11.1397777777778
2023-08-11 05:45:00,10.3,0.9046,21.1466666666667,0.1257136,11.0964444444444
2023-08-11 06:00:00,10.2266666666667,0.910133333333333,21.0466666666667,0.1255843,11.056
2023-08-11 06:15:00,10.2533333333333,0.9158,20.9666666666667,0.125455,11.0286666666667
2023-08-11 06:30:00,10.54,0.928866666666667,20.88,0.12550672,11.2935555555556
2023-08-11 06:45:00,11.5133333333333,0.9442,20.8,0.12550672,11.9928888888889
2023-08-11 07:00:00,13.32,0.913933333333333,20.7,0.12561016,13.0984444444444
2023-08-11 07:15:00,15.9933333333333,0.757133333333333,20.6333333333333,0.12568774,14.4868888888889
2023-08-11 07:30:00,18.3866666666667,0.662733333333333,20.6,0.1257136,15.6144444444444
2023-08-11 07:45:00,19.9466666666667,0.594066666666667,20.5066666666667,0.12566188,16.7624444444444
2023-08-11 08:00:00,20.5933333333333,0.561666666666667,20.5,0.12561016,17.7246666666667
2023-08-11 08:15:00,20.84,0.551,20.5,0.12566188,18.4717777777778
2023-08-11 08:30:00,20.8066666666667,0.550266666666667,20.5133333333333,0.1255843,18.7806666666667
2023-08-11 08:45:00,20.7333333333333,0.556266666666667,20.6,0.1255843,19.278
2023-08-11 09:00:00,21.2666666666667,0.533733333333333,20.6,0.12563602,20.2411111111111
2023-08-11 09:15:00,21.5133333333333,0.5356,20.6466666666667,0.12568774,21.1895555555556
2023-08-11 09:30:00,22.3333333333333,0.51,20.74,0.12576532,22.4835555555556
2023-08-11 09:45:00,22.94,0.497866666666667,20.9133333333333,0.12563602,23.5455555555556
2023-08-11 10:00:00,23.8066666666667,0.474266666666667,21.1533333333333,0.12563602,24.634
2023-08-11 10:15:00,23.8133333333333,0.4844,21.46,0.12561016,25.386
2023-08-11 10:30:00,24.4866666666667,0.4656,21.8133333333333,0.12566188,26.2848888888889
2023-08-11 10:45:00,24.84,0.457866666666667,22.1866666666667,0.12553258,27.0222222222222
2023-08-11 11:00:00,25.42,0.445266666666667,22.5733333333333,0.12550672,27.864
2023-08-11 11:15:00,25.84,0.439466666666667,22.98,0.12542914,28.5133333333333
2023-08-11 11:30:00,25.86,0.4254,23.3933333333333,0.1257136,28.8971111111111
2023-08-11 11:45:00,26.32,0.422066666666667,23.7866666666667,0.1255843,29.2568888888889
2023-08-11 12:00:00,26.9133333333333,0.394333333333333,24.1866666666667,0.12573946,29.2697777777778
2023-08-11 12:15:00,26.5266666666667,0.3918,24.5866666666667,0.1257136,29.0846666666667
2023-08-11 12:30:00,26.7,0.400733333333333,24.9466666666667,0.1257136,28.6622222222222
2023-08-11 12:45:00,27.3133333333333,0.3882,25.2333333333333,0.12579118,28.7991111111111
2023-08-11 13:00:00,27.6466666666667,0.390866666666667,25.3933333333333,0.12563602,29.0064444444444
2023-08-11 13:15:00,28.0866666666667,0.3782,25.4,0.12555844,29.146
2023-08-11 13:30:00,28.38,0.3624,25.3466666666667,0.1255843,29.6557777777778
2023-08-11 13:45:00,28.5333333333333,0.349866666666667,25.2533333333333,0.12537742,30.0115555555556
2023-08-11 14:00:00,28.9666666666667,0.3634,25.1466666666667,0.12535156,30.9853333333333
2023-08-11 14:15:00,29.44,0.348666666666667,25.06,0.125455,31.7957777777778
2023-08-11 14:30:00,30.02,0.348533333333333,25,0.12537742,32.6431111111111
2023-08-11 14:45:00,30.2666666666667,0.332533333333333,25,0.12517054,33.4622222222222
2023-08-11 15:00:00,30.8266666666667,0.342933333333333,25.1133333333333,0.12524812,34.1015555555556
2023-08-11 15:15:00,31.2866666666667,0.332266666666667,25.3133333333333,0.12511882,34.4173333333333
2023-08-11 15:30:00,31.6933333333333,0.330133333333333,25.56,0.1250671,34.9624444444444
2023-08-11 15:45:00,31.7266666666667,0.328866666666667,25.8133333333333,0.12517054,35.3006666666667
2023-08-11 16:00:00,31.6866666666667,0.325466666666667,26.0933333333333,0.12517054,35.8897777777778
2023-08-11 16:15:00,32.28,0.296733333333333,26.3266666666667,0.12514468,36.5635555555556
2023-08-11 16:30:00,32.54,0.290533333333333,26.54,0.12509296,37.004
2023-08-11 16:45:00,32.78,0.286133333333333,26.7266666666667,0.1251964,37.4477777777778
2023-08-11 17:00:00,32.9333333333333,0.283466666666667,26.8533333333333,0.12517054,37.8111111111111
2023-08-11 17:15:00,33.78,0.2782,26.96,0.12524812,37.7782222222222
2023-08-11 17:30:00,33.8266666666667,0.2654,27,0.12509296,36.7608888888889
2023-08-11 17:45:00,33.0066666666667,0.284533333333333,27,0.12517054,35.0777777777778
2023-08-11 18:00:00,31.86,0.304533333333333,26.94,0.12509296,33.6162222222222
2023-08-11 18:15:00,31.88,0.3266,26.84,0.12504124,32.7782222222222
2023-08-11 18:30:00,31.2466666666667,0.360666666666667,26.7333333333333,0.12501538,32.4211111111111
2023-08-11 18:45:00,30.4933333333333,0.4166,26.6133333333333,0.1248085,31.488
2023-08-11 19:00:00,31.3133333333333,0.481466666666667,26.48,0.12483436,30.9064444444444
2023-08-11 19:15:00,30.42,0.521266666666667,26.3733333333333,0.12486022,28.078
2023-08-11 19:30:00,28.28,0.566933333333333,26.2666666666667,0.1246792,25.496
2023-08-11 19:45:00,25.2466666666667,0.626266666666667,26.1533333333333,0.12478264,23.8982222222222
2023-08-11 20:00:00,22.6333333333333,0.607866666666667,26.04,0.12486022,23.178
2023-08-11 20:15:00,21.36,0.578866666666667,25.92,0.1246792,22.0773333333333
2023-08-11 20:30:00,20.48,0.484466666666667,25.78,0.1246792,21.5968888888889
2023-08-11 20:45:00,19.8666666666667,0.550666666666667,25.6466666666667,0.12457576,20.4606666666667
2023-08-11 21:00:00,18.3266666666667,0.618,25.4933333333333,0.12465334,19.2153333333333
2023-08-11 21:15:00,17.1533333333333,0.664666666666667,25.34,0.12460162,18.1864444444444
2023-08-11 21:30:00,16.2733333333333,0.654266666666667,25.1733333333333,0.12457576,17.6944444444444
2023-08-11 21:45:00,15.64,0.707866666666667,25.02,0.12447232,16.9486666666667
2023-08-11 22:00:00,14.8666666666667,0.7376,24.8533333333333,0.12436888,16.3175555555556
2023-08-11 22:15:00,14.78,0.701066666666667,24.68,0.1245499,16.3962222222222
2023-08-11 22:30:00,14.9,0.729333333333333,24.5333333333333,0.124162,15.9031111111111
2023-08-11 22:45:00,14.5533333333333,0.721666666666667,24.36,0.12439474,15.8195555555556
2023-08-11 23:00:00,15.1266666666667,0.686333333333333,24.22,0.1244206,16.5237777777778
2023-08-11 23:15:00,16.6333333333333,0.6186,24.06,0.12413614,17.2573333333333
2023-08-11 23:30:00,17.94,0.557066666666667,23.9333333333333,0.12408442,17.6466666666667
2023-08-11 23:45:00,17.6533333333333,0.568066666666667,23.7866666666667,0.12431716,16.9395555555556
2023-08-12 00:00:00,16.88,0.577066666666667,23.66,0.12408442,16.7075555555556
2023-08-12 00:15:00,16.46,0.596733333333333,23.5466666666667,0.12411028,16.2695555555556
2023-08-12 00:30:00,15.8933333333333,0.6162,23.4266666666667,0.12421372,15.9493333333333
2023-08-12 00:45:00,15.5,0.6288,23.3133333333333,0.12398098,15.3228888888889
2023-08-12 01:00:00,14.3133333333333,0.7162,23.1866666666667,0.12405856,14.2771111111111
2023-08-12 01:15:00,13.0933333333333,0.7656,23.0733333333333,0.12395512,13.6735555555556
2023-08-12 01:30:00,12.78,0.744266666666667,22.96,0.12387754,13.5868888888889
2023-08-12 01:45:00,12.6,0.723133333333333,22.84,0.12382582,13.4946666666667
2023-08-12 02:00:00,12.88,0.713733333333333,22.7266666666667,0.12395512,13.3017777777778
2023-08-12 02:15:00,12.6533333333333,0.7624,22.6,0.12379996,12.7104444444444
2023-08-12 02:30:00,11.8733333333333,0.792466666666667,22.48,0.12411028,12.5286666666667
2023-08-12 02:45:00,11.7,0.801733333333333,22.3733333333333,0.12392926,12.4357777777778
2023-08-12 03:00:00,11.4933333333333,0.8088,22.2666666666667,0.12392926,12.1762222222222
2023-08-12 03:15:00,11.5666666666667,0.7982,22.16,0.12387754,12.2788888888889
2023-08-12 03:30:00,11.4333333333333,0.798466666666667,22.0533333333333,0.12387754,12.1695555555556
2023-08-12 03:45:00,11.3666666666667,0.801733333333333,21.9466666666667,0.12387754,12.1704444444444
2023-08-12 04:00:00,11.3,0.804866666666667,21.8466666666667,0.12385168,11.7893333333333
2023-08-12 04:15:00,11.02,0.841666666666667,21.7333333333333,0.12392926,11.7746666666667
2023-08-12 04:30:00,10.86,0.855333333333333,21.64,0.12382582,11.7113333333333
2023-08-12 04:45:00,11.16,0.846533333333333,21.5466666666667,0.12398098,12.1153333333333
2023-08-12 05:00:00,11.4866666666667,0.833333333333333,21.4533333333333,0.12395512,12.0515555555556
2023-08-12 05:15:00,11.4533333333333,0.822466666666667,21.36,0.12392926,12.0806666666667
2023-08-12 05:30:00,11.46,0.8364,21.2666666666667,0.12392926,12.0395555555556
2023-08-12 05:45:00,11.3666666666667,0.840866666666667,21.1866666666667,0.12379996,11.9304444444444
2023-08-12 06:00:00,11.3933333333333,0.8476,21.1,0.12387754,12.0864444444444
2023-08-12 06:15:00,11.6933333333333,0.8462,21.0066666666667,0.1237741,12.392
2023-08-12 06:30:00,12.26,0.851933333333333,20.94,0.12382582,12.7706666666667
2023-08-12 06:45:00,13.0933333333333,0.844466666666667,20.8733333333333,0.12385168,13.3213333333333
2023-08-12 07:00:00,14.1533333333333,0.834066666666667,20.8,0.12387754,13.9495555555556
2023-08-12 07:15:00,15.8066666666667,0.801333333333333,20.7333333333333,0.12387754,15.0948888888889
2023-08-12 07:30:00,17.7733333333333,0.7558,20.7,0.12395512,16.2146666666667
2023-08-12 07:45:00,19.6133333333333,0.661,20.7,0.12395512,17.6271111111111
2023-08-12 08:00:00,20.8066666666667,0.592866666666667,20.7,0.1239034,18.7506666666667
2023-08-12 08:15:00,21.6066666666667,0.576933333333333,20.7,0.1239034,19.7108888888889
2023-08-12 08:30:00,21.98,0.544533333333333,20.7,0.12382582,20.3788888888889
2023-08-12 08:45:00,22.5866666666667,0.540466666666667,20.8,0.12392926,21.1915555555556
2023-08-12 09:00:00,23.16,0.506533333333333,20.8266666666667,0.12387754,22.0355555555556
2023-08-12 09:15:00,24.0066666666667,0.490266666666667,20.9133333333333,0.12374824,23.1926666666667
2023-08-12 09:30:00,24.58,0.4924,21.0333333333333,0.1237741,24.3588888888889
2023-08-12 09:45:00,24.96,0.4748,21.2266666666667,0.12387754,25.4488888888889
2023-08-12 10:00:00,25.7933333333333,0.4694,21.4866666666667,0.12385168,26.514
2023-08-12 10:15:00,25.9533333333333,0.4342,21.7933333333333,0.12374824,27.2826666666667
2023-08-12 10:30:00,26.7933333333333,0.4434,22.16,0.12382582,28.3226666666667
2023-08-12 10:45:00,27.4,0.407666666666667,22.5333333333333,0.12382582,29.064
2023-08-12 11:00:00,27.5066666666667,0.403066666666667,22.9266666666667,0.12372238,29.5806666666667
2023-08-12 11:15:00,28.22,0.386,23.3266666666667,0.12379996,30.4542222222222
2023-08-12 11:30:00,28.7933333333333,0.378133333333333,23.74,0.1239034,30.9626666666667
2023-08-12 11:45:00,28.7866666666667,0.368333333333333,24.1466666666667,0.1239034,31.1611111111111
2023-08-12 12:00:00,28.8133333333333,0.371866666666667,24.54,0.12379996,31.2048888888889
2023-08-12 12:15:00,29.1533333333333,0.349,24.92,0.12398098,31.2846666666667
2023-08-12 12:30:00,29.3333333333333,0.315733333333333,25.2733333333333,0.12395512,31.0313333333333
2023-08-12 12:45:00,29.86,0.3102,25.5466666666667,0.12387754,30.9544444444444
2023-08-12 13:00:00,29.9933333333333,0.3064,25.7,0.1239034,31.1264444444444
2023-08-12 13:15:00,30.42,0.310133333333333,25.8,0.1237741,31.276
2023-08-12 13:30:00,30.68,0.2998,25.74,0.12392926,31.6602222222222
2023-08-12 13:45:00,31.1133333333333,0.312,25.7,0.1237741,32.4195555555556
2023-08-12 14:00:00,31.52,0.303266666666667,25.6533333333333,0.1236448,33.06
2023-08-12 14:15:00,32.0866666666667,0.299066666666667,25.6,0.12367066,34.0462222222222
2023-08-12 14:30:00,32.4133333333333,0.288533333333333,25.6,0.12356722,34.8826666666667
2023-08-12 14:45:00,32.84,0.280133333333333,25.6,0.12354136,35.6222222222222
2023-08-12 15:00:00,33.3733333333333,0.275333333333333,25.7333333333333,0.12361894,36.136
2023-08-12 15:15:00,33.7733333333333,0.264266666666667,25.9333333333333,0.12354136,36.7724444444444
2023-08-12 15:30:00,33.1,0.2732,26.1933333333333,0.12348964,37.4844444444444
2023-08-12 15:45:00,33.7133333333333,0.271533333333333,26.46,0.12333448,37.734
2023-08-12 16:00:00,33.3666666666667,0.2802,26.7066666666667,0.12343792,37.9051111111111
2023-08-12 16:15:00,33.9266666666667,0.277266666666667,26.94,0.12348964,38.6486666666667
2023-08-12 16:30:00,34.68,0.2794,27.1466666666667,0.12348964,38.8973333333333
2023-08-12 16:45:00,34.6666666666667,0.276533333333333,27.3066666666667,0.1235155,38.9802222222222
2023-08-12 17:00:00,35,0.269266666666667,27.44,0.1235155,39.4828888888889
2023-08-12 17:15:00,35,0.260533333333333,27.5466666666667,0.1233862,39.4193333333333
2023-08-12 17:30:00,34.7533333333333,0.272733333333333,27.6,0.12341206,38.1213333333333
2023-08-12 17:45:00,34.1066666666667,0.2772,27.6,0.12336034,36.906
2023-08-12 18:00:00,32.5133333333333,0.292466666666667,27.58,0.12330862,35.4562222222222
2023-08-12 18:15:00,33.22,0.3338,27.4866666666667,0.12320518,34.252
2023-08-12 18:30:00,33.9533333333333,0.3858,27.3866666666667,0.12330862,33.7353333333333
2023-08-12 18:45:00,31.8466666666667,0.368666666666667,27.2866666666667,0.12323104,32.7902222222222
2023-08-12 19:00:00,29.3733333333333,0.4004,27.18,0.12320518,31.5497777777778
2023-08-12 19:15:00,27.44,0.419333333333333,27.0666666666667,0.12317932,28.9471111111111
2023-08-12 19:30:00,26.2733333333333,0.453466666666667,26.96,0.1232569,27.3195555555556
2023-08-12 19:45:00,25.2666666666667,0.4774,26.8466666666667,0.12310174,25.9946666666667
2023-08-12 20:00:00,24.0666666666667,0.537133333333333,26.7333333333333,0.12310174,24.284
2023-08-12 20:15:00,22.4466666666667,0.588,26.5933333333333,0.1231276,22.9408888888889
2023-08-12 20:30:00,21.2066666666667,0.5704,26.46,0.1229983,22.5131111111111
2023-08-12 20:45:00,20.7266666666667,0.5862,26.3333333333333,0.12279142,21.7268888888889
2023-08-12 21:00:00,20.0866666666667,0.575266666666667,26.18,0.12284314,21.2382222222222
2023-08-12 21:15:00,19.8133333333333,0.5782,26.04,0.12284314,20.9002222222222
2023-08-12 21:30:00,19.5066666666667,0.6048,25.8866666666667,0.12268798,20.4113333333333
2023-08-12 21:45:00,19.2066666666667,0.581,25.7466666666667,0.1227397,20.1673333333333
2023-08-12 22:00:00,19.1466666666667,0.576066666666667,25.5933333333333,0.12263626,19.9308888888889
2023-08-12 22:15:00,19.0266666666667,0.599266666666667,25.4533333333333,0.1227397,19.7542222222222
2023-08-12 22:30:00,19.2,0.584666666666667,25.3133333333333,0.12258454,19.8168888888889
2023-08-12 22:45:00,19.4866666666667,0.5726,25.16,0.12242938,19.866
2023-08-12 23:00:00,19.7733333333333,0.540866666666667,25.04,0.1224811,19.9324444444444
2023-08-12 23:15:00,20.0533333333333,0.535733333333333,24.9133333333333,0.12250696,20.0573333333333
2023-08-12 23:30:00,20.22,0.532133333333333,24.78,0.12253282,20.1108888888889
2023-08-12 23:45:00,20.5266666666667,0.511933333333333,24.6666666666667,0.12240352,20.3404444444444
2023-08-13 00:00:00,20.8,0.504133333333333,24.5533333333333,0.12245524,20.4344444444444
2023-08-13 00:15:00,20.74,0.514333333333333,24.4533333333333,0.1223518,20.2095555555556
2023-08-13 00:30:00,19.94,0.572466666666667,24.3533333333333,0.1223518,19.2033333333333
2023-08-13 00:45:00,18.5466666666667,0.614533333333333,24.26,0.1223518,18.578
2023-08-13 01:00:00,17.7466666666667,0.661,24.1666666666667,0.12240352,17.8262222222222
2023-08-13 01:15:00,16.9666666666667,0.707,24.0733333333333,0.12227422,17.5257777777778
2023-08-13 01:30:00,19.38,0.596066666666667,23.9733333333333,0.12240352,19.0308888888889
2023-08-13 01:45:00,19.8533333333333,0.588266666666667,23.88,0.12232594,18.8888888888889
2023-08-13 02:00:00,19.0333333333333,0.630333333333333,23.7866666666667,0.12214492,18.564
2023-08-13 02:15:00,18.3133333333333,0.665733333333333,23.7,0.12224836,18.0955555555556
2023-08-13 02:30:00,17.8133333333333,0.686933333333333,23.6066666666667,0.12230008,17.7362222222222
2023-08-13 02:45:00,17.1866666666667,0.713266666666667,23.5266666666667,0.12217078,17.1555555555556
2023-08-13 03:00:00,16.72,0.723133333333333,23.4466666666667,0.12217078,16.7682222222222
2023-08-13 03:15:00,17.3333333333333,0.682,23.3666666666667,0.1220932,17.4322222222222
2023-08-13 03:30:00,18.1133333333333,0.653466666666667,23.28,0.1222225,17.2857777777778
2023-08-13 03:45:00,16.82,0.7194,23.2,0.12217078,16.3015555555556
2023-08-13 04:00:00,15.72,0.755066666666667,23.1,0.12217078,16.198
2023-08-13 04:15:00,16.1666666666667,0.730666666666667,23.0133333333333,0.12211906,16.1304444444444
2023-08-13 04:30:00,15.7133333333333,0.762,22.9333333333333,0.12214492,15.606
2023-08-13 04:45:00,15.28,0.772,22.8466666666667,0.12211906,15.5395555555556
2023-08-13 05:00:00,15.0866666666667,0.774333333333333,22.78,0.12204148,15.1917777777778
2023-08-13 05:15:00,14.5866666666667,0.803066666666667,22.6933333333333,0.1220932,14.8946666666667
2023-08-13 05:30:00,14.66,0.7944,22.6,0.1220932,15.1717777777778
2023-08-13 05:45:00,14.94,0.7854,22.5133333333333,0.12201562,15.1353333333333
2023-08-13 06:00:00,14.98,0.782933333333333,22.4333333333333,0.12206734,15.2255555555556
2023-08-13 06:15:00,15.1933333333333,0.789933333333333,22.36,0.12211906,15.268
2023-08-13 06:30:00,15.6666666666667,0.798,22.3,0.12191218,15.5148888888889
2023-08-13 06:45:00,16.4266666666667,0.796,22.2,0.12193804,16.1271111111111
2023-08-13 07:00:00,17.9933333333333,0.7752,22.1533333333333,0.1220932,17.1168888888889
2023-08-13 07:15:00,19.9466666666667,0.672133333333333,22.1,0.12204148,18.1311111111111
2023-08-13 07:30:00,21.3733333333333,0.636666666666667,22.08,0.12211906,19.2126666666667
2023-08-13 07:45:00,23.0466666666667,0.606666666666667,22,0.12201562,20.376
2023-08-13 08:00:00,24.7666666666667,0.555933333333333,22,0.12193804,21.6775555555556
2023-08-13 08:15:00,25.4933333333333,0.5238,22.0266666666667,0.1219639,22.7462222222222
2023-08-13 08:30:00,26.78,0.466733333333333,22.1,0.12204148,23.7453333333333
2023-08-13 08:45:00,26.7,0.487,22.1,0.12206734,24.3488888888889
2023-08-13 09:00:00,27.06,0.470266666666667,22.18,0.12204148,25.1353333333333
2023-08-13 09:15:00,28.56,0.430333333333333,22.2333333333333,0.12198976,26.5177777777778
2023-08-13 09:30:00,29.0866666666667,0.420733333333333,22.34,0.12198976,27.6673333333333
2023-08-13 09:45:00,29.42,0.406733333333333,22.5266666666667,0.12178288,28.9
2023-08-13 10:00:00,29.5666666666667,0.384333333333333,22.8,0.1219639,29.698
2023-08-13 10:15:00,29.9266666666667,0.340266666666667,23.1266666666667,0.12191218,30.4966666666667
2023-08-13 10:30:00,30.5866666666667,0.341666666666667,23.46,0.12180874,31.2511111111111
2023-08-13 10:45:00,30.5333333333333,0.335866666666667,23.84,0.12198976,31.9542222222222
2023-08-13 11:00:00,30.08,0.326933333333333,24.2266666666667,0.12178288,32.4202222222222
2023-08-13 11:15:00,30.4466666666667,0.321533333333333,24.6266666666667,0.12188632,32.8228888888889
2023-08-13 11:30:00,30.56,0.3084,25.0266666666667,0.12204148,32.9484444444444
2023-08-13 11:45:00,30.7933333333333,0.3124,25.4266666666667,0.12191218,33.1782222222222
2023-08-13 12:00:00,31.32,0.304266666666667,25.8133333333333,0.1219639,33.2757777777778
2023-08-13 12:15:00,31.4,0.3044,26.1866666666667,0.12201562,33.1682222222222
2023-08-13 12:30:00,31.7533333333333,0.296733333333333,26.5533333333333,0.12204148,33.0522222222222
2023-08-13 12:45:00,31.7933333333333,0.307666666666667,26.82,0.12217078,32.952
2023-08-13 13:00:00,32.2133333333333,0.295666666666667,26.98,0.12206734,33.2133333333333
2023-08-13 13:15:00,32.2733333333333,0.2936,27,0.12206734,33.2624444444444
2023-08-13 13:30:00,32.6933333333333,0.273733333333333,27,0.12193804,33.8124444444444
2023-08-13 13:45:00,33.22,0.2662,26.9666666666667,0.12186046,34.5604444444444
2023-08-13 14:00:00,33.24,0.2674,26.8866666666667,0.1219639,34.8368888888889
2023-08-13 14:15:00,33.4266666666667,0.2642,26.8,0.12167944,35.7888888888889
2023-08-13 14:30:00,34.5133333333333,0.253733333333333,26.8,0.1218346,36.492
2023-08-13 14:45:00,34.38,0.258,26.8,0.12160186,37.236
2023-08-13 15:00:00,34.1333333333333,0.2578,26.8666666666667,0.12149842,37.8004444444444
2023-08-13 15:15:00,35.8333333333333,0.250333333333333,27.0733333333333,0.12149842,38.0668888888889
2023-08-13 15:30:00,34.8733333333333,0.2544,27.3066666666667,0.12152428,38.4957777777778
2023-08-13 15:45:00,34.3466666666667,0.2658,27.56,0.12142084,38.8862222222222
2023-08-13 16:00:00,34.8866666666667,0.262066666666667,27.7866666666667,0.1213174,39.1073333333333
2023-08-13 16:15:00,35.16,0.2762,27.9933333333333,0.12136912,39.3917777777778
2023-08-13 16:30:00,36.2866666666667,0.2526,28.1666666666667,0.12142084,40.1424444444444
2023-08-13 16:45:00,35.44,0.2614,28.3,0.1214467,40.0722222222222
2023-08-13 17:00:00,36.4333333333333,0.2636,28.4,0.12149842,40.008
2023-08-13 17:15:00,36.4933333333333,0.2954,28.5,0.12139498,39.76
2023-08-13 17:30:00,36.3333333333333,0.3,28.5,0.1211881,38.2302222222222
2023-08-13 17:45:00,35.24,0.304666666666667,28.5,0.1211881,37.6471111111111
2023-08-13 18:00:00,36.0866666666667,0.351266666666667,28.4133333333333,0.1211881,36.4471111111111
2023-08-13 18:15:00,34.82,0.3042,28.34,0.12116224,35.2046666666667
2023-08-13 18:30:00,32.84,0.3194,28.2533333333333,0.1211881,34.1673333333333
2023-08-13 18:45:00,31.4333333333333,0.310533333333333,28.1533333333333,0.12103294,33.4413333333333
2023-08-13 19:00:00,31.14,0.3926,28.0466666666667,0.12103294,32.6848888888889
2023-08-13 19:15:00,30.2533333333333,0.354533333333333,27.94,0.12098122,30.6357777777778
2023-08-13 19:30:00,28.94,0.410733333333333,27.82,0.1209295,28.4037777777778
2023-08-13 19:45:00,26.7066666666667,0.4684,27.7066666666667,0.12085192,26.5722222222222
2023-08-13 20:00:00,24.48,0.495333333333333,27.58,0.1208002,25.4393333333333
2023-08-13 20:15:00,23.36,0.485466666666667,27.46,0.12082606,24.574
2023-08-13 20:30:00,23.04,0.4644,27.3333333333333,0.12085192,24.3244444444444
2023-08-13 20:45:00,23.8,0.426666666666667,27.1933333333333,0.12087778,24.2908888888889
2023-08-13 21:00:00,26.1466666666667,0.345933333333333,27.0533333333333,0.12082606,25.5748888888889
2023-08-13 21:15:00,26.64,0.335933333333333,26.9133333333333,0.12082606,25.704
2023-08-13 21:30:00,26.46,0.340666666666667,26.7666666666667,0.1206709,25.5822222222222
2023-08-13 21:45:00,25.9266666666667,0.3588,26.64,0.12077434,25.1311111111111
2023-08-13 22:00:00,24.96,0.388533333333333,26.52,0.12059332,24.2682222222222
2023-08-13 22:15:00,23.84,0.427866666666667,26.4066666666667,0.1205416,23.4204444444444
2023-08-13 22:30:00,22.68,0.472333333333333,26.2866666666667,0.12048988,22.5315555555556
2023-08-13 22:45:00,21.6266666666667,0.551666666666667,26.1733333333333,0.1204123,21.4724444444444
2023-08-13 23:00:00,20.3,0.610333333333333,26.0666666666667,0.12046402,20.3855555555555
2023-08-13 23:15:00,19.4066666666667,0.6052,25.9466666666667,0.1204123,20.4224444444444
2023-08-13 23:30:00,19.5933333333333,0.623,25.84,0.12043816,20.0337777777778
2023-08-13 23:45:00,19.0333333333333,0.633066666666667,25.72,0.12030886,19.4877777777778
2023-08-14 00:00:00,18.72,0.6128,25.6133333333333,0.12030886,19.5613333333333
2023-08-14 00:15:00,19.12,0.568266666666667,25.4933333333333,0.12033472,19.7491111111111
2023-08-14 00:30:00,19.7466666666667,0.5264,25.38,0.12025714,20.1875555555556
2023-08-14 00:45:00,20.3533333333333,0.524533333333333,25.2733333333333,0.12025714,20.0435555555556
2023-08-14 01:00:00,19.8333333333333,0.556733333333333,25.16,0.12030886,19.2833333333333
2023-08-14 01:15:00,19.9933333333333,0.5294,25.06,0.12036058,19.9875555555556
2023-08-14 01:30:00,19.8466666666667,0.558466666666667,24.9533333333333,0.1204123,19.1111111111111
2023-08-14 01:45:00,19.28,0.564866666666667,24.86,0.120283,19.2364444444444
2023-08-14 02:00:00,19.1866666666667,0.5676,24.76,0.12020542,18.9591111111111
2023-08-14 02:15:00,19.4,0.548066666666667,24.6733333333333,0.12033472,19.4224444444444
2023-08-14 02:30:00,19.4133333333333,0.581733333333333,24.58,0.120283,18.5922222222222
2023-08-14 02:45:00,18.2933333333333,0.678933333333333,24.4933333333333,0.11999854,17.4753333333333
2023-08-14 03:00:00,16.94,0.728733333333333,24.4,0.12023128,16.6753333333333
2023-08-14 03:15:00,15.7733333333333,0.771,24.3,0.11997268,16.2328888888889
2023-08-14 03:30:00,15.18,0.789866666666667,24.2133333333333,0.12012784,15.9473333333333
2023-08-14 03:45:00,14.84,0.824866666666667,24.12,0.12010198,15.5975555555556
2023-08-14 04:00:00,14.54,0.847666666666667,24.0266666666667,0.11999854,15.3826666666667
2023-08-14 04:15:00,14.2533333333333,0.851733333333333,23.9333333333333,0.1200244,15.1746666666667
2023-08-14 04:30:00,14.04,0.843133333333333,23.84,0.12007612,14.9977777777778
2023-08-14 04:45:00,13.8733333333333,0.841266666666667,23.7466666666667,0.12012784,14.8471111111111
2023-08-14 05:00:00,13.8466666666667,0.824266666666667,23.6533333333333,0.11999854,14.8886666666667
2023-08-14 05:15:00,14.02,0.822533333333333,23.56,0.12005026,15.0146666666667
2023-08-14 05:30:00,14.36,0.797533333333333,23.4666666666667,0.1200244,15.2002222222222
2023-08-14 05:45:00,14.4933333333333,0.7862,23.3733333333333,0.11999854,15.0526666666667
2023-08-14 06:00:00,14.5,0.794133333333333,23.2866666666667,0.11994682,15.0322222222222
2023-08-14 06:15:00,14.48,0.814066666666667,23.2,0.12005026,15.0324444444444
2023-08-14 06:30:00,15.3533333333333,0.777133333333333,23.1066666666667,0.11986924,16.0626666666667
2023-08-14 06:45:00,16.8266666666667,0.744933333333333,23.0266666666667,0.11984338,16.8317777777778
2023-08-14 07:00:00,18.5066666666667,0.696866666666667,22.9733333333333,0.11986924,17.7464444444444
2023-08-14 07:15:00,20.7466666666667,0.607,22.9,0.11973994,19.2388888888889
2023-08-14 07:30:00,22.6,0.533333333333333,22.8666666666667,0.11986924,20.4413333333333
2023-08-14 07:45:00,23.7666666666667,0.493066666666667,22.8,0.11984338,21.3748888888889
2023-08-14 08:00:00,24.26,0.496733333333333,22.8,0.1198951,22.1768888888889
2023-08-14 08:15:00,24.8066666666667,0.479066666666667,22.8,0.11979166,22.9668888888889
2023-08-14 08:30:00,25.5066666666667,0.4566,22.8533333333333,0.11984338,23.6704444444444
2023-08-14 08:45:00,25.8066666666667,0.459933333333333,22.9,0.11968822,24.2577777777778
2023-08-14 09:00:00,26.32,0.456866666666667,22.9,0.11973994,24.9891111111111
2023-08-14 09:15:00,26.6333333333333,0.439,23,0.11955892,25.8168888888889
2023-08-14 09:30:00,27.18,0.442733333333333,23.06,0.1197658,26.9046666666667
2023-08-14 09:45:00,27.3133333333333,0.423666666666667,23.22,0.11979166,27.774
2023-08-14 10:00:00,28.1266666666667,0.423,23.4666666666667,0.11984338,28.8782222222222
2023-08-14 10:15:00,28.8666666666667,0.418066666666667,23.76,0.11981752,29.8088888888889
2023-08-14 10:30:00,29.5466666666667,0.406466666666667,24.1133333333333,0.11971408,31.0268888888889
2023-08-14 10:45:00,30.1866666666667,0.398266666666667,24.4866666666667,0.11968822,32.1453333333333
2023-08-14 11:00:00,30.8533333333333,0.39,24.8666666666667,0.11968822,32.9906666666667
2023-08-14 11:15:00,31.6,0.3708,25.28,0.11979166,33.842
2023-08-14 11:30:00,31.52,0.363133333333333,25.6866666666667,0.11961064,34.2157777777778
2023-08-14 11:45:00,32.04,0.359,26.1,0.11966236,34.7208888888889
2023-08-14 12:00:00,32.5,0.3374,26.5066666666667,0.11958478,34.6726666666667
2023-08-14 12:15:00,32.7066666666667,0.334066666666667,26.9066666666667,0.11971408,34.716
2023-08-14 12:30:00,33.22,0.324866666666667,27.2866666666667,0.11955892,34.4526666666667
2023-08-14 12:45:00,33.6066666666667,0.321466666666667,27.6066666666667,0.1195072,34.488
2023-08-14 13:00:00,34.1066666666667,0.325933333333333,27.7866666666667,0.11961064,34.7275555555556
2023-08-14 13:15:00,34.8066666666667,0.314133333333333,27.8866666666667,0.1195072,34.978
2023-08-14 13:30:00,35.2733333333333,0.293266666666667,27.8133333333333,0.1192486,35.0422222222222
2023-08-14 13:45:00,35.8333333333333,0.324266666666667,27.7733333333333,0.11919688,36.7391111111111
2023-08-14 14:00:00,36.0866666666667,0.322866666666667,27.7,0.11904172,37.4011111111111
2023-08-14 14:15:00,36.72,0.307733333333333,27.62,0.11901586,38.9582222222222
2023-08-14 14:30:00,37.32,0.282666666666667,27.6,0.11880898,40.1602222222222
2023-08-14 14:45:00,38.0133333333333,0.2734,27.62,0.11875726,41.276
2023-08-14 15:00:00,38.5333333333333,0.270866666666667,27.7533333333333,0.11857624,40.9857777777778
2023-08-14 15:15:00,38.7533333333333,0.275066666666667,27.9933333333333,0.11849866,41.2704444444444
2023-08-14 15:30:00,38.66,0.2888,28.2666666666667,0.11844694,41.3991111111111
2023-08-14 15:45:00,38.2066666666667,0.296466666666667,28.5466666666667,0.1182142,41.286
2023-08-14 16:00:00,38.6866666666667,0.2796,28.82,0.11836936,41.8264444444444
2023-08-14 16:15:00,38.8,0.283,29.08,0.11818834,42.1286666666667
2023-08-14 16:30:00,39.2533333333333,0.279533333333333,29.3066666666667,0.11813662,42.2726666666667
2023-08-14 16:45:00,39.8066666666667,0.285533333333333,29.4933333333333,0.1179556,41.6951111111111
2023-08-14 17:00:00,38.86,0.294733333333333,29.6666666666667,0.11798146,40.9691111111111
2023-08-14 17:15:00,39.0733333333333,0.312733333333333,29.8266666666667,0.11777458,40.3164444444444
2023-08-14 17:30:00,39.5333333333333,0.3324,29.9,0.11798146,39.4322222222222
2023-08-14 17:45:00,38.9333333333333,0.3708,29.9,0.11780044,38.4366666666667
2023-08-14 18:00:00,39.0733333333333,0.3732,29.9,0.11774872,37.8682222222222
2023-08-14 18:15:00,39.9133333333333,0.3664,29.8666666666667,0.11774872,36.8166666666667
2023-08-14 18:30:00,37.5466666666667,0.407,29.78,0.11767114,34.4931111111111
2023-08-14 18:45:00,36.1533333333333,0.483466666666667,29.6866666666667,0.117697,34.1253333333333
2023-08-14 19:00:00,34.78,0.494933333333333,29.58,0.11767114,32.2962222222222
2023-08-14 19:15:00,33.3533333333333,0.552466666666667,29.4733333333333,0.11754184,29.8911111111111
2023-08-14 19:30:00,31.1466666666667,0.567333333333333,29.3666666666667,0.11764528,28.1102222222222
2023-08-14 19:45:00,28.4733333333333,0.6004,29.2533333333333,0.1175677,26.7808888888889
2023-08-14 20:00:00,26.16,0.605666666666667,29.1266666666667,0.11754184,25.9471111111111
2023-08-14 20:15:00,24.7133333333333,0.572666666666667,28.9666666666667,0.1175677,25.384
2023-08-14 20:30:00,24.18,0.527266666666667,28.82,0.11761942,24.9764444444444
2023-08-14 20:45:00,24.0133333333333,0.5098,28.6466666666667,0.11749012,24.5884444444444
2023-08-14 21:00:00,23.7933333333333,0.5014,28.4533333333333,0.11746426,24.2346666666667
2023-08-14 21:15:00,23.6733333333333,0.496866666666667,28.2666666666667,0.11746426,23.9522222222222
2023-08-14 21:30:00,23.5133333333333,0.483333333333333,28.0933333333333,0.1175677,23.7631111111111
2023-08-14 21:45:00,23.56,0.4796,27.9066666666667,0.11751598,23.6613333333333
2023-08-14 22:00:00,23.2866666666667,0.4978,27.7333333333333,0.1174384,23.1835555555556
2023-08-14 22:15:00,22.4333333333333,0.509,27.5533333333333,0.11736082,22.5355555555556
2023-08-14 22:30:00,21.9266666666667,0.515466666666667,27.3933333333333,0.11728324,22.1764444444444
2023-08-14 22:45:00,22.2933333333333,0.4956,27.2466666666667,0.11733496,22.6757777777778
2023-08-14 23:00:00,23.34,0.4614,27.08,0.1174384,23.1951111111111
2023-08-14 23:15:00,23.9,0.4554,26.94,0.11733496,23.3393333333333
2023-08-14 23:30:00,23.6733333333333,0.4668,26.7933333333333,0.11733496,23.2082222222222
2023-08-14 23:45:00,23.5933333333333,0.479733333333333,26.66,0.1171798,22.9922222222222
2023-08-15 00:00:00,22.7066666666667,0.543533333333333,26.5466666666667,0.11723152,21.6071111111111
2023-08-15 00:15:00,21.1333333333333,0.619466666666667,26.4333333333333,0.11712808,20.2415555555556
2023-08-15 00:30:00,19.7,0.650533333333333,26.3266666666667,0.1171798,20.0186666666667
2023-08-15 00:45:00,19.84,0.624133333333333,26.2,0.11710222,20.412
2023-08-15 01:00:00,19.7333333333333,0.6602,26.08,0.11712808,19.6822222222222
2023-08-15 01:15:00,19.54,0.651266666666667,25.96,0.11723152,19.9451111111111
2023-08-15 01:30:00,19.8866666666667,0.596733333333333,25.8533333333333,0.11702464,19.9704444444444
2023-08-15 01:45:00,19.6466666666667,0.621066666666667,25.7333333333333,0.11697292,19.2324444444444
2023-08-15 02:00:00,18.7533333333333,0.688866666666667,25.62,0.11697292,18.0535555555556
2023-08-15 02:15:00,17.52,0.7144,25.5066666666667,0.1169212,17.6893333333333
2023-08-15 02:30:00,17.1933333333333,0.7238,25.3866666666667,0.11684362,17.9851111111111
2023-08-15 02:45:00,17.4866666666667,0.7152,25.2733333333333,0.11684362,18.0335555555556
2023-08-15 03:00:00,17.62,0.708066666666667,25.16,0.11686948,17.986
2023-08-15 03:15:00,17.7533333333333,0.6938,25.0533333333333,0.11699878,18.0526666666667
2023-08-15 03:30:00,17.8,0.698066666666667,24.94,0.1169212,17.8888888888889
2023-08-15 03:45:00,17.62,0.685266666666667,24.8333333333333,0.11684362,17.7093333333333
2023-08-15 04:00:00,17.8,0.6736,24.7266666666667,0.11684362,18.0724444444444
2023-08-15 04:15:00,17.9066666666667,0.674133333333333,24.6333333333333,0.11674018,17.9864444444444
2023-08-15 04:30:00,17.9266666666667,0.6638,24.5333333333333,0.11684362,17.9524444444444
2023-08-15 04:45:00,17.7733333333333,0.6782,24.44,0.1167919,17.6482222222222
2023-08-15 05:00:00,17.3933333333333,0.6946,24.3466666666667,0.1166626,17.4517777777778
2023-08-15 05:15:00,17.2733333333333,0.712266666666667,24.2666666666667,0.11671432,17.4153333333333
2023-08-15 05:30:00,17.2066666666667,0.715333333333333,24.18,0.11661088,17.3157777777778
2023-08-15 05:45:00,16.9866666666667,0.7288,24.1,0.11676604,16.9393333333333
2023-08-15 06:00:00,16.7066666666667,0.739666666666667,24,0.11668846,16.84
2023-08-15 06:15:00,16.74,0.7296,23.9133333333333,0.11676604,17.1204444444444
2023-08-15 06:30:00,17.1933333333333,0.7394,23.84,0.11676604,17.436
2023-08-15 06:45:00,17.9933333333333,0.7414,23.7533333333333,0.11658502,17.98
2023-08-15 07:00:00,19.3733333333333,0.743266666666667,23.68,0.11658502,18.6402222222222
2023-08-15 07:15:00,21.3466666666667,0.717466666666667,23.6,0.11668846,19.6562222222222
2023-08-15 07:30:00,23.44,0.692066666666667,23.5133333333333,0.11663674,20.6451111111111
2023-08-15 07:45:00,25.3133333333333,0.603933333333333,23.5,0.1165333,22.4146666666667
2023-08-15 08:00:00,26.38,0.538733333333333,23.4933333333333,0.1165333,23.6842222222222
2023-08-15 08:15:00,27.16,0.499866666666667,23.5,0.11668846,24.7991111111111
2023-08-15 08:30:00,27.6266666666667,0.500133333333333,23.5,0.11661088,25.3426666666667
2023-08-15 08:45:00,28.0733333333333,0.513666666666667,23.5,0.11650744,25.9651111111111
2023-08-15 09:00:00,28.6933333333333,0.498666666666667,23.5533333333333,0.11645572,27.2511111111111
2023-08-15 09:15:00,29.56,0.4676,23.6,0.1165333,28.7231111111111
2023-08-15 09:30:00,29.7133333333333,0.464066666666667,23.7133333333333,0.11635228,30.2215555555556
2023-08-15 09:45:00,30.2066666666667,0.447266666666667,23.86,0.11635228,31.334
2023-08-15 10:00:00,30.3866666666667,0.437333333333333,24.0933333333333,0.11632642,32.2737777777778
2023-08-15 10:15:00,31.02,0.419333333333333,24.3866666666667,0.11619712,33.2066666666667
2023-08-15 10:30:00,31.52,0.411666666666667,24.72,0.11624884,34.0608888888889
2023-08-15 10:45:00,31.92,0.4008,25.08,0.11606782,34.8071111111111
2023-08-15 11:00:00,32.2466666666667,0.406466666666667,25.46,0.11593852,35.1893333333333
2023-08-15 11:15:00,32.5733333333333,0.401,25.8533333333333,0.1158868,35.9068888888889
2023-08-15 11:30:00,33.1533333333333,0.3884,26.2533333333333,0.11599024,36.3148888888889
2023-08-15 11:45:00,33.7933333333333,0.373133333333333,26.66,0.11596438,36.9802222222222
2023-08-15 12:00:00,34.64,0.350066666666667,27.0733333333333,0.11596438,37.312
2023-08-15 12:15:00,35.5,0.302733333333333,27.48,0.11596438,37.7002222222222
2023-08-15 12:30:00,36.1866666666667,0.294066666666667,27.86,0.11596438,37.4075555555556
2023-08-15 12:45:00,36.44,0.311,28.2,0.11596438,36.5028888888889
2023-08-15 13:00:00,37.0066666666667,0.296933333333333,28.4066666666667,0.11604196,36.4006666666667
2023-08-15 13:15:00,37.5466666666667,0.2766,28.5,0.11580922,36.3066666666667
2023-08-15 13:30:00,37.7333333333333,0.2648,28.5,0.11593852,39.8493333333333
2023-08-15 13:45:00,38.72,0.2574,28.4066666666667,0.1157575,41.0708888888889
2023-08-15 14:00:00,39.4,0.2428,28.36,0.11580922,41.2655555555556
2023-08-15 14:15:00,39.4266666666667,0.257333333333333,28.3,0.1157575,42.2602222222222
2023-08-15 14:30:00,39.7866666666667,0.2474,28.3,0.11565406,43.0773333333333
2023-08-15 14:45:00,41.2,0.233066666666667,28.32,0.1156282,43.4548888888889
2023-08-15 15:00:00,41.32,0.2148,28.4733333333333,0.11544718,43.1606666666667
2023-08-15 15:15:00,41.6733333333333,0.221333333333333,28.7333333333333,0.11531788,43.4686666666667
2023-08-15 15:30:00,41.6066666666667,0.2728,29.04,0.11539546,43.2882222222222
2023-08-15 15:45:00,41.74,0.2692,29.36,0.11555062,43.3473333333333
2023-08-15 16:00:00,42.2533333333333,0.268133333333333,29.68,0.11555062,43.4266666666667
2023-08-15 16:15:00,42.2333333333333,0.268133333333333,29.9733333333333,0.11547304,44.0182222222222
2023-08-15 16:30:00,42,0.263133333333333,30.2333333333333,0.11555062,43.8586666666667
2023-08-15 16:45:00,41.0733333333333,0.273866666666667,30.4733333333333,0.11560234,43.3335555555556
2023-08-15 17:00:00,40.92,0.288133333333333,30.6666666666667,0.1154989,42.6531111111111
2023-08-15 17:15:00,42.22,0.299266666666667,30.8333333333333,0.11557648,41.9275555555556
2023-08-15 17:30:00,42.2933333333333,0.311133333333333,30.9533333333333,0.11557648,41.1491111111111
2023-08-15 17:45:00,40.8333333333333,0.341866666666667,31,0.11544718,40.1604444444445
2023-08-15 18:00:00,41.2333333333333,0.382066666666667,30.96,0.11557648,39.2115555555556
2023-08-15 18:15:00,41.0733333333333,0.4498,30.88,0.11555062,37.9586666666667
2023-08-15 18:30:00,39.6533333333333,0.5024,30.7866666666667,0.1156282,36.424
2023-08-15 18:45:00,37.8333333333333,0.542866666666667,30.6866666666667,0.1156282,34.9811111111111
2023-08-15 19:00:00,35.8933333333333,0.539666666666667,30.6,0.11565406,33.0084444444444
2023-08-15 19:15:00,33.6,0.589866666666667,30.4933333333333,0.11560234,31.0124444444444
2023-08-15 19:30:00,30.98,0.649466666666667,30.38,0.11557648,29.3464444444444
2023-08-15 19:45:00,28.6866666666667,0.659133333333333,30.26,0.11565406,27.8755555555556
2023-08-15 20:00:00,26.8133333333333,0.690533333333333,30.12,0.11555062,26.8568888888889
2023-08-15 20:15:00,25.5733333333333,0.690266666666667,29.96,0.11573164,26.1584444444444
2023-08-15 20:30:00,24.84,0.636266666666667,29.8066666666667,0.1156282,25.7211111111111
2023-08-15 20:45:00,24.8866666666667,0.5726,29.6266666666667,0.11557648,25.7542222222222
2023-08-15 21:00:00,25.0533333333333,0.5184,29.4466666666667,0.11544718,25.6091111111111
2023-08-15 21:15:00,25.1733333333333,0.4934,29.2666666666667,0.1153696,25.5355555555556
2023-08-15 21:30:00,25.4266666666667,0.477933333333333,29.08,0.11534374,25.556
2023-08-15 21:45:00,25.4466666666667,0.479266666666667,28.8933333333333,0.1152403,25.3715555555556
2023-08-15 22:00:00,24.8533333333333,0.496866666666667,28.7266666666667,0.1153696,24.762
2023-08-15 22:15:00,24.5133333333333,0.486333333333333,28.5533333333333,0.11529202,24.7233333333333
2023-08-15 22:30:00,24.58,0.472,28.3933333333333,0.1152403,24.626
2023-08-15 22:45:00,24.6,0.4958,28.2466666666667,0.1152403,24.236
2023-08-15 23:00:00,23.5066666666667,0.543666666666667,28.0866666666667,0.11529202,23.3522222222222
2023-08-15 23:15:00,22.6266666666667,0.5844,27.9466666666667,0.1152403,22.6975555555556
2023-08-15 23:30:00,22.2733333333333,0.585,27.8,0.11513686,22.618
2023-08-15 23:45:00,22.3133333333333,0.580133333333333,27.66,0.11495584,22.5262222222222
