Timestamp,Air Temperature (OW),Relative Humidity (OW),Solar Radiation (OW),Wind Speed (OW),Berry Temperature
2025-07-16 00:00:00,20.444,49.05,0,8.15,19.39
2025-07-16 00:15:00,20.278,49.7,0,8.4,18.99
2025-07-16 00:30:00,19.778,51,0,7.2,18.75
2025-07-16 00:45:00,19.278,52,0,8,18.28
2025-07-16 01:00:00,18.944,52.3,0,9.6,18.31
2025-07-16 01:15:00,18.5,53.1,0,8.5,17.92
2025-07-16 01:30:00,18.444,53.2,0,7.5,17.905
2025-07-16 01:45:00,18.444,52.8,0,9.6,17.89
2025-07-16 02:00:00,18.333,53.2,0,9.6,17.74
2025-07-16 02:15:00,18.111,53.9,0,7.7,17.475
2025-07-16 02:30:00,18,54.9,0,7.7,17.5325
2025-07-16 02:45:00,18.389,53.9,0,9.2,17.59
2025-07-16 03:00:00,18.611,53.9,0,9.9,17.345
2025-07-16 03:15:00,18.556,54.3,0,7.7,17.1
2025-07-16 03:30:00,18.278,55,0,5.7,17.1
2025-07-16 03:45:00,18.222,55.3,0,7.4,17.1
2025-07-16 04:00:00,17.889,56.2,0,5.7,17.33
2025-07-16 04:15:00,18,55.4,0,5.5,17.41
2025-07-16 04:30:00,18.111,55.4,0,6.8,16.34125
2025-07-16 04:45:00,18.056,55.4,0,5.5,15.2725
2025-07-16 05:00:00,17.278,57.4,0,2.4,14.20375
2025-07-16 05:15:00,15.944,62.4,1,1.9,13.135
2025-07-16 05:30:00,15.167,65.5,4,2.1,12.98
2025-07-16 05:45:00,14.889,66,15,2.1,12.6
2025-07-16 06:00:00,15.111,66.2,30,2.9,13.24
2025-07-16 06:15:00,15.889,64.5,45,3.4,14.01
2025-07-16 06:30:00,16.556,63.9,73,2.8,13.93
2025-07-16 06:45:00,17.389,61.8,101,2.8,15.15
2025-07-16 07:00:00,18.389,58.3,133,3.1,17.54
2025-07-16 07:15:00,19.222,57.3,171,1.3,19.5
2025-07-16 07:30:00,19.389,59,206,2.3,20.175
2025-07-16 07:45:00,20.278,53.6,227,2,20.85
2025-07-16 08:00:00,20.778,51.6,251,3.1,21.63
2025-07-16 08:15:00,20.722,52.4,314,5.1,22.41
2025-07-16 08:30:00,20.833,51.5,358,5.9,22.72
2025-07-16 08:45:00,21.389,49.6,401,4.7,24.24
2025-07-16 09:00:00,22.056,48.3,437,3.3,25.505
2025-07-16 09:15:00,22.5,47.9,461,4.2,26.77
2025-07-16 09:30:00,22.722,47.4,459,4.6,27.49
2025-07-16 09:45:00,23.111,47.3,551,4.4,28.21
2025-07-16 10:00:00,23.5,46.1,597,5.2,27.96
2025-07-16 10:15:00,23.611,45.6,627,5.5,28.095
2025-07-16 10:30:00,24.222,44.2,664,4.6,28.23
2025-07-16 10:45:00,24.833,43.4,692,4.9,30.315
2025-07-16 11:00:00,25.111,42.3,716,4.5,32.13
2025-07-16 11:15:00,25.556,41,740,4.5,31.52
2025-07-16 11:30:00,26.167,40.3,761,4.3,32.79
2025-07-16 11:45:00,26.5,39.1,778,2.8,34.76
2025-07-16 12:00:00,26.389,42.7,792,4.5,34.59
2025-07-16 12:15:00,26.444,41.8,808,3.8,33.97
2025-07-16 12:30:00,26.889,39.9,819,3.2,33.52
2025-07-16 12:45:00,26.889,40.4,819,3.5,34.21
2025-07-16 13:00:00,27.611,39.2,753,3.9,34.9
2025-07-16 13:15:00,27.722,39.6,808,4.2,35.19
2025-07-16 13:30:00,27.667,39.8,828,4.8,35.845
2025-07-16 13:45:00,27.833,39.2,799,3.8,36.5
2025-07-16 14:00:00,28.389,38.6,751,3.2,35.99
2025-07-16 14:15:00,28.5,38.1,683,3.3,35.48
2025-07-16 14:30:00,28.722,37.8,683,3.8,35.95
2025-07-16 14:45:00,28.778,38.1,719,2.8,36.42
2025-07-16 15:00:00,29.278,37.1,729,3,36.6866666666667
2025-07-16 15:15:00,29.333,37.7,733,3.6,36.9533333333333
2025-07-16 15:30:00,29.333,36.8,711,3.4,37.22
2025-07-16 15:45:00,29.611,35.5,683,3.3,37.22
2025-07-16 16:00:00,29.556,36.4,657,4,37.5625
2025-07-16 16:15:00,29.833,34.5,629,3.5,37.905
2025-07-16 16:30:00,30.222,32.6,600,3.5,39.1
2025-07-16 16:45:00,30.556,30.5,567,2.6,37.41
2025-07-16 17:00:00,30.611,30.2,530,2,38.08
2025-07-16 17:15:00,30.5,31.7,491,2.3,37.495
2025-07-16 17:30:00,30.556,32.1,450,2.1,38.1375
2025-07-16 17:45:00,30.556,31.8,409,2,38.78
2025-07-16 18:00:00,30.556,32.7,370,2,37.26
2025-07-16 18:15:00,30.778,31.9,328,1.8,36.33
2025-07-16 18:30:00,30.667,33.1,287,1.6,33.94
2025-07-16 18:45:00,30.667,35.1,247,1.5,34.26
2025-07-16 19:00:00,30.444,36.1,209,1.7,33
2025-07-16 19:15:00,30.111,37.3,172,1.9,31.74
2025-07-16 19:30:00,29.389,39.4,137,1.6,30.43
2025-07-16 19:45:00,28.722,41.7,104,1.6,29.595
2025-07-16 20:00:00,28,40.5,76,1.9,29.29
2025-07-16 20:15:00,27.278,41.3,50,1.7,26.93
2025-07-16 20:30:00,24.778,50.8,26,2.1,24.57
2025-07-16 20:45:00,24.5,49.5,8,2.2,21.99
2025-07-16 21:00:00,22.5,55.3,2,2.8,21.12
2025-07-16 21:15:00,21.889,55.4,0,3,20.57
2025-07-16 21:30:00,21.333,56.1,0,2.6,19.63
2025-07-16 21:45:00,20.444,58,0,2.9,18.505
2025-07-16 22:00:00,19.444,61.6,0,3.6,18.15
2025-07-16 22:15:00,19.5,59.9,0,4,18.7
2025-07-16 22:30:00,19.333,59.3,0,4.1,17.77
2025-07-16 22:45:00,19.722,56.2,0,4.7,18.44
2025-07-16 23:00:00,19.889,55.1,0,4.3,18.75
2025-07-16 23:15:00,19.722,55.3,0,4.1,18.335
2025-07-16 23:30:00,20,53.1,0,4.5,18.31
2025-07-16 23:45:00,19.833,54.2,0,4.6,17.48
2025-07-17 00:00:00,18.833,58.2,0,3.9,16.955
2025-07-17 00:15:00,17.833,62.2,0,3.2,16.43
2025-07-17 00:30:00,17,66.6,0,3.3,16.5875
2025-07-17 00:45:00,18.056,60.2,0,3.9,16.745
2025-07-17 01:00:00,19.333,52.3,0,4.2,16.87
2025-07-17 01:15:00,19.5,51.4,0,4.2,17.1
2025-07-17 01:30:00,20.667,46.1,0,4,16.56
2025-07-17 01:45:00,18.833,54.7,0,2.1,16.02
2025-07-17 02:00:00,17.611,59.3,0,2.5,15.2
2025-07-17 02:15:00,16.944,61.7,0,2.2,15.54
2025-07-17 02:30:00,16.778,59.8,0,1.6,15.08
2025-07-17 02:45:00,16.556,61.2,0,2.3,14.525
2025-07-17 03:00:00,17.778,55.1,0,2.2,14.37
2025-07-17 03:15:00,16,62.3,0,1.7,14.12
2025-07-17 03:30:00,16.833,56.9,0,3.4,14.1
2025-07-17 03:45:00,15.278,64.9,0,2,13.48
2025-07-17 04:00:00,14.944,67.1,0,2.4,12.86
2025-07-17 04:15:00,15.944,64.1,0,2.2,12.8833333333333
2025-07-17 04:30:00,15.667,66.3,0,1.9,12.9066666666667
2025-07-17 04:45:00,17.389,58.2,0,2.1,12.93
2025-07-17 05:00:00,18.5,54.3,0,3.8,12.86
2025-07-17 05:15:00,18.889,53.9,0,4.8,14.12
2025-07-17 05:30:00,18.333,57.7,3,4.1,13.99
2025-07-17 05:45:00,19,57.4,13,3.2,13.86
2025-07-17 06:00:00,18.556,60.1,30,3.4,14.68
2025-07-17 06:15:00,19.111,58.1,47,3.7,15.37
2025-07-17 06:30:00,19.778,56.8,82,3.2,16.5
2025-07-17 06:45:00,20.444,55.2,114,3.3,17.63
2025-07-17 07:00:00,21.889,51.2,142,3.1,18.76
2025-07-17 07:15:00,22.167,53.7,180,1.7,20.09
2025-07-17 07:30:00,22.667,51.7,216,2.9,21.75
2025-07-17 07:45:00,23.444,51.8,233,2.3,23.41
2025-07-17 08:00:00,24.333,50.1,267,2.8,24.92
2025-07-17 08:15:00,24.5,50.2,332,3.3,26.21
2025-07-17 08:30:00,24.833,51.1,373,2.9,27.29
2025-07-17 08:45:00,25.111,52.4,412,3.5,28.42
2025-07-17 09:00:00,25.389,53.7,451,4,29.19
2025-07-17 09:15:00,25.333,53.5,469,3.8,29.94
2025-07-17 09:30:00,26.056,50.6,461,2.8,31.13
2025-07-17 09:45:00,26.667,47.5,543,2.6,32.6
2025-07-17 10:00:00,27.556,45.6,597,2.6,33.52
2025-07-17 10:15:00,27.944,44.4,630,3.2,34.44
2025-07-17 10:30:00,28.556,42.9,659,3.2,35.44
2025-07-17 10:45:00,28.889,41.3,688,3.6,35.375
2025-07-17 11:00:00,29.111,40.7,714,4.1,35.7
2025-07-17 11:15:00,29.778,38.2,739,3.6,36.67
2025-07-17 11:30:00,29.667,37.6,761,4.4,37.31
2025-07-17 11:45:00,30.167,35.7,779,3.6,37.95
2025-07-17 12:00:00,30.333,36.7,794,4,37.86
2025-07-17 12:15:00,30.389,35.9,807,4,38.56
2025-07-17 12:30:00,30.611,35.4,818,4.3,39.37
2025-07-17 12:45:00,30.833,35,818,3.7,39.12
2025-07-17 13:00:00,30.889,34.5,749,4.3,39.51
2025-07-17 13:15:00,31.389,33.1,807,3.9,38.16
2025-07-17 13:30:00,31.333,33.8,828,3.5,38.585
2025-07-17 13:45:00,31.5,33.8,797,4.1,39.01
2025-07-17 14:00:00,31.444,33.1,749,3.5,39.64
2025-07-17 14:15:00,32,33.9,681,3.8,40.005
2025-07-17 14:30:00,31.889,32.5,679,3,40.06
2025-07-17 14:45:00,31.889,33.3,715,4.2,40.67
2025-07-17 15:00:00,32.222,31.9,730,2.9,40.0025
2025-07-17 15:15:00,32.667,30.3,734,3.5,39.335
2025-07-17 15:30:00,32.722,29.7,715,2.6,40.17
2025-07-17 15:45:00,32.5,30.7,691,2.9,40.495
2025-07-17 16:00:00,32.833,30.1,662,2.4,40.4275
2025-07-17 16:15:00,32.778,29.9,630,3.2,40.36
2025-07-17 16:30:00,32.833,29.5,598,3,41.13
2025-07-17 16:45:00,33,28.9,563,3.1,41.9
2025-07-17 17:00:00,32.667,30.8,522,3.2,41.295
2025-07-17 17:15:00,32.444,32.1,483,2.7,40.69
2025-07-17 17:30:00,32.556,31.8,444,2.5,40.55
2025-07-17 17:45:00,32.5,31.6,403,2.6,40.41
2025-07-17 18:00:00,32.222,32.9,362,2.5,40.2
2025-07-17 18:15:00,32,33.4,321,2.6,42.05
2025-07-17 18:30:00,31.444,35.2,281,3.9,36.64
2025-07-17 18:45:00,31.222,35.1,242,3.9,38.87
2025-07-17 19:00:00,30.778,37.5,202,3.6,41.1
2025-07-17 19:15:00,30.278,38,166,4,33.635
2025-07-17 19:30:00,29.667,38.8,132,3.1,32.2975
2025-07-17 19:45:00,29.111,40.6,100,3,30.96
2025-07-17 20:00:00,28.111,44.3,71,2.5,29.34
2025-07-17 20:15:00,27.167,45,45,2.8,27.115
2025-07-17 20:30:00,26.278,44.1,20,2.9,26.59
2025-07-17 20:45:00,25.722,43.1,7,2.7,25.97
2025-07-17 21:00:00,25.333,42.2,2,3.5,25.08
2025-07-17 21:15:00,25.111,41.9,0,3.4,24.365
2025-07-17 21:30:00,24.556,42.5,0,3.8,23.8475
2025-07-17 21:45:00,24.278,41.7,0,4.8,23.33
2025-07-17 22:00:00,23.722,42.3,0,4.5,23.015
2025-07-17 22:15:00,23.778,40.7,0,5.6,22.7
2025-07-17 22:30:00,23.778,39.9,0,5.7,22.44
2025-07-17 22:45:00,23.778,39.4,0,5,22.1
2025-07-17 23:00:00,23.722,38.9,0,5.4,21.975
2025-07-17 23:15:00,23.611,38.7,0,5.3,21.85
2025-07-17 23:30:00,23.444,39.2,0,4.4,21.32
2025-07-17 23:45:00,22.333,43,0,3,19.74
2025-07-18 00:00:00,21.639,45.15,0,3.65,19.8075
2025-07-18 00:15:00,20.944,47.3,0,4.3,19.875
2025-07-18 00:30:00,21.5,44.8,0,4.2,19.3966666666667
2025-07-18 00:45:00,20.556,48.6,0,3.6,18.9183333333333
2025-07-18 01:00:00,20.167,49.1,0,3.8,18.44
2025-07-18 01:15:00,19.222,52.2,0,2.4,17.89
2025-07-18 01:30:00,18.278,54,0,1.9,16.57
2025-07-18 01:45:00,18.5,52.2,0,3.3,16.845
2025-07-18 02:00:00,18,53.2,0,3.3,16.12
2025-07-18 02:15:00,17.5,55.5,0,3.1,14.965
2025-07-18 02:30:00,17.611,55.8,0,3.6,14.05
2025-07-18 02:45:00,17.5,56.5,0,3.1,14.315
2025-07-18 03:00:00,17.111,58.6,0,3.6,14.71
2025-07-18 03:15:00,17.056,59.7,0,3.7,14.255
2025-07-18 03:30:00,16.5,63.6,0,3.9,13.88
2025-07-18 03:45:00,16.389,63.7,0,3.8,13.5
2025-07-18 04:00:00,16.722,61.3,0,3.9,14.1
2025-07-18 04:15:00,16.389,63.1,0,3.7,13.91
2025-07-18 04:30:00,16.056,64,0,3.1,13.14
2025-07-18 04:45:00,16.056,63,0,3.2,12.64
2025-07-18 05:00:00,16,62.2,0,3.5,12.43
2025-07-18 05:15:00,15.667,63.9,0,3.6,12.265
2025-07-18 05:30:00,15.222,66.4,3,3.2,12.24
2025-07-18 05:45:00,15.222,67.5,12,2.8,12.215
2025-07-18 06:00:00,15.5,67.9,29,3.4,13.05
2025-07-18 06:15:00,15.556,70.9,47,2.4,13.545
2025-07-18 06:30:00,16.556,70.8,82,2.3,14.15
2025-07-18 06:45:00,17.833,69,114,2.5,15.57
2025-07-18 07:00:00,19.667,63.5,144,1.5,16.72
2025-07-18 07:15:00,21.111,57.7,184,1.6,19.2
2025-07-18 07:30:00,21.889,52.5,220,1.6,21.34
2025-07-18 07:45:00,22.667,48.7,235,1.3,22.7
2025-07-18 08:00:00,23.222,47.3,271,1.9,24.115
2025-07-18 08:15:00,23.444,47.2,337,1.7,25.53
2025-07-18 08:30:00,23.778,48.1,378,2.7,26.36
2025-07-18 08:45:00,23.944,48.8,417,2.6,27.19
2025-07-18 09:00:00,24.556,47.5,456,2.5,28.06
2025-07-18 09:15:00,24.833,47.5,472,2.9,29.425
2025-07-18 09:30:00,25.389,44.9,464,3.4,29.84
2025-07-18 09:45:00,25.889,43.4,555,3.3,31.045
2025-07-18 10:00:00,26.278,43.3,598,3.5,31.2
2025-07-18 10:15:00,26.778,42.6,630,4.6,32.71
2025-07-18 10:30:00,27.222,42.1,659,3.6,32.84
2025-07-18 10:45:00,27.667,42,687,3.6,33.59
2025-07-18 11:00:00,28.222,41,712,3.4,33.98
2025-07-18 11:15:00,28.667,40.1,736,3.3,34.37
2025-07-18 11:30:00,29.222,38.9,757,3.9,35.84
2025-07-18 11:45:00,29.5,38.5,776,3.8,36.09
2025-07-18 12:00:00,29.722,37.1,790,4,36.96
2025-07-18 12:15:00,30.222,35.6,805,3.2,38.03
2025-07-18 12:30:00,30.778,34.9,825,4,37.3
2025-07-18 12:45:00,31.222,32.1,808,4.9,37.99
2025-07-18 13:00:00,31.556,31.1,686,3.8,38.52
2025-07-18 13:15:00,32.056,30.7,836,3.9,39.03
2025-07-18 13:30:00,32.222,30.4,767,3.9,38.315
2025-07-18 13:45:00,32.5,31.3,752,3,37.6
2025-07-18 14:00:00,32.389,32.2,670,3.6,38.16
2025-07-18 14:15:00,32.944,32.3,597,3.9,38.865
2025-07-18 14:30:00,32.722,32.4,549,4.5,36.83
2025-07-18 14:45:00,33.056,30.8,680,3.9,39.55
2025-07-18 15:00:00,33.722,30,749,3.5,40.48
2025-07-18 15:15:00,33.889,29.9,720,2.5,40.06
2025-07-18 15:30:00,33.667,31,544,2.3,39.07
2025-07-18 15:45:00,33.444,30.3,450,2,38.08
2025-07-18 16:00:00,33.667,31.1,534,3.2,38.63
2025-07-18 16:15:00,34.278,27.8,510,5.6,37.09
2025-07-18 16:30:00,33.944,27.8,367,4.7,37.07
2025-07-18 16:45:00,33.5,28.6,319,5,37.05
2025-07-18 17:00:00,33.111,29,276,6.2,35.6775
2025-07-18 17:15:00,32.889,29.2,234,6.2,34.305
2025-07-18 17:30:00,32.5,29.8,225,5.1,34.46
2025-07-18 17:45:00,32.389,30.8,186,3.9,34.05
2025-07-18 18:00:00,31.889,34.2,153,3.2,33.15
2025-07-18 18:15:00,31.5,33.9,124,7.7,31.425
2025-07-18 18:30:00,30.722,32.1,87,10.4,30.33
2025-07-18 18:45:00,30.056,31.6,71,9.3,29.85
2025-07-18 19:00:00,30.056,29.8,81,9.6,29.68
2025-07-18 19:15:00,29.833,29.6,83,11.2,29.85
2025-07-18 19:30:00,29.444,31.5,66,8.7,28.99
2025-07-18 19:45:00,29,30.8,60,9.8,28.4
2025-07-18 20:00:00,28.5,32.7,78,7.2,27.81
2025-07-18 20:15:00,27.778,34.6,27,7,27.22
2025-07-18 20:30:00,27.5,33.6,17,6.7,26.65
2025-07-18 20:45:00,26.833,34.9,9,4,25.75
2025-07-18 21:00:00,26.056,36.6,2,3.6,25.19
2025-07-18 21:15:00,25.222,38.2,0,2.6,24.63
2025-07-18 21:30:00,24.778,38.7,0,2.4,24.03
2025-07-18 21:45:00,24.167,39.1,0,3.8,23.245
2025-07-18 22:00:00,22.556,42.7,0,2.8,22.02
2025-07-18 22:15:00,21.778,43.7,0,3.6,21.36
2025-07-18 22:30:00,22.667,40.3,0,5.3,22.16
2025-07-18 22:45:00,22.5,40.6,0,4.3,21.835
2025-07-18 23:00:00,22.389,40.2,0,5.8,21.4
2025-07-18 23:15:00,21.944,41.4,0,5.1,20.52
2025-07-18 23:30:00,20.944,43.9,0,3.5,20.22
2025-07-18 23:45:00,20.056,46.7,0,3.4,18.86
2025-07-19 00:00:00,19.972,47.05,0,3.95,18.6
2025-07-19 00:15:00,19.889,47.4,0,4.5,18.14
2025-07-19 00:30:00,19,49.9,0,4,16.79
2025-07-19 00:45:00,17.722,53.2,0,2.4,15.44
2025-07-19 01:00:00,17,56,0,3.3,15.035
2025-07-19 01:15:00,16.389,58.8,0,2.3,14.63
2025-07-19 01:30:00,15.389,63,0,2.6,13.57
2025-07-19 01:45:00,15.556,61.1,0,3.3,13.76
2025-07-19 02:00:00,16.944,55.7,0,5.1,14.9325
2025-07-19 02:15:00,17.222,56,0,5.3,16.105
2025-07-19 02:30:00,17.5,54,0,6.7,15.78125
2025-07-19 02:45:00,17.222,55,0,4.3,15.4575
2025-07-19 03:00:00,16.056,59.4,0,4.3,15.13375
2025-07-19 03:15:00,15.833,59,0,5,14.81
2025-07-19 03:30:00,16.167,57,0,5.9,15.115
2025-07-19 03:45:00,16.333,55.9,0,6,15.42
2025-07-19 04:00:00,16.778,53.8,0,5.5,15.42
2025-07-19 04:15:00,16.222,55.4,0,4.2,14.795
2025-07-19 04:30:00,15.722,55.2,0,4.3,14.17
2025-07-19 04:45:00,14.389,59.2,0,3.2,13.07
2025-07-19 05:00:00,14.5,59.1,0,4.6,12.88
2025-07-19 05:15:00,13.722,63.9,0,2.7,12.885
2025-07-19 05:30:00,13.056,67.8,3,1.8,12.6866666666667
2025-07-19 05:45:00,13.5,65.4,11,3,12.4883333333333
2025-07-19 06:00:00,13.944,63.6,28,3.8,12.29
2025-07-19 06:15:00,15.333,59.5,46,5.5,13.25
2025-07-19 06:30:00,16.222,58.2,83,5.4,14.37
2025-07-19 06:45:00,16.778,56.8,112,5,14.86
2025-07-19 07:00:00,17.667,55.4,142,4.6,16.235
2025-07-19 07:15:00,17.833,56.6,181,4.7,17.61
2025-07-19 07:30:00,18.333,55.1,217,4.8,19.36
2025-07-19 07:45:00,18.611,55,236,4.8,20.74
2025-07-19 08:00:00,19.278,53.9,301,4.5,21.85
2025-07-19 08:15:00,20.111,52.5,372,4.9,22.74
2025-07-19 08:30:00,21,50.4,385,5.5,24.275
2025-07-19 08:45:00,22.278,45.3,437,7,25.81
2025-07-19 09:00:00,23.444,38.9,504,7.3,25.99
2025-07-19 09:15:00,23.222,36.4,437,7.5,26.54
2025-07-19 09:30:00,23.389,35.6,438,6.8,27.7
2025-07-19 09:45:00,23.611,39.2,581,6,28.38
2025-07-19 10:00:00,23.389,38.3,419,5.6,27.1
2025-07-19 10:15:00,24.167,36.4,622,6,29.44
2025-07-19 10:30:00,24.278,38.9,690,4.8,30.91
2025-07-19 10:45:00,24.889,38.2,716,4.3,31.2
2025-07-19 11:00:00,25.389,37.6,702,5.4,31.3
2025-07-19 11:15:00,25.5,35.5,740,4.6,31.83
2025-07-19 11:30:00,26,34.1,772,4.7,32.86
2025-07-19 11:45:00,26.556,31.9,790,4.4,33.89
2025-07-19 12:00:00,26.722,31,737,4,33.935
2025-07-19 12:15:00,26.611,31.5,666,3.7,33.98
2025-07-19 12:30:00,26.889,30.8,775,3.7,34.42
2025-07-19 12:45:00,27.611,29.6,802,4.2,34.86
2025-07-19 13:00:00,28.222,28.6,765,4.5,36.13
2025-07-19 13:15:00,28.556,26.6,795,4.9,36.07
2025-07-19 13:30:00,28.778,26.6,846,4.6,36.5
2025-07-19 13:45:00,29.167,25.9,805,6.2,36.67
2025-07-19 14:00:00,30.056,24.9,845,6.3,34.81
2025-07-19 14:15:00,29.333,25.8,601,5.8,32.95
2025-07-19 14:30:00,29.778,25.8,612,6.2,36.25
2025-07-19 14:45:00,30.722,25.1,832,7.7,36.84
2025-07-19 15:00:00,30.889,25.3,671,6.9,36.4
2025-07-19 15:15:00,30.778,25.8,596,6,35.96
2025-07-19 15:30:00,30.167,26.1,419,5.5,33.45
2025-07-19 15:45:00,29.944,26.3,432,5.2,33.59
2025-07-19 16:00:00,29.722,26.6,435,4.4,34.64
2025-07-19 16:15:00,30.667,25.8,619,5.2,37.26
2025-07-19 16:30:00,31.222,25.2,620,4.9,37.89
2025-07-19 16:45:00,31.056,25.1,570,6.2,38.52
2025-07-19 17:00:00,31,25.8,523,6.4,38.205
2025-07-19 17:15:00,30.722,26.5,462,6.2,37.89
2025-07-19 17:30:00,30.833,26.7,452,5.6,37.575
2025-07-19 17:45:00,30.833,26.6,406,4.8,37.26
2025-07-19 18:00:00,30.556,27.2,360,4.8,37.26
2025-07-19 18:15:00,30.667,26.2,324,4.3,34.76
2025-07-19 18:30:00,30.389,26.2,283,6.1,32.54
2025-07-19 18:45:00,30.111,25.9,244,5.8,31.8
2025-07-19 19:00:00,29.722,25.5,176,6.2,30.6866666666667
2025-07-19 19:15:00,29,26.3,113,4.4,29.5733333333333
2025-07-19 19:30:00,28.167,27.6,99,4.2,28.46
2025-07-19 19:45:00,27.5,30,88,4,27.755
2025-07-19 20:00:00,27.167,31.6,98,5,27.13
2025-07-19 20:15:00,26.333,33.6,59,5,26.46
2025-07-19 20:30:00,25.333,34.8,24,5.8,24.765
2025-07-19 20:45:00,24.111,36.9,5,3.8,23.07
2025-07-19 21:00:00,23.222,36.4,1,4.4,22.27
2025-07-19 21:15:00,22.056,35.3,0,3.6,21
2025-07-19 21:30:00,21,36.4,0,4.7,20.6
2025-07-19 21:45:00,21.5,33.7,0,7.1,20.535
2025-07-19 22:00:00,21.389,33.8,0,6.2,20.47
2025-07-19 22:15:00,20.889,35.2,0,6,20.06
2025-07-19 22:30:00,20.722,35.6,0,6.2,19.68
2025-07-19 22:45:00,20.333,35.9,0,5.1,18.885
2025-07-19 23:00:00,19.389,38.5,0,2.3,17.35
2025-07-19 23:15:00,18.722,41.1,0,3.4,16.67
2025-07-19 23:30:00,19.833,37.6,0,6.8,18.73
2025-07-19 23:45:00,19.944,38.2,0,5.8,18.57
2025-07-20 00:00:00,18.722,42.5,0,4.1,17.87
2025-07-20 00:15:00,17.5,46.8,0,2.4,16.87
2025-07-20 00:30:00,17.278,46.8,0,3.1,17.23
2025-07-20 00:45:00,16.833,47.7,0,1.9,16.87
2025-07-20 01:00:00,15.722,53.3,0,2.4,15.62
2025-07-20 01:15:00,15.444,55.2,0,3.5,14.65
2025-07-20 01:30:00,15.278,54.6,0,3.4,13.55
2025-07-20 01:45:00,14.5,57.1,0,1.6,13.33
2025-07-20 02:00:00,15.056,54.2,0,3.5,12.38
2025-07-20 02:15:00,15.111,54.1,0,3.4,13.25
2025-07-20 02:30:00,15,53.9,0,4,12.83
2025-07-20 02:45:00,14.667,55.9,0,3.3,12.41
2025-07-20 03:00:00,14.389,57,0,3.6,12.195
2025-07-20 03:15:00,14.111,58.2,0,3.8,11.98
2025-07-20 03:30:00,13.667,57.9,0,3.2,11.325
2025-07-20 03:45:00,13.722,57.2,0,3.2,10.67
2025-07-20 04:00:00,13.5,58.1,0,3.3,11.1
2025-07-20 04:15:00,13.056,60.3,0,2.4,10.31
2025-07-20 04:30:00,13.056,57.8,0,3.9,10.2
2025-07-20 04:45:00,13.722,52.8,0,4,10.58
2025-07-20 05:00:00,12.444,57.2,0,3.8,9.88
2025-07-20 05:15:00,13.111,53.2,0,4.5,9.95
2025-07-20 05:30:00,12.778,55.1,3,3.4,9.29
2025-07-20 05:45:00,12.722,56.6,12,3.5,9.59
2025-07-20 06:00:00,13.111,56,30,3.7,10.11
2025-07-20 06:15:00,13.667,56.2,50,3.5,10.73
2025-07-20 06:30:00,15,53.5,91,3.1,12.46
2025-07-20 06:45:00,15.611,54.8,114,2.7,13.07
2025-07-20 07:00:00,16.833,53.3,140,2.9,14.55125
2025-07-20 07:15:00,17.778,50.8,174,3.8,16.0325
2025-07-20 07:30:00,18.056,50,163,4.4,17.51375
2025-07-20 07:45:00,18.5,48.8,195,3.6,18.995
2025-07-20 08:00:00,18.778,48.6,238,3.7,19.68
2025-07-20 08:15:00,18.778,49.8,258,3.6,20.125
2025-07-20 08:30:00,18.722,49.2,236,5.1,20.4675
2025-07-20 08:45:00,18.778,49.1,237,4.3,20.81
2025-07-20 09:00:00,19.056,48.9,306,3.9,21.665
2025-07-20 09:15:00,19.611,48.7,345,3.5,22.52
2025-07-20 09:30:00,20,47.5,359,3.7,23.055
2025-07-20 09:45:00,20.444,47,356,4,23.59
2025-07-20 10:00:00,21,44.8,364,4.8,24.59
2025-07-20 10:15:00,21.278,44.4,363,4.6,24.53
2025-07-20 10:30:00,21.611,43.6,417,4,25.5
2025-07-20 10:45:00,21.778,43.2,328,4.6,24.835
2025-07-20 11:00:00,22,41.8,290,4.5,25.07
2025-07-20 11:15:00,22.167,41.7,306,4.5,24.98
2025-07-20 11:30:00,22.167,42.6,317,4.5,25.13
2025-07-20 11:45:00,22.667,38.1,341,4.9,25.76
2025-07-20 12:00:00,23.167,34.5,347,4.3,26.095
2025-07-20 12:15:00,23.333,32.9,340,4.1,26.43
2025-07-20 12:30:00,23.333,33.3,296,3.4,26.4
2025-07-20 12:45:00,23.278,35.3,268,2.6,26.31
2025-07-20 13:00:00,23.5,34.9,220,1.3,25.78
2025-07-20 13:15:00,23.222,38.6,164,1.8,25.105
2025-07-20 13:30:00,22.889,39.6,218,1.3,25.8525
2025-07-20 13:45:00,23.167,40,300,1.8,26.6
2025-07-20 14:00:00,23.389,40.8,336,1.8,27.12
2025-07-20 14:15:00,23.611,41,321,2.1,26.74
2025-07-20 14:30:00,23.889,41.4,325,1.7,27.57
2025-07-20 14:45:00,24,39.8,349,1.9,28.125
2025-07-20 15:00:00,24.333,38,304,1.5,28.6325
2025-07-20 15:15:00,24.444,40,393,2.1,29.14
2025-07-20 15:30:00,24.944,38.7,449,2.1,30.31
2025-07-20 15:45:00,25.611,36,529,2.1,31.02
2025-07-20 16:00:00,25.444,33.7,316,2.5,28.75
2025-07-20 16:15:00,25.222,33.8,212,2.9,27.925
2025-07-20 16:30:00,25.389,33.1,306,1.6,29.86
2025-07-20 16:45:00,26.111,32,471,1.7,33.01
2025-07-20 17:00:00,27,30.5,526,2.7,32.68
2025-07-20 17:15:00,26.667,30.7,359,2.7,28.58
2025-07-20 17:30:00,25.944,33.4,225,1.7,30.21
2025-07-20 17:45:00,26.222,33.1,329,1.6,29.945
2025-07-20 18:00:00,25.722,33.9,111,1.2,27.1
2025-07-20 18:15:00,25.611,33,113,0.6,26.555
2025-07-20 18:30:00,24.778,40,81,0.9,25.3725
2025-07-20 18:45:00,23.278,52.5,52,1.4,24.19
2025-07-20 19:00:00,22.667,54.5,44,2.2,24.065
2025-07-20 19:15:00,23.111,46.2,45,1.1,23.94
2025-07-20 19:30:00,22.556,43.8,37,1.8,23.13
2025-07-20 19:45:00,21.167,52.2,42,1.7,22.1
2025-07-20 20:00:00,20.944,51.7,34,1.9,21.99
2025-07-20 20:15:00,20.556,54.6,22,2.1,21.4
2025-07-20 20:30:00,20.5,51.9,12,2.4,20.57
2025-07-20 20:45:00,20.111,52.9,3,2.5,20.57
2025-07-20 21:00:00,19.944,51.6,0,2.6,19.66
2025-07-20 21:15:00,20.056,48.5,0,2.8,19.045
2025-07-20 21:30:00,19.667,50,0,1.9,18.94
2025-07-20 21:45:00,19.667,47.5,0,2.2,18.94
2025-07-20 22:00:00,20,45.5,0,3.8,17.79
2025-07-20 22:15:00,19.778,49,0,5.2,18.34
2025-07-20 22:30:00,20.556,45.5,0,6.1,19.23
2025-07-20 22:45:00,20.278,46.8,0,3.9,19.11
2025-07-20 23:00:00,20,48.7,0,2.5,18.84
2025-07-20 23:15:00,19.5,51.3,0,3.4,18.57
2025-07-20 23:30:00,19.5,51,0,4,18.05
2025-07-20 23:45:00,19,53.7,0,3.2,18.235
2025-07-21 00:00:00,19,53.5,0,2.75,18.0675
2025-07-21 00:15:00,19,53.3,0,2.3,17.9
2025-07-21 00:30:00,18.889,55,0,3.1,17.81
2025-07-21 00:45:00,18.333,58.1,0,2.4,17.08
2025-07-21 01:00:00,17.722,62.4,0,2.8,16.95
2025-07-21 01:15:00,18.278,58.4,0,4.1,17.19
2025-07-21 01:30:00,18.889,54,0,3.5,17.59
2025-07-21 01:45:00,18.444,56.1,0,3,17.29
2025-07-21 02:00:00,18.278,57.3,0,1.4,17
2025-07-21 02:15:00,18.167,58.5,0,2.1,16.62
2025-07-21 02:30:00,17.667,61.9,0,1.1,16.62
2025-07-21 02:45:00,17.5,62.6,0,2.5,16.7
2025-07-21 03:00:00,17.722,60.5,0,2.1,16.62
2025-07-21 03:15:00,17.333,63.8,0,2.7,16.545
2025-07-21 03:30:00,17.278,63.2,0,2.6,16.3625
2025-07-21 03:45:00,17,63.6,0,2.3,16.18
2025-07-21 04:00:00,16.944,64.5,0,2.5,16.1766666666667
2025-07-21 04:15:00,17.056,64.8,0,2.5,16.1733333333333
2025-07-21 04:30:00,16.667,67.7,0,2.4,16.17
2025-07-21 04:45:00,16.333,69,0,2.1,15.515
2025-07-21 05:00:00,16.333,68.4,0,2.9,14.86
2025-07-21 05:15:00,16.278,68,0,3.6,15.105
2025-07-21 05:30:00,16.278,66.3,1,4.4,15.1025
2025-07-21 05:45:00,16.389,64.5,4,4.8,15.1
2025-07-21 06:00:00,16.722,63.1,10,4,15.305
2025-07-21 06:15:00,16.722,64,14,3.5,15.51
2025-07-21 06:30:00,16.167,70.5,19,3.4,15.8
2025-07-21 06:45:00,16,74.4,27,2.7,16.08
2025-07-21 07:00:00,16.444,74,102,3.1,17.38
2025-07-21 07:15:00,17.389,73.4,176,2.5,18.21
2025-07-21 07:30:00,17.667,72.4,124,1.6,19.46
2025-07-21 07:45:00,18,70.4,152,1.8,19.95
2025-07-21 08:00:00,18.611,67.5,169,1.5,20.51
2025-07-21 08:15:00,19.389,66.4,354,2,20.84
2025-07-21 08:30:00,20.444,63.8,359,1.9,24.49
2025-07-21 08:45:00,20.111,63.2,170,2,22.61
2025-07-21 09:00:00,19.833,64.6,185,2.4,22.55
2025-07-21 09:15:00,19.778,64.6,225,1.9,23.12
2025-07-21 09:30:00,20.167,64,299,1.9,24.12
2025-07-21 09:45:00,20.889,59.9,305,1.4,23.69
2025-07-21 10:00:00,21.389,58.7,250,1.8,23.675
2025-07-21 10:15:00,21.556,57.8,209,2.5,23.66
2025-07-21 10:30:00,21.722,57.8,197,2.8,23.91
2025-07-21 10:45:00,21.889,57.3,199,3.7,23.82
2025-07-21 11:00:00,21.889,55.3,213,4.9,23.91
2025-07-21 11:15:00,21.889,51.5,229,6.2,23.58
2025-07-21 11:30:00,22.056,49,249,5.8,23.6975
2025-07-21 11:45:00,21.944,49.1,223,6.1,23.815
2025-07-21 12:00:00,21.944,49.5,241,6.1,23.89875
2025-07-21 12:15:00,21.889,50.6,259,6.2,23.9825
2025-07-21 12:30:00,21.833,50.1,276,8,24.06625
2025-07-21 12:45:00,21.778,51.7,292,7.9,24.15
2025-07-21 13:00:00,21.667,52.5,261,7.7,23.7075
2025-07-21 13:15:00,21.556,53.6,254,8.1,23.265
2025-07-21 13:30:00,21.5,54.8,242,7.2,23.44
2025-07-21 13:45:00,21,60.4,272,7.2,23.59
2025-07-21 14:00:00,21.111,60.7,322,7.6,23.27
2025-07-21 14:15:00,20.5,65,371,7.3,24.95
2025-07-21 14:30:00,20.944,63.2,384,7.1,24.56
2025-07-21 14:45:00,21.056,61.3,304,7,24.34
2025-07-21 15:00:00,21.611,57.7,361,6.4,25.24
2025-07-21 15:15:00,22.5,55.6,540,6.1,26.12
2025-07-21 15:30:00,23.889,52.4,772,5.7,29.93
2025-07-21 15:45:00,24.389,49.5,721,4.5,31.94
2025-07-21 16:00:00,24.889,50,678,5,30.55
2025-07-21 16:15:00,24.944,53.2,654,5.7,32.005
2025-07-21 16:30:00,25.167,49.9,608,5.9,32.305
2025-07-21 16:45:00,25.389,47,534,6.3,32.605
2025-07-21 17:00:00,25.667,44.9,545,5.9,32.79
2025-07-21 17:15:00,25.778,45.3,539,5.9,32.81
2025-07-21 17:30:00,24.722,47.5,213,5.5,30.9566666666667
2025-07-21 17:45:00,24.333,47.4,188,4.8,29.1033333333333
2025-07-21 18:00:00,24.5,47.4,210,4.7,27.25
2025-07-21 18:15:00,24.444,47.6,194,4.9,27.92
2025-07-21 18:30:00,24.611,47.6,209,4.8,26.95
2025-07-21 18:45:00,24.222,48.7,108,3.6,25.98
2025-07-21 19:00:00,24,47.7,100,1.9,25.27
2025-07-21 19:15:00,23.722,50.8,79,1.7,24.56
2025-07-21 19:30:00,23.167,53.9,39,1.6,23.85
2025-07-21 19:45:00,22.333,58.5,29,0.6,21.62
2025-07-21 20:00:00,20.556,67.3,28,2,21.23
2025-07-21 20:15:00,20.333,66.5,16,2.7,21.04
2025-07-21 20:30:00,19.444,67.9,9,3.6,20.19
2025-07-21 20:45:00,19.111,65.3,4,3.1,20.06
2025-07-21 21:00:00,18.556,65.2,1,3.4,18.7
2025-07-21 21:15:00,18.111,65.6,0,3.4,18.03
2025-07-21 21:30:00,18.333,62.2,0,4,17.23
2025-07-21 21:45:00,18.333,60.9,0,3.5,17.72
2025-07-21 22:00:00,19.278,58.4,0,5.6,17.7433333333333
2025-07-21 22:15:00,18.778,61.5,0,5.4,17.7666666666667
2025-07-21 22:30:00,18.667,62.6,0,5.3,17.79
2025-07-21 22:45:00,18.389,63.9,0,5.4,17.425
2025-07-21 23:00:00,17.611,66.9,0,3.9,17.13
2025-07-21 23:15:00,17.778,66.7,0,3.8,17.115
2025-07-21 23:30:00,17.722,67.5,0,3.9,17.065
2025-07-21 23:45:00,18.056,66.7,0,4.1,17.015
2025-07-22 00:00:00,17.694,68.15,0,3.6,16.85
2025-07-22 00:15:00,17.333,69.6,0,3.1,16.67
2025-07-22 00:30:00,16.611,71.5,0,2,15.05
2025-07-22 00:45:00,16.333,72.1,0,3.2,15.27
2025-07-22 01:00:00,16.833,70.2,0,3.8,14.64
2025-07-22 01:15:00,16,73.9,0,2.6,14.01
2025-07-22 01:30:00,15.333,76.3,0,2.8,13.36
2025-07-22 01:45:00,14.778,77.6,0,3.7,13.335
2025-07-22 02:00:00,14.889,76.9,0,3.8,13.31
2025-07-22 02:15:00,15.389,74.9,0,3.7,13.24
2025-07-22 02:30:00,15.389,75.1,0,4.1,13.45
2025-07-22 02:45:00,15.167,76.4,0,2.9,13.345
2025-07-22 03:00:00,14.944,77.2,0,3.2,13.17
2025-07-22 03:15:00,14.611,78.2,0,3,12.98
2025-07-22 03:30:00,14.111,79.8,0,2.7,12.565
2025-07-22 03:45:00,13.944,80.4,0,1.7,12.15
2025-07-22 04:00:00,13.167,83.3,0,1.1,11.87
2025-07-22 04:15:00,12.778,84.3,0,1.7,11.555
2025-07-22 04:30:00,12.611,84.7,0,1.3,11.64
2025-07-22 04:45:00,12.444,85.4,0,1.5,11.1
2025-07-22 05:00:00,12.5,85.9,0,2,11.27
2025-07-22 05:15:00,13.278,83.1,0,2.7,11.555
2025-07-22 05:30:00,13.667,82.8,2,3.2,11.84
2025-07-22 05:45:00,13.5,84.8,8,2.8,11.85
2025-07-22 06:00:00,13.833,83.2,21,3.3,12.35875
2025-07-22 06:15:00,14.722,81.2,45,2.6,12.8675
2025-07-22 06:30:00,15.111,81.9,66,2,13.37625
2025-07-22 06:45:00,15.389,83,68,1.7,13.885
2025-07-22 07:00:00,16.111,81.4,107,0.9,15.7375
2025-07-22 07:15:00,17.611,77.5,168,1.2,17.59
2025-07-22 07:30:00,18.444,74.6,192,1.8,18.13
2025-07-22 07:45:00,18.333,74.1,133,2.4,18.755
2025-07-22 08:00:00,18.944,73,251,2.3,20.48
2025-07-22 08:15:00,19.444,73.1,325,2.5,21.33
2025-07-22 08:30:00,20.111,71.1,361,2.9,22.895
2025-07-22 08:45:00,21.222,66,405,2.6,24.46
2025-07-22 09:00:00,22.111,62.9,441,2.6,25.46
2025-07-22 09:15:00,22.556,62,438,3,26.55
2025-07-22 09:30:00,23.444,58.4,457,2.3,27.51
2025-07-22 09:45:00,23.389,59.1,540,2.8,28.35
2025-07-22 10:00:00,24,56,577,3.1,29.05
2025-07-22 10:15:00,24.444,54.5,609,3.2,29.965
2025-07-22 10:30:00,24.389,54.4,639,4.2,31.16
2025-07-22 10:45:00,24.667,53,666,2.8,31.495
2025-07-22 11:00:00,25.278,51.3,691,3.8,31.3
2025-07-22 11:15:00,25.556,50.3,715,3.2,32.105
2025-07-22 11:30:00,25.833,50.5,738,4.2,32.6
2025-07-22 11:45:00,26,50,756,3,32.38
2025-07-22 12:00:00,26.278,49,770,3.4,33.2
2025-07-22 12:15:00,26.5,47.5,786,3.4,33.715
2025-07-22 12:30:00,26.778,47.7,793,3,34.1525
2025-07-22 12:45:00,26.833,47.6,795,4.1,34.59
2025-07-22 13:00:00,27,46.4,723,3,34.94
2025-07-22 13:15:00,27.611,44.4,780,4.3,35.16
2025-07-22 13:30:00,27.5,44.8,809,3.9,35.99
2025-07-22 13:45:00,27.833,42.9,783,2.8,35.885
2025-07-22 14:00:00,28.389,41.8,744,4.2,36.61
2025-07-22 14:15:00,28.333,42,680,2.6,35.7
2025-07-22 14:30:00,28.722,41.1,662,4.3,35.875
2025-07-22 14:45:00,29.111,40,702,4.5,36.05
2025-07-22 15:00:00,29.222,40.2,710,4.1,36.33
2025-07-22 15:15:00,29.222,39.9,715,4.5,36.83
2025-07-22 15:30:00,29,39.9,699,3.8,36.255
2025-07-22 15:45:00,29.556,36.3,685,3.1,35.68
2025-07-22 16:00:00,29.611,37,669,4.2,36.49
2025-07-22 16:15:00,29.778,36.1,645,3.9,37.3
2025-07-22 16:30:00,30.111,36.1,580,3.5,35.2991666666667
2025-07-22 16:45:00,29.889,36.3,559,3.4,37.396
2025-07-22 17:00:00,29.889,37.3,512,3.3,37.045
2025-07-22 17:15:00,30.167,35.8,474,2.3,36.3911111111111
2025-07-22 17:30:00,30.111,35.5,435,3.2,36.57
2025-07-22 17:45:00,29.611,36.1,391,2.6,36.5116666666667
2025-07-22 18:00:00,29.667,37,347,2.1,36.6955555555555
2025-07-22 18:15:00,29.667,36.7,262,2.2,35.97
2025-07-22 18:30:00,29.444,37.8,263,1.7,32.2744444444444
2025-07-22 18:45:00,28.889,39,94,2.2,28.9180555555556
2025-07-22 19:00:00,27.278,44.3,42,1.4,26.7138888888889
2025-07-22 19:15:00,25.611,48.4,27,2.6,25.4908333333333
2025-07-22 19:30:00,24.778,49.8,22,2.3,24.6488888888889
2025-07-22 19:45:00,23.944,53.3,26,2,24.5041666666667
2025-07-22 20:00:00,24,55.5,54,1.7,24.9316666666667
2025-07-22 20:15:00,23.889,56.3,42,1.2,24.53
2025-07-22 20:30:00,23,59.1,21,1.4,22.7852777777778
2025-07-22 20:45:00,22.278,60.2,6,2.3,21.1716666666667
2025-07-22 21:00:00,22.111,58.2,1,2.5,20.3666666666667
2025-07-22 21:15:00,20.778,62,0,2.3,19.422
2025-07-22 21:30:00,20.056,63.3,0,3.4,19.29
2025-07-22 21:45:00,21.167,56.2,0,4.2,19.5922222222222
2025-07-22 22:00:00,20.778,57.4,0,3.6,19.6311111111111
2025-07-22 22:15:00,20.667,57,0,4.2,19.42
2025-07-22 22:30:00,20.278,58.4,0,3.5,19.2677777777778
2025-07-22 22:45:00,19.944,59.2,0,3.3,18.7508333333333
2025-07-22 23:00:00,19.944,59.1,0,3.7,18.5527777777778
2025-07-22 23:15:00,20.5,55.6,0,3.7,18.3315555555556
2025-07-22 23:30:00,19.056,61.3,0,2.3,17.7422222222222
2025-07-22 23:45:00,18.111,64.7,0,2.2,17.5327777777778
2025-07-23 00:00:00,17.861,66.25,0,2.2,17.2766666666667
2025-07-23 00:15:00,17.611,67.8,0,2.2,16.8338888888889
2025-07-23 00:30:00,17.889,65.7,0,1.1,16.3941666666667
2025-07-23 00:45:00,18.222,63.1,0,3.3,16.5985555555556
2025-07-23 01:00:00,18.667,61.3,0,3.1,16.3241666666667
2025-07-23 01:15:00,18.889,61.3,0,3.7,15.9288888888889
2025-07-23 01:30:00,17.556,67.1,0,2.4,15.3825
2025-07-23 01:45:00,17.056,68.2,0,2.1,14.998
2025-07-23 02:00:00,17,67,0,2.6,15.4344444444444
2025-07-23 02:15:00,17.444,65,0,4.4,15.6565
2025-07-23 02:30:00,17.667,65,0,4.7,15.5533333333333
2025-07-23 02:45:00,17.833,64.6,0,4.5,15.4298888888889
2025-07-23 03:00:00,17.667,65,0,4.2,15.5333333333333
2025-07-23 03:15:00,17.5,65.4,0,4.3,15.0091666666667
2025-07-23 03:30:00,16.778,68.6,0,2.6,14.6627777777778
2025-07-23 03:45:00,15.278,74.3,0,1.5,13.6917222222222
2025-07-23 04:00:00,14.389,77.5,0,2,13.4655555555556
2025-07-23 04:15:00,13.889,79,0,2.1,13.5405
2025-07-23 04:30:00,13.611,80.2,0,2.1,13.0033333333333
2025-07-23 04:45:00,13.778,79.7,0,2.5,12.58
2025-07-23 05:00:00,13.611,81.3,0,2.1,12.5042777777778
2025-07-23 05:15:00,13.833,79.3,0,1.7,12.3375
2025-07-23 05:30:00,13.722,79.6,2,1.4,12.1666666666667
2025-07-23 05:45:00,13.278,81.9,7,1.2,12.2315
2025-07-23 06:00:00,13.333,82,22,1.9,12.4316666666667
2025-07-23 06:15:00,13.889,81,39,1.1,13.0616111111111
2025-07-23 06:30:00,14.833,80.4,70,1.7,13.8673333333333
2025-07-23 06:45:00,15.889,80.4,100,1.5,14.7061111111111
2025-07-23 07:00:00,17.333,79,131,1,15.8707222222222
2025-07-23 07:15:00,19.056,71,167,1.6,18.0286111111111
2025-07-23 07:30:00,19.889,65.9,200,2.4,19.8183333333333
2025-07-23 07:45:00,20.5,65.7,215,2.7,21.0030555555556
2025-07-23 08:00:00,20.889,65.8,266,2.7,22.1183333333333
2025-07-23 08:15:00,21.444,64,322,2.8,23.3391666666667
2025-07-23 08:30:00,22,61.2,362,3.2,24.3466666666667
2025-07-23 08:45:00,22.5,57.2,402,3.7,25.5533333333333
2025-07-23 09:00:00,22.778,55.7,441,3.8,26.5691666666667
2025-07-23 09:15:00,23.333,54.7,439,3.4,27.68
2025-07-23 09:30:00,24.056,52.9,469,3.6,28.8386111111111
2025-07-23 09:45:00,24.778,48.6,552,3.8,29.7233333333333
2025-07-23 10:00:00,25.556,45.7,586,3.8,31.1188888888889
2025-07-23 10:15:00,26.111,45.2,620,3.2,31.6005555555556
2025-07-23 10:30:00,26.778,42.6,651,3.8,32.288
2025-07-23 10:45:00,27.167,40.8,679,3.6,32.5901111111111
2025-07-23 11:00:00,27.722,39.2,703,4,33.9219444444444
2025-07-23 11:15:00,28.056,39.5,726,2.9,34.3564444444444
2025-07-23 11:30:00,28.444,40.1,746,3.4,35.0805
2025-07-23 11:45:00,28.833,37.2,764,3.3,35.5925
2025-07-23 12:00:00,29.389,36.9,779,3,36.2997777777778
2025-07-23 12:15:00,30,34.8,791,2.6,36.6813333333333
2025-07-23 12:30:00,30.167,34.9,800,2.6,37.138
2025-07-23 12:45:00,30.278,33.3,799,4.1,37.5461666666667
2025-07-23 13:00:00,30.5,33.1,718,3.1,37.3741666666667
2025-07-23 13:15:00,30.833,33.4,781,2.8,37.9561111111111
2025-07-23 13:30:00,30.944,34.1,811,3,37.7238333333333
2025-07-23 13:45:00,31.333,33.7,786,3,38.3488888888889
2025-07-23 14:00:00,31.444,33.9,739,3.4,38.6465
2025-07-23 14:15:00,31.722,33.4,676,2.5,38.6238888888889
2025-07-23 14:30:00,31.889,33,656,3.5,38.2275
2025-07-23 14:45:00,32.278,31.7,694,3.3,38.9291666666667
2025-07-23 15:00:00,32.5,32.1,706,3.1,38.9102777777778
2025-07-23 15:15:00,32.667,31.8,713,3,38.9386666666667
2025-07-23 15:30:00,32.778,31.3,697,3.3,39.1766666666667
2025-07-23 15:45:00,33,30.8,673,3.5,38.8094444444444
2025-07-23 16:00:00,32.944,31.6,644,4.1,38.89
2025-07-23 16:15:00,33.278,29.8,612,4.4,39.2055555555556
2025-07-23 16:30:00,33.278,30,579,3.9,40.1691666666667
2025-07-23 16:45:00,33.278,30.3,541,4.2,40.0994444444444
2025-07-23 17:00:00,33.222,29.9,504,4.7,39.7666666666667
2025-07-23 17:15:00,33.167,29.8,468,3.8,38.8605
2025-07-23 17:30:00,32.667,31.2,429,3.7,38.65
2025-07-23 17:45:00,32.889,30.1,389,3.5,38.218
2025-07-23 18:00:00,32.556,30.7,348,3.8,38.4625
2025-07-23 18:15:00,32.611,30.2,308,3.6,39.8752777777778
2025-07-23 18:30:00,32.444,30.7,266,2.9,36.9208333333333
2025-07-23 18:45:00,32,34.1,227,2.7,33.6522222222222
2025-07-23 19:00:00,31.833,32.7,190,2.7,34.8675555555556
2025-07-23 19:15:00,31.444,34.6,155,2,32.2858333333333
2025-07-23 19:30:00,30.889,37,122,1.4,31.0752777777778
2025-07-23 19:45:00,29.778,43.8,89,0.9,28.895
2025-07-23 20:00:00,27.167,54.3,62,1.6,26.5285
2025-07-23 20:15:00,25.722,56.1,32,1.6,24.4111111111111
2025-07-23 20:30:00,23.833,59,11,1.9,22.9311111111111
2025-07-23 20:45:00,22.611,61.3,4,2.4,21.9156666666667
2025-07-23 21:00:00,22.444,58.2,1,3,21.9507777777778
2025-07-23 21:15:00,23.222,51.9,0,3.6,22.6968333333333
2025-07-23 21:30:00,24.333,45.3,0,4.5,23.3396666666667
2025-07-23 21:45:00,24.611,44,0,4.7,23.48
2025-07-23 22:00:00,24.444,44.5,0,4.4,23.2883333333333
2025-07-23 22:15:00,24.333,44.3,0,4.7,22.9006666666667
2025-07-23 22:30:00,24.389,43.4,0,5.1,23.0841666666667
2025-07-23 22:45:00,24.667,42.2,0,4.2,23.4506666666667
2025-07-23 23:00:00,24.667,42.3,0,4.7,24.1077777777778
2025-07-23 23:15:00,25.333,41.1,0,4,24.2883333333333
2025-07-23 23:30:00,25.833,39.2,0,3.7,24.33
2025-07-23 23:45:00,25.833,38.2,0,4.4,22.6727777777778
2025-07-24 00:00:00,24.917,40.5,0,3.5,20.9772222222222
2025-07-24 00:15:00,24,42.8,0,2.6,19.6513888888889
2025-07-24 00:30:00,21.889,50.7,0,1.9,18.6113333333333
2025-07-24 00:45:00,20.167,57.2,0,2,18.1908333333333
2025-07-24 01:00:00,19.556,58.5,0,1.9,17.8016666666667
2025-07-24 01:15:00,19.611,57.4,0,2.7,18.0422222222222
2025-07-24 01:30:00,19.778,56.7,0,2.9,18.1966666666667
2025-07-24 01:45:00,20.722,51.7,0,4.1,18.6163333333333
2025-07-24 02:00:00,21.111,49.9,0,4,19.0716666666667
2025-07-24 02:15:00,21.333,49.5,0,4.5,19.1415555555556
2025-07-24 02:30:00,21,50.2,0,3.8,18.2652222222222
2025-07-24 02:45:00,20.611,50.6,0,3.1,16.9944444444444
2025-07-24 03:00:00,19,56,0,1.6,16.3233333333333
2025-07-24 03:15:00,17.5,62,0,1.6,16.3488888888889
2025-07-24 03:30:00,18.389,56.1,0,3.1,16.0008333333333
2025-07-24 03:45:00,16.611,63.9,0,1.8,14.78
2025-07-24 04:00:00,15.667,68.2,0,2.4,13.8763888888889
2025-07-24 04:15:00,17.611,58.5,0,3,14.1033333333333
2025-07-24 04:30:00,17.667,59.2,0,2.3,14.0522222222222
2025-07-24 04:45:00,17.278,61.6,0,2.5,14.0025
2025-07-24 05:00:00,17.5,60.6,0,3,13.8121111111111
2025-07-24 05:15:00,17.056,63.2,0,2.2,13.6516666666667
2025-07-24 05:30:00,16.389,65.4,1,1.7,13.7833333333333
2025-07-24 05:45:00,15.889,67.6,6,2,13.6573333333333
2025-07-24 06:00:00,16.889,63.2,22,2.7,14.5071111111111
2025-07-24 06:15:00,16.833,65.4,40,2.4,14.7716666666667
2025-07-24 06:30:00,18.111,60.9,72,2.5,15.4966666666667
2025-07-24 06:45:00,18.222,65,100,1.5,16.1788888888889
2025-07-24 07:00:00,18.778,66.9,130,1.3,17.3002777777778
2025-07-24 07:15:00,20.722,58.2,164,1.5,19.2305555555556
2025-07-24 07:30:00,22.056,56.4,197,3.3,21.0963888888889
2025-07-24 07:45:00,22.556,56.4,212,3.9,22.5869444444444
2025-07-24 08:00:00,23,55.8,266,4.2,23.6961111111111
2025-07-24 08:15:00,23.167,56.1,320,4.5,24.795
2025-07-24 08:30:00,23.667,55.5,360,4.4,25.825
2025-07-24 08:45:00,24.444,53.1,400,4.8,27.3116666666667
2025-07-24 09:00:00,25.056,50.8,439,4.8,28.4644444444444
2025-07-24 09:15:00,25.611,51,435,4.8,29.1636666666667
2025-07-24 09:30:00,25.889,50,473,4.9,30.3683333333333
2025-07-24 09:45:00,26.111,49.7,555,4.8,30.795
2025-07-24 10:00:00,26.5,48.4,589,5.4,31.5736111111111
2025-07-24 10:15:00,27.389,45.5,622,4.9,32.5666666666667
2025-07-24 10:30:00,28.278,43.5,652,5.1,33.2021111111111
2025-07-24 10:45:00,29.111,41,681,4.9,34.34
2025-07-24 11:00:00,29.444,38.9,709,5.9,34.2508888888889
2025-07-24 11:15:00,29.889,36.3,732,5.3,34.9933333333333
2025-07-24 11:30:00,30.056,35.3,755,5,35.6755555555555
2025-07-24 11:45:00,30.444,32.5,773,4.7,36.236
2025-07-24 12:00:00,30.722,30.4,789,4.5,37.1313888888889
2025-07-24 12:15:00,31.056,30.2,799,3.9,37.2888888888889
2025-07-24 12:30:00,31.278,31.4,809,4,37.9422222222222
2025-07-24 12:45:00,31.444,32.4,807,4.4,37.7671111111111
2025-07-24 13:00:00,31.833,31,719,3.7,38.0688888888889
2025-07-24 13:15:00,31.667,31.5,782,3.6,39.1433333333333
2025-07-24 13:30:00,32.167,30.8,813,3.6,38.5788888888889
2025-07-24 13:45:00,32.444,32.1,789,3.2,39.8672222222222
2025-07-24 14:00:00,32.333,32.4,743,2.6,38.6516666666667
2025-07-24 14:15:00,33.111,31.4,680,3.1,39.8466666666667
2025-07-24 14:30:00,33.111,32,654,2.3,40.2002777777778
2025-07-24 14:45:00,33.5,30.7,693,4.2,39.7733333333333
2025-07-24 15:00:00,33.778,29.3,709,3.2,40.2877777777778
2025-07-24 15:15:00,33.833,28.9,717,3.1,40.4977777777778
2025-07-24 15:30:00,34.167,28.2,703,5.8,40.0233333333333
2025-07-24 15:45:00,34.111,27.3,677,6.6,39.2836111111111
2025-07-24 16:00:00,34.389,26.4,647,5.8,39.7955555555555
2025-07-24 16:15:00,34.444,26.7,619,6,39.9855555555556
2025-07-24 16:30:00,34.389,26.2,586,5.7,40.9086666666667
2025-07-24 16:45:00,34.611,25,551,5.8,41.1141666666667
2025-07-24 17:00:00,34.556,26.2,516,6.1,40.7441666666667
2025-07-24 17:15:00,34.389,26.5,477,6.3,41.2719444444445
2025-07-24 17:30:00,34.556,27.4,436,4,40.9075
2025-07-24 17:45:00,34.333,27.3,396,4.8,40.36
2025-07-24 18:00:00,34.167,27.1,355,4.9,40.9018888888889
2025-07-24 18:15:00,34.222,27.4,315,4.3,41.1168888888889
2025-07-24 18:30:00,34.056,28,273,3.8,38.592
2025-07-24 18:45:00,33.944,28.5,234,3.1,35.435
2025-07-24 19:00:00,33.611,29.7,196,2.4,37.7757777777778
2025-07-24 19:15:00,33.333,30.1,159,2.2,33.6875
2025-07-24 19:30:00,32.167,35.5,125,1.7,31.4175
2025-07-24 19:45:00,30.889,41.9,94,1.5,29.3782222222222
2025-07-24 20:00:00,29.556,43.8,66,1.9,27.3388888888889
2025-07-24 20:15:00,28.167,44.7,41,2.4,26.0691666666667
2025-07-24 20:30:00,27.056,41.5,17,3.5,25.3783333333333
2025-07-24 20:45:00,26.111,41.2,4,3.5,24.6716666666667
2025-07-24 21:00:00,26.056,37.9,1,2.4,24.5724444444444
2025-07-24 21:15:00,26.167,40.4,0,2.3,23.6888888888889
2025-07-24 21:30:00,24.444,47.3,0,1.6,22.9872222222222
2025-07-24 21:45:00,23.167,46,0,2.3,21.1097222222222
2025-07-24 22:00:00,21.778,48.8,0,2.5,20.0644444444444
2025-07-24 22:15:00,22.167,44.7,0,3.8,19.9894444444444
2025-07-24 22:30:00,22.833,41.6,0,3.8,20.5375
2025-07-24 22:45:00,22.611,43.6,0,3.4,20.7622222222222
2025-07-24 23:00:00,21.444,48.7,0,2.6,20.1055555555556
2025-07-24 23:15:00,20.722,50.7,0,2.6,19.91
2025-07-24 23:30:00,20.556,50.6,0,2.9,19.6222222222222
2025-07-24 23:45:00,19.944,52.3,0,2.9,19.4494444444444
2025-07-25 00:00:00,19.722,52.4,0,3.3,18.8768888888889
2025-07-25 00:15:00,19.5,52.5,0,3.7,18.4061111111111
2025-07-25 00:30:00,18.611,55.7,0,3.7,17.0925
2025-07-25 00:45:00,18.722,55.2,0,3.1,15.795
2025-07-25 01:00:00,19.222,53,0,3.8,15.4588888888889
2025-07-25 01:15:00,19.167,53.6,0,2.6,15.4266666666667
2025-07-25 01:30:00,18.278,57.4,0,1.9,14.7305555555556
2025-07-25 01:45:00,17.111,63,0,2.3,14.5372222222222
2025-07-25 02:00:00,16.778,63,0,2.8,14.5511111111111
2025-07-25 02:15:00,17.333,59.1,0,2.4,14.1983333333333
2025-07-25 02:30:00,16.833,60.5,0,1.9,14.0241666666667
2025-07-25 02:45:00,16.833,59.5,0,2.6,14.0916666666667
2025-07-25 03:00:00,16.5,60.8,0,2.6,13.9144444444445
2025-07-25 03:15:00,16.667,60.7,0,2.3,13.705
2025-07-25 03:30:00,16.389,61.5,0,3,14.4871111111111
2025-07-25 03:45:00,17.444,59.7,0,4.4,14.9705555555556
2025-07-25 04:00:00,17.278,61.7,0,4.1,14.9065
2025-07-25 04:15:00,17.556,56.9,0,4.3,14.485
2025-07-25 04:30:00,17.389,54.4,0,3.5,14.1751666666667
2025-07-25 04:45:00,16.944,54.9,0,3.3,13.5637777777778
2025-07-25 05:00:00,16.889,54.7,0,3.8,13.1778333333333
2025-07-25 05:15:00,16.5,55.5,0,3.6,12.8433333333333
2025-07-25 05:30:00,15,62.3,1,2.8,13.1348888888889
2025-07-25 05:45:00,16.611,54.2,6,3.7,13.6058333333333
2025-07-25 06:00:00,17.333,52.3,25,3.9,13.4052222222222
2025-07-25 06:15:00,17.611,53.3,42,3.5,13.9541666666667
2025-07-25 06:30:00,18.056,54.7,76,2.3,14.7122222222222
2025-07-25 06:45:00,18.667,55.6,105,2.4,15.2575555555555
2025-07-25 07:00:00,19.5,55.7,134,2,16.9248888888889
2025-07-25 07:15:00,19.889,58.1,167,2.2,18.8573333333333
2025-07-25 07:30:00,20.778,57.5,198,2.7,20.7255
2025-07-25 07:45:00,21.222,59.1,212,2.5,21.93
2025-07-25 08:00:00,21.889,58.3,269,3.8,23.0221111111111
2025-07-25 08:15:00,22.444,57.2,321,4.5,24.2975
2025-07-25 08:30:00,23.167,52.8,360,5.3,25.1805555555556
2025-07-25 08:45:00,23.722,50.6,400,4.9,26.3751666666667
2025-07-25 09:00:00,23.944,51.5,436,5,27.1566666666667
2025-07-25 09:15:00,24.222,49.8,428,5.7,28.2795555555556
2025-07-25 09:30:00,24.833,48.7,474,4.8,28.824
2025-07-25 09:45:00,25.056,48.4,550,5.7,29.5558333333333
2025-07-25 10:00:00,25.833,45.3,585,5.8,30.3056666666667
2025-07-25 10:15:00,26.333,42.2,617,6,30.6606666666667
2025-07-25 10:30:00,26.889,39.3,649,5.9,31.9930555555556
2025-07-25 10:45:00,27.111,38.2,675,5.1,31.9758333333333
2025-07-25 11:00:00,27.333,37.7,700,5.1,33.0844444444445
2025-07-25 11:15:00,27.833,36.4,726,4.7,33.3016666666667
2025-07-25 11:30:00,28,35.7,748,4.2,33.9941666666667
2025-07-25 11:45:00,28.167,35.8,766,4,34.7772222222222
2025-07-25 12:00:00,28.667,34.2,781,2.7,36.1861111111111
2025-07-25 12:15:00,29.278,33.5,793,2.5,36.5958333333333
2025-07-25 12:30:00,29.556,32.7,804,4.3,37.4385
2025-07-25 12:45:00,30.278,30.9,802,3.2,37.4153333333333
2025-07-25 13:00:00,30.278,30.7,711,3.6,38.735
2025-07-25 13:15:00,30.333,30.6,779,2.4,39.0844444444444
2025-07-25 13:30:00,30.778,30.7,812,2.8,38.3997222222222
2025-07-25 13:45:00,31,31.2,788,3.1,38.7806666666667
2025-07-25 14:00:00,31.389,29.4,742,2.3,38.9508333333333
2025-07-25 14:15:00,31.833,29.1,679,2.1,38.6375555555555
2025-07-25 14:30:00,31.722,29.7,650,4.2,38.5186666666667
2025-07-25 14:45:00,32.111,28,690,4.1,38.8302222222222
2025-07-25 15:00:00,32.222,27.5,705,3.1,38.65
2025-07-25 15:15:00,32.667,27.8,720,4.1,39.3788333333333
2025-07-25 15:30:00,32.556,28.2,697,4.5,39.6258333333333
2025-07-25 15:45:00,32.722,28.1,671,3.8,39.2116666666667
2025-07-25 16:00:00,32.611,28.3,642,4.1,39.4716666666667
2025-07-25 16:15:00,33,28.2,612,4.8,39.6371666666667
2025-07-25 16:30:00,32.5,29.4,579,5.7,40.474
2025-07-25 16:45:00,32.778,29.2,544,4.8,40.4471111111111
2025-07-25 17:00:00,32.667,29.1,508,2.7,40.1166666666667
2025-07-25 17:15:00,33.167,28.7,471,2.9,40.0333333333333
2025-07-25 17:30:00,33.167,28.5,432,3.7,39.5911111111111
2025-07-25 17:45:00,33.167,28.8,391,4.5,38.8226111111111
2025-07-25 18:00:00,32.889,29.3,351,4.8,38.8672222222222
2025-07-25 18:15:00,32.778,28.6,312,5.4,39.3775
2025-07-25 18:30:00,32.667,28.5,274,4.4,37.4930555555555
2025-07-25 18:45:00,32.5,28.7,235,4.4,33.8262222222222
2025-07-25 19:00:00,32.056,29,196,5.6,34.7294444444444
2025-07-25 19:15:00,31.611,30,158,4.3,32.3058333333333
2025-07-25 19:30:00,31.222,30.6,124,4.4,31.2924444444444
2025-07-25 19:45:00,30.167,34.4,92,2.3,29.4663888888889
2025-07-25 20:00:00,28.5,39.8,67,3.3,28.3055555555556
2025-07-25 20:15:00,28.389,31.2,44,4.9,27.157
2025-07-25 20:30:00,27.444,30.9,20,6,25.9822777777778
2025-07-25 20:45:00,26.389,31.9,4,5.2,25.0584444444444
2025-07-25 21:00:00,25.667,32.7,0,5.3,24.3766666666667
2025-07-25 21:15:00,24.778,34.2,0,3.6,23.7008333333333
2025-07-25 21:30:00,24.333,34.9,0,4.5,23.5144444444444
2025-07-25 21:45:00,24,35.6,0,3.2,22.715
2025-07-25 22:00:00,23.611,36.4,0,2.4,21.0769444444444
2025-07-25 22:15:00,21.556,41.6,0,1.9,19.3908333333333
2025-07-25 22:30:00,21.333,41.5,0,2.6,17.9036666666667
2025-07-25 22:45:00,19.833,45.3,0,3.1,17.6227777777778
2025-07-25 23:00:00,19,50.1,0,2.6,17.692
2025-07-25 23:15:00,18.444,51.7,0,2.5,17.2513888888889
2025-07-25 23:30:00,17.889,53.6,0,2.4,16.4825
2025-07-25 23:45:00,16.722,57.1,0,2,15.8583333333333
2025-07-26 00:00:00,16.861,54.9,0,2.95,15.8768888888889
2025-07-26 00:15:00,17,52.7,0,3.9,15.6466666666667
2025-07-26 00:30:00,16.556,54.4,0,3.6,14.7730555555556
2025-07-26 00:45:00,16.5,55,0,3.5,14.1806666666667
2025-07-26 01:00:00,17.389,52.1,0,3.6,14.1895555555556
2025-07-26 01:15:00,17.333,53.1,0,3.1,14.8405555555556
2025-07-26 01:30:00,16.889,53.9,0,3.4,14.488
2025-07-26 01:45:00,16.778,53.3,0,2.6,13.4772222222222
2025-07-26 02:00:00,15.167,60.6,0,1.5,12.6024444444444
2025-07-26 02:15:00,14.111,63.4,0,1.6,11.7656666666667
2025-07-26 02:30:00,13.833,63.9,0,3,11.6897222222222
2025-07-26 02:45:00,13.667,63.6,0,2.7,11.799
2025-07-26 03:00:00,12.833,66.9,0,2.6,11.1900555555556
2025-07-26 03:15:00,13.389,64.4,0,3.6,11.1086666666667
2025-07-26 03:30:00,14.056,63.1,0,3.5,11.6525
2025-07-26 03:45:00,13.611,65.8,0,3.8,12.0077777777778
2025-07-26 04:00:00,13.778,63.8,0,3.8,12.1307222222222
2025-07-26 04:15:00,13.278,65.3,0,2.4,11.8280555555556
2025-07-26 04:30:00,13.167,64.4,0,3.1,11.8725
2025-07-26 04:45:00,13.222,63.4,0,3.5,11.7201111111111
2025-07-26 05:00:00,12.944,65.9,0,3.3,11.7766666666667
2025-07-26 05:15:00,13.556,63.5,0,3.6,11.9162222222222
2025-07-26 05:30:00,13.778,64,1,3,10.9261111111111
2025-07-26 05:45:00,13.278,66.6,5,2.2,10.4275
2025-07-26 06:00:00,13.5,67.3,23,2.6,10.5475
2025-07-26 06:15:00,14.278,66.7,40,2.9,11.2063888888889
2025-07-26 06:30:00,15,66.2,74,2,11.8582222222222
2025-07-26 06:45:00,15.778,66.8,104,1.9,12.9083333333333
2025-07-26 07:00:00,17.056,65.7,133,1.7,15.0052777777778
2025-07-26 07:15:00,18.167,62.3,167,1.1,16.9493333333333
2025-07-26 07:30:00,18.889,60.3,198,1.3,18.4708888888889
2025-07-26 07:45:00,19.5,58.9,212,1.9,19.8848333333333
2025-07-26 08:00:00,19.833,58.4,271,2.1,21.0703333333333
2025-07-26 08:15:00,20.222,56.3,322,2.1,22.1623333333333
2025-07-26 08:30:00,20.667,54.6,361,2.5,23.1221666666667
2025-07-26 08:45:00,20.944,52.7,401,2.9,24.0966666666667
2025-07-26 09:00:00,21.556,52.5,437,2.8,25.1936666666667
2025-07-26 09:15:00,21.944,51.9,427,3.8,26.3188888888889
2025-07-26 09:30:00,22.667,46.1,481,3.8,27.2751666666667
2025-07-26 09:45:00,23.111,43.7,552,4,28.0811111111111
2025-07-26 10:00:00,23.333,42.2,585,4,28.6448333333333
2025-07-26 10:15:00,23.778,42,616,4.3,29.5446666666667
2025-07-26 10:30:00,24.278,41.4,646,3.9,30.0596666666667
2025-07-26 10:45:00,24.944,39.8,673,3.9,30.72
2025-07-26 11:00:00,25.5,39.5,699,4.5,31.2068888888889
2025-07-26 11:15:00,25.667,40.7,722,3.3,31.5041666666667
2025-07-26 11:30:00,26,41.6,743,2.9,33.3821666666667
2025-07-26 11:45:00,26.278,41,763,3.6,33.5025
2025-07-26 12:00:00,26.833,40,779,3,33.5523333333333
2025-07-26 12:15:00,27.333,39.6,790,4,34.2058333333333
2025-07-26 12:30:00,27.778,38.8,800,3.8,34.4878333333333
2025-07-26 12:45:00,27.889,39.2,798,4.2,34.9275
2025-07-26 13:00:00,28.444,38.6,708,4.1,36.3266666666667
2025-07-26 13:15:00,28.389,39.4,775,2.6,36.375
2025-07-26 13:30:00,29.111,38.6,809,3,36.8333333333333
2025-07-26 13:45:00,29,39.9,785,2.8,38.1285
2025-07-26 14:00:00,29.333,40.1,738,3.3,37.125
2025-07-26 14:15:00,30.111,39.6,676,3.6,37.8646666666667
2025-07-26 14:30:00,30.167,38.3,646,4.8,37.554
2025-07-26 14:45:00,30.333,35.8,684,2.8,36.7219444444444
2025-07-26 15:00:00,30.778,34.8,701,5.3,37.3344444444444
2025-07-26 15:15:00,31.444,33.2,709,5,37.1601666666667
2025-07-26 15:30:00,31.222,31.4,695,4.8,37.4783333333333
2025-07-26 15:45:00,30.778,32.2,670,4.3,37.1017777777778
2025-07-26 16:00:00,31.056,31,643,5.7,37.6688333333333
2025-07-26 16:15:00,31.167,30.6,613,5.4,37.5511666666667
2025-07-26 16:30:00,31.778,29.2,580,5.7,38.4311111111111
2025-07-26 16:45:00,31.333,29.5,549,5.6,37.135
2025-07-26 17:00:00,31.333,28.8,511,5.6,37.2325
2025-07-26 17:15:00,31.278,28.2,474,6.1,37.4308333333333
2025-07-26 17:30:00,31.222,28.3,436,5.9,36.6586111111111
2025-07-26 17:45:00,31.222,29,397,5.7,36.2241666666667
2025-07-26 18:00:00,31.056,28.8,357,5.7,35.6311111111111
2025-07-26 18:15:00,30.889,28.5,316,6.1,35.6522222222222
2025-07-26 18:30:00,30.722,28.6,276,5.4,33.5161111111111
2025-07-26 18:45:00,30.5,28.8,236,4.5,31.9780555555556
2025-07-26 19:00:00,30.111,29.3,197,4.6,32.5041666666667
2025-07-26 19:15:00,29.611,30.6,161,4.4,30.4463333333333
2025-07-26 19:30:00,29.167,32.7,128,3.4,29.1842222222222
2025-07-26 19:45:00,28.167,36.5,97,2.6,27.7469444444445
2025-07-26 20:00:00,27.778,34.1,69,2.7,26.6116666666667
2025-07-26 20:15:00,27.167,32.3,42,3.7,25.4561111111111
2025-07-26 20:30:00,26.111,33.5,11,3.8,24.805
2025-07-26 20:45:00,25.444,32.9,3,3.8,23.5058333333333
2025-07-26 21:00:00,23.556,37.6,0,2.8,22.1580555555556
2025-07-26 21:15:00,22.556,38.6,0,1.5,20.8188888888889
2025-07-26 21:30:00,21.667,41.2,0,1.9,18.5988888888889
2025-07-26 21:45:00,21.5,42.1,0,3.2,19.2519444444444
2025-07-26 22:00:00,21.556,41.5,0,3.5,19.2128333333333
2025-07-26 22:15:00,21.278,42.6,0,3.9,19.7736111111111
2025-07-26 22:30:00,20.389,45.4,0,2.7,19.6213333333333
2025-07-26 22:45:00,18.833,50,0,1.7,17.8175
2025-07-26 23:00:00,17.111,56.7,0,3.2,16.7565
2025-07-26 23:15:00,16.722,57.2,0,3,15.6291666666667
2025-07-26 23:30:00,16.778,56.5,0,3.1,15.3665
2025-07-26 23:45:00,18.111,49.9,0,2.7,14.9328888888889
2025-07-27 00:00:00,17.694,52.65,0,2.6,14.6916666666667
2025-07-27 00:15:00,17.278,55.4,0,2.5,13.936
2025-07-27 00:30:00,16.556,58,0,2.2,13.8851666666667
2025-07-27 00:45:00,16.556,57.4,0,3.4,14.1358333333333
2025-07-27 01:00:00,15.611,58.7,0,1.7,13.7573333333333
2025-07-27 01:15:00,15.167,59.8,0,3,13.824
2025-07-27 01:30:00,14.889,60.6,0,2.6,12.9931666666667
2025-07-27 01:45:00,15.389,59.3,0,4.1,12.7548333333333
2025-07-27 02:00:00,15.056,63.5,0,2.5,13.1291666666667
2025-07-27 02:15:00,14.889,66.7,0,2.8,13.3406111111111
2025-07-27 02:30:00,13.667,72.1,0,2.1,12.7993333333333
2025-07-27 02:45:00,13.333,73.2,0,2.4,11.8988333333333
2025-07-27 03:00:00,12.722,74.5,0,2.4,11.1741666666667
2025-07-27 03:15:00,13,75.2,0,1.8,11.0803333333333
2025-07-27 03:30:00,13.278,73.9,0,2.7,11.2727777777778
2025-07-27 03:45:00,13.889,70.7,0,2.8,11.5428888888889
2025-07-27 04:00:00,13.667,70.3,0,4.1,11.8097222222222
2025-07-27 04:15:00,13.222,72.2,0,1.9,11.1075
2025-07-27 04:30:00,13.722,70.9,0,3,10.8473333333333
2025-07-27 04:45:00,12.056,78.4,0,2.3,10.4538888888889
2025-07-27 05:00:00,11.5,80.2,0,2.6,10.0566666666667
2025-07-27 05:15:00,12.111,77.3,0,2.9,10.1030555555556
2025-07-27 05:30:00,11.667,80.5,1,2.6,10.2937777777778
2025-07-27 05:45:00,11.889,80.1,4,2.8,10.5733333333333
2025-07-27 06:00:00,12.278,80.6,21,2.6,11.0451111111111
2025-07-27 06:15:00,13.444,77.5,39,2.4,11.5283333333333
2025-07-27 06:30:00,14.333,76.5,73,2.2,12.4002777777778
2025-07-27 06:45:00,15.556,73.8,102,2.3,13.4723333333333
2025-07-27 07:00:00,16.667,71.7,130,2.4,15.2358333333333
2025-07-27 07:15:00,18.278,67.2,164,1.1,17.1881666666667
2025-07-27 07:30:00,19.389,62.9,194,1.1,18.8461666666667
2025-07-27 07:45:00,20,60.2,210,2,20.1377222222222
2025-07-27 08:00:00,20.389,59.4,271,3.1,21.2994444444445
2025-07-27 08:15:00,20.778,58.6,320,3,22.3443333333333
2025-07-27 08:30:00,21.167,58.4,358,3.2,23.3677777777778
2025-07-27 08:45:00,21.333,58.8,399,3.8,24.2375
2025-07-27 09:00:00,21.778,57.1,433,4,25.2488333333333
2025-07-27 09:15:00,22.333,53.9,420,4.4,26.494
2025-07-27 09:30:00,22.889,53.8,483,4.1,27.2019444444444
2025-07-27 09:45:00,23.167,52.3,549,3.7,28.1818333333333
2025-07-27 10:00:00,24.111,49.4,584,3.8,28.9951111111111
2025-07-27 10:15:00,24.222,48.4,615,4.2,29.5431666666667
2025-07-27 10:30:00,24.667,46.5,647,4.8,30.1913333333333
2025-07-27 10:45:00,24.889,45.8,675,3.9,30.9148333333333
2025-07-27 11:00:00,25.222,44.5,701,3.6,31.4961111111111
2025-07-27 11:15:00,25.389,45,724,4,31.5986111111111
2025-07-27 11:30:00,25.778,44,745,4.2,32.6636666666667
2025-07-27 11:45:00,26.444,41.8,764,4.2,33.7444444444444
2025-07-27 12:00:00,26.667,40.3,780,3.7,34.5781666666667
2025-07-27 12:15:00,26.778,41.4,792,3.7,34.7525
2025-07-27 12:30:00,26.944,41.3,801,2.9,35.7193333333333
2025-07-27 12:45:00,27.611,40.1,798,3,35.9166111111111
2025-07-27 13:00:00,28.111,39,707,2.3,36.5458333333333
2025-07-27 13:15:00,28.944,36.3,779,2.7,37.4316666666667
2025-07-27 13:30:00,29.556,35.7,812,2.9,37.5741666666667
2025-07-27 13:45:00,29.889,34.4,790,2.6,37.6008333333333
2025-07-27 14:00:00,30.5,32.1,743,3.5,36.8945555555556
2025-07-27 14:15:00,30.222,31.9,683,3.7,37.3441666666667
2025-07-27 14:30:00,30.5,31.5,647,3.9,37.2880555555556
2025-07-27 14:45:00,30.778,30.1,684,3.1,38.1822222222222
2025-07-27 15:00:00,30.833,30.2,700,3.6,38.0537777777778
2025-07-27 15:15:00,31.056,29.4,708,2.6,38.4436111111111
2025-07-27 15:30:00,31.611,28,696,3.6,37.8844444444444
2025-07-27 15:45:00,32,27.3,670,4.6,37.8053333333333
2025-07-27 16:00:00,31.944,28.5,642,4.2,37.755
2025-07-27 16:15:00,31.889,27.7,611,4.7,38.8641666666667
2025-07-27 16:30:00,31.944,27.8,577,4.5,40.1711666666667
2025-07-27 16:45:00,31.722,28.3,543,4.7,38.9925
2025-07-27 17:00:00,31.889,27.8,508,5.6,37.8305555555556
2025-07-27 17:15:00,31.778,27.7,472,6.3,37.6894444444444
2025-07-27 17:30:00,31.611,27.5,433,4.4,37.7977777777778
2025-07-27 17:45:00,31.722,27,394,6,36.7291666666667
2025-07-27 18:00:00,31.278,28.3,355,7,36.2675
2025-07-27 18:15:00,31.167,29.4,283,5.8,34.8863888888889
2025-07-27 18:30:00,30.833,30,232,6.7,31.8941666666667
2025-07-27 18:45:00,30.389,30.7,209,6.1,31.1391666666667
2025-07-27 19:00:00,30.167,29.5,190,4.6,32.1671111111111
2025-07-27 19:15:00,29.889,29.3,169,4.2,30.3428333333333
2025-07-27 19:30:00,29.278,29.8,138,3.9,29.2208333333333
2025-07-27 19:45:00,28.944,29.2,98,5.2,27.6644444444445
2025-07-27 20:00:00,27.722,29.1,49,4.5,26.3766666666667
2025-07-27 20:15:00,26.444,31.4,30,4.2,24.7451111111111
2025-07-27 20:30:00,24.556,36.4,17,4.1,23.9408333333333
2025-07-27 20:45:00,23.889,35.8,3,2,22.4243333333333
2025-07-27 21:00:00,21.056,44.1,0,2.7,19.36
2025-07-27 21:15:00,20.833,42.8,0,3.8,19.0657777777778
2025-07-27 21:30:00,21.944,37.3,0,4.8,18.8122777777778
2025-07-27 21:45:00,21.167,39.3,0,4.8,18.6924444444444
2025-07-27 22:00:00,20.889,40.1,0,4.3,18.6658333333333
2025-07-27 22:15:00,20.833,40.2,0,3.4,18.9944444444444
2025-07-27 22:30:00,20.389,41.5,0,2.4,18.2816666666667
2025-07-27 22:45:00,19.333,44.9,0,2.5,17.7271111111111
2025-07-27 23:00:00,18.167,49.5,0,3.8,17.3176111111111
2025-07-27 23:15:00,18.944,46.1,0,3.6,17.5811111111111
2025-07-27 23:30:00,20,42.1,0,3.4,17.6675555555556
2025-07-27 23:45:00,19.667,43.7,0,1.5,16.5023333333333
2025-07-28 00:00:00,19.611,43.65,0,1.8,15.8825
2025-07-28 00:15:00,19.556,43.6,0,2.1,15.1083333333333
2025-07-28 00:30:00,18.667,47.6,0,2.5,15.0666666666667
2025-07-28 00:45:00,19.278,46.4,0,2.7,14.9647222222222
2025-07-28 01:00:00,18.611,50.8,0,1.6,14.5766666666667
2025-07-28 01:15:00,18,53.7,0,3.2,14.8530555555555
2025-07-28 01:30:00,18.056,53.4,0,2.1,14.4675
2025-07-28 01:45:00,17.333,56.8,0,2.6,14.4029444444444
2025-07-28 02:00:00,16.278,60.2,0,1.9,13.8233333333333
2025-07-28 02:15:00,16.056,60.3,0,2.8,13.9436666666667
2025-07-28 02:30:00,17.167,55.9,0,3.9,14.1108333333333
2025-07-28 02:45:00,16.278,59.5,0,2.7,14.0722222222222
2025-07-28 03:00:00,16.056,60.5,0,4.1,14.104
2025-07-28 03:15:00,15.889,60.8,0,3.1,13.7955
2025-07-28 03:30:00,14.611,66.3,0,2.1,12.9658333333333
2025-07-28 03:45:00,14.889,65.3,0,2.1,13.1469444444444
2025-07-28 04:00:00,15.333,63.9,0,3,13.4144444444444
2025-07-28 04:15:00,15.278,64.7,0,3.1,13.1183333333333
2025-07-28 04:30:00,15.556,63.6,0,3.8,13.1113888888889
2025-07-28 04:45:00,14.167,69.3,0,2.3,12.3765
2025-07-28 05:00:00,13.556,71.8,0,2.3,11.7371666666667
2025-07-28 05:15:00,13.278,74.9,0,1.8,11.7201666666667
2025-07-28 05:30:00,12.889,77.9,0,2.2,11.4623333333333
2025-07-28 05:45:00,12.667,79.9,3,2.1,11.4491111111111
2025-07-28 06:00:00,14.611,69,12,3.7,11.91
2025-07-28 06:15:00,14.667,68.7,30,3,12.654
2025-07-28 06:30:00,15.889,65.5,69,3.2,13.8469444444444
2025-07-28 06:45:00,17.278,63.8,96,2.8,14.7925
2025-07-28 07:00:00,18.056,66.7,126,1.2,15.6213333333333
2025-07-28 07:15:00,19.5,64.3,158,0.7,17.6605
2025-07-28 07:30:00,20.056,61.2,186,2.4,19.4327777777778
2025-07-28 07:45:00,20.278,57.6,205,3.3,20.6008333333333
2025-07-28 08:00:00,20.722,56.2,266,3.1,21.746
2025-07-28 08:15:00,21,55.6,313,3,22.8845
2025-07-28 08:30:00,21.278,55.6,352,2.8,23.808
2025-07-28 08:45:00,21.778,54.9,393,2.8,25.1436666666667
2025-07-28 09:00:00,22.167,54.1,426,3.1,26.1050555555556
2025-07-28 09:15:00,22.889,53,414,3.6,27.2886111111111
2025-07-28 09:30:00,23.556,52.3,482,3.8,28.119
2025-07-28 09:45:00,24,52.3,544,3.9,28.8091666666667
2025-07-28 10:00:00,24.389,50.3,578,4.2,29.7366666666667
2025-07-28 10:15:00,25.056,49.9,606,3.6,30.5366666666667
2025-07-28 10:30:00,25.444,49.1,637,3.4,31.1858333333333
2025-07-28 10:45:00,26,47.5,668,3.3,31.8663333333333
2025-07-28 11:00:00,26.667,46.1,695,3.7,30.9731666666667
2025-07-28 11:15:00,26.944,43.9,719,4.1,27.302
2025-07-28 11:30:00,27.667,39.8,741,3.5,27.4605
2025-07-28 11:45:00,28,36,761,2.8,28.284
2025-07-28 12:00:00,28.722,34.3,777,2.7,29.4635
2025-07-28 12:15:00,29,30.6,791,3.4,30.816
2025-07-28 12:30:00,29.667,28.4,802,2.9,31.06
2025-07-28 12:45:00,29.722,29.4,800,3.1,31.0208333333333
2025-07-28 13:00:00,30.278,27.8,711,2.8,31.5338888888889
2025-07-28 13:15:00,31,26.2,783,2.9,31.7444444444444
2025-07-28 13:30:00,31.444,25.8,823,2.8,32.0943333333333
2025-07-28 13:45:00,32.111,24.8,819,3.6,32.5369444444444
2025-07-28 14:00:00,32.167,24.4,745,3.5,32.8718333333333
2025-07-28 14:15:00,32.5,23.8,685,2.5,34.7566666666667
2025-07-28 14:30:00,32.611,26.2,660,2.7,33.9341666666667
2025-07-28 14:45:00,32.778,27.1,687,2.9,37.8781666666667
2025-07-28 15:00:00,32.778,27.2,679,3.8,39.8725
2025-07-28 15:15:00,33.278,26.4,689,2.6,39.0636111111111
2025-07-28 15:30:00,32.944,26.5,655,3.2,40.5057777777778
2025-07-28 15:45:00,33.611,24.7,654,2.6,45.8226666666667
2025-07-28 16:00:00,33.556,24.7,644,2.9,47.1208333333333
2025-07-28 16:15:00,33.667,24.3,611,2.7,44.9336666666667
2025-07-28 16:30:00,33.944,24.3,575,2.1,41.8544444444444
2025-07-28 16:45:00,34.222,23.8,541,2.1,43.3781111111111
2025-07-28 17:00:00,34.111,23.7,504,2.2,41.876
2025-07-28 17:15:00,34.167,24.5,467,2.9,41.2636666666667
2025-07-28 17:30:00,34.056,25.3,428,3.3,40.1157777777778
2025-07-28 17:45:00,34,24.8,388,3.5,39.4447222222222
2025-07-28 18:00:00,34,25.3,347,3,38.362
2025-07-28 18:15:00,33.833,24.9,307,3.1,36.6354444444444
2025-07-28 18:30:00,33.556,26.2,267,3.2,33.7252777777778
2025-07-28 18:45:00,33.389,26.9,227,2.8,36.3896666666667
2025-07-28 19:00:00,32.889,27.9,190,2.1,33.1543888888889
2025-07-28 19:15:00,32.778,28.5,154,1.5,30.2353333333333
2025-07-28 19:30:00,30.611,40.3,120,1.3,28.8186111111111
2025-07-28 19:45:00,28,48.7,89,2.3,27.4336666666667
2025-07-28 20:00:00,28.556,41.9,61,2.4,25.8191666666667
2025-07-28 20:15:00,26.111,47.4,35,2.4,23.3702222222222
2025-07-28 20:30:00,24.778,48.2,13,2.4,22.3280555555556
2025-07-28 20:45:00,25,42.8,3,3.5,22.3738888888889
2025-07-28 21:00:00,24.667,41.5,0,3.1,21.6888888888889
2025-07-28 21:15:00,24.056,42.1,0,3,21.2638333333333
2025-07-28 21:30:00,23.944,41,0,3.4,21.5133333333333
2025-07-28 21:45:00,23.5,41.8,0,3.5,21.2219444444444
2025-07-28 22:00:00,23.556,40.8,0,4.4,21.104
2025-07-28 22:15:00,23.556,40.9,0,4.9,21.3175555555556
2025-07-28 22:30:00,23.722,40.1,0,4.8,20.88
2025-07-28 22:45:00,23.222,42.3,0,3.8,20.1704444444444
2025-07-28 23:00:00,22,46.4,0,3.6,19.8385
2025-07-28 23:15:00,21.833,46,0,3.4,19.4916666666667
2025-07-28 23:30:00,22.111,43.8,0,3.6,19.1719444444444
2025-07-28 23:45:00,21.389,45.2,0,3,18.9596666666667
2025-07-29 00:00:00,21.389,44.2,0,3.4,18.5682222222222
2025-07-29 00:15:00,21.389,43.2,0,3.8,18.3366666666667
2025-07-29 00:30:00,21.056,43.6,0,3.7,18.0259444444444
2025-07-29 00:45:00,20.222,47,0,3.2,17.845
2025-07-29 01:00:00,20.056,47.2,0,3.5,16.8923333333333
2025-07-29 01:15:00,19.722,47.2,0,2.3,15.6716666666667
2025-07-29 01:30:00,18.5,52.4,0,2.6,15.3794444444444
2025-07-29 01:45:00,18.111,54,0,2.3,14.6483333333333
2025-07-29 02:00:00,17.389,58.1,0,2.2,14.9673333333333
2025-07-29 02:15:00,18.056,54.6,0,2.5,15.582
2025-07-29 02:30:00,19.778,46.2,0,4.4,16.0902222222222
2025-07-29 02:45:00,20.444,44,0,4.4,16.135
2025-07-29 03:00:00,19.444,47.7,0,2.6,15.1541666666667
2025-07-29 03:15:00,19,48.9,0,3.3,15.1911111111111
2025-07-29 03:30:00,19.389,47.8,0,3,14.6355555555555
2025-07-29 03:45:00,19.167,48.4,0,3.6,14.5472222222222
2025-07-29 04:00:00,19.056,49.4,0,3.5,14.8666666666667
2025-07-29 04:15:00,18.056,54.2,0,2.3,14.17
2025-07-29 04:30:00,17.833,54.7,0,3.4,13.7883333333333
2025-07-29 04:45:00,16.111,61.2,0,2.1,12.955
2025-07-29 05:00:00,15.111,65.7,0,2.3,12.7797777777778
2025-07-29 05:15:00,16.056,61.6,0,2.6,12.5227777777778
2025-07-29 05:30:00,15.111,65.4,1,2.3,12.2816666666667
2025-07-29 05:45:00,14.5,68.3,5,1.8,12.2245
2025-07-29 06:00:00,14.444,69.6,18,2.2,12.2306666666667
2025-07-29 06:15:00,15.111,68.9,38,2.1,12.2902777777778
2025-07-29 06:30:00,16.056,68.9,63,1.8,12.4506666666667
2025-07-29 06:45:00,16.111,72.3,42,2.3,12.7041666666667
2025-07-29 07:00:00,16.222,73.6,62,1.8,13.6566666666667
2025-07-29 07:15:00,18.5,67.5,148,2,15.6462777777778
2025-07-29 07:30:00,20.944,60.9,183,1,17.5697222222222
2025-07-29 07:45:00,21.889,55.9,148,1.1,19.2189444444444
2025-07-29 08:00:00,22.444,52.1,211,1.3,20.8836666666667
2025-07-29 08:15:00,23.056,48.4,304,2.3,22.261
2025-07-29 08:30:00,23.444,49.7,334,2.1,23.0108333333333
2025-07-29 08:45:00,24.167,48.7,370,2.7,23.2375
2025-07-29 09:00:00,24.556,46.3,324,3,23.958
2025-07-29 09:15:00,25.778,42.7,396,4,24.9845
2025-07-29 09:30:00,26.389,42.3,489,4,25.6695
2025-07-29 09:45:00,26.833,42.4,557,4.1,26.2215555555556
2025-07-29 10:00:00,27.111,42,581,5.3,26.3618333333333
2025-07-29 10:15:00,27.167,42.8,603,5.7,26.7429444444444
2025-07-29 10:30:00,27.278,43.3,632,5.2,27.1273333333333
2025-07-29 10:45:00,27.889,42,637,4,26.9835
2025-07-29 11:00:00,27.611,43,403,3.5,26.7328888888889
2025-07-29 11:15:00,27.333,42.2,304,2.3,26.8591666666667
2025-07-29 11:30:00,27.833,41.5,477,1.7,28.4241666666667
2025-07-29 11:45:00,28.889,41.8,689,2,29.712
2025-07-29 12:00:00,29.833,40.6,820,2,31.3856666666667
2025-07-29 12:15:00,30.5,40,815,3.2,31.8175
2025-07-29 12:30:00,31.556,38,806,3.2,32.3805
2025-07-29 12:45:00,32.111,36.2,794,3,33.0047222222222
2025-07-29 13:00:00,32.5,35.6,703,2.7,33.6708333333333
2025-07-29 13:15:00,33.333,33,773,2.7,33.998
2025-07-29 13:30:00,33.5,31.2,805,3.1,34.1044444444444
2025-07-29 13:45:00,33.778,31.4,781,2.8,35.0511666666667
2025-07-29 14:00:00,33.722,30.4,734,2.9,35.7519444444444
2025-07-29 14:15:00,34.444,28.3,676,2.6,38.1293333333333
2025-07-29 14:30:00,34.5,27.2,637,2.3,36.8472222222222
2025-07-29 14:45:00,34.611,27.5,670,3,40.7798333333333
2025-07-29 15:00:00,34.833,26.3,685,3.1,45.9528333333333
2025-07-29 15:15:00,35.222,25.7,691,3.4,47.005
2025-07-29 15:30:00,35.222,26.1,680,3.6,44.5591666666667
2025-07-29 15:45:00,34.944,27.4,654,3.1,47.1161111111111
2025-07-29 16:00:00,34.611,28.1,626,3.2,47.6744444444444
2025-07-29 16:15:00,34.944,27.2,597,2.8,48.2266666666667
2025-07-29 16:30:00,35.056,27.6,564,3,47.4246666666667
2025-07-29 16:45:00,35.222,27.9,529,2.5,47.069
2025-07-29 17:00:00,35.111,28,492,2,47.3575
2025-07-29 17:15:00,34.833,28.9,455,2.3,47.1426666666667
2025-07-29 17:30:00,34.889,28.8,417,2.8,46.7905555555556
2025-07-29 17:45:00,34.944,28.4,378,1.5,45.1011111111111
2025-07-29 18:00:00,34.833,30,338,1.7,43.7991666666667
2025-07-29 18:15:00,34.444,33,298,1.5,40.6441666666667
2025-07-29 18:30:00,34.722,29.1,258,1.5,35.5648888888889
2025-07-29 18:45:00,35,27.8,220,1.5,37.5206666666667
2025-07-29 19:00:00,34.667,27.2,182,2.4,34.375
2025-07-29 19:15:00,34,29.3,145,1.3,30.8535
2025-07-29 19:30:00,32.556,37.6,112,1.5,29.2455555555556
2025-07-29 19:45:00,30.444,41.9,81,2.1,27.5466666666667
2025-07-29 20:00:00,28.167,47.4,54,2.1,24.9241666666667
2025-07-29 20:15:00,27.278,47,25,2.5,23.3473333333333
2025-07-29 20:30:00,25.167,51.1,8,2.5,22.5122777777778
2025-07-29 20:45:00,25.667,42.6,2,3.1,21.9938333333333
2025-07-29 21:00:00,26.167,38.2,0,4.5,22.3775
2025-07-29 21:15:00,26.278,36.6,0,4.5,22.8215
2025-07-29 21:30:00,26.444,35.7,0,4.8,22.9975
2025-07-29 21:45:00,26,35.9,0,4.3,22.8833333333333
2025-07-29 22:00:00,25.778,36.1,0,4.3,22.35
2025-07-29 22:15:00,26,35.4,0,3.9,21.6341666666667
2025-07-29 22:30:00,25.833,35.2,0,3.1,21.6216666666667
2025-07-29 22:45:00,26.056,33.6,0,4.3,21.2427777777778
2025-07-29 23:00:00,25.833,33.9,0,4.3,21.3986111111111
2025-07-29 23:15:00,25.056,35.6,0,3.7,21.6333333333333
2025-07-29 23:30:00,25.444,34.2,0,4.2,22.0003333333333
2025-07-29 23:45:00,26.278,32.8,0,4.1,20.7675
2025-07-30 00:00:00,25.25,35.55,0,3.7,19.6143888888889
2025-07-30 00:15:00,24.222,38.3,0,3.3,19.1905
2025-07-30 00:30:00,23.056,41.9,0,2.9,19.7086111111111
2025-07-30 00:45:00,23.111,42.1,0,2.9,19.028
2025-07-30 01:00:00,23.278,39.6,0,2.9,18.1645
2025-07-30 01:15:00,23.556,38.7,0,4,17.8941666666667
2025-07-30 01:30:00,22.611,41.6,0,2.8,16.706
2025-07-30 01:45:00,20.833,48,0,2,16.0408888888889
2025-07-30 02:00:00,19.722,51.2,0,1.9,16.2869444444444
2025-07-30 02:15:00,19.5,51.8,0,2.9,16.9611666666667
2025-07-30 02:30:00,18.556,57.6,0,1.3,16.3543333333333
2025-07-30 02:45:00,19.889,52.5,0,3.1,17.3854444444444
2025-07-30 03:00:00,21.222,49.7,0,3.5,17.7894444444444
2025-07-30 03:15:00,20.556,52.1,0,2.2,16.6918333333333
2025-07-30 03:30:00,19.333,56.4,0,2.6,15.708
2025-07-30 03:45:00,18,62.8,0,2.6,15.2606666666667
2025-07-30 04:00:00,18.611,59.8,0,1.9,15.36
2025-07-30 04:15:00,19.556,55.3,0,3.5,15.7680555555555
2025-07-30 04:30:00,19.611,56.5,0,2.2,15.0482222222222
2025-07-30 04:45:00,17.778,65,0,2.1,14.12
2025-07-30 05:00:00,17.667,64.6,0,2.2,14.106
2025-07-30 05:15:00,17.722,63.9,0,2.7,14.307
2025-07-30 05:30:00,17.833,62.5,0,3.3,14.6728333333333
2025-07-30 05:45:00,18.611,58.6,2,2.9,14.228
2025-07-30 06:00:00,16.944,65.6,8,1.8,14.2203333333333
2025-07-30 06:15:00,18.889,55.8,31,1.9,14.2755
2025-07-30 06:30:00,19.111,58.4,57,2.3,14.9958333333333
2025-07-30 06:45:00,20.056,57.7,92,1.4,15.9413333333333
2025-07-30 07:00:00,20.333,63.7,122,1.3,17.0563333333333
2025-07-30 07:15:00,21.944,57.7,152,2.3,19.2906666666667
2025-07-30 07:30:00,23.222,52.1,177,2.8,21.3166666666667
2025-07-30 07:45:00,23.722,51.8,199,3.5,22.5593333333333
2025-07-30 08:00:00,24.222,51.4,256,2.9,23.1515555555556
2025-07-30 08:15:00,24.556,50.1,298,3.6,23.8133333333333
2025-07-30 08:30:00,24.889,48.3,300,3.7,24.2849444444444
2025-07-30 08:45:00,25.333,47.9,360,3.3,24.8516666666667
2025-07-30 09:00:00,25.889,46.9,407,2.9,25.2680555555556
2025-07-30 09:15:00,26.278,45.9,393,3.1,25.623
2025-07-30 09:30:00,26.556,44.4,452,3.4,26.1103333333333
2025-07-30 09:45:00,26.778,43.8,505,3.2,26.6258333333333
2025-07-30 10:00:00,27.556,42.6,513,2.8,27.6355
2025-07-30 10:15:00,28.444,41.5,570,2.2,28.5688333333333
2025-07-30 10:30:00,29.5,39.4,589,2.3,29.0416666666667
2025-07-30 10:45:00,29.667,39,666,2.9,29.4288888888889
2025-07-30 11:00:00,29.722,39.1,606,3.9,31.4511111111111
2025-07-30 11:15:00,31.611,36.7,895,3.6,31.7586666666667
2025-07-30 11:30:00,31.056,35.6,479,3.7,30.6876666666667
2025-07-30 11:45:00,30.556,37,312,2.9,31.2146666666667
2025-07-30 12:00:00,30.778,36.7,374,2.7,31.2481666666667
2025-07-30 12:15:00,30.889,36.7,377,3.3,32.5171111111111
2025-07-30 12:30:00,31.722,34.3,473,2,33.3122222222222
2025-07-30 12:45:00,32.611,32.3,628,2,33.7215
2025-07-30 13:00:00,33.222,32.2,583,2.9,33.034
2025-07-30 13:15:00,32.111,35.1,343,3.6,34.0375
2025-07-30 13:30:00,31,41.6,340,3.2,32.6955555555556
2025-07-30 13:45:00,29.556,49.7,351,2.5,32.1988333333333
2025-07-30 14:00:00,29.667,50.7,359,1.8,31.5193333333333
2025-07-30 14:15:00,29.722,50.1,297,1.9,30.5673333333333
2025-07-30 14:30:00,30.167,47.3,262,1.3,30.8186666666667
2025-07-30 14:45:00,30.889,44.8,344,1.8,33.7642222222222
2025-07-30 15:00:00,32.667,39.9,529,3.2,33.4131666666667
2025-07-30 15:15:00,32.278,40.1,399,3.4,33.2174444444444
2025-07-30 15:30:00,32,41.6,283,3.2,32.4693333333333
2025-07-30 15:45:00,32.778,38,431,3.6,37.6247222222222
2025-07-30 16:00:00,33.889,35.8,563,4,38.1852777777778
2025-07-30 16:15:00,34.333,33.4,568,3.8,40.7105555555556
2025-07-30 16:30:00,34.5,32.2,515,3.4,39.536
2025-07-30 16:45:00,34.5,33.1,394,3.2,41.1286666666667
2025-07-30 17:00:00,35.056,31.9,457,2.8,39.4641666666667
2025-07-30 17:15:00,34.944,31.3,343,2.5,37.9753333333333
2025-07-30 17:30:00,35.056,31.1,346,2.3,38.198
2025-07-30 17:45:00,35.389,30.1,340,3,38.6225
2025-07-30 18:00:00,35.278,30.2,327,4.2,38.3816666666667
2025-07-30 18:15:00,34.833,33.4,255,3.7,35.3130555555556
2025-07-30 18:30:00,34.111,34.4,175,3.8,32.5580555555556
2025-07-30 18:45:00,33.222,35.1,118,3.3,31.7388888888889
2025-07-30 19:00:00,32.667,33.9,104,3.5,30.5373333333333
2025-07-30 19:15:00,30.944,39,77,2.6,29.3605555555556
2025-07-30 19:30:00,29.889,40.8,79,2.3,28.6933333333333
2025-07-30 19:45:00,29.833,38.2,66,2.7,27.6688888888889
2025-07-30 20:00:00,29.389,36.7,57,2.8,26.6230555555556
2025-07-30 20:15:00,29.278,34.1,37,2.7,25.6353333333333
2025-07-30 20:30:00,28.278,34.9,14,2.8,25.1991666666667
2025-07-30 20:45:00,28,33.5,6,3.7,24.9958333333333
2025-07-30 21:00:00,28.111,32.3,0,4.1,24.4866666666667
2025-07-30 21:15:00,28,32.1,0,4,23.9148333333333
2025-07-30 21:30:00,28,32.5,0,4.1,23.802
2025-07-30 21:45:00,27.889,33,0,3.7,23.4173333333333
2025-07-30 22:00:00,26.667,35.9,0,3.2,21.7822222222222
2025-07-30 22:15:00,24.833,40.6,0,1.8,20.03
2025-07-30 22:30:00,23.333,45.7,0,1.8,18.9422222222222
2025-07-30 22:45:00,23.444,43,0,2.2,18.321
2025-07-30 23:00:00,23.444,42.8,0,1.8,19.39
2025-07-30 23:15:00,23.389,44,0,2.6,19.2206111111111
2025-07-30 23:30:00,24.167,39.6,0,2.7,19.0138333333333
2025-07-30 23:45:00,23.611,42,0,2,18.2623333333333
2025-07-31 00:00:00,23.722,42.9,0,2.45,18.51
2025-07-31 00:15:00,23.833,43.8,0,2.9,21.1726666666667
2025-07-31 00:30:00,23.111,47.9,0,2,19.7219444444445
2025-07-31 00:45:00,22.611,51.5,0,2.6,19.3930555555555
2025-07-31 01:00:00,22.444,52.3,0,3.5,19.3646666666667
2025-07-31 01:15:00,22.556,51.8,0,4.6,19.6127222222222
2025-07-31 01:30:00,22.722,51.4,0,4.4,19.1880555555556
2025-07-31 01:45:00,22.611,51,0,4.2,19.4615
2025-07-31 02:00:00,23.167,48.5,0,4,18.0113333333333
2025-07-31 02:15:00,24.111,45.3,0,3.9,17.0023333333333
2025-07-31 02:30:00,24.667,43.7,0,4.2,16.3518333333333
2025-07-31 02:45:00,22.222,51.7,0,2.1,15.9058333333333
2025-07-31 03:00:00,20.5,57.5,0,1.5,15.4191666666667
2025-07-31 03:15:00,21.333,53,0,3.4,15.5675
2025-07-31 03:30:00,19.722,59.6,0,3.2,16.352
2025-07-31 03:45:00,19.556,62,0,3.4,16.47
2025-07-31 04:00:00,19,64.8,0,2.3,15.9458333333333
2025-07-31 04:15:00,18.778,65.7,0,2.4,16.6268333333333
2025-07-31 04:30:00,19.389,63.7,0,3.6,17.9097777777778
2025-07-31 04:45:00,20.111,63.3,0,3.6,18.4206666666667
2025-07-31 05:00:00,20.5,61.7,0,4.1,18.8725
2025-07-31 05:15:00,20.889,57.8,0,3.9,19.06
2025-07-31 05:30:00,21.111,55.2,0,4.3,18.905
2025-07-31 05:45:00,21.722,50.9,2,5,18.5606666666667
2025-07-31 06:00:00,22.167,48.8,14,4.9,18.6891111111111
2025-07-31 06:15:00,22.222,48.7,24,4.4,19.3158333333333
2025-07-31 06:30:00,23.056,47.1,24,4.1,20.3455
2025-07-31 06:45:00,23.722,46.1,19,2.5,19.875
2025-07-31 07:00:00,21.222,57,21,4.1,19.4575
2025-07-31 07:15:00,20.944,59.1,16,4.4,18.8675
2025-07-31 07:30:00,20.278,65.4,19,3.2,17.9911111111111
2025-07-31 07:45:00,19.111,75.9,49,3.8,18.5923333333333
2025-07-31 08:00:00,19.778,74.4,163,2.5,19.8233333333333
2025-07-31 08:15:00,20.667,73.7,105,3.9,20.0307777777778
2025-07-31 08:30:00,21.278,66.1,89,6.8,21.1025
2025-07-31 08:45:00,22.111,61.7,131,2.9,21.6982222222222
2025-07-31 09:00:00,22,66.5,90,4,20.9421111111111
2025-07-31 09:15:00,21.333,67.3,45,4.6,20.1003333333333
2025-07-31 09:30:00,21.778,65.6,46,5.7,20.856
2025-07-31 09:45:00,23.333,57,39,6,21.2868333333333
2025-07-31 10:00:00,22.389,61.9,54,5.5,21.8108333333333
2025-07-31 10:15:00,22.5,60.1,107,4,21.97
2025-07-31 10:30:00,22.222,62.7,120,3.8,22.0331111111111
2025-07-31 10:45:00,22.056,67,169,3.2,22.9858333333333
2025-07-31 11:00:00,22.667,66.4,386,2.5,25.2908333333333
2025-07-31 11:15:00,24.5,59.2,617,3.3,26.0682222222222
2025-07-31 11:30:00,25.389,56.6,363,3.7,26.3072222222222
2025-07-31 11:45:00,25.889,52.6,314,3.4,27.2823333333333
2025-07-31 12:00:00,27.333,49.7,736,3,28.4391666666667
2025-07-31 12:15:00,27.889,48.2,609,3.9,28.9296666666667
2025-07-31 12:30:00,28.389,48.7,618,4.1,28.5236666666667
2025-07-31 12:45:00,28.389,49.5,523,4.1,29.0677777777778
2025-07-31 13:00:00,29.611,46,710,3.5,30.9208333333333
2025-07-31 13:15:00,30.5,44.1,802,3.5,31.6713888888889
2025-07-31 13:30:00,31,43.1,742,3.3,32.4665
2025-07-31 13:45:00,31.278,43.4,723,3,33.2630555555556
2025-07-31 14:00:00,31.722,41.8,753,3.4,32.9133333333333
2025-07-31 14:15:00,32,41.5,653,3.2,34.192
2025-07-31 14:30:00,33,38.8,680,2.6,35.2375
2025-07-31 14:45:00,33.222,38.3,710,3.1,38.4836111111111
2025-07-31 15:00:00,33.667,37.1,688,3,41.2606666666667
2025-07-31 15:15:00,33.667,37.3,637,2.9,40.2877777777778
2025-07-31 15:30:00,33.556,37,664,2.6,40.4682777777778
2025-07-31 15:45:00,33.778,36.6,641,3.2,39.3933333333333
2025-07-31 16:00:00,33.778,36.9,611,4.8,40.47
2025-07-31 16:15:00,33.611,37.3,585,3.8,39.3011666666667
2025-07-31 16:30:00,33.667,36.8,546,4.3,39.3391666666667
2025-07-31 16:45:00,33.889,35.9,517,3.4,39.4406666666667
2025-07-31 17:00:00,33.889,35.6,481,3.3,39.7304444444444
2025-07-31 17:15:00,34,34.2,446,4.5,38.9096666666667
2025-07-31 17:30:00,34.056,32.8,408,5.6,38.686
2025-07-31 17:45:00,33.944,33.5,367,5.3,38.5283333333333
2025-07-31 18:00:00,33.667,33.3,327,4.9,37.2641666666667
2025-07-31 18:15:00,33.5,33.8,287,5.1,34.7447222222222
2025-07-31 18:30:00,33.056,35.2,247,4.9,32.8237777777778
2025-07-31 18:45:00,32.778,35.4,208,3.8,33.0341666666667
2025-07-31 19:00:00,32.389,37.2,170,3.5,30.9908333333333
2025-07-31 19:15:00,31.778,37.9,136,3.8,29.4666666666667
2025-07-31 19:30:00,31.111,38.5,106,3.2,28.3822222222222
2025-07-31 19:45:00,29.444,45.8,73,2.3,27.5401666666667
2025-07-31 20:00:00,27.333,55,66,2.1,25.5173333333333
2025-07-31 20:15:00,26.222,58.4,37,2.3,24.5437777777778
2025-07-31 20:30:00,26.222,55.7,13,2.5,23.6882222222222
2025-07-31 20:45:00,25.889,55.2,4,2.9,23.7558333333333
2025-07-31 21:00:00,25.889,54.2,0,3,24.042
2025-07-31 21:15:00,26.111,53.2,0,3.9,24.055
2025-07-31 21:30:00,25.778,54.3,0,3.8,24.1288333333333
2025-07-31 21:45:00,26.278,52.5,0,4.4,24.17
2025-07-31 22:00:00,26.056,53.2,0,4.2,24.0675
2025-07-31 22:15:00,25.389,55.3,0,3.2,23.6211666666667
2025-07-31 22:30:00,24.889,55.6,0,3.4,23.0797777777778
2025-07-31 22:45:00,24.167,57.2,0,2.9,22.504
2025-07-31 23:00:00,24.111,54.8,0,3.4,21.8104444444444
2025-07-31 23:15:00,22.944,56.9,0,2.7,21.5909444444444
2025-07-31 23:30:00,22.722,56,0,2.9,21.4066666666667
2025-07-31 23:45:00,22.833,59,0,2.3,20.6896666666667
2025-08-01 00:00:00,22.222,61.5,0,2.35,20.365
2025-08-01 00:15:00,21.611,64,0,2.4,19.8178333333333
2025-08-01 00:30:00,21.056,66.7,0,2.3,19.4916666666667
2025-08-01 00:45:00,20.944,67.1,0,2.2,19.5635
2025-08-01 01:00:00,21.056,66.8,0,2.9,19.4194444444444
2025-08-01 01:15:00,20.611,68.2,0,2.6,19.4166666666667
2025-08-01 01:30:00,20.167,68.9,0,2.3,19.0947222222222
2025-08-01 01:45:00,20.167,69.4,0,2.2,18.9686666666667
2025-08-01 02:00:00,20,71.4,0,2.2,18.9718333333333
2025-08-01 02:15:00,20.222,70.8,0,2,19.2026666666667
2025-08-01 02:30:00,20.667,68.5,0,3.9,19.4475
2025-08-01 02:45:00,20.611,69.9,0,3,19.0958333333333
2025-08-01 03:00:00,20.056,72.7,0,2.3,18.5108333333333
2025-08-01 03:15:00,19.556,74.7,0,3.4,18.1651666666667
2025-08-01 03:30:00,19.278,74.6,0,3.1,17.9205
2025-08-01 03:45:00,19.5,72.3,0,4,17.7375
2025-08-01 04:00:00,19.444,72.3,0,4.7,17.5348333333333
2025-08-01 04:15:00,19.333,71.3,0,4.6,17.2977777777778
2025-08-01 04:30:00,19.167,70.6,0,4,16.75
2025-08-01 04:45:00,18.833,71.1,0,3.7,16.6991666666667
2025-08-01 05:00:00,19.278,68.1,0,3.3,17.1483333333333
2025-08-01 05:15:00,18.889,69.5,0,1.5,16.6353333333333
2025-08-01 05:30:00,17.833,73.8,0,1.3,15.5986111111111
2025-08-01 05:45:00,17.611,74,2,2.6,14.9336666666667
2025-08-01 06:00:00,18.056,72.1,9,2.7,14.7413333333333
2025-08-01 06:15:00,17.222,77.5,22,0.9,14.8956666666667
2025-08-01 06:30:00,18.556,70.8,40,2.3,15.5611666666667
2025-08-01 06:45:00,17.833,78.6,65,0.5,16.5808333333333
2025-08-01 07:00:00,18.611,77,76,0.6,17.7066666666667
2025-08-01 07:15:00,18.944,76,84,1.4,18.464
2025-08-01 07:30:00,19.056,77.6,91,1.2,19.3566666666667
2025-08-01 07:45:00,19.722,75.5,97,1.1,19.9657777777778
2025-08-01 08:00:00,20.333,72,108,0.8,20.6213333333333
2025-08-01 08:15:00,20.667,72.8,145,1,21.3978888888889
2025-08-01 08:30:00,21.389,69.9,187,1.7,21.9951666666667
2025-08-01 08:45:00,21.778,68.5,179,1.4,22.5846666666667
2025-08-01 09:00:00,21.833,67.8,173,1.5,23.112
2025-08-01 09:15:00,21.889,69.8,176,2.2,23.261
2025-08-01 09:30:00,22.167,67.4,146,1.9,23.0006666666667
2025-08-01 09:45:00,22.278,68.5,144,1.8,22.9313333333333
2025-08-01 10:00:00,22.778,64.2,165,1.9,23.2473333333333
2025-08-01 10:15:00,23,62.1,196,1.5,23.7421666666667
2025-08-01 10:30:00,23.111,65.6,245,1.9,24.275
2025-08-01 10:45:00,23.667,63.4,310,2.6,24.9591666666667
2025-08-01 11:00:00,23.833,63,295,2.9,25.5140555555556
2025-08-01 11:15:00,24.056,63.6,326,2.6,26.4311666666667
2025-08-01 11:30:00,24.667,62.1,435,4.3,26.6908333333333
2025-08-01 11:45:00,24.111,65.2,373,7.2,25.6006666666667
2025-08-01 12:00:00,23.5,65,371,7,25.4453333333333
2025-08-01 12:15:00,23.5,64.6,417,7.9,24.9491666666667
2025-08-01 12:30:00,23.222,63.4,348,7.4,24.2794444444444
2025-08-01 12:45:00,23.111,62.4,274,5.8,23.6583333333333
2025-08-01 13:00:00,23,61.4,229,5.7,23.2091666666667
2025-08-01 13:15:00,23,61.6,184,3.4,22.859
2025-08-01 13:30:00,22.722,61.9,154,1.9,22.6261111111111
2025-08-01 13:45:00,22.556,62.8,151,2.2,22.5305
2025-08-01 14:00:00,22.389,62,167,2.9,22.8177777777778
2025-08-01 14:15:00,22.278,63.4,172,1.7,22.9265
2025-08-01 14:30:00,22.5,61,154,1.7,23.1951666666667
2025-08-01 14:45:00,22.778,60.4,183,2.1,23.7126666666667
2025-08-01 15:00:00,23.056,59.9,229,3.3,24.6153333333333
2025-08-01 15:15:00,23,62.6,294,3.1,25.8146666666667
2025-08-01 15:30:00,23.278,62.9,328,2.3,26.292
2025-08-01 15:45:00,23.611,60.7,355,1.4,29.218
2025-08-01 16:00:00,24.778,57.9,558,2.4,35.1444444444444
2025-08-01 16:15:00,25.889,55.2,617,2.5,35.1975
2025-08-01 16:30:00,26.056,55,448,1.8,36.7804444444444
2025-08-01 16:45:00,26.944,52.3,543,1.9,39.0844444444444
2025-08-01 17:00:00,27.5,51,543,2,36.8341666666667
2025-08-01 17:15:00,27.111,53.7,286,1.8,32.2065
2025-08-01 17:30:00,26.611,54.4,194,2,30.5056666666667
2025-08-01 17:45:00,26.556,55.2,258,1.7,36.2631666666667
2025-08-01 18:00:00,27.278,54.9,379,2.3,38.185
2025-08-01 18:15:00,27.278,53.8,273,1.9,35.2836666666667
2025-08-01 18:30:00,27.722,52.2,289,2.2,30.975
2025-08-01 18:45:00,28.111,50.3,237,2.7,31.1341666666667
2025-08-01 19:00:00,28.111,50.4,186,2.8,29.262
2025-08-01 19:15:00,27.778,51.9,144,2.6,25.4025
2025-08-01 19:30:00,27.333,53.8,109,1.9,23.0553333333333
2025-08-01 19:45:00,25.833,62.5,74,1.3,23.1981666666667
2025-08-01 20:00:00,24.444,64.5,43,1.7,21.5991666666667
2025-08-01 20:15:00,22.833,66.8,12,2.2,20.2478333333333
2025-08-01 20:30:00,22.333,64.1,6,3,19.8782222222222
2025-08-01 20:45:00,21.833,62.6,2,3,19.935
2025-08-01 21:00:00,21.833,59.2,0,3.2,19.9156666666667
2025-08-01 21:15:00,21.889,58.4,0,3.6,19.6569444444444
2025-08-01 21:30:00,21.278,60.3,0,1.3,18.7046666666667
2025-08-01 21:45:00,20.611,61.4,0,2.6,18.5958333333333
2025-08-01 22:00:00,21,58.5,0,3.1,17.4766666666667
2025-08-01 22:15:00,21.944,55.4,0,3.4,17.752
2025-08-01 22:30:00,22.056,58.9,0,3.5,18.4736111111111
2025-08-01 22:45:00,21.778,63.4,0,3.8,19.1165555555556
2025-08-01 23:00:00,21.722,66.1,0,2.3,19.4583333333333
2025-08-01 23:15:00,21.5,66.6,0,3.3,18.8266666666667
2025-08-01 23:30:00,19.889,71.7,0,2.5,17.7916666666667
2025-08-01 23:45:00,19.444,71.7,0,2.6,17.5933333333333
2025-08-02 00:00:00,20.222,66.65,0,3,17.9558333333333
2025-08-02 00:15:00,21,61.6,0,3.4,17.8614444444444
2025-08-02 00:30:00,18.778,70.9,0,1.7,16.5161666666667
2025-08-02 00:45:00,17.833,74.4,0,1.5,15.7703333333333
2025-08-02 01:00:00,18.056,72.8,0,1.8,15.4703333333333
2025-08-02 01:15:00,19.222,68.3,0,2.3,15.228
2025-08-02 01:30:00,19.5,68.4,0,2.5,15.11
2025-08-02 01:45:00,18.389,73.2,0,2.5,15.7716666666667
2025-08-02 02:00:00,19.833,66.6,0,3.9,16.6377777777778
2025-08-02 02:15:00,19.611,68.3,0,3.2,15.9305
2025-08-02 02:30:00,19.222,69.7,0,1.4,14.8325
2025-08-02 02:45:00,18.389,72.4,0,1.7,14.0418333333333
2025-08-02 03:00:00,17.611,75.9,0,2.1,13.5721666666667
2025-08-02 03:15:00,16.778,79.4,0,2.3,13.5175
2025-08-02 03:30:00,17.833,73.5,0,3,13.5391111111111
2025-08-02 03:45:00,17.833,74.2,0,2.9,13.7683333333333
2025-08-02 04:00:00,16.389,79.9,0,1.8,13.31
2025-08-02 04:15:00,15.444,83.7,0,2,12.9845
2025-08-02 04:30:00,15.111,85.6,0,2.1,12.8763888888889
2025-08-02 04:45:00,14.833,86,0,2,12.7021666666667
2025-08-02 05:00:00,14.667,86.6,0,1.7,12.3375555555556
2025-08-02 05:15:00,14.278,87.8,0,1.9,12.214
2025-08-02 05:30:00,14,88.7,0,1.9,11.9568333333333
2025-08-02 05:45:00,14.167,87.7,2,2.1,11.9071111111111
2025-08-02 06:00:00,14.444,86.6,10,1.9,11.8888333333333
2025-08-02 06:15:00,15,85.4,28,2.1,12.2148888888889
2025-08-02 06:30:00,15.833,84.6,54,2.1,12.9472777777778
2025-08-02 06:45:00,16.778,84.4,81,1.6,13.6924444444444
2025-08-02 07:00:00,17.667,83.2,109,1.7,15.0343333333333
2025-08-02 07:15:00,19,78.4,139,1.1,16.6105
2025-08-02 07:30:00,20.111,75,163,1.3,17.6523888888889
2025-08-02 07:45:00,20.611,71.8,198,2,18.6661666666667
2025-08-02 08:00:00,21,68.4,255,1.8,19.6698333333333
2025-08-02 08:15:00,21.5,66,295,1.8,20.4246666666667
2025-08-02 08:30:00,22.111,64.8,335,1.6,21.3288333333333
2025-08-02 08:45:00,22.833,63.8,376,1.6,22.1756666666667
2025-08-02 09:00:00,23.556,61.2,397,2.2,22.4801666666667
2025-08-02 09:15:00,23.722,60,398,2.9,22.9787222222222
2025-08-02 09:30:00,24.167,57.9,487,2.8,23.5677777777778
2025-08-02 09:45:00,24.556,57.9,528,2.6,24.2628888888889
2025-08-02 10:00:00,24.944,56.6,563,2.5,24.7215
2025-08-02 10:15:00,25.556,55.2,578,2.3,25.5370555555556
2025-08-02 10:30:00,26.111,53.9,610,3.2,26.165
2025-08-02 10:45:00,27.111,50.9,655,3.5,26.5193333333333
2025-08-02 11:00:00,27.278,50.2,682,4.3,27.7291666666667
2025-08-02 11:15:00,27.667,49,706,3.3,28.3702777777778
2025-08-02 11:30:00,28.056,47.3,728,3.8,28.4666666666667
2025-08-02 11:45:00,28.556,46.5,747,3.2,28.6641666666667
2025-08-02 12:00:00,29.167,44.3,757,3.4,29.0453333333333
2025-08-02 12:15:00,29.5,42.2,744,3.2,29.5383333333333
2025-08-02 12:30:00,29.778,42.6,778,3.9,29.9025
2025-08-02 12:45:00,30,41.7,767,3.6,30.2178333333333
2025-08-02 13:00:00,30.5,39.9,687,3.6,30.515
2025-08-02 13:15:00,30.611,38.1,744,3.4,30.8095
2025-08-02 13:30:00,31.111,37.2,784,3.8,31.3297222222222
2025-08-02 13:45:00,31.389,35.2,762,3.2,31.5183333333333
2025-08-02 14:00:00,31.222,35.8,724,3.7,31.3641666666667
2025-08-02 14:15:00,31.722,35.6,684,3.6,31.8857777777778
2025-08-02 14:30:00,31.889,35.6,636,3.8,33.8641666666667
2025-08-02 14:45:00,32.167,34.5,668,3.9,36.9013333333333
2025-08-02 15:00:00,32.389,33,682,4.2,38.0475
2025-08-02 15:15:00,32.611,34.7,683,4.5,39.8617777777778
2025-08-02 15:30:00,32.222,33.9,668,3.7,38.6525
2025-08-02 15:45:00,32.833,32.8,649,4,38.1219444444444
2025-08-02 16:00:00,32.722,31.6,621,4.7,40.4976666666667
2025-08-02 16:15:00,32.889,33.1,587,3.7,42.6041666666667
2025-08-02 16:30:00,32.944,34.2,552,3.3,39.9922222222222
2025-08-02 16:45:00,33,33.5,516,3.3,41.8994444444444
2025-08-02 17:00:00,33.056,31.7,484,3.6,41.3083333333333
2025-08-02 17:15:00,33.222,27.1,444,3.6,38.1221666666667
2025-08-02 17:30:00,33.167,28.9,407,3.3,39.4883333333333
2025-08-02 17:45:00,33.056,29.4,357,2.5,37.2153333333333
2025-08-02 18:00:00,32.889,30.9,318,2.8,37.8891111111111
2025-08-02 18:15:00,32.556,32.9,276,2.5,33.3656666666667
2025-08-02 18:30:00,31.722,36.4,232,3.5,31.0633333333333
2025-08-02 18:45:00,31.056,38.4,190,3.4,30.9994444444444
2025-08-02 19:00:00,30.944,36.2,155,2.6,29.775
2025-08-02 19:15:00,30.5,37.4,121,0.9,27.7035555555556
2025-08-02 19:30:00,29.667,37.7,97,0.9,26.1803333333333
2025-08-02 19:45:00,26.611,50.9,69,1.8,24.2395
2025-08-02 20:00:00,25.222,53.8,42,2.1,21.5936666666667
2025-08-02 20:15:00,23.944,52.2,18,2.4,19.9
2025-08-02 20:30:00,22.389,54.7,6,2.3,18.6721666666667
2025-08-02 20:45:00,22,52.7,1,2.6,18.2825
2025-08-02 21:00:00,21.833,49.5,0,3.5,18.865
2025-08-02 21:15:00,21.833,47.2,0,3,18.1643333333333
2025-08-02 21:30:00,21.556,46.6,0,3.2,18.7408888888889
2025-08-02 21:45:00,21.944,44.3,0,3.5,19.768
2025-08-02 22:00:00,21.611,45.3,0,3.5,20.064
2025-08-02 22:15:00,21.778,43.1,0,3.1,19.1885555555556
2025-08-02 22:30:00,22,42.1,0,4.5,19.3156666666667
2025-08-02 22:45:00,22.611,38.2,0,4.3,18.7124444444444
2025-08-02 23:00:00,21.556,42.9,0,2.7,17.6833333333333
2025-08-02 23:15:00,19.778,50.6,0,2.8,16.7771111111111
2025-08-02 23:30:00,19.389,50.7,0,2.9,15.5456666666667
2025-08-02 23:45:00,19,52.6,0,2.7,14.766
2025-08-03 00:00:00,18.75,54.95,0,2.65,15.2983333333333
2025-08-03 00:15:00,18.5,57.3,0,2.6,15.2706666666667
2025-08-03 00:30:00,17.944,61.4,0,2.9,15.2343333333333
2025-08-03 00:45:00,17.333,64.3,0,2.8,15.155
2025-08-03 01:00:00,17.667,63.4,0,3.7,15.824
2025-08-03 01:15:00,17.722,61.2,0,4.5,16.2026666666667
2025-08-03 01:30:00,17.5,60.5,0,3.3,14.9488333333333
2025-08-03 01:45:00,17.111,60.2,0,2.5,14.5694444444444
2025-08-03 02:00:00,17.167,59.8,0,2.8,13.9276666666667
2025-08-03 02:15:00,16.167,65.5,0,2.1,13.4502222222222
2025-08-03 02:30:00,15.778,67.3,0,2.9,14.0643333333333
2025-08-03 02:45:00,15.833,67.7,0,2.8,14.0443333333333
2025-08-03 03:00:00,15.667,69.1,0,3.4,13.8338333333333
2025-08-03 03:15:00,15.611,70.2,0,2.9,13.2143333333333
2025-08-03 03:30:00,15.278,71.6,0,3.2,12.5991666666667
2025-08-03 03:45:00,14.778,73.1,0,2,11.7846666666667
2025-08-03 04:00:00,14.111,76.3,0,2.4,11.845
2025-08-03 04:15:00,13.833,77.2,0,1.9,11.6811111111111
2025-08-03 04:30:00,13.333,80.2,0,1.7,11.3258333333333
2025-08-03 04:45:00,13.556,78.6,0,2,11.1845
2025-08-03 05:00:00,12.667,82.5,0,2.2,10.8208333333333
2025-08-03 05:15:00,12.5,83.6,0,1.7,10.568
2025-08-03 05:30:00,12.389,84.9,0,2.1,10.5432777777778
2025-08-03 05:45:00,12.556,84.6,2,1.8,10.3556666666667
2025-08-03 06:00:00,12.5,85.5,9,1.9,10.8322222222222
2025-08-03 06:15:00,12.778,86.4,29,1.9,11.2
2025-08-03 06:30:00,13.889,84.1,53,2.1,11.5278888888889
2025-08-03 06:45:00,15.167,82.2,82,1.5,12.4857222222222
2025-08-03 07:00:00,16.389,78.8,109,1.3,13.7917777777778
2025-08-03 07:15:00,17.611,75.1,138,1.2,15.3076666666667
2025-08-03 07:30:00,18.278,73.2,161,1.6,16.57
2025-08-03 07:45:00,18.833,71.1,184,1.7,17.6269444444444
2025-08-03 08:00:00,19.278,69.1,186,2,17.6233888888889
2025-08-03 08:15:00,19.111,68.2,147,1.7,18.5519444444444
2025-08-03 08:30:00,19.444,67.2,256,1.5,19.4691111111111
2025-08-03 08:45:00,19.667,67.4,232,2.3,19.9794444444444
2025-08-03 09:00:00,19.833,65.4,249,1.9,20.5226111111111
2025-08-03 09:15:00,20,66.5,246,2.4,20.9763333333333
2025-08-03 09:30:00,20.056,66.4,234,1.7,21.1605
2025-08-03 09:45:00,20.167,66.8,264,1.7,22.3399444444444
2025-08-03 10:00:00,20.611,66.3,366,2.2,23.124
2025-08-03 10:15:00,20.889,64.4,344,1.8,23.4069444444444
2025-08-03 10:30:00,21.5,62.4,333,1.5,23.7795555555556
2025-08-03 10:45:00,22.111,59.4,401,2.6,23.8188888888889
2025-08-03 11:00:00,22.778,55.5,468,3.2,24.3766666666667
2025-08-03 11:15:00,23.444,52.7,458,3.1,23.9642777777778
2025-08-03 11:30:00,23.611,49.5,407,2.8,23.9183333333333
2025-08-03 11:45:00,23.833,48.8,395,2.5,25.6827777777778
2025-08-03 12:00:00,25.167,47.6,757,2.3,27.0661111111111
2025-08-03 12:15:00,26.556,44.9,863,2,28.1316666666667
2025-08-03 12:30:00,26.944,45.7,845,3.3,29.2055555555556
2025-08-03 12:45:00,28.278,41.2,820,2.2,28.6133333333334
2025-08-03 13:00:00,28.556,40.9,735,3,29.6783333333333
2025-08-03 13:15:00,28.833,40.8,812,3,31.0436111111111
2025-08-03 13:30:00,29.111,41,758,3.1,31.1324444444444
2025-08-03 13:45:00,29.278,40.4,727,2.8,31.1761111111111
2025-08-03 14:00:00,29.944,34.9,694,3.7,31.2323333333333
2025-08-03 14:15:00,29.667,36,539,3.3,30.1638333333333
2025-08-03 14:30:00,29.389,36.5,389,2.7,32.7113888888889
2025-08-03 14:45:00,30.556,34.9,675,2.7,35.6284444444444
2025-08-03 15:00:00,30.667,34.9,661,3.3,40.9
2025-08-03 15:15:00,31.556,32.6,742,2.6,42.0113888888889
2025-08-03 15:30:00,32.111,32.6,726,3.1,43.2095
2025-08-03 15:45:00,32.389,31.9,735,3.2,41.9172222222222
2025-08-03 16:00:00,32.167,34.9,701,5.8,39.4133333333333
2025-08-03 16:15:00,31,37.6,556,7.4,39.9461666666667
2025-08-03 16:30:00,31.167,35.4,549,4.4,41.9422222222222
2025-08-03 16:45:00,31.611,33,535,3.8,41.7591666666667
2025-08-03 17:00:00,31.611,32.4,462,3.2,40.1925
2025-08-03 17:15:00,31.278,34.4,457,6.4,39.32
2025-08-03 17:30:00,30.833,34.4,425,6.3,40.3811111111111
2025-08-03 17:45:00,31,33.5,383,4.6,40.8933333333333
2025-08-03 18:00:00,30.611,36.9,335,3.6,40.028
2025-08-03 18:15:00,30.333,37.4,292,4.5,36.8032777777778
2025-08-03 18:30:00,30.444,33.4,252,5.7,30.781
2025-08-03 18:45:00,30.111,32.6,214,5.1,28.7248333333333
2025-08-03 19:00:00,29.556,33,175,4.5,28.1164444444444
2025-08-03 19:15:00,29,32.4,139,4.3,26.47
2025-08-03 19:30:00,28.333,33.6,107,3.2,25.6326666666667
2025-08-03 19:45:00,27.778,35.9,77,3.5,24.9088888888889
2025-08-03 20:00:00,27,38.4,50,4.6,23.6578888888889
2025-08-03 20:15:00,25.556,42.6,22,2.2,22.5316666666667
2025-08-03 20:30:00,24.056,45.9,6,2.2,21.3680555555555
2025-08-03 20:45:00,21.5,55.4,1,3.2,20.0744444444444
2025-08-03 21:00:00,20.722,56,0,3.1,19.1088888888889
2025-08-03 21:15:00,20.222,56.8,0,2.8,18.7051111111111
2025-08-03 21:30:00,20,57.5,0,3,18.471
2025-08-03 21:45:00,19.944,58,0,3.3,18.38
2025-08-03 22:00:00,20.667,57,0,3.8,18.0303333333333
2025-08-03 22:15:00,19.389,62.3,0,2.8,17.5555555555556
2025-08-03 22:30:00,19,63.2,0,3.2,17.2618333333333
2025-08-03 22:45:00,18.611,63.9,0,3.1,17.194
2025-08-03 23:00:00,18.278,63.4,0,3.1,16.9702222222222
2025-08-03 23:15:00,18.167,61.8,0,2.3,16.4443333333333
2025-08-03 23:30:00,18.389,61.5,0,2.6,15.8884444444444
2025-08-03 23:45:00,18.056,64.1,0,3.4,15.7775
2025-08-04 00:00:00,17.222,66.8,0,3,15.2092222222222
2025-08-04 00:15:00,16.389,69.5,0,2.6,14.3558333333333
2025-08-04 00:30:00,15.722,69.3,0,2.1,13.7824444444444
2025-08-04 00:45:00,15.667,68.2,0,2.6,13.695
2025-08-04 01:00:00,16.944,62.8,0,3.7,13.8443333333333
2025-08-04 01:15:00,16.556,65,0,1.8,13.1105
2025-08-04 01:30:00,15.556,69.5,0,1.8,12.3655555555556
2025-08-04 01:45:00,15.111,71.1,0,3.1,12.2975555555556
2025-08-04 02:00:00,15.111,70.3,0,2.8,12.2133333333333
2025-08-04 02:15:00,15,70,0,3.8,12.5145
2025-08-04 02:30:00,14.722,70.7,0,2.3,12.0182222222222
2025-08-04 02:45:00,13.556,75.3,0,2.4,11.5961111111111
2025-08-04 03:00:00,13.222,76,0,1.9,11.385
2025-08-04 03:15:00,12.889,76.7,0,2,11.0785
2025-08-04 03:30:00,12.833,78.5,0,1.9,10.9466666666667
2025-08-04 03:45:00,13.111,79,0,1.8,10.948
2025-08-04 04:00:00,13.389,79.5,0,1.9,10.8688888888889
2025-08-04 04:15:00,13.389,80.3,0,1.8,10.676
2025-08-04 04:30:00,13.5,79.7,0,2.6,10.9525
2025-08-04 04:45:00,13.389,80.6,0,2,11.265
2025-08-04 05:00:00,13.222,82.3,0,1.9,11.4405
2025-08-04 05:15:00,13.5,80.9,0,1.9,11.5363333333333
2025-08-04 05:30:00,13.667,79.9,0,1.8,11.8975
2025-08-04 05:45:00,13.778,79.3,3,1.6,12.3476666666667
2025-08-04 06:00:00,13.944,79.1,12,1.7,12.4466666666667
2025-08-04 06:15:00,14.278,78.9,38,1.8,12.6708888888889
2025-08-04 06:30:00,14.389,79.5,47,1.9,13.1148333333333
2025-08-04 06:45:00,14.778,78,62,1.7,13.6471666666667
2025-08-04 07:00:00,15.111,77.5,91,1.1,14.3786666666667
2025-08-04 07:15:00,15.778,76.7,129,1.9,15.735
2025-08-04 07:30:00,17,73.4,246,2,16.8881666666667
2025-08-04 07:45:00,17.333,69.6,186,3.9,17.075
2025-08-04 08:00:00,17.389,67.5,183,3.3,17.103
2025-08-04 08:15:00,17.5,66.6,166,2.7,17.2061666666667
2025-08-04 08:30:00,17.333,67.3,175,3.8,17.3555555555556
2025-08-04 08:45:00,17.667,65,200,4.4,17.365
2025-08-04 09:00:00,18,63.1,221,3.5,18.3277777777778
2025-08-04 09:15:00,19.056,60.8,382,4.3,18.6293333333333
2025-08-04 09:30:00,18.944,61,281,3.4,19.1743333333333
2025-08-04 09:45:00,19.5,60.5,378,3.2,19.6423333333333
2025-08-04 10:00:00,20.111,58.9,414,3.1,20.3308888888889
2025-08-04 10:15:00,21.056,56.8,571,2.9,21.425
2025-08-04 10:30:00,22,53.7,665,5.4,21.8435
2025-08-04 10:45:00,22.5,51.9,606,6.6,22.085
2025-08-04 11:00:00,22.167,50.8,495,5.8,23.0133333333333
2025-08-04 11:15:00,23.333,47.6,760,5.1,23.3546666666667
2025-08-04 11:30:00,23.833,47.9,734,5.5,23.1866666666667
2025-08-04 11:45:00,23.833,47.1,605,4.3,23.97
2025-08-04 12:00:00,24.556,45.2,790,4,25.0275
2025-08-04 12:15:00,24.611,44.5,770,5.5,25.5525
2025-08-04 12:30:00,25,42.9,772,4.4,25.814
2025-08-04 12:45:00,25.667,42.3,876,5.2,25.7976666666667
2025-08-04 13:00:00,25.833,41.5,766,4.3,25.5728888888889
2025-08-04 13:15:00,25.889,41.4,751,4.3,26.205
2025-08-04 13:30:00,26.222,40.6,805,4.7,25.5758333333333
2025-08-04 13:45:00,26.167,40.8,692,3.8,26.4380555555556
2025-08-04 14:00:00,27.444,37.5,782,3.1,27.343
2025-08-04 14:15:00,27.944,36.2,682,3.2,27.6875
2025-08-04 14:30:00,28.278,34.9,631,3.3,28.5006666666667
2025-08-04 14:45:00,28.611,33.8,659,3.8,31.9442222222222
2025-08-04 15:00:00,28.389,34.5,675,3.2,36.3851111111111
2025-08-04 15:15:00,28.389,35,679,3,39.0194444444444
2025-08-04 15:30:00,28.944,33.8,672,2.1,39.573
2025-08-04 15:45:00,28.833,34.1,646,2.5,36.9642222222222
2025-08-04 16:00:00,29.167,33.9,617,4.2,36.6473888888889
2025-08-04 16:15:00,29.222,34.1,585,4.5,38.0388888888889
2025-08-04 16:30:00,28.778,35,553,3,38.8124444444444
2025-08-04 16:45:00,28.833,34.9,518,2.8,38.365
2025-08-04 17:00:00,29.111,34.3,482,2.6,40.2483333333333
2025-08-04 17:15:00,29.278,33.5,445,3,38.2126666666667
2025-08-04 17:30:00,29.222,33.2,406,2.7,37.7688888888889
2025-08-04 17:45:00,28.333,36.9,350,6.2,36.8315
2025-08-04 18:00:00,27.944,36.2,300,6,36.462
2025-08-04 18:15:00,27.556,36.1,283,5.8,34.2727777777778
2025-08-04 18:30:00,27.222,37.6,208,4.2,28.5758333333333
2025-08-04 18:45:00,26.667,39.3,201,4.4,27.2401111111111
2025-08-04 19:00:00,26.278,40.5,169,4,26.6271111111111
2025-08-04 19:15:00,25.778,41.7,109,3.1,24.7805555555556
2025-08-04 19:30:00,25,43.9,67,2.3,23.7358888888889
2025-08-04 19:45:00,24.278,45.8,57,2,22.9021666666667
2025-08-04 20:00:00,23.222,49.7,46,2.2,21.5347222222222
2025-08-04 20:15:00,22.056,53.2,20,2.6,20.2681666666667
2025-08-04 20:30:00,21,54.9,6,2.5,19.455
2025-08-04 20:45:00,20.167,57,0,2.8,18.6858333333333
2025-08-04 21:00:00,19.333,58.1,0,2.9,18.0897777777778
2025-08-04 21:15:00,18.333,60.2,0,2.6,17.384
2025-08-04 21:30:00,18.056,60.3,0,2.4,16.7376666666667
2025-08-04 21:45:00,16.778,66.5,0,2.4,15.8882777777778
2025-08-04 22:00:00,16.778,63.4,0,3,15.3641666666667
2025-08-04 22:15:00,16.667,61.1,0,1.8,14.9176666666667
2025-08-04 22:30:00,15.889,64.1,0,2.8,15.0566666666667
2025-08-04 22:45:00,16.333,63,0,2.7,14.9511111111111
2025-08-04 23:00:00,16.111,65.3,0,3.1,14.804
2025-08-04 23:15:00,16.111,66.4,0,2.7,14.4845
2025-08-04 23:30:00,16,68.1,0,2.6,13.8495555555556
2025-08-04 23:45:00,15.389,70.5,0,2.2,13.2681111111111
2025-08-05 00:00:00,15.111,71.65,0,2.35,12.9471666666667
2025-08-05 00:15:00,14.833,72.8,0,2.5,12.3046666666667
2025-08-05 00:30:00,14.611,73.3,0,2.1,11.7920555555556
2025-08-05 00:45:00,14.5,74.5,0,1.6,11.6245
2025-08-05 01:00:00,14,76.5,0,1.8,11.7198333333333
2025-08-05 01:15:00,13.889,76.9,0,1.8,12.0351666666667
2025-08-05 01:30:00,13.944,77,0,2.5,12.4000555555556
2025-08-05 01:45:00,13.889,77.5,0,2.2,12.6004444444444
2025-08-05 02:00:00,13.722,77.5,0,2.1,12.7581666666667
2025-08-05 02:15:00,13.333,78.7,0,2,12.6156666666667
2025-08-05 02:30:00,13.111,79.1,0,2.3,12.432
2025-08-05 02:45:00,13.056,79.1,0,2.5,12.045
2025-08-05 03:00:00,12.889,80.3,0,2.6,11.9056666666667
2025-08-05 03:15:00,12.889,80.2,0,2.3,11.9988333333333
2025-08-05 03:30:00,13.056,79.8,0,2.3,11.9822222222222
2025-08-05 03:45:00,13.222,79.7,0,2.1,11.9365
2025-08-05 04:00:00,13,80.4,0,1.9,11.8908333333333
2025-08-05 04:15:00,12.778,81.4,0,2.3,11.8661666666667
2025-08-05 04:30:00,12.778,80.7,0,2.1,11.8886666666667
2025-08-05 04:45:00,12.889,80.6,0,2.1,11.8805555555556
2025-08-05 05:00:00,13,80.7,0,1.7,11.7266666666667
2025-08-05 05:15:00,12.778,82.7,0,2,11.6403333333333
2025-08-05 05:30:00,12.833,82.1,0,1.7,11.56
2025-08-05 05:45:00,12.833,81.8,2,2.2,11.7166666666667
2025-08-05 06:00:00,12.889,81.9,5,1.6,11.5446666666667
2025-08-05 06:15:00,12.722,83,10,2.1,11.7538333333333
2025-08-05 06:30:00,12.833,82.4,28,2.1,12.3313333333333
2025-08-05 06:45:00,13.444,80.6,43,1.8,12.6805
2025-08-05 07:00:00,13.778,81.2,49,1.4,13.0213333333333
2025-08-05 07:15:00,13.944,81.1,57,1.9,13.7048888888889
2025-08-05 07:30:00,15.5,77,186,2.2,15.5450555555556
2025-08-05 07:45:00,16.778,73.5,183,2.6,16.3053333333333
2025-08-05 08:00:00,17.056,72.4,208,2,17.2625
2025-08-05 08:15:00,17.611,71.1,285,2.8,17.9978333333333
2025-08-05 08:30:00,18,70.3,354,3.3,18.7318333333333
2025-08-05 08:45:00,18.444,68.1,385,2.8,18.8218888888889
2025-08-05 09:00:00,18.833,65.8,370,2.3,19.1025555555556
2025-08-05 09:15:00,19.333,64.9,415,2.3,19.69
2025-08-05 09:30:00,19.889,62.8,469,2.9,19.7916666666667
2025-08-05 09:45:00,20.278,62.5,533,2.8,20.4073333333333
2025-08-05 10:00:00,21.389,59.7,556,3.2,21.0566666666667
2025-08-05 10:15:00,21.5,59.2,562,3.7,21.6153333333333
2025-08-05 10:30:00,21.833,56.7,595,3.4,22.3258333333333
2025-08-05 10:45:00,22.556,54,652,3.8,23.0726666666667
2025-08-05 11:00:00,23.167,50.6,679,3.6,23.7815
2025-08-05 11:15:00,23.889,49,704,4.1,24.18
2025-08-05 11:30:00,24.444,46.8,725,4.1,25.0225
2025-08-05 11:45:00,24.778,45.9,747,3.8,25.1241666666667
2025-08-05 12:00:00,25.5,43.5,761,3.6,25.4775
2025-08-05 12:15:00,25.778,42.1,760,3.6,25.6655
2025-08-05 12:30:00,26.056,40.9,787,4.1,26.5081666666667
2025-08-05 12:45:00,26.556,40.1,779,2.9,26.9405555555556
2025-08-05 13:00:00,26.889,38.8,693,3.6,27.4829444444444
2025-08-05 13:15:00,27,39.3,767,3,28.138
2025-08-05 13:30:00,27.056,38.5,797,3.8,28.5475
2025-08-05 13:45:00,27.667,36.8,777,3.6,28.7035555555556
2025-08-05 14:00:00,28.278,35.6,738,3.8,28.6933333333333
2025-08-05 14:15:00,28.889,33.6,688,4.5,29.0333333333333
2025-08-05 14:30:00,29.167,31.4,634,2.5,29.6113333333333
2025-08-05 14:45:00,29.389,31.9,672,2.9,32.9218333333333
2025-08-05 15:00:00,29,34,605,3.1,35.698
2025-08-05 15:15:00,29.444,34.3,575,2.1,37.9355
2025-08-05 15:30:00,29.611,34.4,638,2.7,38.8306666666667
2025-08-05 15:45:00,30.056,33.4,588,2.3,35.3266666666667
2025-08-05 16:00:00,29.333,33.9,306,2,32.127
2025-08-05 16:15:00,29.333,34.7,362,2.2,31.0765
2025-08-05 16:30:00,29.056,34.4,319,2.2,31.4233333333333
2025-08-05 16:45:00,28.944,34.2,298,2.2,34
2025-08-05 17:00:00,29.278,35.5,476,2.7,37.0353333333333
2025-08-05 17:15:00,29.5,34,368,3.2,33.408
2025-08-05 17:30:00,28.556,34.5,233,2.3,31.8106666666667
2025-08-05 17:45:00,28.611,34.7,338,2.8,37.5226666666667
2025-08-05 18:00:00,29.778,32.8,377,3.1,38.2231666666667
2025-08-05 18:15:00,29.556,32.8,277,3.2,33.4666666666667
2025-08-05 18:30:00,29.5,33.8,223,1.9,30.7646666666667
2025-08-05 18:45:00,29.556,33.5,201,1.2,30.11
2025-08-05 19:00:00,29.611,32.9,162,0.9,28.7828333333333
2025-08-05 19:15:00,28.056,41.5,132,1.1,27.1203333333333
2025-08-05 19:30:00,27.5,43.6,83,1.4,25.0343333333333
2025-08-05 19:45:00,25.611,46.7,36,1.8,23.2946666666667
2025-08-05 20:00:00,24.556,45.7,24,2.2,22.5013333333333
2025-08-05 20:15:00,23.889,42.9,8,2.8,21.5846666666667
2025-08-05 20:30:00,23.722,40,2,3.6,20.7518333333333
2025-08-05 20:45:00,23.167,40.4,0,3.8,21.2906666666667
2025-08-05 21:00:00,24.611,36.6,0,5.1,22.1871666666667
2025-08-05 21:15:00,23.944,39.3,0,4.5,21.3862222222222
2025-08-05 21:30:00,22.667,42.8,0,3.6,21.592
2025-08-05 21:45:00,22.333,43.3,0,4.3,21.246
2025-08-05 22:00:00,22,45.4,0,3.3,20.3841666666667
2025-08-05 22:15:00,22,44.8,0,4,19.6777777777778
2025-08-05 22:30:00,21.833,45.4,0,3,19.1477777777778
2025-08-05 22:45:00,20.444,49.4,0,1.4,17.2811111111111
2025-08-05 23:00:00,19.389,52.7,0,2.5,15.984
2025-08-05 23:15:00,18.5,55.5,0,1.9,15.1186666666667
2025-08-05 23:30:00,17.389,59.1,0,1.9,14.4575
2025-08-05 23:45:00,16.167,64.6,0,1.6,14.4811111111111
2025-08-06 00:00:00,16.972,60.9,0,2.45,14.8911111111111
2025-08-06 00:15:00,17.778,57.2,0,3.3,15.0011111111111
2025-08-06 00:30:00,17.778,57.6,0,3.5,15.2018333333333
2025-08-06 00:45:00,16.889,62.2,0,2.3,15.0206666666667
2025-08-06 01:00:00,17.056,61.9,0,2.1,14.9046666666667
2025-08-06 01:15:00,16.944,63.5,0,1.8,14.828
2025-08-06 01:30:00,16.944,65.8,0,1.8,14.8085
2025-08-06 01:45:00,16.944,67.4,0,2.1,15.152
2025-08-06 02:00:00,17.056,67.3,0,2,15.488
2025-08-06 02:15:00,18,62.4,0,3.3,15.7305555555556
2025-08-06 02:30:00,17,67.4,0,1.6,15.5395
2025-08-06 02:45:00,17.167,66.7,0,1.6,15.5091666666667
2025-08-06 03:00:00,17.111,65.5,0,1.4,15.2625
2025-08-06 03:15:00,16.667,69,0,1.3,15.0901666666667
2025-08-06 03:30:00,16.222,72.4,0,0.9,15.1445
2025-08-06 03:45:00,16.111,74,0,0.8,15.0797777777778
2025-08-06 04:00:00,16.778,70.4,0,1.9,15.2883333333333
2025-08-06 04:15:00,17.111,69,0,2.1,15.4266666666667
2025-08-06 04:30:00,17.5,68,0,2.5,15.5091666666667
2025-08-06 04:45:00,17.778,68.1,0,2.1,15.447
2025-08-06 05:00:00,17.444,68.9,0,1.7,15.4691666666667
2025-08-06 05:15:00,17.722,68.5,0,2.6,15.5261111111111
2025-08-06 05:30:00,17.556,69.6,0,1.1,15.498
2025-08-06 05:45:00,17.167,72.5,0,1.7,15.2941666666667
2025-08-06 06:00:00,17.278,71.9,2,1.9,15.3266666666667
2025-08-06 06:15:00,17.056,72.9,6,1.6,15.4197777777778
2025-08-06 06:30:00,17.278,71.6,11,2.1,16.347
2025-08-06 06:45:00,18.333,67,33,3.7,17.1093333333333
2025-08-06 07:00:00,19.222,64,40,3.6,17.334
2025-08-06 07:15:00,19.444,64,42,2.9,18.0346666666667
2025-08-06 07:30:00,19.778,63.9,63,4,18.5847222222222
2025-08-06 07:45:00,20,62.7,55,6.1,18.8774444444444
2025-08-06 08:00:00,20.111,61.3,81,6.7,19.3863333333333
2025-08-06 08:15:00,20.389,60,97,5.6,19.6615555555556
2025-08-06 08:30:00,20.444,60.8,101,5.2,19.87
2025-08-06 08:45:00,20.333,61.3,126,7.8,19.9980555555556
2025-08-06 09:00:00,20.333,62,153,6.5,20.14
2025-08-06 09:15:00,20.111,64.1,161,7.9,19.8986111111111
2025-08-06 09:30:00,20.056,65,129,5.8,19.7591666666667
2025-08-06 09:45:00,19.889,65.1,143,7.4,19.9698333333333
2025-08-06 10:00:00,19.722,67.1,186,6.8,19.5577777777778
2025-08-06 10:15:00,19.167,72.5,248,6.7,19.3457777777778
2025-08-06 10:30:00,19.056,76.2,280,5.8,19.31
2025-08-06 10:45:00,18.778,76.9,233,5.8,19.1391666666667
2025-08-06 11:00:00,18.722,78.1,264,5.3,19.55
2025-08-06 11:15:00,19.111,77.5,317,4.2,20.3915
2025-08-06 11:30:00,20,72.5,339,4.1,21.1468333333333
2025-08-06 11:45:00,20.611,70.1,436,4.4,22.1593333333333
2025-08-06 12:00:00,21.056,68.6,513,4.1,22.7866666666667
2025-08-06 12:15:00,21.556,67,525,3.7,22.9173333333333
2025-08-06 12:30:00,21.889,65.1,458,5.4,23.0586666666667
2025-08-06 12:45:00,22.5,62.5,468,4.5,23.104
2025-08-06 13:00:00,22.444,63,403,5.6,22.708
2025-08-06 13:15:00,22.111,63.7,301,5,23.3733333333333
2025-08-06 13:30:00,22.944,61.4,533,6.3,24.306
2025-08-06 13:45:00,23.167,60.9,440,5.4,24.6153333333333
2025-08-06 14:00:00,23.722,59.7,567,4.6,25.4368333333333
2025-08-06 14:15:00,24.222,58.7,595,4.4,25.8146666666667
2025-08-06 14:30:00,24.5,58,511,4.7,26.616
2025-08-06 14:45:00,24.944,57.1,655,3.9,27.1736666666667
2025-08-06 15:00:00,25.111,56.2,605,5.1,32.7698333333333
2025-08-06 15:15:00,26.167,53.5,740,5.4,33.1073333333333
2025-08-06 15:30:00,27.056,50.4,801,4.6,30.2313333333333
2025-08-06 15:45:00,26.556,51.5,590,5.2,28.5706666666667
2025-08-06 16:00:00,25.667,52.7,368,3.8,30.4571666666667
2025-08-06 16:15:00,26.056,52.6,454,3.4,28.7884444444444
2025-08-06 16:30:00,25.889,52.7,258,3.8,26.2593333333333
2025-08-06 16:45:00,25.667,53.2,292,4.8,25.6146666666667
2025-08-06 17:00:00,25.333,53.8,185,4.4,24.9913333333333
2025-08-06 17:15:00,25.167,55.3,167,3.3,24.9733333333333
2025-08-06 17:30:00,25.167,55.1,182,3.5,25.812
2025-08-06 17:45:00,25.278,55.2,212,3.8,25.6033333333333
2025-08-06 18:00:00,25.333,55.2,190,3.6,25.1313333333333
2025-08-06 18:15:00,25.278,55.4,150,4.5,24.8481666666667
2025-08-06 18:30:00,25.056,56.1,113,3.8,24.314
2025-08-06 18:45:00,24.889,56.4,102,3.9,24.412
2025-08-06 19:00:00,24.944,56.4,117,3.6,24.296
2025-08-06 19:15:00,24.778,57.5,83,3.2,23.9781666666667
2025-08-06 19:30:00,24.667,58,49,2.9,23.4046666666667
2025-08-06 19:45:00,24.056,60.1,15,1.6,22.7
2025-08-06 20:00:00,23.389,63.7,11,1.4,22.17
2025-08-06 20:15:00,22.889,65.5,6,1.7,21.7573333333333
2025-08-06 20:30:00,22.833,64.4,3,2.9,21.62
2025-08-06 20:45:00,22.778,63,0,5.7,21.5673333333333
2025-08-06 21:00:00,22.5,62.7,0,3.8,20.9883333333333
2025-08-06 21:15:00,22.222,63,0,4.1,20.618
2025-08-06 21:30:00,21.889,63.7,0,3.8,19.7913333333333
2025-08-06 21:45:00,21,66.6,0,2.5,18.9515555555556
2025-08-06 22:00:00,20,69.6,0,1.9,18.168
2025-08-06 22:15:00,19,73.1,0,2,17.4794444444444
2025-08-06 22:30:00,18.667,73.1,0,2.7,17.52
2025-08-06 22:45:00,18.944,72.3,0,3.1,17.3758333333334
2025-08-06 23:00:00,19.278,71.5,0,3.5,17.0166666666667
2025-08-06 23:15:00,18.944,73.4,0,2.7,16.9261111111111
2025-08-06 23:30:00,18.111,76.5,0,2.9,16.4061111111111
2025-08-06 23:45:00,17.778,76.3,0,2.6,15.7511111111111
2025-08-07 00:00:00,17.083,78.7,0,2.55,15.3856666666667
2025-08-07 00:15:00,16.389,81.1,0,2.5,14.8066666666667
2025-08-07 00:30:00,16.167,80.9,0,3.2,14.4430555555556
2025-08-07 00:45:00,15.611,82.8,0,2.1,13.9683333333333
2025-08-07 01:00:00,15.389,83.7,0,2.3,13.56
2025-08-07 01:15:00,15.444,83.6,0,2.3,13.2615
2025-08-07 01:30:00,15.556,82.7,0,2.2,13.17
2025-08-07 01:45:00,15.889,81,0,2.2,13.3643333333333
2025-08-07 02:00:00,16.167,79.6,0,2.3,13.5141666666667
2025-08-07 02:15:00,15.278,83.9,0,1.5,13.5375
2025-08-07 02:30:00,14.667,85.5,0,2.2,13.507
2025-08-07 02:45:00,14.889,83.9,0,2.3,13.7919444444444
2025-08-07 03:00:00,15.111,84.2,0,1.7,13.6335
2025-08-07 03:15:00,14.778,85.8,0,2.1,13.2544444444445
2025-08-07 03:30:00,15.056,84.1,0,2.7,13.7188888888889
2025-08-07 03:45:00,15.944,82,0,1.9,13.8229444444444
2025-08-07 04:00:00,15.278,85.6,0,1.8,13.4056666666667
2025-08-07 04:15:00,14.833,87.4,0,2,13.1683333333333
2025-08-07 04:30:00,14.333,89,0,1.7,12.8483333333333
2025-08-07 04:45:00,13.889,90.5,0,2,12.4953333333333
2025-08-07 05:00:00,13.5,90.1,0,2.1,12.2696666666667
2025-08-07 05:15:00,13.722,84.3,0,3,12.3566666666667
2025-08-07 05:30:00,14.611,79.1,0,3.9,12.2
2025-08-07 05:45:00,14.389,78.8,0,3.6,11.9358333333333
2025-08-07 06:00:00,14.111,78.1,4,3.5,11.6425
2025-08-07 06:15:00,13.611,79.1,14,3.5,11.4905555555556
2025-08-07 06:30:00,14,77.5,54,4.7,11.6758333333333
2025-08-07 06:45:00,14.333,77.7,86,2.8,12.3475
2025-08-07 07:00:00,15.111,76.3,134,2.6,13.5372222222222
2025-08-07 07:15:00,16.556,74.1,153,3,14.9391111111111
2025-08-07 07:30:00,16.5,76.8,84,3.5,15.2838888888889
2025-08-07 07:45:00,16.722,78.5,159,3.6,15.8861111111111
2025-08-07 08:00:00,17.056,80,228,4.5,16.5441666666667
2025-08-07 08:15:00,17.444,77.3,227,4.3,17.2905555555556
2025-08-07 08:30:00,18.333,73.1,362,5.3,18.1183333333333
2025-08-07 08:45:00,18.111,71,248,5.7,17.3758333333333
2025-08-07 09:00:00,17.444,71.1,138,5.7,17.0052777777778
2025-08-07 09:15:00,17.5,71.3,179,6.2,17.8308333333333
2025-08-07 09:30:00,18.778,66.7,371,6.6,19.8441666666667
2025-08-07 09:45:00,20.222,57.9,536,9.2,21.0286666666667
2025-08-07 10:00:00,21.444,53.5,656,9.5,21.5391111111111
2025-08-07 10:15:00,20.444,53.2,385,9.7,20.6671666666667
2025-08-07 10:30:00,20,53.5,309,8.5,19.7196666666667
2025-08-07 10:45:00,19.611,54.2,258,7.5,19.7286666666667
2025-08-07 11:00:00,19.833,53.2,252,7,19.4753333333333
2025-08-07 11:15:00,19.5,53.2,182,7.2,19.0273333333333
2025-08-07 11:30:00,19.111,55.2,174,6.9,18.8126666666667
2025-08-07 11:45:00,19.056,56.5,317,7,20.1526666666667
2025-08-07 12:00:00,20.278,51.8,476,8.1,21.3956666666667
2025-08-07 12:15:00,21.722,48.3,746,9.6,22.4495
2025-08-07 12:30:00,22.889,42.8,787,9.4,23.132
2025-08-07 12:45:00,23.444,41.6,775,9.4,23.3486666666667
2025-08-07 13:00:00,23.389,40.7,691,10.3,23.6353333333333
2025-08-07 13:15:00,23.667,40.6,765,8.3,24.1755
2025-08-07 13:30:00,24.389,39.7,796,8.3,25.6635
2025-08-07 13:45:00,24.556,39.2,779,7.8,26.0628333333333
2025-08-07 14:00:00,24.556,39.1,735,7.8,28.5946666666667
2025-08-07 14:15:00,25.056,38.1,689,9.1,29.0986666666667
2025-08-07 14:30:00,25.278,37.8,643,8.9,30.016
2025-08-07 14:45:00,25.944,37.1,691,7.9,30.0888333333333
2025-08-07 15:00:00,26.389,36.6,772,8.8,30.3333333333333
2025-08-07 15:15:00,26.389,36.4,756,8.7,31.298
2025-08-07 15:30:00,26.111,36.3,569,7.1,31.4493333333333
2025-08-07 15:45:00,26.056,35.9,541,6.8,29.4493333333333
2025-08-07 16:00:00,26.333,35.4,614,6.6,29.5026666666667
2025-08-07 16:15:00,26.556,35.3,681,7.5,30.586
2025-08-07 16:30:00,26.667,35.7,616,7.5,30.977
2025-08-07 16:45:00,26.389,35.5,598,7.9,30.9645
2025-08-07 17:00:00,26.611,35,551,6.7,29.8033333333333
2025-08-07 17:15:00,26.333,34.5,481,8,29.4984444444444
2025-08-07 17:30:00,26.111,33.3,415,7.9,29.5493333333333
2025-08-07 17:45:00,25.944,32.4,370,6.9,29.583
2025-08-07 18:00:00,25.722,33.5,337,7.2,29.0738333333333
2025-08-07 18:15:00,25.5,34.6,291,6.8,27.0626666666667
2025-08-07 18:30:00,25.389,35.3,254,7,24.706
2025-08-07 18:45:00,25.056,35.1,214,6.6,25.6211666666667
2025-08-07 19:00:00,24.889,35.4,195,6.4,24.6988333333333
2025-08-07 19:15:00,24.5,38,135,5.1,23.0973333333333
2025-08-07 19:30:00,23.833,40.8,100,4.7,22.3546666666667
2025-08-07 19:45:00,23.278,39.3,68,5.9,21.55
2025-08-07 20:00:00,22.5,39.4,43,7,20.4366666666667
2025-08-07 20:15:00,21.444,41,17,6.1,19.1945
2025-08-07 20:30:00,20.389,42.7,3,5.9,18.0808333333333
2025-08-07 20:45:00,19.5,44.4,0,5.9,17.3683333333333
2025-08-07 21:00:00,18.833,45.2,0,5.1,17.068
2025-08-07 21:15:00,18.444,45.2,0,4.5,16.144
2025-08-07 21:30:00,18,45.4,0,2.7,14.8793333333333
2025-08-07 21:45:00,17,49.4,0,3.9,14.4997777777778
2025-08-07 22:00:00,16.556,50.7,0,2.8,13.8994444444444
2025-08-07 22:15:00,15.111,56.5,0,2.4,12.6052777777778
2025-08-07 22:30:00,14.389,59.4,0,3.8,12.2855555555556
2025-08-07 22:45:00,13.833,62.9,0,2.6,11.3575
2025-08-07 23:00:00,12.278,70.3,0,2.1,10.3444444444444
2025-08-07 23:15:00,12.278,69.8,0,2.6,9.31866666666667
2025-08-07 23:30:00,11.611,72.3,0,2.6,8.7075
2025-08-07 23:45:00,10.778,74.3,0,2.1,8.84277777777778
2025-08-08 00:00:00,10.972,72.75,0,2.45,9.41111111111111
2025-08-08 00:15:00,11.167,71.2,0,2.8,9.70000000000001
2025-08-08 00:30:00,10.833,71.9,0,3.6,10.1183333333333
2025-08-08 00:45:00,11.389,69.4,0,3.6,9.68222222222222
2025-08-08 01:00:00,11.278,70.2,0,3.9,9.25083333333333
2025-08-08 01:15:00,11.278,70.4,0,3.7,8.67888888888889
2025-08-08 01:30:00,11,71,0,3.1,8.53566666666667
2025-08-08 01:45:00,11.111,70.3,0,3.8,8.55166666666667
2025-08-08 02:00:00,10.889,71.2,0,3.5,8.39972222222222
2025-08-08 02:15:00,10.667,70.4,0,4.2,8.24111111111111
2025-08-08 02:30:00,10.5,70.4,0,3.7,7.97
2025-08-08 02:45:00,10.889,70.2,0,3.6,7.90444444444445
2025-08-08 03:00:00,10.556,72.9,0,2.9,8.13
2025-08-08 03:15:00,10.278,73.6,0,4.2,8.0285
2025-08-08 03:30:00,9.833,75.7,0,3.2,7.49111111111111
2025-08-08 03:45:00,9.389,76.3,0,2.6,7.60833333333333
2025-08-08 04:00:00,9.556,75.5,0,3.8,7.39861111111111
2025-08-08 04:15:00,8.833,79.7,0,1.8,6.474
2025-08-08 04:30:00,8.778,79.4,0,2.8,6.57611111111111
2025-08-08 04:45:00,8.611,80.8,0,2.8,6.28
2025-08-08 05:00:00,7.889,83.6,0,2.2,6.06455555555556
2025-08-08 05:15:00,7.667,83.4,0,1,5.65694444444444
2025-08-08 05:30:00,7.778,82.6,0,1.5,5.57116666666667
2025-08-08 05:45:00,7.333,85,1,2.1,5.3985
2025-08-08 06:00:00,6.889,87.5,6,2.1,5.30694444444444
2025-08-08 06:15:00,7.944,83.7,30,2.2,5.64316666666667
2025-08-08 06:30:00,8.389,85.2,56,1.9,6.36344444444444
2025-08-08 06:45:00,9.333,85,81,1.6,7.38416666666667
2025-08-08 07:00:00,10.889,82.3,107,2.1,8.94
2025-08-08 07:15:00,12.389,80.3,133,1.1,10.8211111111111
2025-08-08 07:30:00,14.167,73.9,155,2.1,13.06
2025-08-08 07:45:00,14.944,67,206,4.1,14.1290555555556
2025-08-08 08:00:00,15.5,64.6,254,3.9,14.7713333333333
2025-08-08 08:15:00,15.833,64,293,5.1,15.4057777777778
2025-08-08 08:30:00,16.222,62.7,334,5.3,16.0727777777778
2025-08-08 08:45:00,16.833,61.5,368,4.7,16.7565
2025-08-08 09:00:00,17.611,59.8,363,5.1,17.4295
2025-08-08 09:15:00,18.333,58.6,431,5.6,18.211
2025-08-08 09:30:00,19.167,56.3,491,5.6,19.1253333333333
2025-08-08 09:45:00,20.222,51.4,528,6.1,19.6601666666667
2025-08-08 10:00:00,20.333,50.8,561,6.5,19.9453333333333
2025-08-08 10:15:00,20.5,51.7,531,6,20.5046666666667
2025-08-08 10:30:00,20.833,51.3,600,5.1,21.1153333333333
2025-08-08 10:45:00,21.5,49.5,655,5.1,21.462
2025-08-08 11:00:00,21.833,48.5,682,4.7,21.844
2025-08-08 11:15:00,22.389,47.1,703,3.5,22.2395
2025-08-08 11:30:00,22.889,45,727,4.2,22.9233333333333
2025-08-08 11:45:00,23.167,44.9,746,5,23.5633333333333
2025-08-08 12:00:00,23.5,43.8,747,4.2,23.7113333333333
2025-08-08 12:15:00,24,42.3,730,4,24.1711666666667
2025-08-08 12:30:00,24.056,42.5,784,4.7,24.6606666666667
2025-08-08 12:45:00,24.278,42.4,772,3.5,24.8096666666667
2025-08-08 13:00:00,24.667,40.7,687,5.2,25.5533333333333
2025-08-08 13:15:00,24.778,39.9,766,4,28.872
2025-08-08 13:30:00,25.389,38,806,4.6,30.2843333333333
2025-08-08 13:45:00,25.5,36.7,784,3.6,31.3601666666667
2025-08-08 14:00:00,26.111,35.4,735,4,32.192
2025-08-08 14:15:00,26,35.5,684,4,35.1273333333333
2025-08-08 14:30:00,26.444,33.8,629,3,33.486
2025-08-08 14:45:00,26.667,33.6,652,3.3,34.2833333333333
2025-08-08 15:00:00,26.778,33.1,670,3.1,34.2253333333333
2025-08-08 15:15:00,27.556,32.6,674,2.4,37.4506666666667
2025-08-08 15:30:00,27.556,32.9,674,3.3,39.9688333333333
2025-08-08 15:45:00,27.667,31.7,652,2.8,34.7446666666667
2025-08-08 16:00:00,27.778,31.1,619,3.2,34.0633333333333
2025-08-08 16:15:00,27.889,30.8,589,2.3,36.3633333333333
2025-08-08 16:30:00,28.278,28.4,557,2.3,39.016
2025-08-08 16:45:00,28.167,29.5,508,2.5,35.031
2025-08-08 17:00:00,28.444,28.9,482,2.8,35.637
2025-08-08 17:15:00,28.278,28.9,434,3,35.6013333333333
2025-08-08 17:30:00,28.333,28.2,422,2.4,36.484
2025-08-08 17:45:00,28.389,29.1,392,2.3,37.8963333333333
2025-08-08 18:00:00,28.333,29,334,2,37.5726666666667
2025-08-08 18:15:00,28.5,28.6,257,1.3,34.6375
2025-08-08 18:30:00,27.611,35,195,1.4,30.682
2025-08-08 18:45:00,27.444,34.4,184,1.1,30.1821666666667
2025-08-08 19:00:00,27.222,37.7,198,1.1,29.958
2025-08-08 19:15:00,26.889,35.3,107,1.2,25.5146666666667
2025-08-08 19:30:00,24.333,48.7,48,1.4,22.2481666666667
2025-08-08 19:45:00,21.833,56.5,21,2.1,19.612
2025-08-08 20:00:00,21,57.5,14,2.1,17.4646666666667
2025-08-08 20:15:00,19.889,58,7,2.3,15.895
2025-08-08 20:30:00,18.833,60.3,1,2.3,14.898
2025-08-08 20:45:00,17.889,61.7,0,2.1,14.8706666666667
2025-08-08 21:00:00,17.667,59.5,0,2.3,14.4653333333333
2025-08-08 21:15:00,18.556,52.8,0,3.1,14.7
2025-08-08 21:30:00,18.556,51.6,0,3.1,15.5372222222222
2025-08-08 21:45:00,18.611,50.5,0,3.3,16.1766666666667
2025-08-08 22:00:00,19.056,48.2,0,2.9,16.5344444444444
2025-08-08 22:15:00,18.056,52,0,2.7,16.44
2025-08-08 22:30:00,18.833,47.7,0,3.5,16.275
2025-08-08 22:45:00,18.222,49.5,0,3.2,16.3266666666666
2025-08-08 23:00:00,18.111,49.6,0,2.9,16.3311111111111
2025-08-08 23:15:00,17.556,51.9,0,2.9,16.1577777777778
2025-08-08 23:30:00,18.111,49.2,0,3,15.78
2025-08-08 23:45:00,17.444,51.4,0,2.3,14.9472222222222
2025-08-09 00:00:00,16.944,53.8,0,2.4,14.5806111111111
2025-08-09 00:15:00,16.444,56.2,0,2.5,14.1441666666667
2025-08-09 00:30:00,16.056,57.7,0,2.4,14.4830555555556
2025-08-09 00:45:00,16.556,55.5,0,1.9,14.7056666666667
2025-08-09 01:00:00,17,53.2,0,1.5,14.361
2025-08-09 01:15:00,17.111,52.1,0,1.8,14.0873333333333
2025-08-09 01:30:00,17.389,52.1,0,1.6,14.216
2025-08-09 01:45:00,18.389,50.4,0,2.2,14.7143333333333
2025-08-09 02:00:00,17.667,54.1,0,2,14.328
2025-08-09 02:15:00,16.889,59,0,2,14.7713888888889
2025-08-09 02:30:00,16.944,59.2,0,2.5,15.0183333333333
2025-08-09 02:45:00,17,58.1,0,2.4,14.2815
2025-08-09 03:00:00,16.667,56.9,0,2.3,13.6666666666667
2025-08-09 03:15:00,16,57.8,0,3,13.0647222222222
2025-08-09 03:30:00,14.778,61.6,0,2.9,12.1576666666667
2025-08-09 03:45:00,14.389,62.3,0,3,11.489
2025-08-09 04:00:00,14,61,0,1.9,11.4903333333333
2025-08-09 04:15:00,13.111,64.9,0,1.7,10.8916666666667
2025-08-09 04:30:00,13,64.9,0,1.9,10.3330555555556
2025-08-09 04:45:00,12.389,68.1,0,2.3,9.46777777777778
2025-08-09 05:00:00,12.056,70.9,0,2.2,10.0679444444444
2025-08-09 05:15:00,13.111,62.2,0,2.6,10.1197222222222
2025-08-09 05:30:00,12.778,61.5,0,2,9.94477777777778
2025-08-09 05:45:00,11.944,67,2,1.8,9.92933333333333
2025-08-09 06:00:00,12.222,64.5,9,1.6,10.2255
2025-08-09 06:15:00,12.944,61.2,31,1.9,10.84
2025-08-09 06:30:00,14.722,56.4,55,3.6,10.8653333333333
2025-08-09 06:45:00,14.444,60.5,62,1.6,11.0225
2025-08-09 07:00:00,14.667,63.5,86,1.4,12.1843333333333
2025-08-09 07:15:00,16.389,60.7,147,0.9,13.7919444444444
2025-08-09 07:30:00,18.278,56.9,167,0.9,15.2766666666667
2025-08-09 07:45:00,19.278,58.2,197,1.2,17.0683333333333
2025-08-09 08:00:00,20.389,53.6,260,1.9,18.7466666666667
2025-08-09 08:15:00,20.667,50.9,251,2.8,19.5363888888889
2025-08-09 08:30:00,21.056,51.6,326,3.3,20.1328888888889
2025-08-09 08:45:00,21.167,54.4,361,3.1,20.5122222222222
2025-08-09 09:00:00,21.833,52.8,358,2.9,21.1951666666667
2025-08-09 09:15:00,22.667,51.5,416,2.6,21.79
2025-08-09 09:30:00,23.222,48.2,484,3.3,22.4266666666667
2025-08-09 09:45:00,23.611,44.8,520,3.5,22.9833333333333
2025-08-09 10:00:00,24.278,44.6,543,2.9,23.77
2025-08-09 10:15:00,24.889,42.8,514,2.6,24.2146666666667
2025-08-09 10:30:00,25.111,42.9,588,2.8,25.0326666666667
2025-08-09 10:45:00,25.611,40.7,634,2.9,25.818
2025-08-09 11:00:00,26.222,39,665,2.6,26.5303333333333
2025-08-09 11:15:00,26.5,37.7,681,3,26.5606666666667
2025-08-09 11:30:00,27.111,36.3,708,2.9,26.7786666666667
2025-08-09 11:45:00,27.556,35.6,729,3.5,27.1073333333333
2025-08-09 12:00:00,27.722,33.9,733,2.8,27.6333333333333
2025-08-09 12:15:00,28,33.7,708,3.5,27.794
2025-08-09 12:30:00,28.611,33.3,769,4.3,28.8138333333333
2025-08-09 12:45:00,28.944,32.6,748,4,29.0221666666667
2025-08-09 13:00:00,29.333,31.8,671,3.4,29.5893333333333
2025-08-09 13:15:00,29.5,30.9,737,4.1,32.4433333333333
2025-08-09 13:30:00,29.611,30.8,766,3.2,34.1321666666667
2025-08-09 13:45:00,30.333,29.9,744,3.6,36.2933333333333
2025-08-09 14:00:00,30.111,30.5,691,2.8,34.7828333333333
2025-08-09 14:15:00,30.667,29.7,674,4.2,34.9473333333333
2025-08-09 14:30:00,30.5,30.4,596,3.9,36.392
2025-08-09 14:45:00,31.111,30.1,629,4.2,35.594
2025-08-09 15:00:00,31.222,29.6,662,4.2,35.2953333333333
2025-08-09 15:15:00,31.333,29.6,659,4.7,36.454
2025-08-09 15:30:00,31.889,29,650,3.9,37.2666666666667
2025-08-09 15:45:00,31.556,29.6,615,4,36.1715
2025-08-09 16:00:00,31.444,29.8,479,3.8,36.0173333333333
2025-08-09 16:15:00,31.611,29.4,471,2.9,35.568
2025-08-09 16:30:00,31.944,28.6,532,3.7,37.1105
2025-08-09 16:45:00,32.167,28.5,545,3.1,36.6726666666667
2025-08-09 17:00:00,31.778,28.8,458,3.7,36.626
2025-08-09 17:15:00,32.167,28.6,447,3.1,37.342
2025-08-09 17:30:00,31.833,28.2,388,2.6,37.127
2025-08-09 17:45:00,32.056,27.4,350,2.6,36.0573333333333
2025-08-09 18:00:00,32.278,28,370,2.9,35.516
2025-08-09 18:15:00,32.167,27.7,322,4.3,32.3213333333333
2025-08-09 18:30:00,31.167,29,154,3.1,29.6646666666667
2025-08-09 18:45:00,31.278,28.5,184,1.6,29.6661666666667
2025-08-09 19:00:00,31.222,28.7,141,1.3,29.2013333333333
2025-08-09 19:15:00,29.389,40,110,1.3,27.036
2025-08-09 19:30:00,28.167,43.8,100,1.5,25.6913333333333
2025-08-09 19:45:00,27.444,43.2,68,1.5,23.6358333333333
2025-08-09 20:00:00,24.556,54.7,33,2.1,21.07
2025-08-09 20:15:00,23.333,54.9,11,2.1,19.186
2025-08-09 20:30:00,22.167,55.2,4,2,18.3153333333333
2025-08-09 20:45:00,21.944,51.9,1,3,18.5846666666667
2025-08-09 21:00:00,21.556,52,0,3,18.9742222222222
2025-08-09 21:15:00,20.944,53.5,0,3.1,18.9608888888889
2025-08-09 21:30:00,20.389,55.2,0,2.7,18.86875
2025-08-09 21:45:00,19.944,56.4,0,3.3,19.0477777777778
2025-08-09 22:00:00,20.389,53.5,0,3,19.1333333333333
2025-08-09 22:15:00,20.833,50.5,0,3.5,19.0755555555556
2025-08-09 22:30:00,21.167,48.7,0,3,18.8283333333333
2025-08-09 22:45:00,21.222,47.9,0,3.8,18.6566666666667
2025-08-09 23:00:00,21.778,45.6,0,4.2,18.5077777777778
2025-08-09 23:15:00,21.222,47.2,0,2.9,18.3722222222222
2025-08-09 23:30:00,21.667,45.8,0,3.7,18.5025
2025-08-09 23:45:00,21.778,45.4,0,3.6,18.4183333333333
2025-08-10 00:00:00,21.306,46.55,0,3.5,18.2641666666667
2025-08-10 00:15:00,20.833,47.7,0,3.4,18.0694444444444
2025-08-10 00:30:00,21.056,46.3,0,3.7,17.8366666666667
2025-08-10 00:45:00,21.389,45.2,0,5,17.4508333333333
2025-08-10 01:00:00,20.389,48.7,0,3.4,16.7133333333333
2025-08-10 01:15:00,19.444,52.2,0,3.4,16.9741666666667
2025-08-10 01:30:00,19.667,50.7,0,4,16.4011111111111
2025-08-10 01:45:00,19.111,52.1,0,2.8,14.8269444444444
2025-08-10 02:00:00,19.444,50.7,0,3.5,13.8755555555556
2025-08-10 02:15:00,17.5,58.8,0,1.3,13.6283333333333
2025-08-10 02:30:00,17.111,57.8,0,1.6,13.9811111111111
2025-08-10 02:45:00,17.611,53.4,0,3,13.8948333333333
2025-08-10 03:00:00,16.833,57.6,0,1.9,13.5961111111111
2025-08-10 03:15:00,15.833,62.5,0,2,12.9606666666667
2025-08-10 03:30:00,15.111,65.9,0,2.9,12.5158333333333
2025-08-10 03:45:00,14.722,68.1,0,2.1,11.9241666666667
2025-08-10 04:00:00,14.556,69.2,0,1.9,11.7525
2025-08-10 04:15:00,14.389,70.4,0,2,11.5477777777778
2025-08-10 04:30:00,14.056,72.7,0,1.9,11.4488888888889
2025-08-10 04:45:00,13.722,73.6,0,1.5,11.4661666666667
2025-08-10 05:00:00,13.278,75.1,0,1.7,10.9975
2025-08-10 05:15:00,13.222,75.1,0,2,11.0758333333333
2025-08-10 05:30:00,13.222,75.4,0,1.7,11.2876666666667
2025-08-10 05:45:00,14,71.6,1,2.5,10.9844444444444
2025-08-10 06:00:00,14.111,71.9,4,1.8,11.1778333333333
2025-08-10 06:15:00,14,74.3,20,2.5,11.8002777777778
2025-08-10 06:30:00,15.667,68.7,42,2.2,12.6591666666667
2025-08-10 06:45:00,16.389,69.6,68,1.4,13.4795
2025-08-10 07:00:00,18.389,62.4,97,2.2,14.6885
2025-08-10 07:15:00,19.778,60.2,121,3.1,17.5588888888889
2025-08-10 07:30:00,20.667,57.9,143,3.8,19.3391666666667
2025-08-10 07:45:00,21.556,56.1,195,3.3,20.1618333333333
2025-08-10 08:00:00,22.056,56.9,238,3.2,20.4968333333333
2025-08-10 08:15:00,22.056,58,275,3.9,20.9376666666667
2025-08-10 08:30:00,22.167,58.2,316,4.3,21.3565
2025-08-10 08:45:00,22.444,55.7,345,4.1,21.9375
2025-08-10 09:00:00,23,53.7,345,3.5,22.6006666666667
2025-08-10 09:15:00,23.778,52.4,420,3.8,23.2206666666667
2025-08-10 09:30:00,24.5,50.4,470,4,23.902
2025-08-10 09:45:00,24.944,50.8,507,3.6,24.4685
2025-08-10 10:00:00,25.833,48.6,535,3.2,25.1553333333333
2025-08-10 10:15:00,26.5,47.5,504,3.3,25.8753333333333
2025-08-10 10:30:00,26.889,46.5,584,2.9,26.5031666666667
2025-08-10 10:45:00,27.722,45,631,2.4,27.0573333333333
2025-08-10 11:00:00,28.333,44.3,656,3,27.456
2025-08-10 11:15:00,28.944,42.7,671,3.2,28.452
2025-08-10 11:30:00,29.556,41.3,700,3.3,29.0326666666667
2025-08-10 11:45:00,30.167,40.7,720,4.4,29.5278333333333
2025-08-10 12:00:00,30.556,39.7,715,3.7,30.2205
2025-08-10 12:15:00,31.222,37.9,689,3.8,30.7161666666667
2025-08-10 12:30:00,31.444,37.5,756,3.8,31.23
2025-08-10 12:45:00,32,36.7,745,4.1,31.9953333333333
2025-08-10 13:00:00,32.167,35.5,665,4.2,32.1215
2025-08-10 13:15:00,32.778,34.8,745,3.7,33.467
2025-08-10 13:30:00,33,34.7,772,3.3,37.048
2025-08-10 13:45:00,33.389,34.1,756,2.6,38.5013333333333
2025-08-10 14:00:00,33.389,34.4,714,2.3,40.3626666666667
2025-08-10 14:15:00,33.667,34.5,665,2.8,39.169
2025-08-10 14:30:00,34.167,34,610,2.5,40.2188333333333
2025-08-10 14:45:00,34.167,33.6,628,4.2,41.063
2025-08-10 15:00:00,34.722,32.5,647,2.3,41.6966666666667
2025-08-10 15:15:00,34.611,33.6,651,3.1,42.4128333333333
2025-08-10 15:30:00,34.889,32.7,649,2.4,42.786
2025-08-10 15:45:00,35.056,32.8,628,3.2,43.5013333333333
2025-08-10 16:00:00,35,33.1,599,2.6,40.834
2025-08-10 16:15:00,35.111,32.9,570,3.2,39.7546666666667
2025-08-10 16:30:00,35.222,32.4,537,4.2,39.4596666666667
2025-08-10 16:45:00,35.222,32.4,501,2.9,40.6724444444444
2025-08-10 17:00:00,35.167,32.5,465,3.3,39.7806666666667
2025-08-10 17:15:00,35.389,31.5,429,3,39.8666666666667
2025-08-10 17:30:00,35.278,31.6,389,2.7,39.8601666666667
2025-08-10 17:45:00,35.167,31.8,348,2.3,39.176
2025-08-10 18:00:00,35,33.2,308,1.6,39.3106666666667
2025-08-10 18:15:00,34.833,33.1,267,1.6,41.5276666666667
2025-08-10 18:30:00,34.611,35.3,228,1.2,34.4573333333333
2025-08-10 18:45:00,34.889,33.5,190,1.1,32.4918333333333
2025-08-10 19:00:00,34.611,34.8,150,0.9,32.414
2025-08-10 19:15:00,31.889,46.9,115,1.5,29.66
2025-08-10 19:30:00,31.167,48.2,84,1.3,28.143
2025-08-10 19:45:00,30.389,46.6,55,1.4,25.2788333333333
2025-08-10 20:00:00,28.056,52.5,30,1.7,22.8778333333333
2025-08-10 20:15:00,26.778,53.7,8,2,21.4283333333333
2025-08-10 20:30:00,24.611,59.8,2,2.1,20.795
2025-08-10 20:45:00,24.222,57.5,0,1.1,21.3333333333333
2025-08-10 21:00:00,25.444,49.2,0,3.2,22.0288888888889
2025-08-10 21:15:00,25.611,46.2,0,3.9,22.1177777777778
2025-08-10 21:30:00,26.167,43.3,0,4.3,21.9865
2025-08-10 21:45:00,25.833,43.7,0,4.1,21.7141666666667
2025-08-10 22:00:00,26,42.4,0,3.7,21.1803888888889
2025-08-10 22:15:00,25.778,42.7,0,3.4,20.8455555555556
2025-08-10 22:30:00,25.722,42.2,0,3.9,20.7161111111111
2025-08-10 22:45:00,24.611,45.3,0,3.1,20.4013888888889
2025-08-10 23:00:00,24.667,43.9,0,4.3,20.3888888888889
2025-08-10 23:15:00,25.056,42.3,0,4.3,20.05
2025-08-10 23:30:00,23.944,45.9,0,2.5,19.3065
2025-08-10 23:45:00,23.833,45.9,0,2.3,19.6931111111111
2025-08-11 00:00:00,23.694,46.1,0,2.65,19.1408333333333
2025-08-11 00:15:00,23.556,46.3,0,3,18.848
2025-08-11 00:30:00,22.778,48.1,0,2.4,17.764
2025-08-11 00:45:00,21.556,52.2,0,1.7,16.2788333333333
2025-08-11 01:00:00,20,57.8,0,2.7,15.4088888888889
2025-08-11 01:15:00,19.278,60.8,0,2.3,16.0216666666667
2025-08-11 01:30:00,18.611,63.1,0,2.3,15.6230555555556
2025-08-11 01:45:00,18.833,59.5,0,1.4,16.2522222222222
2025-08-11 02:00:00,20.833,52,0,3.2,15.758
2025-08-11 02:15:00,20.556,53.3,0,3.2,16.4791666666667
2025-08-11 02:30:00,20.222,54.5,0,3.8,16.647
2025-08-11 02:45:00,20.611,51.4,0,2.8,16.5477777777778
2025-08-11 03:00:00,20.722,48.6,0,3.8,16.4702777777778
2025-08-11 03:15:00,20.167,49.8,0,2.8,15.4391666666667
2025-08-11 03:30:00,19.333,52.2,0,2.8,16.1252222222222
2025-08-11 03:45:00,20.389,46.5,0,4.6,16.185
2025-08-11 04:00:00,20.5,45.8,0,3.5,15.5743333333333
2025-08-11 04:15:00,19.889,49.9,0,2.9,15.2758888888889
2025-08-11 04:30:00,19.722,52.3,0,2.7,15.4058333333333
2025-08-11 04:45:00,20,52.3,0,3.6,16.505
2025-08-11 05:00:00,20.5,49.3,0,4.7,16.6833333333333
2025-08-11 05:15:00,20.5,49,0,4.2,16.7816666666667
2025-08-11 05:30:00,19.889,50.2,0,4.1,16.1705555555556
2025-08-11 05:45:00,19.667,50.4,0,4.4,15.6513888888889
2025-08-11 06:00:00,19.222,50.9,3,3.2,15.5933333333333
2025-08-11 06:15:00,19.667,48.9,18,3.4,15.8741666666667
2025-08-11 06:30:00,20.722,47.3,47,3.2,16.29
2025-08-11 06:45:00,21.889,48.5,70,2.6,16.6252777777778
2025-08-11 07:00:00,21.667,54.6,99,1.4,17.035
2025-08-11 07:15:00,21.944,56.6,121,2,19.053
2025-08-11 07:30:00,23.278,54.8,144,0.9,20.0306666666667
2025-08-11 07:45:00,24.778,50.9,198,1.6,22.3888888888889
2025-08-11 08:00:00,26,46.9,241,3,24.2947777777778
2025-08-11 08:15:00,26.556,46.1,279,4.4,25.1503333333333
2025-08-11 08:30:00,27.056,45.8,316,3.8,25.5033333333333
2025-08-11 08:45:00,27.389,45.6,345,3.7,25.9808333333333
2025-08-11 09:00:00,27.722,46,347,4,26.3693333333333
2025-08-11 09:15:00,27.833,46.2,426,4.7,26.63
2025-08-11 09:30:00,28.167,45.7,472,4.7,27.1733333333333
2025-08-11 09:45:00,28.444,44.8,509,5,27.4353333333333
2025-08-11 10:00:00,28.611,45.9,534,4.7,27.7653333333333
2025-08-11 10:15:00,29.056,45.2,505,3.4,28.1186666666667
2025-08-11 10:30:00,29.722,43.8,591,3.5,28.9153333333333
2025-08-11 10:45:00,30.389,43.1,633,3.6,29.6216666666667
2025-08-11 11:00:00,31,41.9,657,3.5,30.22
2025-08-11 11:15:00,31.556,40.5,669,3.6,30.9053333333333
2025-08-11 11:30:00,32.389,37.9,704,3.4,31.7086666666667
2025-08-11 11:45:00,32.889,35.2,724,4.1,32.1955
2025-08-11 12:00:00,33.389,34.7,715,3.1,32.5626666666667
2025-08-11 12:15:00,33.444,35.3,687,3.3,33.0146666666667
2025-08-11 12:30:00,34,34.7,761,3.5,33.422
2025-08-11 12:45:00,34.5,34,747,3.3,34.2366666666667
2025-08-11 13:00:00,34.778,33.3,667,3.3,34.3591666666667
2025-08-11 13:15:00,34.833,33.9,746,3.6,34.9745
2025-08-11 13:30:00,35.222,32.7,770,3.6,38.8013333333333
2025-08-11 13:45:00,35.389,32.6,754,3.2,41.2153333333333
2025-08-11 14:00:00,35.389,33.1,711,4.3,39.8493333333333
2025-08-11 14:15:00,35.778,32.4,663,4.1,40.746
2025-08-11 14:30:00,35.944,31.3,609,4.1,41.7501666666667
2025-08-11 14:45:00,36.111,31.4,624,3.2,42.673
2025-08-11 15:00:00,36.278,31.4,642,3.2,43.2138333333333
2025-08-11 15:15:00,36.167,31.9,644,2.9,42.8051666666667
2025-08-11 15:30:00,36.222,31.5,642,3.2,42.0453333333333
2025-08-11 15:45:00,36.444,31.5,618,3.5,43.4326666666667
2025-08-11 16:00:00,36.556,30.8,589,2.4,43.708
2025-08-11 16:15:00,36.833,30.4,556,2.6,42.8968333333333
2025-08-11 16:30:00,36.556,31.7,523,2.8,43.6248333333333
2025-08-11 16:45:00,36.5,32.7,488,2.2,42.2713333333333
2025-08-11 17:00:00,36.833,31.1,451,3.2,44.1601666666667
2025-08-11 17:15:00,36.556,30.7,415,3.4,44.034
2025-08-11 17:30:00,36.056,31.4,377,4.9,43.422
2025-08-11 17:45:00,36,31.2,338,4,42.992
2025-08-11 18:00:00,36,32.1,299,4.2,43.25
2025-08-11 18:15:00,35.611,32.3,258,4.2,39.4325
2025-08-11 18:30:00,35.222,33.1,218,4,35.3631666666667
2025-08-11 18:45:00,34.833,34,179,4.1,34.0593333333333
2025-08-11 19:00:00,34.333,35.3,142,4,33.7953333333333
2025-08-11 19:15:00,33.444,36.3,108,3.3,31.594
2025-08-11 19:30:00,33.278,35.4,78,3.7,30.2808333333333
2025-08-11 19:45:00,31.722,38.6,51,2.1,28.5633333333333
2025-08-11 20:00:00,29.722,43,25,2.3,26.7083333333333
2025-08-11 20:15:00,28.111,46.3,6,2.1,24.6096666666667
2025-08-11 20:30:00,28.556,42.4,2,2.3,24.092
2025-08-11 20:45:00,28.389,42.1,0,2.3,23.7166666666667
2025-08-11 21:00:00,27.556,43.9,0,2,23.1227777777778
2025-08-11 21:15:00,26.889,46,0,1.6,22.2016666666667
2025-08-11 21:30:00,27.5,43.7,0,1.8,22.0376666666667
2025-08-11 21:45:00,26.222,48.2,0,1.9,21.425
2025-08-11 22:00:00,26.556,47.1,0,2,21.7633333333333
2025-08-11 22:15:00,25.167,51.7,0,1.7,21.6483333333333
2025-08-11 22:30:00,25.056,51.3,0,1.9,20.8822222222222
2025-08-11 22:45:00,24.944,51.5,0,2.2,20.4851111111111
2025-08-11 23:00:00,24,54.6,0,2.5,20.1255555555556
2025-08-11 23:15:00,24.389,52.1,0,2.1,19.7286666666667
2025-08-11 23:30:00,24.667,50.1,0,2.3,19.5091111111111
2025-08-11 23:45:00,25.889,44.7,0,1.9,19.8216666666667
2025-08-12 00:00:00,25.222,46.75,0,2.45,22.4836111111111
2025-08-12 00:15:00,24.556,48.8,0,3,26.28
2025-08-12 00:30:00,24.722,47.1,0,2,24.8552777777778
2025-08-12 00:45:00,27.889,34.7,0,4,23.4382222222222
2025-08-12 01:00:00,29.5,31.4,0,8.2,27.487
2025-08-12 01:15:00,29.333,31,0,8.3,28.06
2025-08-12 01:30:00,29.556,29.7,0,10.1,27.7963888888889
2025-08-12 01:45:00,29.389,30.1,0,9.5,27.6238888888889
2025-08-12 02:00:00,29.389,30.1,0,8.9,27.5644444444445
2025-08-12 02:15:00,29.111,30.5,0,8.2,25.6911111111111
2025-08-12 02:30:00,28.833,30.8,0,6.8,23.6658333333333
2025-08-12 02:45:00,28.556,31.2,0,5.7,22.07
2025-08-12 03:00:00,28.389,31.4,0,4.2,20.5682222222222
2025-08-12 03:15:00,26.111,36.2,0,2.5,22.1638888888889
2025-08-12 03:30:00,24.333,40.6,0,1.8,25.6916666666667
2025-08-12 03:45:00,23.667,41.6,0,2,26.6705555555556
2025-08-12 04:00:00,23.222,43.4,0,2.5,25.4038888888889
2025-08-12 04:15:00,26,36,0,4,24.6055555555555
2025-08-12 04:30:00,26.167,36.5,0,2.9,21.9402777777778
2025-08-12 04:45:00,24.778,39.7,0,1.8,19.7943333333333
2025-08-12 05:00:00,23.444,44.9,0,1.6,17.7383333333333
2025-08-12 05:15:00,21.833,51.5,0,2,16.5088888888889
2025-08-12 05:30:00,19.944,59.4,0,2.4,16.697
2025-08-12 05:45:00,21.667,51.1,0,2.6,16.7062222222222
2025-08-12 06:00:00,20.889,54,3,2.3,16.7616666666667
2025-08-12 06:15:00,21.667,51.2,17,1.7,16.4744444444444
2025-08-12 06:30:00,23.444,45.9,39,1.9,16.9011111111111
2025-08-12 06:45:00,24.444,44.6,66,1.7,18.0553333333333
2025-08-12 07:00:00,23.556,51.4,96,2.1,18.9469444444444
2025-08-12 07:15:00,24.056,51.7,117,1.6,20.3275
2025-08-12 07:30:00,25.056,51.5,143,1.3,21.7030555555556
2025-08-12 07:45:00,25.944,50.1,196,2,23.0008333333333
2025-08-12 08:00:00,26,51.6,236,2.5,23.9505555555556
2025-08-12 08:15:00,26.389,53.2,274,2.3,24.7925
2025-08-12 08:30:00,26.667,54.9,313,2.7,25.2336666666667
2025-08-12 08:45:00,26.556,55.9,335,3.1,25.946
2025-08-12 09:00:00,26.778,54.9,344,3.2,26.3791666666667
2025-08-12 09:15:00,27.222,54.5,423,3.1,26.8508333333333
2025-08-12 09:30:00,28.167,50.7,467,3.9,27.5596666666667
2025-08-12 09:45:00,28.667,48.9,503,3.4,28.1743333333333
2025-08-12 10:00:00,29.222,46.7,526,3.8,28.4468333333333
2025-08-12 10:15:00,29.889,44,500,3.8,28.9635
2025-08-12 10:30:00,30.611,40.8,588,4.1,29.6673333333333
2025-08-12 10:45:00,31.111,38.8,628,3.9,30.1593333333333
2025-08-12 11:00:00,31.722,37.2,650,3.2,30.8926666666667
2025-08-12 11:15:00,32,37.4,657,2.8,31.1881666666667
2025-08-12 11:30:00,32.611,36.8,698,2.8,31.744
2025-08-12 11:45:00,32.556,36.6,717,3,32.2006666666667
2025-08-12 12:00:00,33.167,35.7,703,2.6,32.538
2025-08-12 12:15:00,33.5,35,677,2.4,33.0773333333333
2025-08-12 12:30:00,33.778,35.1,754,3,34.3273333333333
2025-08-12 12:45:00,33.944,35.3,739,2.4,35.19
2025-08-12 13:00:00,34.222,34.4,662,2.4,35.4211111111111
2025-08-12 13:15:00,34.5,34.3,743,3,38.293
2025-08-12 13:30:00,34.722,33.8,766,2.5,41.426
2025-08-12 13:45:00,34.778,33.4,750,2.1,40.4531666666667
2025-08-12 14:00:00,35.167,32.9,709,1.7,41.9453333333333
2025-08-12 14:15:00,35.889,31.4,662,2.7,42.2206666666667
2025-08-12 14:30:00,35.889,30.3,606,2.6,42.512
2025-08-12 14:45:00,35.611,31.6,621,2.6,44.0193333333333
2025-08-12 15:00:00,35.778,30.4,643,2.5,43.752
2025-08-12 15:15:00,36,30.1,648,3.1,45.5066666666667
2025-08-12 15:30:00,36.333,30.4,648,3.4,44.964
2025-08-12 15:45:00,36.556,28.3,627,4,46.085
2025-08-12 16:00:00,36.722,28.1,597,3.2,43.9326666666667
2025-08-12 16:15:00,37,27.6,566,3,43.9026666666667
2025-08-12 16:30:00,37.111,28,531,2.8,43.0565
2025-08-12 16:45:00,37.556,27.5,494,3.4,42.9577777777778
2025-08-12 17:00:00,37.333,28.4,456,3.9,42.3306666666667
2025-08-12 17:15:00,37.667,26.3,418,4,42.4386666666667
2025-08-12 17:30:00,37.667,26.4,378,2.8,42.1273333333333
2025-08-12 17:45:00,37.556,26.2,336,2.3,41.498
2025-08-12 18:00:00,37.444,26.2,294,2.4,40.7293333333333
2025-08-12 18:15:00,37.167,28.2,254,2.1,40.9573333333333
2025-08-12 18:30:00,36.444,31,214,1.7,35.5313333333333
2025-08-12 18:45:00,36,33,176,1.2,33.448
2025-08-12 19:00:00,35.111,35.9,139,1.7,33.224
2025-08-12 19:15:00,34.222,38,105,1.1,30.342
2025-08-12 19:30:00,31.333,48.3,73,2.1,28.1626666666667
2025-08-12 19:45:00,29.5,53.2,47,2.3,25.94
2025-08-12 20:00:00,28.444,52.4,16,1.9,24.044
2025-08-12 20:15:00,26.556,56.1,6,2.1,22.94
2025-08-12 20:30:00,25.722,55.6,1,2.4,22.2486666666667
2025-08-12 20:45:00,25.389,53.5,0,2.3,22.0333333333333
2025-08-12 21:00:00,25.5,50.4,0,2.7,22.2716666666667
2025-08-12 21:15:00,25.278,49.7,0,2.5,22.8645
2025-08-12 21:30:00,25.278,49.1,0,2.5,23.4453333333333
2025-08-12 21:45:00,25.5,46.7,0,2.7,23.874
2025-08-12 22:00:00,25.889,44.6,0,2.4,24.181
2025-08-12 22:15:00,26.444,42.1,0,3.3,24.14
2025-08-12 22:30:00,28.056,37.7,0,3.5,22.9452777777778
2025-08-12 22:45:00,27,41.7,0,2.2,22.3435
2025-08-12 23:00:00,25.778,45.6,0,2.4,21.5005555555556
2025-08-12 23:15:00,24,50.9,0,2.3,20.6533333333333
2025-08-12 23:30:00,23.833,49.2,0,2.3,21.2818888888889
2025-08-12 23:45:00,23.944,44.9,0,2.4,20.7883333333333
2025-08-13 00:00:00,24.083,43.8,0,2.85,20.1763888888889
2025-08-13 00:15:00,24.222,42.7,0,3.3,21.3866666666667
2025-08-13 00:30:00,24,43.7,0,2.9,21.1020833333334
2025-08-13 00:45:00,23.722,44.2,0,3,21.0675
2025-08-13 01:00:00,23.389,44.2,0,3.7,20.5405555555556
2025-08-13 01:15:00,23.611,44,0,3.1,18.5277777777778
2025-08-13 01:30:00,22.889,45.9,0,2.5,16.9983333333333
2025-08-13 01:45:00,20.556,55.3,0,1.5,15.8237777777778
2025-08-13 02:00:00,19.5,57.9,0,1.8,15.7241666666667
2025-08-13 02:15:00,20.111,52,0,3,16.1641666666667
2025-08-13 02:30:00,21.111,48.5,0,3.2,16.5788888888889
2025-08-13 02:45:00,21.056,49.3,0,3.9,17.1083333333333
2025-08-13 03:00:00,20.889,49.7,0,4.1,17.4230555555556
2025-08-13 03:15:00,20.944,49.5,0,3.6,17.0266666666667
2025-08-13 03:30:00,20.444,51,0,2.4,16.3455
2025-08-13 03:45:00,19.778,53.6,0,2.6,16.3134444444444
2025-08-13 04:00:00,19.944,51.7,0,2.9,16.9010555555556
2025-08-13 04:15:00,20.333,50.1,0,4.2,16.6283333333333
2025-08-13 04:30:00,20.611,49.3,0,4.7,16.5666666666667
2025-08-13 04:45:00,20.833,49.8,0,4.6,16.7281666666667
2025-08-13 05:00:00,20.889,50.3,0,4.4,17.13
2025-08-13 05:15:00,20.611,51.8,0,4.3,17.2246666666667
2025-08-13 05:30:00,20.167,54,0,3.9,16.1119444444444
2025-08-13 05:45:00,20,54.4,0,2.8,15.8058888888889
2025-08-13 06:00:00,17.722,63.4,3,2.4,15.6911666666667
2025-08-13 06:15:00,18.389,60.2,9,3,15.7016666666667
2025-08-13 06:30:00,18.111,62.3,28,2.4,15.1206666666667
2025-08-13 06:45:00,18.611,64.2,54,1.8,15.6052777777778
2025-08-13 07:00:00,19.5,64.7,86,0.9,16.5206666666667
2025-08-13 07:15:00,20.444,66.3,106,1.8,18.3906666666667
2025-08-13 07:30:00,22.333,61.1,139,1.5,19.9327777777778
2025-08-13 07:45:00,24.167,55.3,188,1.8,21.714
2025-08-13 08:00:00,25.944,45.1,227,3.2,23.6046666666667
2025-08-13 08:15:00,26.389,45.1,269,1.7,24.4635
2025-08-13 08:30:00,27.167,45.8,310,2.1,24.9428333333333
2025-08-13 08:45:00,27.5,45.2,332,3,25.6597222222222
2025-08-13 09:00:00,27.944,45.9,343,2.5,26.0833333333333
2025-08-13 09:15:00,28.111,47,416,3.3,26.7135
2025-08-13 09:30:00,29,44.7,465,3.8,27.6761666666667
2025-08-13 09:45:00,29.722,42.6,503,3.5,27.9791111111111
2025-08-13 10:00:00,29.778,44.5,523,3.7,28.2121666666667
2025-08-13 10:15:00,30.278,42,504,3.8,28.6526666666667
2025-08-13 10:30:00,30.889,40.8,599,4.4,29.245
2025-08-13 10:45:00,31.722,37,636,3.8,29.7086666666667
2025-08-13 11:00:00,32.056,33.1,657,3.5,30.2455555555556
2025-08-13 11:15:00,32.222,33.8,658,4.1,30.704
2025-08-13 11:30:00,32.056,36.1,706,3.4,31.142
2025-08-13 11:45:00,32.722,33.4,728,4,31.545
2025-08-13 12:00:00,32.778,33,706,3.6,31.6333333333333
2025-08-13 12:15:00,33.167,31.8,684,4,32.1086666666667
2025-08-13 12:30:00,33.611,29.5,767,5.4,32.6008888888889
2025-08-13 12:45:00,34.111,27.8,751,5.5,32.9923333333333
2025-08-13 13:00:00,34.222,27.9,672,5.6,33.2546666666667
2025-08-13 13:15:00,34.222,26.8,758,5.1,34.9893333333333
2025-08-13 13:30:00,34.556,24.1,778,4.3,37.544
2025-08-13 13:45:00,34.833,26.1,758,5.7,37.9256111111111
2025-08-13 14:00:00,35,26.8,717,5.9,38.7236666666667
2025-08-13 14:15:00,35.056,26.3,670,5.9,38.7346666666667
2025-08-13 14:30:00,35.167,26.5,613,6,39.2466666666667
2025-08-13 14:45:00,35.611,25.9,622,6.3,39.434
2025-08-13 15:00:00,35.222,26.7,644,5.8,39.4866666666667
2025-08-13 15:15:00,35.778,25,647,7.3,38.8386666666667
2025-08-13 15:30:00,35.944,22.2,650,9.8,38.7086666666667
2025-08-13 15:45:00,35.778,23.1,625,8.5,39.0466666666667
2025-08-13 16:00:00,35.389,24.2,593,8.3,38.622
2025-08-13 16:15:00,35.5,25,562,9.1,38.5447222222222
2025-08-13 16:30:00,35.278,25.6,528,9.2,38.4351666666667
2025-08-13 16:45:00,35.167,25.8,491,9.4,37.7895
2025-08-13 17:00:00,34.778,26.7,450,9.9,37.2786666666667
2025-08-13 17:15:00,34.333,27.3,411,10.6,37.236
2025-08-13 17:30:00,34,28,371,10.9,36.4166666666667
2025-08-13 17:45:00,33.556,28.1,331,10.7,35.8425
2025-08-13 18:00:00,33.333,28.7,290,10.8,34.2286666666667
2025-08-13 18:15:00,33,29.6,250,10.3,32.108
2025-08-13 18:30:00,32.667,30.3,212,9.9,31.055
2025-08-13 18:45:00,32.167,31.2,173,9.8,30.3183333333333
2025-08-13 19:00:00,31.556,32.7,137,9.4,29.9761111111111
2025-08-13 19:15:00,31,31.8,105,8.9,29.0211111111111
2025-08-13 19:30:00,30.611,32.3,74,9,27.9066666666667
2025-08-13 19:45:00,29.667,34.9,44,7.6,27.1586666666667
2025-08-13 20:00:00,28.556,37.1,20,6.8,26.3933333333333
2025-08-13 20:15:00,27.556,38.6,5,7.4,25.5353333333333
2025-08-13 20:30:00,26.667,40.4,1,6.5,24.92
2025-08-13 20:45:00,26,41.3,0,6.3,24.7175
2025-08-13 21:00:00,26,41.3,0,5.7,24.2113888888889
2025-08-13 21:15:00,25.611,42.3,0,6.3,23.7044444444444
2025-08-13 21:30:00,25.278,43.1,0,7,23.392
2025-08-13 21:45:00,24.944,44.3,0,7.2,22.6030555555556
2025-08-13 22:00:00,24.611,45.1,0,6.7,21.5986666666667
2025-08-13 22:15:00,23,49.7,0,6.3,20.9608333333333
2025-08-13 22:30:00,22.722,50.9,0,7.4,20.6633333333333
2025-08-13 22:45:00,22.889,50.7,0,7.3,20.12
2025-08-13 23:00:00,22.778,50.9,0,5.7,19.8744444444445
2025-08-13 23:15:00,22,53.1,0,4.4,19.3997222222222
2025-08-13 23:30:00,20.889,57.2,0,2.8,18.2558333333333
2025-08-13 23:45:00,19.389,62.7,0,2.2,16.9536666666667
2025-08-14 00:00:00,19.639,60.5,0,2.7,16.47875
2025-08-14 00:15:00,19.889,58.3,0,3.2,16.7
2025-08-14 00:30:00,19.611,60.3,0,3.8,17.8466666666667
2025-08-14 00:45:00,19.278,62.1,0,2.9,17.6591666666667
2025-08-14 01:00:00,18.611,64.4,0,2.4,17.2308333333333
2025-08-14 01:15:00,18.222,65.4,0,3.1,16.8161111111111
2025-08-14 01:30:00,18.222,65.1,0,3.1,16.18
2025-08-14 01:45:00,18.111,65.5,0,2.8,15.155
2025-08-14 02:00:00,17.389,67.8,0,2.8,15.3019444444444
2025-08-14 02:15:00,17.556,65.5,0,3.8,14.6566666666667
2025-08-14 02:30:00,16.833,67.7,0,2.3,13.4586111111111
2025-08-14 02:45:00,15.889,71,0,2.2,12.6563888888889
2025-08-14 03:00:00,15.833,70.1,0,3.1,12.2172777777778
2025-08-14 03:15:00,15.556,71.1,0,2.9,12.2372222222222
2025-08-14 03:30:00,15.556,71.7,0,2.5,12.0928333333333
2025-08-14 03:45:00,15,74,0,2,11.4684444444444
2025-08-14 04:00:00,14.167,78,0,2.1,10.9744444444444
2025-08-14 04:15:00,13.389,80.5,0,1.5,10.7022222222222
2025-08-14 04:30:00,14.722,74.8,0,3.9,11.6255555555556
2025-08-14 04:45:00,15,75,0,3.6,12.6293333333333
2025-08-14 05:00:00,15.778,71.4,0,3.4,12.2658333333333
2025-08-14 05:15:00,14.333,78.9,0,1.8,11.3753333333333
2025-08-14 05:30:00,14.056,79.4,0,1.8,10.6913333333333
2025-08-14 05:45:00,13.833,79.6,0,2.5,10.6643333333333
2025-08-14 06:00:00,14,79.3,3,2.9,11.8116666666667
2025-08-14 06:15:00,13.611,82,12,2.2,11.3541111111111
2025-08-14 06:30:00,13.5,81.9,33,2.6,11.4301666666667
2025-08-14 06:45:00,14.778,78.7,64,1.6,12.2068333333333
2025-08-14 07:00:00,15.056,81.7,78,1.5,12.6633333333333
2025-08-14 07:15:00,16.167,77.3,112,1.9,14.7877777777778
2025-08-14 07:30:00,17.833,72.7,145,3.2,17.0176666666667
2025-08-14 07:45:00,19,67.7,197,3.3,18.1485
2025-08-14 08:00:00,19.611,66.9,233,4.1,18.8
2025-08-14 08:15:00,20.167,64.9,277,5,19.35
2025-08-14 08:30:00,20.444,63.3,271,5.7,19.6516666666667
2025-08-14 08:45:00,20.667,61.8,330,6.2,20.388
2025-08-14 09:00:00,21.222,59.9,379,5.9,21.076
2025-08-14 09:15:00,21.833,57.9,488,5.8,21.52
2025-08-14 09:30:00,22.444,55.8,520,5.9,21.7606666666667
2025-08-14 09:45:00,22.167,55.1,435,7.1,21.4171666666667
2025-08-14 10:00:00,22.167,54.5,460,6.7,22.1675
2025-08-14 10:15:00,23.056,53.6,507,6.6,22.7326666666667
2025-08-14 10:30:00,23.611,51,594,6.9,23.3253333333333
2025-08-14 10:45:00,23.944,50.6,625,6.9,24.0335
2025-08-14 11:00:00,24.278,49,642,6.7,24.2351666666667
2025-08-14 11:15:00,24.944,47.2,638,5.9,24.6165
2025-08-14 11:30:00,25,47.1,675,6.1,24.948
2025-08-14 11:45:00,25.5,46.2,692,5.4,25.3233333333333
2025-08-14 12:00:00,25.833,45.3,678,5.2,25.8253333333333
2025-08-14 12:15:00,25.833,44.8,672,5.7,26.0902777777778
2025-08-14 12:30:00,26.333,42.7,747,5.3,26.6398333333333
2025-08-14 12:45:00,26.833,42.1,734,5.4,27.112
2025-08-14 13:00:00,27,41.6,664,5.6,27.4475
2025-08-14 13:15:00,27.556,40.3,739,4.3,29.9715
2025-08-14 13:30:00,27.444,39.8,764,5.6,31.6573333333333
2025-08-14 13:45:00,28.056,37.7,747,4.9,32.632
2025-08-14 14:00:00,28.111,37,711,5.1,33.4013333333333
2025-08-14 14:15:00,28.722,34.2,668,5.6,33.412
2025-08-14 14:30:00,28.778,34.3,616,5,34.1573333333333
2025-08-14 14:45:00,28.889,35,625,5.6,34.232
2025-08-14 15:00:00,29.389,33.9,645,5.8,33.7066666666667
2025-08-14 15:15:00,29.556,33.5,648,5.9,34.096
2025-08-14 15:30:00,29.833,32.3,644,5.2,34.048
2025-08-14 15:45:00,30.056,29.2,624,6.4,33.7228333333333
2025-08-14 16:00:00,30,29.4,597,5.7,34.1386666666667
2025-08-14 16:15:00,30.167,29,567,5.1,34.1785555555556
2025-08-14 16:30:00,30.111,28.4,532,5.1,34.9186666666667
2025-08-14 16:45:00,30.111,28,494,5,35.2986666666667
2025-08-14 17:00:00,30.056,28.3,451,4.3,35.408
2025-08-14 17:15:00,30,28.3,408,2.7,36.0906666666667
2025-08-14 17:30:00,29.889,29.3,372,3.3,34.861
2025-08-14 17:45:00,29.778,29.7,333,3,36.968
2025-08-14 18:00:00,29.889,29.3,279,2.5,35.9273333333333
2025-08-14 18:15:00,29.833,30.4,243,2.3,33.128
2025-08-14 18:30:00,29.444,32.5,179,2.8,28.2241666666667
2025-08-14 18:45:00,28.5,35,120,1.9,26.7105555555556
2025-08-14 19:00:00,27.944,36.5,76,1.5,24.8811111111111
2025-08-14 19:15:00,25.444,46.1,57,1.2,23.5233333333333
2025-08-14 19:30:00,23.611,53.2,47,1.7,22.2063888888889
2025-08-14 19:45:00,22.556,57.1,47,1.1,21.0266666666667
2025-08-14 20:00:00,21.833,57,22,1.4,19.8791666666667
2025-08-14 20:15:00,20.778,58.8,4,1.9,18.9075555555556
2025-08-14 20:30:00,20.278,57.2,0,2.3,18.5672222222222
2025-08-14 20:45:00,21,50.3,0,4,18.3522222222222
2025-08-14 21:00:00,21.444,47.3,0,3.4,18.4641666666667
2025-08-14 21:15:00,21.5,47.6,0,3.1,19.21
2025-08-14 21:30:00,21.444,49.8,0,3.1,19.7944444444444
2025-08-14 21:45:00,21.667,48.4,0,3.7,19.8838888888889
2025-08-14 22:00:00,22.278,42.8,0,4.8,20.0888888888889
2025-08-14 22:15:00,22.056,42.1,0,6.1,19.9825
2025-08-14 22:30:00,21.333,42.6,0,4.6,19.0491666666667
2025-08-14 22:45:00,20.444,44.1,0,3,18.0666666666667
2025-08-14 23:00:00,18.667,49.5,0,2.1,17.555
2025-08-14 23:15:00,17.833,51.2,0,1.9,17.4516666666667
2025-08-14 23:30:00,19.111,49.6,0,3.8,17.9511111111111
2025-08-14 23:45:00,19.667,52,0,3.6,17.4958333333333
2025-08-15 00:00:00,19.25,55.2,0,2.5,16.615
2025-08-15 00:15:00,18.833,58.4,0,1.4,16.0933333333333
2025-08-15 00:30:00,17.944,61.7,0,1.1,15.2322222222222
2025-08-15 00:45:00,17.889,61.7,0,2.4,15.1872222222222
2025-08-15 01:00:00,18.111,61.7,0,2.1,15.3246666666667
2025-08-15 01:15:00,17.667,63.5,0,1.2,15.42
2025-08-15 01:30:00,18.5,60.7,0,2.8,15.3297222222222
2025-08-15 01:45:00,19.167,58.7,0,2.5,15.0397222222222
2025-08-15 02:00:00,18.611,60.6,0,2.5,14.6841666666667
2025-08-15 02:15:00,17.889,64.5,0,3.4,14.5516666666667
2025-08-15 02:30:00,17.667,65.9,0,2.8,14.9963888888889
2025-08-15 02:45:00,17.167,67.8,0,4,14.8683333333333
2025-08-15 03:00:00,16.889,69.3,0,1.8,14.3556666666667
2025-08-15 03:15:00,16.5,71.6,0,2.6,14.6186111111111
2025-08-15 03:30:00,17,68.9,0,2.5,15.0472222222222
2025-08-15 03:45:00,17.111,69.1,0,2.4,15.3075
2025-08-15 04:00:00,17.389,68.2,0,3.1,15.5244444444444
2025-08-15 04:15:00,17.5,68.1,0,3.3,15.7773333333333
2025-08-15 04:30:00,17.778,67.3,0,3.3,15.8138888888889
2025-08-15 04:45:00,17.778,68.3,0,2.8,15.8375
2025-08-15 05:00:00,17.611,69.4,0,2.2,15.6961111111111
2025-08-15 05:15:00,17.056,72.5,0,1.3,15.3541666666667
2025-08-15 05:30:00,16.833,75.2,0,2,15.4233333333333
2025-08-15 05:45:00,16.778,76,0,1.2,15.3661111111111
2025-08-15 06:00:00,16.667,77.5,1,1.7,15.3672222222222
2025-08-15 06:15:00,16.611,77.7,4,0.8,15.3433333333333
2025-08-15 06:30:00,16.778,77,8,1.4,15.5532222222222
2025-08-15 06:45:00,16.889,77.2,19,1.4,16.0658333333333
2025-08-15 07:00:00,17.333,77.3,41,1.5,16.8316666666667
2025-08-15 07:15:00,17.944,76.4,55,1.4,17.6969444444444
2025-08-15 07:30:00,18.611,75.1,91,1.3,18.7257777777778
2025-08-15 07:45:00,19.222,71.6,114,2.2,19.1061111111111
2025-08-15 08:00:00,19.556,70,98,2,19.5577777777778
2025-08-15 08:15:00,19.667,71,110,1.6,19.6277777777778
2025-08-15 08:30:00,19.444,74.1,125,1.1,20.3688333333333
2025-08-15 08:45:00,19.944,72.5,175,2.1,21.3826666666667
2025-08-15 09:00:00,20.278,72.1,222,1.9,22.226
2025-08-15 09:15:00,20.778,70.3,191,2.1,22.106
2025-08-15 09:30:00,21.222,68.3,176,2.2,23.1133333333333
2025-08-15 09:45:00,22.389,64.3,430,1.4,25.0246666666667
2025-08-15 10:00:00,24.222,60.9,558,2.9,24.7393333333333
2025-08-15 10:15:00,23.944,61.7,360,4.9,24.41
2025-08-15 10:30:00,24.389,59.7,493,5.1,24.0353333333333
2025-08-15 10:45:00,24.944,60.2,629,6.4,24.4205
2025-08-15 11:00:00,25.5,57.7,654,6.6,25.0246666666667
2025-08-15 11:15:00,25.778,56.7,657,7.6,25.6553333333333
2025-08-15 11:30:00,26.167,55.5,713,7.4,26.204
2025-08-15 11:45:00,26.667,53.4,747,8.1,26.8641666666667
2025-08-15 12:00:00,27.389,51.2,728,7.9,26.4033333333333
2025-08-15 12:15:00,26.167,54.1,525,8.2,25.6671666666667
2025-08-15 12:30:00,25.667,54.7,405,8.7,26.0053333333333
2025-08-15 12:45:00,26.389,52.2,604,7.2,27.336
2025-08-15 13:00:00,26.944,51.3,653,8.4,27.45
2025-08-15 13:15:00,27.389,49.8,604,7.2,27.2175
2025-08-15 13:30:00,27.778,48.7,677,7.5,29.851
2025-08-15 13:45:00,28.111,48.5,705,9.7,31.492
2025-08-15 14:00:00,28.556,47,742,9.4,32.4493333333333
2025-08-15 14:15:00,28.556,47.4,618,9,29.3773333333333
2025-08-15 14:30:00,27.222,50.4,305,8.1,27.33
2025-08-15 14:45:00,27.167,49.2,338,9.1,28.0633333333333
2025-08-15 15:00:00,27.611,48,460,9.8,28.9846666666667
2025-08-15 15:15:00,27.667,48.6,458,10.1,29.389
2025-08-15 15:30:00,28,47.6,512,8.9,31.6031666666667
2025-08-15 15:45:00,28.389,47.7,600,9.7,30.7053333333333
2025-08-15 16:00:00,27.833,49.1,444,9.6,27.0391666666667
2025-08-15 16:15:00,26.667,51.2,193,7.2,26.2286666666667
2025-08-15 16:30:00,26.5,51.6,243,7.5,28.318
2025-08-15 16:45:00,27.333,50.3,430,7.1,28.7301666666667
2025-08-15 17:00:00,27.222,50.9,334,7.2,28.3813333333333
2025-08-15 17:15:00,26.944,52,245,7.1,27.1053333333333
2025-08-15 17:30:00,26.778,52.3,250,6.8,28.0513333333333
2025-08-15 17:45:00,26.944,51.8,230,8,26.9491666666667
2025-08-15 18:00:00,26.778,51.8,278,8.4,29.0626666666667
2025-08-15 18:15:00,27,51.9,289,8.5,28.1906666666667
2025-08-15 18:30:00,26.556,53,203,8.1,25.4533333333333
2025-08-15 18:45:00,25.778,54.6,85,6.4,24.5042777777778
2025-08-15 19:00:00,25.167,56,51,4.9,24.0123333333333
2025-08-15 19:15:00,24.778,56.6,52,4.4,23.6566666666667
2025-08-15 19:30:00,24.5,57.3,43,5,23.2538888888889
2025-08-15 19:45:00,24.167,57.9,25,4.5,22.7633333333333
2025-08-15 20:00:00,23.667,59.4,12,2.8,22.5066666666667
2025-08-15 20:15:00,23.389,60.6,4,4,22.6222222222222
2025-08-15 20:30:00,23.556,60.1,0,6.2,22.37
2025-08-15 20:45:00,23.056,62,0,3.9,22.0843888888889
2025-08-15 21:00:00,22.889,62.6,0,4.4,22.2819444444444
2025-08-15 21:15:00,23.111,61.4,0,6.6,22.3191666666667
2025-08-15 21:30:00,23.222,61,0,6.9,22.1347222222222
2025-08-15 21:45:00,22.778,62.9,0,6,21.4975
2025-08-15 22:00:00,22.167,65.5,0,5.1,21.0475
2025-08-15 22:15:00,21.5,69.9,0,6.3,20.2077777777778
2025-08-15 22:30:00,20.667,74.2,0,4,19.6683333333333
2025-08-15 22:45:00,20.556,74.9,0,5.7,19.57
2025-08-15 23:00:00,20.5,75.8,0,5,19.3072222222222
2025-08-15 23:15:00,20.222,77.7,0,4.2,19.175
2025-08-15 23:30:00,19.778,80.1,0,2.5,19.5433333333333
2025-08-15 23:45:00,20.056,78.4,0,4,19.0775
